section,level,zone,location_in_stadium,sections_from_home_plate,direction_from_home_plate,rows_in_section,entrance_row,aisle_and_walkway_locations,seat_numbering,seats_per_row,notes,confidence
100,Lower Level (100s),Outfield Reserved,Outfield Reserved seating includes sections 157-159 in left field and sections 100-105 in right field.,28,toward first base / right field,1-25,25,"Stairway aisles run along both side edges of the section; rows are not split by a mid-row aisle, so seat numbers run continuously from one side aisle to the other. The entry portal is at row 25.","Facing the field, seat 1 is on your right. That puts seat 1 on the far edge of the section, with no further section beyond it on that side, with seat numbers counting up toward the edge facing section 101. Seat 1 is the end of the row farthest from home plate, and higher seat numbers run back toward home plate.","Varies by row, decreasing toward the back: Row 1: 7 seats; Row 2: 10; Row 3: 11; Rows 4-5: 12; Row 6: 11; Rows 7-9: 10; Row 10: 9; Rows 11-13: 8; Row 14: 7; Rows 15-16: 6; Rows 17-19: 5; Row 20: 4; Rows 21-22: 3; Rows 23-24: 2; Row 25: 1 seat","""Good view of field overall, but the sun could be a problem""; ""at times the sun can be in your eyes, and can be annoying even with sunglasses"". Obstructed view, netting, dugout adjacency","HIGH - zone, rows, location and seat direction stated by the source"
101,Lower Level (100s),Outfield Reserved,Outfield Reserved seating includes sections 157-159 in left field and sections 100-105 in right field.,27,toward first base / right field,"1-28, WCH",28,"Stairway aisles run along both side edges of the section; rows are not split by a mid-row aisle, so seat numbers run continuously from one side aisle to the other. The entry portal is at row 28.","Facing the field, seat 1 is on your right. That puts seat 1 on the edge facing section 100, with seat numbers counting up toward the edge facing section 102. Seat 1 is the end of the row farthest from home plate, and higher seat numbers run back toward home plate.",Row 1: 16 seats; Rows 2-5: 17; Rows 6-9: 18; Rows 10-13: 19; Rows 14-17: 20; Rows 18-21: 21; Rows 22-25: 22; Rows 26-28: 23; Row WCH: 12 seats,"Wheelchair accessible Row WCH (12 seats). ""Outfield Reserved sections feature traditional stadium-style chairback seats"". Page notes proximity to the visitor bullpen and sun exposure for outfield sections during afternoon games. Netting, obstructed view","HIGH - zone, rows, location and seat direction stated by the source"
102,Lower Level (100s),Outfield Reserved,"Sections 100-105 in right field""; described as an Outfield Reserved area with ""easy access to the outfield concourse.",26,toward first base / right field,"1-28, WCH",28,"Stairway aisles run along both side edges of the section; rows are not split by a mid-row aisle, so seat numbers run continuously from one side aisle to the other. The entry portal is at row 28.","Facing the field, seat 1 is on your right. That puts seat 1 on the edge facing section 101, with seat numbers counting up toward the edge facing section 103. Seat 1 is the end of the row farthest from home plate, and higher seat numbers run back toward home plate.",17-23 seats per row varying by row (Rows 1-4: 17 seats; Rows 25-28: 23 seats); Row WCH: 12 seats,"""Difficult to see the action in deep center field""; ""you can't see all of center field"". ""Sections in left field receive some of the most sun exposure in the ballpark during afternoon games"". Row WCH with 12 accessible seats. Netting, dugout adjacency","HIGH - zone, rows, location and seat direction stated by the source"
103,Lower Level (100s),Outfield Reserved,Section 103 is a strong location for left-handed pull hitters,25,toward first base / right field,"1-28, WCH",28,"Stairway aisles run along both side edges of the section; rows are not split by a mid-row aisle, so seat numbers run continuously from one side aisle to the other. The entry portal is at row 28.","Facing the field, seat 1 is on your right. That puts seat 1 on the edge facing section 102, with seat numbers counting up toward the edge facing section 104. Seat 1 is the end of the row farthest from home plate, and higher seat numbers run back toward home plate.",17-23 seats per row varying by row (Rows 1-4: 17 seats; Rows 25-28: 23 seats); Row WCH: 12 seats,"""Handicap accessible seating is available at the very top of Section 103 in Row WCH"". ""Rows 24-28 are recommended for outstanding convenience"". ""Sections in left field receive some of the most sun exposure in the ballpark during afternoon games"". Obstructed view, netting, dugout adjacency","HIGH - zone, rows, location and seat direction stated by the source"
104,Lower Level (100s),Outfield Reserved,Sections 104-105 are located near the visitor bullpen in right field.,24,toward first base / right field,"9-26, WCH",26,"Stairway aisles run along both side edges of the section; rows are not split by a mid-row aisle, so seat numbers run continuously from one side aisle to the other. The entry portal is at row 26.","Facing the field, seat 1 is on your right. That puts seat 1 on the edge facing section 103, with seat numbers counting up toward the edge facing section 105. Seat 1 is the end of the row farthest from home plate, and higher seat numbers run back toward home plate.",Rows 9-18: 17 seats; Rows 19-26: 18 seats; Row WCH: 12 seats,"Bullpen views of visiting team warmups; described as prime home run territory; traditional chairback stadium seats (not bleachers). Wheelchair Row WCH. Obstructed view, netting, dugout adjacency","HIGH - zone, rows, location and seat direction stated by the source"
105,Lower Level (100s),Outfield Reserved,"Sections 104-105 are located near the visitor bullpen in right field.""; ""The visiting team bullpen is in front of Sections 104 and 105",23,toward first base / right field,"9-28, WCH",28,"Stairway aisles run along both side edges of the section; rows are not split by a mid-row aisle, so seat numbers run continuously from one side aisle to the other. The entry portal is at row 28.","Facing the field, seat 1 is on your right. That puts seat 1 on the edge facing section 104, with seat numbers counting up toward the edge facing section 108. Seat 1 is the end of the row farthest from home plate, and higher seat numbers run back toward home plate.",Rows 9-28: 24 seats; Row WCH: 12 seats,"Wheelchair accessible Row WCH. ""Bullpen Views: Seats near sections 157-158 overlook the White Sox bullpen, while sections 104-105 sit near the visitor bullpen."" ""Home Run Territory: These sections sit in prime areas for catching home run balls."" Sun, obstructed view, netting","HIGH - zone, rows, location and seat direction stated by the source"
108,Lower Level (100s),not named by the source,not stated by the source,22,toward first base / right field,"9-28, WCH",28,"Stairway aisles run along both side edges of the section; rows are not split by a mid-row aisle, so seat numbers run continuously from one side aisle to the other. The entry portal is at row 28.","Facing the field, seat 1 is on your right. That puts seat 1 on the edge facing section 105, with seat numbers counting up toward the edge facing section 109. Seat 1 is the end of the row farthest from home plate, and higher seat numbers run back toward home plate.",6-14 seats per row varying by row (Rows 9-10: 6 seats; Rows 26-28: 14 seats); Row WCH: 11 seats,"""Rows WCH and above are under cover"". ""There is some amount of netting or screening in front of all lower level sections in foul territory"". Fan comment that seats can be ""behind the foul pole"" but not obstructed if ""far enough back"". ""Sitting in a back row in this section is great because you have very easy access to the restrooms"" and ""some of baseball's best concessions"".","MEDIUM - rows confirmed, ticket zone not named by the source"
109,Lower Level (100s),not named by the source,not stated by the source,21,toward first base / right field,"7-35, WCH",35,"Stairway aisles run along both side edges of the section; rows are not split by a mid-row aisle, so seat numbers run continuously from one side aisle to the other. The entry portal is at row 35.","Facing the field, seat 1 is on your right. That puts seat 1 on the edge facing section 108, with seat numbers counting up toward the edge facing section 110. Seat 1 is the end of the row farthest from home plate, and higher seat numbers run back toward home plate.",2-27 seats per row varying by row (Row 7: 2 seats; Rows 33-35: 27 seats); Row WCH: 16 seats,"""Rows 33 and above are under cover"". ""There is some amount of netting or screening in front of all lower level sections"". ""Rows 34-37 are recommended for kids and family"". Sun/shade, obstructed view, dugout adjacency","MEDIUM - rows confirmed, ticket zone not named by the source"
110,Lower Level (100s),not named by the source,not stated by the source,20,toward first base / right field,"4-34, WCH"")",34,"Stairway aisles run along both side edges of the section; rows are not split by a mid-row aisle, so seat numbers run continuously from one side aisle to the other. The entry portal is at row 34.","Facing the field, seat 1 is on your right. That puts seat 1 on the edge facing section 109, with seat numbers counting up toward the edge facing section 111. Seat 1 is the end of the row farthest from home plate, and higher seat numbers run back toward home plate.",4-25 seats per row varying by row (Row 4: 4 seats; Rows 33-34: 25 seats); Row WCH: 14 seats,"""Rows 33 and above are under cover"". ""Front of sections 108-156 are behind the netting"". ""Rows 34-37 are recommended for kids and family"". Sun/shade, obstructed view, dugout adjacency","MEDIUM - rows confirmed, ticket zone not named by the source"
111,Lower Level (100s),Lower Box Seats,Lower Box seating includes sections 111-153 on the White Sox seating chart.,19,toward first base / right field,"1-35, WCH"")",35,"Stairway aisles run along both side edges of the section; rows are not split by a mid-row aisle, so seat numbers run continuously from one side aisle to the other. The entry portal is at row 35.","Facing the field, seat 1 is on your right. That puts seat 1 on the edge facing section 110, with seat numbers counting up toward the edge facing section 112. Seat 1 is the end of the row farthest from home plate, and higher seat numbers run back toward home plate.",Row 1: 3 seats (labeled 8-10); Row 2: 8 seats (3-10); Rows 3-4: 9 seats (2-10); Rows 5-35: 10 seats (1-10); Row WCH: 6 seats (1-6),"""Rows 30 & Above - Covered"". ""Front of sections 108-156 are behind the netting"". ""Rows 34-37 are recommended for kids and family"". Wheelchair Row WCH. Sun/shade, obstructed view, dugout adjacency","HIGH - zone, rows, location and seat direction stated by the source"
112,Lower Level (100s),Lower Box Seats,Lower Box seating includes sections 111-153 on the White Sox seating chart.,18,toward first base / right field,"AA, 1-35, WCH",35,"Stairway aisles run along both side edges of the section; rows are not split by a mid-row aisle, so seat numbers run continuously from one side aisle to the other. The entry portal is at row 35.","Facing the field, seat 1 is on your right. That puts seat 1 on the edge facing section 111, with seat numbers counting up toward the edge facing section 113. Seat 1 is the end of the row farthest from home plate, and higher seat numbers run back toward home plate.",Rows AA-35: 8 seats labeled 1-8; Row WCH: 5 seats labeled 1-5,"""Rows 30 & Above - Covered"". ""Protective netting runs down both baselines and reduces foul ball opportunities in sections 116-118 and 146-148""; ""Front of sections 108-156 are behind the netting"". ""Rows 34-37 are recommended for kids and family"". Wheelchair Row WCH. Sun/shade, obstructed view, dugout adjacency","HIGH - zone, rows, location and seat direction stated by the source"
113,Lower Level (100s),Lower Box Seats,Sections near home plate and the dugouts offer some of the best non-club views in the stadium.,17,toward first base / right field,"AA, 1-35, WCH",35,"Stairway aisles run along both side edges of the section; rows are not split by a mid-row aisle, so seat numbers run continuously from one side aisle to the other. The entry portal is at row 35.","Facing the field, seat 1 is on your right. That puts seat 1 on the edge facing section 112, with seat numbers counting up toward the edge facing section 114. Seat 1 is the end of the row farthest from home plate, and higher seat numbers run back toward home plate.",Rows AA-35: 10 seats labeled 1-10; Row WCH: 6 seats labeled 1-6,"""Rows 30 & Above - Covered"". ""Protective netting runs down both baselines and reduces foul ball opportunities in sections 116-118 and 146-148"". ""Rows 34-37 are recommended for kids and family"". Wheelchair Row WCH. Sun/shade, obstructed view, dugout adjacency","HIGH - zone, rows, location and seat direction stated by the source"
114,Lower Level (100s),Lower Box Seats,"Sections near home plate carry a variety of names — including Diamond Box, Platinum Box, and Gold Box — but the overall seating experience is very similar across these areas.",16,toward first base / right field,"AA, 1-37",37,"Stairway aisles run along both side edges of the section; rows are not split by a mid-row aisle, so seat numbers run continuously from one side aisle to the other. The entry portal is at row 37.","Facing the field, seat 1 is on your right. That puts seat 1 on the edge facing section 113, with seat numbers counting up toward the edge facing section 115. Seat 1 is the end of the row farthest from home plate, and higher seat numbers run back toward home plate.",8 seats labeled 1-8,"""Rows 30 & Above - Covered"". ""Protective netting runs down both baselines and reduces foul ball opportunities in sections 116-118 and 146-148""; ""Front of sections 108-156 are behind the netting"". ""Rows 34-37 are recommended for kids and family"". Sun/shade, obstructed view, dugout adjacency","HIGH - zone, rows, location and seat direction stated by the source"
115,Lower Level (100s),Lower Box Seats,Sections near home plate and the dugouts offer some of the best non-club views in the stadium.,15,toward first base / right field,"AA, 1-37",37,"Stairway aisles run along both side edges of the section; rows are not split by a mid-row aisle, so seat numbers run continuously from one side aisle to the other. The entry portal is at row 37.","Facing the field, seat 1 is on your right. That puts seat 1 on the edge facing section 114, with seat numbers counting up toward the edge facing section 116. Seat 1 is the end of the row farthest from home plate, and higher seat numbers run back toward home plate.",Rows AA-37: 10 seats labeled 1-10,"""Rows 30 & Above - Covered"". ""Protective netting runs down both baselines and reduces foul ball opportunities in sections 116-118 and 146-148""; ""Front of sections 108-156 are behind the netting"". Sun/shade, obstructed view, dugout adjacency","HIGH - zone, rows, location and seat direction stated by the source"
116,Lower Level (100s),Lower Box Seats,Sections near home plate and the dugouts offer some of the best non-club views in the stadium.,14,toward first base / right field,"AA, 1-37",37,"Stairway aisles run along both side edges of the section; rows are not split by a mid-row aisle, so seat numbers run continuously from one side aisle to the other. The entry portal is at row 37.","Facing the field, seat 1 is on your right. That puts seat 1 on the edge facing section 115, with seat numbers counting up toward the edge facing section 117. Seat 1 is the end of the row farthest from home plate, and higher seat numbers run back toward home plate.",8 seats labeled 1-8 (Rows AA-37),"""Protective netting runs down both baselines and reduces foul ball opportunities in sections 116-118"". ""Rows 30 & Above - Covered"". Rows 15-20 recommended for ""easier access to concessions and restrooms"". Sun/shade, obstructed view, dugout adjacency","HIGH - zone, rows, location and seat direction stated by the source"
117,Lower Level (100s),Lower Box Seats,Lower Box seating includes sections 111-153 on the White Sox seating chart.,13,toward first base / right field,"AA, 1-37",37,"Stairway aisles run along both side edges of the section; rows are not split by a mid-row aisle, so seat numbers run continuously from one side aisle to the other. The entry portal is at row 37.","Facing the field, seat 1 is on your right. That puts seat 1 on the edge facing section 116, with seat numbers counting up toward the edge facing section 118. Seat 1 is the end of the row farthest from home plate, and higher seat numbers run back toward home plate.",Rows AA-37: 10 seats labeled 1-10,"""Protective netting runs down both baselines and reduces foul ball opportunities in sections 116-118"". ""Rows 30 & Above - Covered"". ""Rows 33-37 are recommended for outstanding convenience""; ""Rows 34-37 are recommended for kids and family"". Sun/shade, obstructed view, dugout adjacency","HIGH - zone, rows, location and seat direction stated by the source"
118,Lower Level (100s),Lower Box Seats,"""Sections near home plate and the dugouts offer some of the best non-club views in the stadium."" Page also lists ""Visitor Dugout: Sections 122-127"".",12,toward first base / right field,"AA, 1-34, WCH",34,"Stairway aisles run along both side edges of the section; rows are not split by a mid-row aisle, so seat numbers run continuously from one side aisle to the other. The entry portal is at row 34.","Facing the field, seat 1 is on your right. That puts seat 1 on the edge facing section 117, with seat numbers counting up toward the edge facing section 119. Seat 1 is the end of the row farthest from home plate, and higher seat numbers run back toward home plate.",Rows AA-34: 8 seats labeled 1-8; Row WCH: 4 seats labeled 1-4,"""Protective netting runs down both baselines and reduces foul ball opportunities in sections 116-118"". ""Rows 30 & Above - Covered"". ""Top Pick for Kids and Family Rows 34-37"". Wheelchair Row WCH. page lists Visitor Dugout at Sections 122-127. Sun/shade, obstructed view","HIGH - zone, rows, location and seat direction stated by the source"
119,Lower Level (100s),Lower Box Seats,"""Sections near home plate and the dugouts offer some of the best non-club views in the stadium."" Page also lists ""Visitor Dugout: Sections 122-127"".",11,toward first base / right field,"AA, 1-34, WCH",34,"Stairway aisles run along both side edges of the section; rows are not split by a mid-row aisle, so seat numbers run continuously from one side aisle to the other. The entry portal is at row 34.","Facing the field, seat 1 is on your right. That puts seat 1 on the edge facing section 118, with seat numbers counting up toward the edge facing section 120. Seat 1 is the end of the row farthest from home plate, and higher seat numbers run back toward home plate.",Rows AA-34: 10 seats labeled 1-10; Row WCH: 6 seats labeled 1-6,"""Rows 30 & Above - Covered"". ""Protective netting runs down both baselines...in sections 116-118 and 146-148""; ""Front of sections 108-156 are behind the netting"". Wheelchair Row WCH. page lists Visitor Dugout at Sections 122-127. Sun/shade, obstructed view","HIGH - zone, rows, location and seat direction stated by the source"
120,Lower Level (100s),Lower Box Seats,"Page lists ""Visitor Dugout: Sections 122-127""; no other location sentence specific to Section 120 stated.",10,toward first base / right field,"1-35, WCH"")",35,"Stairway aisles run along both side edges of the section; rows are not split by a mid-row aisle, so seat numbers run continuously from one side aisle to the other. The entry portal is at row 35.","Facing the field, seat 1 is on your right. That puts seat 1 on the edge facing section 119, with seat numbers counting up toward the edge facing section 121. Seat 1 is the end of the row farthest from home plate, and higher seat numbers run back toward home plate.","Rows 1-35 have 8 seats labeled 1-8""; ""Row WCH has 5 seats labeled 1-5","""Rows 30 & Above - Covered"". ""Beware of foul balls in this section"". Protective netting referenced in the broader Lower Box review. Fan reviews note restrooms are ""close"". Wheelchair Row WCH. page lists Visitor Dugout at Sections 122-127. Sun/shade, obstructed view","HIGH - zone, rows, location and seat direction stated by the source"
121,Lower Level (100s),Lower Box Seats,"""Sections near home plate and the dugouts offer some of the best non-club views in the stadium""; page also lists ""Visitor Dugout: Sections 122-127"".",9,toward first base / right field,"2-35, WCH"")",35,"Stairway aisles run along both side edges of the section; rows are not split by a mid-row aisle, so seat numbers run continuously from one side aisle to the other. The entry portal is at row 35.","Facing the field, seat 1 is on your right. That puts seat 1 on the edge facing section 120, with seat numbers counting up toward the edge facing section 122. Seat 1 is the end of the row farthest from home plate, and higher seat numbers run back toward home plate.",Rows 2-4: 9 seats (labeled 1-9); Rows 5-35: 10 seats (1-10); Row WCH: 6 seats (1-6),"""Rows 30 & Above - Covered"". ""Nicely shaded, though and awesome access to concessions and restrooms"". ""Protective netting runs down both baselines and reduces foul ball opportunities in sections 116-118 and 146-148"". ""Rows 34-37 are recommended for kids and family"". Wheelchair Row WCH. page lists Visitor Dugout at Sections 122-127.","HIGH - zone, rows, location and seat direction stated by the source"
122,Lower Level (100s),Lower Box Seats,These seats are located behind the visitor dugout,8,toward first base / right field,"5-35, WCH",35,"Stairway aisles run along both side edges of the section; rows are not split by a mid-row aisle, so seat numbers run continuously from one side aisle to the other. The entry portal is at row 35.","Facing the field, seat 1 is on your right. That puts seat 1 on the edge facing section 121, with seat numbers counting up toward the edge facing section 123. Seat 1 is the end of the row farthest from home plate, and higher seat numbers run back toward home plate.",Rows 5-35 have 8 seats labeled 1-8; Row WCH has 5 seats labeled 1-5,"Visitor dugout section - site lists ""Visitor Dugout: Sections 122-127"". ""Rows 30 & Above - Covered"". Trailing WCH wheelchair/companion row is the last row listed. ""Rows 34-37 are recommended for kids and family""; ""Rows 5-14 are recommended for visiting team fans"". Page carries the venue-wide note that ""Protective netting runs down both baselines"", but the only sections the site names for netting are 116-118 and 146-148 - netting coverage of this section is NOT STATED.","HIGH - zone, rows, location and seat direction stated by the source"
123,Lower Level (100s),Lower Box Seats,These seats are located behind the visitor dugout,7,toward first base / right field,"5-35, WCH",35,"Stairway aisles run along both side edges of the section; rows are not split by a mid-row aisle, so seat numbers run continuously from one side aisle to the other. The entry portal is at row 35.","Facing the field, seat 1 is on your right. That puts seat 1 on the edge facing section 122, with seat numbers counting up toward the edge facing section 124. Seat 1 is the end of the row farthest from home plate, and higher seat numbers run back toward home plate.",Rows 5-35 have 10 seats labeled 1-10; Row WCH has 6 seats labeled 1-6,"Visitor dugout section - ""Visitor Dugout: Sections 122-127""; site states Row 5 is the first row behind the visitor's dugout. ""Rows 30 & Above - Covered"". Trailing WCH wheelchair/companion row. ""Rows 34-37 are recommended for kids and family""; ""Rows 5-14 are recommended for visiting team fans"".","HIGH - zone, rows, location and seat direction stated by the source"
124,Lower Level (100s),Lower Box Seats,These seats are located behind the visitor dugout,6,toward first base / right field,"5-35, WCH",35,"Stairway aisles run along both side edges of the section; rows are not split by a mid-row aisle, so seat numbers run continuously from one side aisle to the other. The entry portal is at row 35.","Facing the field, seat 1 is on your right. That puts seat 1 on the edge facing section 123, with seat numbers counting up toward the edge facing section 125. Seat 1 is the end of the row farthest from home plate, and higher seat numbers run back toward home plate.",Rows 5-35 have 8 seats labeled 1-8; Row WCH has 5 seats labeled 1-5,"Visitor dugout section - ""Visitor Dugout: Sections 122-127"". ""Rows 30 & Above - Covered"". Trailing WCH wheelchair/companion row. ""Rows 34-37 are recommended for kids and family""; ""Rows 5-14 are recommended for visiting team fans"".","HIGH - zone, rows, location and seat direction stated by the source"
125,Lower Level (100s),Lower Box Seats,These seats are located behind the visitor dugout,5,toward first base / right field,"5-35, WCH",35,"Stairway aisles run along both side edges of the section; rows are not split by a mid-row aisle, so seat numbers run continuously from one side aisle to the other. The entry portal is at row 35.","Facing the field, seat 1 is on your right. That puts seat 1 on the edge facing section 124, with seat numbers counting up toward the edge facing section 126. Seat 1 is the end of the row farthest from home plate, and higher seat numbers run back toward home plate.",Rows 5-35 have 10 seats labeled 1-10; Row WCH has 6 seats labeled 1-6,"Visitor dugout section - ""Visitor Dugout: Sections 122-127"". ""Rows 30 & Above - Covered"". Trailing WCH wheelchair/companion row. ""Rows 34-37 are recommended for kids and family""; ""Rows 5-14 are recommended for visiting team fans"". Venue-wide note ""Protective netting runs down both baselines"" appears; sections named for netting are 116-118 and 146-148, so netting over this section is NOT STATED.","HIGH - zone, rows, location and seat direction stated by the source"
126,Lower Level (100s),Lower Box Seats,These seats are located behind the visitor dugout,4,toward first base / right field,"5-37, WCH",37,"Stairway aisles run along both side edges of the section; rows are not split by a mid-row aisle, so seat numbers run continuously from one side aisle to the other. The entry portal is at row 37.","Facing the field, seat 1 is on your right. That puts seat 1 on the edge facing section 125, with seat numbers counting up toward the edge facing section 127. Seat 1 is the end of the row farthest from home plate, and higher seat numbers run back toward home plate.",Rows 5-37 have 8 seats labeled 1-8; Row WCH has 5 seats labeled 1-5,"Visitor dugout section - ""Visitor Dugout: Sections 122-127"". ""Rows 30 & Above - Covered"". Trailing WCH wheelchair/companion row. ""Rows 34-37 are recommended for kids and family""; ""Rows 5-14 are recommended for visiting team fans"". Netting sections named by the site are 116-118 and 146-148, not this section.","HIGH - zone, rows, location and seat direction stated by the source"
127,Lower Level (100s),Lower Box Seats,These seats are located behind the visitor dugout,3,toward first base / right field,5-37,37,"Stairway aisles run along both side edges of the section; rows are not split by a mid-row aisle, so seat numbers run continuously from one side aisle to the other. The entry portal is at row 37.","Facing the field, seat 1 is on your right. That puts seat 1 on the edge facing section 126, with seat numbers counting up toward the edge facing section 128. Seat 1 is the end of the row farthest from home plate, and higher seat numbers run back toward home plate.",10 seats labeled 1-10,"Visitor dugout section - ""Visitor Dugout: Sections 122-127"" (last section in the visitor dugout block). ""Rows 30 & Above - Covered"". ""Rows 34-37 are recommended for kids and family""; ""Rows 5-14 are recommended for visiting team fans""; ""Rows 33-37"" recommended for convenience.","HIGH - zone, rows, location and seat direction stated by the source"
128,Lower Level (100s),Lower Box Seats,"Site's general ""Lower Box seating includes sections 111-153 on the White Sox seating chart."" Site places this section between the visitor dugout block and home plate: ""Visitor Dugout: Sections 122-127"" and ""Behind Home Plate: Sections 130-134, located directly behind the premium Scout Seats""",2,toward first base / right field,1-37,37,"Stairway aisles run along both side edges of the section; rows are not split by a mid-row aisle, so seat numbers run continuously from one side aisle to the other. The entry portal is at row 37.","Facing the field, seat 1 is on your right. That puts seat 1 on the edge facing section 127, with seat numbers counting up toward the edge facing section 129. Seat 1 is the end of the row farthest from home plate, and higher seat numbers run back toward home plate.",Rows 1-3: 7 seats; Rows 4-8: 8; Rows 9-14: 9; Rows 15-19: 10; Rows 20-24: 11; Rows 25-29: 12; Rows 30-34: 13; Rows 35-37: 14,"Sits between the visitor dugout block (122-127) and the behind-home-plate block (130-134); the site does not name it in either block. ""Rows 30 and above are under cover"". Netting sections named by the site are 116-118 and 146-148.","HIGH - zone, rows, location and seat direction stated by the source"
129,Lower Level (100s),Lower Box Seats,"Site's general ""Lower Box seating includes sections 111-153 on the White Sox seating chart."" Adjacent to the site's block ""Behind Home Plate: Sections 130-134, located directly behind the premium Scout Seats""",1,toward first base / right field,1-37,37,"Stairway aisles run along both side edges of the section; rows are not split by a mid-row aisle, so seat numbers run continuously from one side aisle to the other. The entry portal is at row 37.","Facing the field, seat 1 is on your right. That puts seat 1 on the edge facing section 128, with seat numbers counting up toward the edge facing section 130. Seat 1 is the end of the row farthest from home plate, and higher seat numbers run back toward home plate.",Rows 1-2: 4 seats; Rows 3-5: 5; Rows 6-8: 6; Rows 9-11: 7; Rows 12-13: 8; Rows 14-17: 9; Rows 18-20: 10; Rows 21-23: 11; Rows 24-25: 12; Rows 26-28: 13; Rows 29-31: 14; Rows 32-34: 15; Rows 35-37: 16,"Immediately outside the site's behind-home-plate block (130-134); not named in the visitor dugout block either. ""Rows 30 and above are under cover"". Netting sections named by the site are 116-118 and 146-148.","HIGH - zone, rows, location and seat direction stated by the source"
130,Lower Level (100s),Lower Box Seats,"Sections 130-134, located directly behind the premium Scout Seats",0,behind home plate,13-37,37,"Stairway aisles run along both side edges of the section; rows are not split by a mid-row aisle, so seat numbers run continuously from one side aisle to the other. The entry portal is at row 37.","Facing the field, seat 1 is on your right. That puts seat 1 on the edge facing section 129, with seat numbers counting up toward the edge facing section 131. This section is behind home plate, so seat 1 is on its first-base side.",Row 13: 2 seats; Row 14: 4; Row 15: 6; Rows 16-17: 9; Rows 18-20: 10; Rows 21-23: 11; Rows 24-25: 12; Rows 26-28: 13; Rows 29-31: 14; Rows 32-34: 15; Rows 35-37: 16,"Directly behind home plate; the Scout Seats (sections 130S/131S/133S/134S, described by the site as occupying the first 12-15 rows) sit in front of it, which is why row numbering starts at 13. ""Rows 33 and above are covered"". Rows 20-37 noted for great field views; rows 34-37 recommended for kids and family.","HIGH - zone, rows, location and seat direction stated by the source"
131,Lower Level (100s),Lower Box Seats,"Sections 130-134, located directly behind the premium Scout Seats",0,behind home plate,"16-35, WCH",35,"Stairway aisles run along both side edges of the section; rows are not split by a mid-row aisle, so seat numbers run continuously from one side aisle to the other. The entry portal is at row 35.","Facing the field, seat 1 is on your right. That puts seat 1 on the edge facing section 130, with seat numbers counting up toward the edge facing section 132. This section is behind home plate, so seat 1 is on its first-base side.",Rows 16-17: 8 seats (2-9); Row 18: 9 seats (2-10); Rows 19-20: 10 seats (1-10); Rows 21-23: 11; Rows 24-26: 12; Rows 27-29: 13; Rows 30-32: 14; Rows 33-35: 15; Row WCH: 8 seats (1-8),"Directly behind home plate, behind the premium Scout Seats (row numbering starts at 16). ""Rows 33 and above are covered"". Trailing WCH wheelchair/companion row. Note rows 16-18 start at seat 2, not seat 1.","HIGH - zone, rows, location and seat direction stated by the source"
132,Lower Level (100s),Lower Box Seats,"Sections 130-134, located directly behind the premium Scout Seats",0,behind home plate,"16-35, WCH",35,"Stairway aisles run along both side edges of the section; rows are not split by a mid-row aisle, so seat numbers run continuously from one side aisle to the other. The entry portal is at row 35.","Facing the field, seat 1 is on your right. That puts seat 1 on the edge facing section 131, with seat numbers counting up toward the edge facing section 133. This section is behind home plate, so seat 1 is on its first-base side.",Rows 16-18: 16 seats; Rows 19-21: 17; Rows 22-24: 18; Rows 25-27: 19; Rows 28-30: 20; Rows 31-33: 21; Rows 34-35: 22; Row WCH: 8 seats labeled 1-4 and 7-10,"The straight-on behind-home-plate section, behind the premium Scout Seats (row numbering starts at 16). ""Rows 33 and above are under cover"". Trailing WCH wheelchair/companion row; its seat labels skip 5-6 (listed as 1-4, 7-10).","HIGH - zone, rows, location and seat direction stated by the source"
133,Lower Level (100s),Lower Box Seats,"Sections 130-134, located directly behind the premium Scout Seats",0,behind home plate,16-35,35,"Stairway aisles run along both side edges of the section; rows are not split by a mid-row aisle, so seat numbers run continuously from one side aisle to the other. The entry portal is at row 35.","Facing the field, seat 1 is on your right. That puts seat 1 on the edge facing section 132, with seat numbers counting up toward the edge facing section 134. This section is behind home plate, so seat 1 is on its first-base side.",Rows 16-17: 8 seats; Row 18: 9; Rows 19-20: 10; Rows 21-23: 11; Rows 24-26: 12; Rows 27-29: 13; Rows 30-32: 14; Rows 33-34: 15; Row 35: 2,"Directly behind home plate, behind the premium Scout Seats (row numbering starts at 16). ""Rows 33 and above are under cover"". ""Rows 34-37 are recommended for kids and family"".","HIGH - zone, rows, location and seat direction stated by the source"
134,Lower Level (100s),Lower Box Seats,"Sections 130-134, located directly behind the premium Scout Seats",0,behind home plate,13-37,37,"Stairway aisles run along both side edges of the section; rows are not split by a mid-row aisle, so seat numbers run continuously from one side aisle to the other. The entry portal is at row 37.","Facing the field, seat 1 is on your right. That puts seat 1 on the edge facing section 133, with seat numbers counting up toward the edge facing section 135. This section is behind home plate, so seat 1 is on its first-base side.",Row 13: 2 seats; Row 14: 4; Row 15: 6; Rows 16-17: 9; Rows 18-20: 10; Rows 21-23: 11; Rows 24-25: 12; Rows 26-28: 13; Rows 29-31: 14; Rows 32-34: 15; Rows 35-37: 16,"Last of the behind-home-plate block; Scout Seats occupy the first 12-15 rows in front, so row numbering starts at 13. ""Rows 33 and above are covered"".","HIGH - zone, rows, location and seat direction stated by the source"
135,Lower Level (100s),Lower Box Seats,"Site's general ""Lower Box seating includes sections 111-153 on the White Sox seating chart."" Site's blocks place it between ""Behind Home Plate: Sections 130-134"" and ""White Sox Dugout: Sections 137-142""",1,toward third base / left field,1-37,37,"Stairway aisles run along both side edges of the section; rows are not split by a mid-row aisle, so seat numbers run continuously from one side aisle to the other. The entry portal is at row 37.","Facing the field, seat 1 is on your right. That puts seat 1 on the edge facing section 134, with seat numbers counting up toward the edge facing section 136. Seat 1 is the end of the row closest to home plate, and higher seat numbers run away from home plate.",Rows 1-2: 4 seats; Rows 3-5: 5; Rows 6-8: 6; Rows 9-11: 7; Rows 12-13: 8; Rows 14-17: 9; Rows 18-20: 10; Rows 21-23: 11; Rows 24-25: 12; Rows 26-28: 13; Rows 29-31: 14; Rows 32-34: 15; Rows 35-37: 16,"Between the behind-home-plate block (130-134) and the White Sox dugout block (137-142); not named in either. ""Rows 30 & Above - Covered"". Venue-wide note ""Protective netting runs down both baselines"" names sections 116-118 and 146-148, not this section.","HIGH - zone, rows, location and seat direction stated by the source"
136,Lower Level (100s),Lower Box Seats,"No site-authored section-specific sentence; general zone text is ""Lower Box seating includes sections 111-153 on the White Sox seating chart."" A fan review on the page states ""Section 136 is between home and the Sox dugout on the 3B side of the field""",2,toward third base / left field,1-37,37,"Stairway aisles run along both side edges of the section; rows are not split by a mid-row aisle, so seat numbers run continuously from one side aisle to the other. The entry portal is at row 37.","Facing the field, seat 1 is on your right. That puts seat 1 on the edge facing section 135, with seat numbers counting up toward the edge facing section 137. Seat 1 is the end of the row closest to home plate, and higher seat numbers run away from home plate.",Rows 1-3: 7 seats; Rows 4-8: 8; Rows 9-14: 9; Rows 15-19: 10; Rows 20-24: 11; Rows 25-29: 12; Rows 30-34: 13; Rows 35-37: 14,"Immediately outside the site's White Sox dugout block (""White Sox Dugout: Sections 137-142""). ""Rows 30 & Above - Covered"". Third-base side per the fan review quoted above (fan text, not site text).","HIGH - zone, rows, location and seat direction stated by the source"
137,Lower Level (100s),Lower Box Seats,These seats are located behind the White Sox dugout,3,toward third base / left field,5-37,37,"Stairway aisles run along both side edges of the section; rows are not split by a mid-row aisle, so seat numbers run continuously from one side aisle to the other. The entry portal is at row 37.","Facing the field, seat 1 is on your right. That puts seat 1 on the edge facing section 136, with seat numbers counting up toward the edge facing section 138. Seat 1 is the end of the row closest to home plate, and higher seat numbers run away from home plate.",10 seats labeled 1-10,"First section of the home dugout block - ""White Sox Dugout: Sections 137-142"". ""Rows 30 & Above - Covered"". ""Rows 34-37 are recommended for kids and family""; ""Rows 5-9"" recommended for impressing a guest.","HIGH - zone, rows, location and seat direction stated by the source"
138,Lower Level (100s),Lower Box Seats,These seats are located behind the White Sox dugout,4,toward third base / left field,"5-35, WCH",35,"Stairway aisles run along both side edges of the section; rows are not split by a mid-row aisle, so seat numbers run continuously from one side aisle to the other. The entry portal is at row 35.","Facing the field, seat 1 is on your right. That puts seat 1 on the edge facing section 137, with seat numbers counting up toward the edge facing section 139. Seat 1 is the end of the row closest to home plate, and higher seat numbers run away from home plate.",Rows 5-35 have 8 seats labeled 1-8; Row WCH has 5 seats labeled 1-5,"White Sox (home) dugout section - ""White Sox Dugout: Sections 137-142""; page also tags it ""Near White Sox Dugout"". ""Rows 30 & Above - Covered"". Trailing WCH wheelchair/companion row. Page mentions ""Diamond Box, Platinum Box, and Gold Box all fall within this area and offer similar seating experiences"" - the section's own zone label is Lower Box Seats.","HIGH - zone, rows, location and seat direction stated by the source"
139,Lower Level (100s),Lower Box Seats,These seats are located behind the White Sox dugout,5,toward third base / left field,"5-35, WCH",35,"Stairway aisles run along both side edges of the section; rows are not split by a mid-row aisle, so seat numbers run continuously from one side aisle to the other. The entry portal is at row 35.","Facing the field, seat 1 is on your right. That puts seat 1 on the edge facing section 138, with seat numbers counting up toward the edge facing section 140. Seat 1 is the end of the row closest to home plate, and higher seat numbers run away from home plate.",Rows 5-35 have 10 seats labeled 1-10; Row WCH has 6 seats labeled 1-6,"White Sox (home) dugout section - ""White Sox Dugout: Sections 137-142""; tagged ""Near White Sox Dugout"". ""Rows 30 & Above - Covered"". Trailing WCH wheelchair/companion row. ""Rows 34-37 are recommended for kids and family""; ""Rows 5-9 are recommended for impressing a guest"".","HIGH - zone, rows, location and seat direction stated by the source"
140,Lower Level (100s),Lower Box Seats,These seats are located behind the White Sox dugout,6,toward third base / left field,"5-35, WCH",35,"Stairway aisles run along both side edges of the section; rows are not split by a mid-row aisle, so seat numbers run continuously from one side aisle to the other. The entry portal is at row 35.","Facing the field, seat 1 is on your right. That puts seat 1 on the edge facing section 139, with seat numbers counting up toward the edge facing section 141. Seat 1 is the end of the row closest to home plate, and higher seat numbers run away from home plate.",Rows 5-35 have 8 seats labeled 1-8; Row WCH has 5 seats labeled 1-5,"White Sox (home) dugout section - ""White Sox Dugout: Sections 137-142""; tagged ""Near White Sox Dugout"". ""Rows 30 & Above - Covered"". Trailing WCH wheelchair/companion row. Page's netting reference names sections 146-148 (and 116-118), not this section. a fan comment on this page claims ""When facing the field, seat 1 is on the left aisle"" (Row 7), contradicting the site's own seat-direction rule recorded above.","HIGH - zone, rows, location and seat direction stated by the source"
141,Lower Level (100s),Lower Box Seats,These seats are located behind the White Sox dugout,7,toward third base / left field,"5-35, WCH",35,"Stairway aisles run along both side edges of the section; rows are not split by a mid-row aisle, so seat numbers run continuously from one side aisle to the other. The entry portal is at row 35.","Facing the field, seat 1 is on your right. That puts seat 1 on the edge facing section 140, with seat numbers counting up toward the edge facing section 142. Seat 1 is the end of the row closest to home plate, and higher seat numbers run away from home plate.",Rows 5-35 have 10 seats labeled 1-10; Row WCH has 6 seats labeled 1-6,"White Sox (home) dugout section - ""White Sox Dugout: Sections 137-142""; tagged ""Near White Sox Dugout""; site states Row 5 is the first row behind the White Sox dugout. ""Rows 30 & Above - Covered"". Trailing WCH wheelchair/companion row. Netting NOT STATED for this section.","HIGH - zone, rows, location and seat direction stated by the source"
142,Lower Level (100s),Lower Box Seats,"Near White Sox Dugout; ""These seats are located behind the White Sox dugout"" (site lists White Sox Dugout as Sections 137-142)",8,toward third base / left field,"5-35, WCH",35,"Stairway aisles run along both side edges of the section; rows are not split by a mid-row aisle, so seat numbers run continuously from one side aisle to the other. The entry portal is at row 35.","Facing the field, seat 1 is on your right. That puts seat 1 on the edge facing section 141, with seat numbers counting up toward the edge facing section 143. Seat 1 is the end of the row closest to home plate, and higher seat numbers run away from home plate.",Rows 5-35 have 8 seats labeled 1-8; Row WCH has 5 seats labeled 1-5,"""Rows 30 & Above - Covered"". Wheelchair accessible row WCH listed (section rows given as ""Rows 5-35, WCH""). ""Rows 34-37 are recommended for kids and family""; ""Rows 5-9 are recommended for impressing a guest"".","HIGH - zone, rows, location and seat direction stated by the source"
143,Lower Level (100s),Lower Box Seats,not stated by the source,9,toward third base / left field,"2-35, WCH",35,"Stairway aisles run along both side edges of the section; rows are not split by a mid-row aisle, so seat numbers run continuously from one side aisle to the other. The entry portal is at row 35.","Facing the field, seat 1 is on your right. That puts seat 1 on the edge facing section 142, with seat numbers counting up toward the edge facing section 144. Seat 1 is the end of the row closest to home plate, and higher seat numbers run away from home plate.",Rows 2-4 have 9 seats labeled 2-10; Rows 5-35 have 10 seats labeled 1-10; Row WCH has 6 seats labeled 1-6,"""Rows 30 & Above - Covered"". WCH (wheelchair accessible) row present. ""Rows 34-37 are recommended for kids and family"". Site notes protective netting runs along the baselines in sections 146-148.","MEDIUM - rows and zone confirmed, the source does not place this section"
144,Lower Level (100s),Lower Box Seats,not stated by the source,10,toward third base / left field,"1-34, WCH",34,"Stairway aisles run along both side edges of the section; rows are not split by a mid-row aisle, so seat numbers run continuously from one side aisle to the other. The entry portal is at row 34.","Facing the field, seat 1 is on your right. That puts seat 1 on the edge facing section 143, with seat numbers counting up toward the edge facing section 145. Seat 1 is the end of the row closest to home plate, and higher seat numbers run away from home plate.",Rows 1-34 have 8 seats labeled 1-8; Row WCH has 4 seats labeled 1-4,"""Protective netting runs down both baselines"". ""Rows 30 & Above - Covered"". Wheelchair accessible row WCH listed (""Rows 1-34, WCH""). ""Rows 34-37 are recommended for kids and family"".","MEDIUM - rows and zone confirmed, the source does not place this section"
145,Lower Level (100s),Lower Box Seats,not stated by the source,11,toward third base / left field,"AA, 1-34, WCH",34,"Stairway aisles run along both side edges of the section; rows are not split by a mid-row aisle, so seat numbers run continuously from one side aisle to the other. The entry portal is at row 34.","Facing the field, seat 1 is on your right. That puts seat 1 on the edge facing section 144, with seat numbers counting up toward the edge facing section 146. Seat 1 is the end of the row closest to home plate, and higher seat numbers run away from home plate.",Rows AA-34 have 10 seats labeled 1-10; Row WCH has 6 seats labeled 1-6,"""Protective netting runs down both baselines and reduces foul ball opportunities in sections 116-118 and 146-148"". ""Rows 30 & Above - Covered""; ""Rows near the top of the section may also receive overhead coverage from the Club Level above."" WCH (wheelchair accessible) row present. Site also notes sections near home plate carry names including Diamond Box, Platinum Box and Gold Box.","MEDIUM - rows and zone confirmed, the source does not place this section"
146,Lower Level (100s),Lower Box Seats,not stated by the source,12,toward third base / left field,"AA, 1-35, WCH",35,"Stairway aisles run along both side edges of the section; rows are not split by a mid-row aisle, so seat numbers run continuously from one side aisle to the other. The entry portal is at row 35.","Facing the field, seat 1 is on your right. That puts seat 1 on the edge facing section 145, with seat numbers counting up toward the edge facing section 147. Seat 1 is the end of the row closest to home plate, and higher seat numbers run away from home plate.",Rows AA-35 have 8 seats labeled 1-8; Row WCH has 5 seats labeled 1-5,"""Protective netting runs down both baselines and reduces foul ball opportunities in sections 116-118 and 146-148"" (146 is in that range). ""Rows 30 & Above - Covered"". WCH (wheelchair accessible) row present. ""Top Pick for Kids and Family - Rows 34-37"".","MEDIUM - rows and zone confirmed, the source does not place this section"
147,Lower Level (100s),Lower Box Seats,not stated by the source,13,toward third base / left field,"AA, 1-37",37,"Stairway aisles run along both side edges of the section; rows are not split by a mid-row aisle, so seat numbers run continuously from one side aisle to the other. The entry portal is at row 37.","Facing the field, seat 1 is on your right. That puts seat 1 on the edge facing section 146, with seat numbers counting up toward the edge facing section 148. Seat 1 is the end of the row closest to home plate, and higher seat numbers run away from home plate.",Rows AA-37 have 10 seats labeled 1-10,"""Protective netting runs down both baselines and reduces foul ball opportunities in sections 116-118 and 146-148"". ""Rows 30 & Above - Covered"". ""Fans on the first base/right field side will typically find shade earlier during afternoon games"". ""Rows 15-20"" recommended for best balance of proximity and sightlines.","MEDIUM - rows and zone confirmed, the source does not place this section"
148,Lower Level (100s),Lower Box Seats,not stated by the source,14,toward third base / left field,"AA, 1-37",37,"Stairway aisles run along both side edges of the section; rows are not split by a mid-row aisle, so seat numbers run continuously from one side aisle to the other. The entry portal is at row 37.","Facing the field, seat 1 is on your right. That puts seat 1 on the edge facing section 147, with seat numbers counting up toward the edge facing section 149. Seat 1 is the end of the row closest to home plate, and higher seat numbers run away from home plate.",Rows AA-37 have 8 seats labeled 1-8,"""Protective netting runs down both baselines and reduces foul ball opportunities in sections 116-118 and 146-148"" (148 is in that range). ""Rows 30 & Above - Covered"". ""Rows 33-37 are recommended for outstanding convenience""; ""Rows 34-37 are recommended for kids and family"".","MEDIUM - rows and zone confirmed, the source does not place this section"
149,Lower Level (100s),Lower Box Seats,not stated by the source,15,toward third base / left field,"AA, 1-37",37,"Stairway aisles run along both side edges of the section; rows are not split by a mid-row aisle, so seat numbers run continuously from one side aisle to the other. The entry portal is at row 37.","Facing the field, seat 1 is on your right. That puts seat 1 on the edge facing section 148, with seat numbers counting up toward the edge facing section 150. Seat 1 is the end of the row closest to home plate, and higher seat numbers run away from home plate.",Rows AA-37 have 10 seats labeled 1-10,"""Rows 30 and above are under cover""; ""Rows near the top of the section may also receive overhead coverage from the Club Level"". ""Protective netting runs down both baselines"" (site cites sections 146-148). ""Fans sitting on the first base/right field side will typically find shade earlier during afternoon games"".","MEDIUM - rows and zone confirmed, the source does not place this section"
150,Lower Level (100s),Lower Box Seats,not stated by the source,16,toward third base / left field,"AA, 1-37",37,"Stairway aisles run along both side edges of the section; rows are not split by a mid-row aisle, so seat numbers run continuously from one side aisle to the other. The entry portal is at row 37.","Facing the field, seat 1 is on your right. That puts seat 1 on the edge facing section 149, with seat numbers counting up toward the edge facing section 151. Seat 1 is the end of the row closest to home plate, and higher seat numbers run away from home plate.",Rows AA-37 have 8 seats labeled 1-8,"""Front of sections 108-156 are behind the netting"" (150 is in that range); protective netting ""reduces foul ball opportunities"". ""Rows 30 & Above - Covered"". ""Rows 34-37 are recommended for kids and family"".","MEDIUM - rows and zone confirmed, the source does not place this section"
151,Lower Level (100s),Lower Box Seats,not stated by the source,17,toward third base / left field,"AA, 1-35, WCH",35,"Stairway aisles run along both side edges of the section; rows are not split by a mid-row aisle, so seat numbers run continuously from one side aisle to the other. The entry portal is at row 35.","Facing the field, seat 1 is on your right. That puts seat 1 on the edge facing section 150, with seat numbers counting up toward the edge facing section 152. Seat 1 is the end of the row closest to home plate, and higher seat numbers run away from home plate.",Rows AA-35 have 10 seats labeled 1-10; Row WCH has 6 seats labeled 1-6,"""Front of sections 108-156 are behind the netting"". ""Rows 30 & Above - Covered"". WCH (wheelchair accessible) row present. ""Top Pick for Kids and Family - Rows 34-37"".","MEDIUM - rows and zone confirmed, the source does not place this section"
152,Lower Level (100s),Lower Box Seats,not stated by the source,18,toward third base / left field,"AA, 1-35, WCH",35,"Stairway aisles run along both side edges of the section; rows are not split by a mid-row aisle, so seat numbers run continuously from one side aisle to the other. The entry portal is at row 35.","Facing the field, seat 1 is on your right. That puts seat 1 on the edge facing section 151, with seat numbers counting up toward the edge facing section 153. Seat 1 is the end of the row closest to home plate, and higher seat numbers run away from home plate.",Rows AA-35 have 8 seats labeled 1-8; Row WCH has 5 seats labeled 1-5,"""protective netting runs down both baselines"" in this section area. ""Rows 30 & Above - Covered"". WCH (wheelchair accessible) row present. ""Rows 34-37 are recommended for kids and family"".","MEDIUM - rows and zone confirmed, the source does not place this section"
153,Lower Level (100s),Lower Box Seats,not stated by the source,19,toward third base / left field,"1-36, WCH",36,"Stairway aisles run along both side edges of the section; rows are not split by a mid-row aisle, so seat numbers run continuously from one side aisle to the other. The entry portal is at row 36.","Facing the field, seat 1 is on your right. That puts seat 1 on the edge facing section 152, with seat numbers counting up toward the edge facing section 154. Seat 1 is the end of the row closest to home plate, and higher seat numbers run away from home plate.",Row 1 has 3 seats; Row 2 has 8 seats; Row 3 has 9 seats; Rows 4-36 have 10 seats each; Row WCH has 6 seats,"""Front of sections 108-156 are behind the netting"". ""Rows 30 & Above - Covered"". Wheelchair accessible row WCH listed (""Rows 1-36, WCH""). ""Rows 34-37 are recommended for kids and family"".","MEDIUM - rows and zone confirmed, the source does not place this section"
154,Lower Level (100s),not named by the source,not stated by the source,20,toward third base / left field,"4-34, WCH",34,"Stairway aisles run along both side edges of the section; rows are not split by a mid-row aisle, so seat numbers run continuously from one side aisle to the other. The entry portal is at row 34.","Facing the field, seat 1 is on your right. That puts seat 1 on the edge facing section 153, with seat numbers counting up toward the edge facing section 155. Seat 1 is the end of the row closest to home plate, and higher seat numbers run away from home plate.","Varies by row, 6 to 25 seats; Row WCH has 14 seats","""There is some amount of netting or screening in front of all lower level sections in foul territory"". ""Rows 30 and above are under cover"". Wheelchair accessible row WCH listed (""Rows 4-34, WCH""). ""Rows 34-37 are recommended for kids and family"".","MEDIUM - rows confirmed, ticket zone not named by the source"
155,Lower Level (100s),not named by the source,not stated by the source,21,toward third base / left field,"4-35, WCH",35,"Stairway aisles run along both side edges of the section; rows are not split by a mid-row aisle, so seat numbers run continuously from one side aisle to the other. The entry portal is at row 35.","Facing the field, seat 1 is on your right. That puts seat 1 on the edge facing section 154, with seat numbers counting up toward the edge facing section 156. Seat 1 is the end of the row closest to home plate, and higher seat numbers run away from home plate.",Row 4 has 1 seat; Row 5 has 3 seats; Row 6 has 4 seats; Rows 7-8 have 5 seats; Row 9 has 6 seats; Rows 10-11 have 7 seats; Row 12 has 8 seats; Rows 13-14 have 9 seats; Rows 15-17 have 11 seats; Rows 18-19 have 13 seats; Rows 20-21 have 15 seats; Rows 22-23 have 17 seats; Rows 24-26 have 19 seats; Rows 27-28 have 21 seats; Rows 29-30 have 23 seats; Rows 31-32 have 25 seats; Rows 33-35 have 27 seats; Row WCH has 13 seats,"""There is some amount of netting or screening in front of all lower level sections in foul territory""; ""Front of sections 108-156 are behind the netting"". ""Rows 30 and above are under cover"". Wheelchair accessible row WCH listed (""Rows 4-35, WCH"").","MEDIUM - rows confirmed, ticket zone not named by the source"
156,Lower Level (100s),not named by the source,not stated by the source,22,toward third base / left field,"8-28, WCH",28,"Stairway aisles run along both side edges of the section; rows are not split by a mid-row aisle, so seat numbers run continuously from one side aisle to the other. The entry portal is at row 28.","Facing the field, seat 1 is on your right. That puts seat 1 on the edge facing section 155, with seat numbers counting up toward the edge facing section 157. Seat 1 is the end of the row closest to home plate, and higher seat numbers run away from home plate.",Rows 8-10 have 6 seats; Rows 11-12 have 7 seats; Rows 13-14 have 8 seats; Rows 15-16 have 9 seats; Rows 17-19 have 10 seats; Rows 20-21 have 11 seats; Rows 22-23 have 12 seats; Rows 24-25 have 13 seats; Rows 26-28 have 14 seats; Row WCH has 8 seats,"""Rows WCH and above are under cover"". ""There is some amount of netting or screening in front of all lower level sections in foul territory""; ""Front of sections 108-156 are behind the netting"". WCH (wheelchair accessible) row present.","MEDIUM - rows confirmed, ticket zone not named by the source"
157,Lower Level (100s),Outfield Reserved,Sections 157-159 sit in left field directly above the White Sox bullpen.,23,toward third base / left field,"8-28, WCH",28,"Stairway aisles run along both side edges of the section; rows are not split by a mid-row aisle, so seat numbers run continuously from one side aisle to the other. The entry portal is at row 28.","Facing the field, seat 1 is on your right. That puts seat 1 on the edge facing section 156, with seat numbers counting up toward the edge facing section 158. Seat 1 is the end of the row closest to home plate, and higher seat numbers run away from home plate.",Rows 8-11 have 18 seats labeled 1-18; Rows 12-15 have 19 seats labeled 1-19; Rows 16-19 have 20 seats labeled 1-20; Rows 20-24 have 21 seats labeled 1-21; Rows 25-28 have 22 seats labeled 1-22; Row WCH has 11 seats labeled 1-11,"""Seat 1 on the right aisle is directly behind the foul pole"". ""great view of the White Sox bullpen""; ""The White Sox bullpen is in front of Sections 157 and 158"". sections 157-159 ""receive some of the most direct sunlight in the stadium"". WCH (wheelchair accessible) row present.","HIGH - zone, rows, location and seat direction stated by the source"
158,Lower Level (100s),Outfield Reserved,Sections 157-159 sit in left field directly above the White Sox bullpen.,24,toward third base / left field,"8-28, WCH",28,"Stairway aisles run along both side edges of the section; rows are not split by a mid-row aisle, so seat numbers run continuously from one side aisle to the other. The entry portal is at row 28.","Facing the field, seat 1 is on your right. That puts seat 1 on the edge facing section 157, with seat numbers counting up toward the edge facing section 159. Seat 1 is the end of the row closest to home plate, and higher seat numbers run away from home plate.",Rows 8-28 have 24 seats labeled 1-24; Row WCH has 12 seats labeled 1-12,"""The White Sox bullpen is in front of Sections 157 and 158"". ""sections 157-159 receive some of the most direct sunlight in the stadium"". WCH (wheelchair accessible) row present. ""Rows 24-28 are recommended for outstanding convenience"".","HIGH - zone, rows, location and seat direction stated by the source"
159,Lower Level (100s),Outfield Reserved,Sections 157-159 sit in left field directly above the White Sox bullpen.,25,toward third base / left field,"1-28, WCH",28,"Stairway aisles run along both side edges of the section; rows are not split by a mid-row aisle, so seat numbers run continuously from one side aisle to the other. The entry portal is at row 28.","Facing the field, seat 1 is on your right. That puts seat 1 on the edge facing section 158, with seat numbers counting up toward the edge facing section 160. Seat 1 is the end of the row closest to home plate, and higher seat numbers run away from home plate.",Rows 1-28 have 24 seats labeled 1-24; Row WCH has 12 seats labeled 1-12,"""Seats near sections 157-158 overlook the White Sox bullpen"". ""Sections in left field receive some of the most sun exposure in ballpark"". ""View toward home plate from these sections is fairly distant"". ""Section 159 is a great spot for right-handed pull hitters"". WCH (wheelchair accessible) row present.","HIGH - zone, rows, location and seat direction stated by the source"
160,Lower Level (100s),Bleachers,Traditional metal bleachers located directly in left center field at Rate Field,26,toward third base / left field,"1-26, WCH",26,"Stairway aisles run along both side edges of the section; rows are not split by a mid-row aisle, so seat numbers run continuously from one side aisle to the other. The entry portal is at row 26.","Facing the field, seat 1 is on your right. That puts seat 1 on the edge facing section 159, with seat numbers counting up toward the edge facing section 161. Seat 1 is the end of the row closest to home plate, and higher seat numbers run away from home plate.",Rows 1-6 have 16 seats labeled 1-16; Rows 7-18 have 17 seats labeled 1-17; Rows 19-26 have 18 seats labeled 1-18; Row WCH has 12 seats labeled 1-12,metal bench-style seating with seat backs but no padding. Limited views possible for sections closest to the center-field Fan Deck structure. WCH (wheelchair accessible) row present. Page cross-references bullpen view at Sections 157-159.,"HIGH - zone, rows, location and seat direction stated by the source"
161,Lower Level (100s),Bleachers,Traditional metal bleachers located directly in left center field at Rate Field.,27,toward third base / left field,"1-28, WCH",28,"Stairway aisles run along both side edges of the section; rows are not split by a mid-row aisle, so seat numbers run continuously from one side aisle to the other. The entry portal is at row 28.","Facing the field, seat 1 is on your right. That puts seat 1 on the edge facing section 160, with seat numbers counting up toward the edge facing section 162. Seat 1 is the end of the row closest to home plate, and higher seat numbers run away from home plate.",Row 1 has 17 seats; Rows 2-5 have 18 seats; Rows 6-10 have 19 seats; Rows 11-15 have 20 seats; Row 16 has 21 seats; Rows 17-22 have 22 seats; Rows 23-27 have 23 seats; Row 28 has 24 seats; Row WCH has 12 seats,"""if you are close to centerfield, you have obstructed views of the scoreboard sometimes."" ""Metal bench seating with back support""; ""metal bench-style seating. These bleachers feature seat backs but no padding."" WCH (wheelchair accessible) row present.","HIGH - zone, rows, location and seat direction stated by the source"
162,Lower Level (100s),Bleachers,Traditional metal bleachers located directly in left center field at Rate Field,28,toward third base / left field,"1-28, plus WCH",28,"Stairway aisles run along both side edges of the section; rows are not split by a mid-row aisle, so seat numbers run continuously from one side aisle to the other. The entry portal is at row 28.","Facing the field, seat 1 is on your right. That puts seat 1 on the edge facing section 161, with seat numbers counting up toward the edge facing section 163. Seat 1 is the end of the row closest to home plate, and higher seat numbers run away from home plate.",Row 1: 17; Rows 2-7: 18; Rows 8-11: 19; Row 12: 20; Rows 13-18: 21; Rows 19-23: 22; Row 24: 23; Rows 25-28: 24; Row WCH: 12,Metal bench seating with back support but no padding. Rows 24-28 recommended for outstanding convenience. Recommended for partying and socializing. Direct sun exposure during day games. Limited outfield views from sections closest to the center-field Fan Deck. WCH row present (wheelchair/companion).,"HIGH - zone, rows, location and seat direction stated by the source"
163,Lower Level (100s),Bleachers,Traditional metal bleachers located directly in left center field at Rate Field.,29,toward third base / left field,"1-28, plus WCH",28,"Stairway aisles run along both side edges of the section; rows are not split by a mid-row aisle, so seat numbers run continuously from one side aisle to the other. The entry portal is at row 28.","Facing the field, seat 1 is on your right. That puts seat 1 on the edge facing section 162, with seat numbers counting up toward the edge facing section 164. Seat 1 is the end of the row closest to home plate, and higher seat numbers run away from home plate.",Rows 1-3: 17; Rows 4-7: 18; Rows 8-13: 19; Rows 14-19: 21; Rows 20-24: 22; Rows 25-28: 23; Row WCH: 12,"Sections closest to the center-field Fan Deck may have limited views of parts of the outfield. Sunscreen recommended. Row WCH is the last row, uses folding chairs, and is close to bathrooms and concessions.","HIGH - zone, rows, location and seat direction stated by the source"
164,Lower Level (100s),Bleachers,Traditional metal bleachers located directly in left center field at Rate Field.,30,toward third base / left field,1-25,25,"Stairway aisles run along both side edges of the section; rows are not split by a mid-row aisle, so seat numbers run continuously from one side aisle to the other. The entry portal is at row 25.","Facing the field, seat 1 is on your right. That puts seat 1 on the edge facing section 163, with seat numbers counting up toward the far edge of the section, with no further section beyond it on that side. Seat 1 is the end of the row closest to home plate, and higher seat numbers run away from home plate.",Row 1: 9; Row 2: 11; Rows 3-5: 12; Rows 6-8: 10; Rows 9-11: 9; Row 12: 8; Row 13: 7; Rows 14-16: 6; Rows 17-18: 5; Rows 19-20: 4; Rows 21-22: 3; Row 25: 1 (rows 23-24 not stated),Full concourse access to standard lower-level concessions. Metal bench seating with back support but no padding. Sightlines affected by the center-field Fan Deck structure; distant view of home plate.,"HIGH - zone, rows, location and seat direction stated by the source"
311,Club Level (300s),Club Level,Sections begin at 311 down the right field line and extend to 357 down the left field line,9,toward first base / right field,1-5,1,"Stairway aisles run along both side edges of the section; rows are not split by a mid-row aisle, so seat numbers run continuously from one side aisle to the other. The entry portal is at row 1.","Facing the field, seat 1 is on your right. That puts seat 1 on the far edge of the section, with no further section beyond it on that side, with seat numbers counting up toward the edge facing section 312. Seat 1 is the end of the row farthest from home plate, and higher seat numbers run back toward home plate.",Rows 1-4: 16 seats (labeled 1-16); Row 5: 20 seats (labeled 1-20),"padded seating, in-seat food/beverage service, climate-controlled lounge access with bars, private restrooms, and additional seating. late afternoon shade; all seats receive shade during most late afternoon games.","HIGH - zone, rows, location and seat direction stated by the source"
312,Club Level (300s),Club Level,"300 Level Seating"" on the club level; part of sections ""between the 100 and 500 Levels",8,toward first base / right field,1-5,1,"Stairway aisles run along both side edges of the section; rows are not split by a mid-row aisle, so seat numbers run continuously from one side aisle to the other. The entry portal is at row 1.","Facing the field, seat 1 is on your right. That puts seat 1 on the edge facing section 311, with seat numbers counting up toward the edge facing section 314. Seat 1 is the end of the row farthest from home plate, and higher seat numbers run back toward home plate.",Rows 1-4: 16 seats each (labeled 1-16); Row 5: 20 seats (labeled 1-20),"cushioned/padded seating, in-seat food and beverage service, climate-controlled lounge access with private bars and restrooms. all seats receive shade during most late afternoon games. Recommended for ""outstanding convenience""; foul balls frequently reach this level.","HIGH - zone, rows, location and seat direction stated by the source"
314,Club Level (300s),Club Level,"""Located on the 300 Level between the lower seating bowl and upper deck"" (as part of Club Level sections 311-357)",7,toward first base / right field,1-5,1,"Stairway aisles run along both side edges of the section; rows are not split by a mid-row aisle, so seat numbers run continuously from one side aisle to the other. The entry portal is at row 1.","Facing the field, seat 1 is on your right. That puts seat 1 on the edge facing section 312, with seat numbers counting up toward the edge facing section 316. Seat 1 is the end of the row farthest from home plate, and higher seat numbers run back toward home plate.",Rows 1-4: 16 seats each (labeled 1-16); Row 5: 20 seats (labeled 1-20),"padded/cushioned seating, in-seat food and beverage service, climate-controlled lounge access, private restrooms, bars and lounge seating. ""Shaded during most late afternoon games"".","HIGH - zone, rows, location and seat direction stated by the source"
316,Club Level (300s),Club Level,Club Level seats at Rate Field are located on the 300 Level between the lower seating bowl and upper deck,6,toward first base / right field,1-5,1,"Stairway aisles run along both side edges of the section; rows are not split by a mid-row aisle, so seat numbers run continuously from one side aisle to the other. The entry portal is at row 1.","Facing the field, seat 1 is on your right. That puts seat 1 on the edge facing section 314, with seat numbers counting up toward the edge facing section 318. Seat 1 is the end of the row farthest from home plate, and higher seat numbers run back toward home plate.",Rows 1-4: 16 seats each (labeled 1-16); Row 5: 20 seats (labeled 1-20),"climate-controlled lounge with food/beverage stations, additional seating, bars, private restrooms, padded seats, in-seat wait service. all seats receive shade during most late afternoon games.","HIGH - zone, rows, location and seat direction stated by the source"
318,Club Level (300s),Club Level,"""300 Level Seating"" between the lower and upper levels; part of Club Level sections extending from 311 down the right field line to 357 down the left field line",5,toward first base / right field,1-5,1,"Stairway aisles run along both side edges of the section; rows are not split by a mid-row aisle, so seat numbers run continuously from one side aisle to the other. The entry portal is at row 1.","Facing the field, seat 1 is on your right. That puts seat 1 on the edge facing section 316, with seat numbers counting up toward the edge facing section 320. Seat 1 is the end of the row farthest from home plate, and higher seat numbers run back toward home plate.",Rows 1-4: 16 seats each (labeled 1-16); Row 5: 20 seats (labeled 1-20),"climate-controlled lounge, food and beverage stations, additional seating, bars, private restrooms, padded seats, in-seat wait service. late afternoon shade; all seats shaded during most late afternoon games.","HIGH - zone, rows, location and seat direction stated by the source"
320,Club Level (300s),Club Level,"""300 Level Seating"" located between lower and upper levels; part of Club Level sections extending from the right field line to the left field line",4,toward first base / right field,1-5,1,"Stairway aisles run along both side edges of the section; rows are not split by a mid-row aisle, so seat numbers run continuously from one side aisle to the other. The entry portal is at row 1.","Facing the field, seat 1 is on your right. That puts seat 1 on the edge facing section 318, with seat numbers counting up toward the edge facing section 322. Seat 1 is the end of the row farthest from home plate, and higher seat numbers run back toward home plate.",Rows 1-4: 16 seats (labeled 1-16); Row 5: 20 seats (labeled 1-20),"""Climate-controlled lounge with food and beverage stations"", private restrooms, padded seating, in-seat food/beverage service, private bars. ""All seats in this section are shaded during most late afternoon games"".","HIGH - zone, rows, location and seat direction stated by the source"
322,Club Level (300s),Club Level,Club Level seats at Rate Field are located on the 300 Level between the lower seating bowl and upper deck,3,toward first base / right field,1-5,1,"Stairway aisles run along both side edges of the section; rows are not split by a mid-row aisle, so seat numbers run continuously from one side aisle to the other. The entry portal is at row 1.","Facing the field, seat 1 is on your right. That puts seat 1 on the edge facing section 320, with seat numbers counting up toward the edge facing section 324. Seat 1 is the end of the row farthest from home plate, and higher seat numbers run back toward home plate.",Rows 1-4: 16 seats each; Row 5: 20 seats,"padded seating, in-seat wait service, climate-controlled lounge access, private restrooms, bars and food/beverage stations. ""All seats in this section are shaded during most late afternoon games""; seats are not covered. Recommended for impressing guests; foul balls frequently reach this level.","HIGH - zone, rows, location and seat direction stated by the source"
324,Club Level (300s),Club Level,"""300 Level Seating"" located on the club level between lower and upper seating areas",2,toward first base / right field,1-5,1,"Stairway aisles run along both side edges of the section; rows are not split by a mid-row aisle, so seat numbers run continuously from one side aisle to the other. The entry portal is at row 1.","Facing the field, seat 1 is on your right. That puts seat 1 on the edge facing section 322, with seat numbers counting up toward the edge facing section 326. Seat 1 is the end of the row farthest from home plate, and higher seat numbers run back toward home plate.",Rows 1-4: 16 seats each (labeled 1-16); Row 5: 20 seats (labeled 1-20),"padded/cushioned seating, in-seat wait service, climate-controlled lounge access with food/beverage stations, private restrooms, bars, and additional seating. ""All seats in this section are shaded during most late afternoon games"".","HIGH - zone, rows, location and seat direction stated by the source"
326,Club Level (300s),Club Level,"""300 Level Seating"" between the lower and upper levels; part of sections extending from 311 down the right field line to 357 down the left field line",1,toward first base / right field,1-5,1,"Stairway aisles run along both side edges of the section; rows are not split by a mid-row aisle, so seat numbers run continuously from one side aisle to the other. The entry portal is at row 1.","Facing the field, seat 1 is on your right. That puts seat 1 on the edge facing section 324, with seat numbers counting up toward the edge facing section 328. Seat 1 is the end of the row farthest from home plate, and higher seat numbers run back toward home plate.",Rows 1-4: 16 seats each (labeled 1-16); Row 5: 20 seats (labeled 1-20),"access to climate-controlled lounge, food/beverage stations, additional seating, bars, private restrooms, cushioned padded seats, in-seat wait service. all seats receive shade during most late afternoon games.","HIGH - zone, rows, location and seat direction stated by the source"
328,Club Level (300s),Club Level,"""300 Level Seating"" between the lower and upper levels",0,behind home plate,1-5,1,"Stairway aisles run along both side edges of the section; rows are not split by a mid-row aisle, so seat numbers run continuously from one side aisle to the other. The entry portal is at row 1.","Facing the field, seat 1 is on your right. That puts seat 1 on the edge facing section 326, with seat numbers counting up toward the edge facing section 329. This section is behind home plate, so seat 1 is on its first-base side.",Rows 1-4: 14 seats each (labeled 1-14); Row 5: 17 seats (labeled 1-17),"climate-controlled lounge access, cushioned seating, in-seat wait service, private restrooms, bars, food/beverage stations. all seats receive shade during most late afternoon games.","HIGH - zone, rows, location and seat direction stated by the source"
329,Club Level (300s),Club Level,"""300 Level Seating"" between the lower and upper levels; part of premium seating on the 300 Level",0,behind home plate,1-5,1,"Stairway aisles run along both side edges of the section; rows are not split by a mid-row aisle, so seat numbers run continuously from one side aisle to the other. The entry portal is at row 1.","Facing the field, seat 1 is on your right. That puts seat 1 on the edge facing section 328, with seat numbers counting up toward the edge facing section 330. This section is behind home plate, so seat 1 is on its first-base side.",Row 1: 6; Row 2: 8; Row 3: 9; Row 4: 11; Row 5: 15,"access to climate-controlled lounge with food/beverage stations, bars, private restrooms, padded cushioned seating, in-seat wait service. all seats receive shade during most late afternoon games.","HIGH - zone, rows, location and seat direction stated by the source"
330,Club Level (300s),Club Level,"located on the 300 Level between the lower seating bowl and upper deck"" and ""closest to home plate and offer the best views on this level",0,behind home plate,"1; page states Club Level sections have ""just five rows of padded seating"" (explicit row range for this section UNKNOWN)",UNKNOWN,"Stairway aisles run along both side edges of the section; rows are not split by a mid-row aisle, so seat numbers run continuously from one side aisle to the other. The entry portal row is not published for this section.","Facing the field, seat 1 is on your right. That puts seat 1 on the edge facing section 329, with seat numbers counting up toward the edge facing section 334. This section is behind home plate, so seat 1 is on its first-base side.",not published,"access to climate-controlled lounge with food/beverage stations, additional seating, bars, private restrooms, padded seats, in-seat wait service for food and beverages. ""All seats in this section are shaded during most late afternoon games"". Recommended for impressing guests and great field views; ""Foul balls frequently reach the 300 Level, so fans in these sections should stay alert"". Fallback source aviewfrommyseat.com tags the section as ""club"" and ""behind home plate"" with ""club seat"" and ""wait service""; it documents a Row 1 photo but states no entrance row, seat direction, or seats per row.","HIGH - zone, rows, location and seat direction stated by the source"
334,Club Level (300s),Club Level,"located on the 300 Level between the lower seating bowl and upper deck"" and ""closest to home plate and offer the best views on this level",0,behind home plate,"1; page states Club Level sections have ""just five rows of padded seating"" (explicit row range for this section UNKNOWN)",UNKNOWN,"Stairway aisles run along both side edges of the section; rows are not split by a mid-row aisle, so seat numbers run continuously from one side aisle to the other. The entry portal row is not published for this section.","Facing the field, seat 1 is on your right. That puts seat 1 on the edge facing section 330, with seat numbers counting up toward the edge facing section 335. This section is behind home plate, so seat 1 is on its first-base side.",not published,"access to climate-controlled lounge with food/beverage stations, additional seating, bars, private restrooms, padded seating, in-seat wait service. seats are ""not covered"". Recommended for impressing guests and great field views; foul balls frequently reach this level. Fallback source aviewfrommyseat.com tags the section as ""club"" and documents a ""WCH"" row photo; it states no entrance row, seat direction, or seats per row.","HIGH - zone, rows, location and seat direction stated by the source"
335,Club Level (300s),Club Level,"""Club Level seats at Rate Field are located on the 300 Level between the lower seating bowl and upper deck"", with Section 335 noted as one of the sections closest to home plate",0,behind home plate,1-5,1,"Stairway aisles run along both side edges of the section; rows are not split by a mid-row aisle, so seat numbers run continuously from one side aisle to the other. The entry portal is at row 1.","Facing the field, seat 1 is on your right. That puts seat 1 on the edge facing section 334, with seat numbers counting up toward the edge facing section 336. This section is behind home plate, so seat 1 is on its first-base side.",Row 1: 6; Row 2: 8; Row 3: 9; Row 4: 11; Row 5: 15,"padded seating, in-seat wait service, climate-controlled lounge access, private restrooms, bars, and concession options. Only one aisle serves the section, which may inconvenience seats on the far right; foul balls frequently reach this level.","HIGH - zone, rows, location and seat direction stated by the source"
336,Club Level (300s),Club Level,"""300 Level Seating"" located as part of the club level between lower and upper levels",0,behind home plate,1-5,1,"Stairway aisles run along both side edges of the section; rows are not split by a mid-row aisle, so seat numbers run continuously from one side aisle to the other. The entry portal is at row 1.","Facing the field, seat 1 is on your right. That puts seat 1 on the edge facing section 335, with seat numbers counting up toward the edge facing section 338. This section is behind home plate, so seat 1 is on its first-base side.",Rows 1-4: 14 seats each (labeled 1-14); Row 5: 17 seats (labeled 1-17),"climate-controlled lounge, food/beverage stations, private restrooms, in-seat wait service, cushioned padded seats. Recommended for impressing guests and great field views; foul balls frequently reach this level.","HIGH - zone, rows, location and seat direction stated by the source"
338,Club Level (300s),Club Level,"""300 Level Seating"" located on the 300 Level between lower and upper seating areas",1,toward third base / left field,1-5,1,"Stairway aisles run along both side edges of the section; rows are not split by a mid-row aisle, so seat numbers run continuously from one side aisle to the other. The entry portal is at row 1.","Facing the field, seat 1 is on your right. That puts seat 1 on the edge facing section 336, with seat numbers counting up toward the edge facing section 340. Seat 1 is the end of the row closest to home plate, and higher seat numbers run away from home plate.",Rows 1-4: 16 seats each (labeled 1-16); Row 5: 20 seats (labeled 1-20),"access to climate-controlled lounge, in-seat food/beverage service, padded seating, private restrooms, bars, and additional seating areas. Described as ""Top Pick for Outstanding Convenience"", ""Top Pick for Impressing a Guest"", and ""Top Pick for Great Views of the Field"". Foul balls frequently reach this level.","HIGH - zone, rows, location and seat direction stated by the source"
340,Club Level (300s),Club Level,located on the 300 Level between the lower seating bowl and upper deck,2,toward third base / left field,1-5,1,"Stairway aisles run along both side edges of the section; rows are not split by a mid-row aisle, so seat numbers run continuously from one side aisle to the other. The entry portal is at row 1.","Facing the field, seat 1 is on your right. That puts seat 1 on the edge facing section 338, with seat numbers counting up toward the edge facing section 342. Seat 1 is the end of the row closest to home plate, and higher seat numbers run away from home plate.",Rows 1-4: 16 seats (labeled 1-16); Row 5: 20 seats (labeled 1-20),"padded seating, in-seat wait service, climate-controlled lounge access, private restrooms, bars, food and beverage stations. Row 1 has railing obstruction when seated back; rows 3+ recommended.","HIGH - zone, rows, location and seat direction stated by the source"
342,Club Level (300s),Club Level,not stated by the source,3,toward third base / left field,1-5,1,"Stairway aisles run along both side edges of the section; rows are not split by a mid-row aisle, so seat numbers run continuously from one side aisle to the other. The entry portal is at row 1.","Facing the field, seat 1 is on your right. That puts seat 1 on the edge facing section 340, with seat numbers counting up toward the edge facing section 344. Seat 1 is the end of the row closest to home plate, and higher seat numbers run away from home plate.",Rows 1-4: 16 seats (1-16); Row 5: 20 seats (1-20),,"MEDIUM - rows and zone confirmed, the source does not place this section"
344,Club Level (300s),Club Level,not stated by the source,4,toward third base / left field,1-5,1,"Stairway aisles run along both side edges of the section; rows are not split by a mid-row aisle, so seat numbers run continuously from one side aisle to the other. The entry portal is at row 1.","Facing the field, seat 1 is on your right. That puts seat 1 on the edge facing section 342, with seat numbers counting up toward the edge facing section 346. Seat 1 is the end of the row closest to home plate, and higher seat numbers run away from home plate.",Rows 1-4: 16 seats (1-16); Row 5: 20 seats (1-20),,"MEDIUM - rows and zone confirmed, the source does not place this section"
346,Club Level (300s),Club Level,"""300 Level Seating"" between lower and upper levels",5,toward third base / left field,1-5,1,"Stairway aisles run along both side edges of the section; rows are not split by a mid-row aisle, so seat numbers run continuously from one side aisle to the other. The entry portal is at row 1.","Facing the field, seat 1 is on your right. That puts seat 1 on the edge facing section 344, with seat numbers counting up toward the edge facing section 348. Seat 1 is the end of the row closest to home plate, and higher seat numbers run away from home plate.",Rows 1-4: 16 seats (1-16); Row 5: 20 seats (1-20),"front row aisle seats have a railing that blocks the sightline to home plate, requiring sitting straight up or hunching forward for an adequate view.","HIGH - zone, rows, location and seat direction stated by the source"
348,Club Level (300s),Club Level,"""300 Level Seating"" between lower and upper levels",6,toward third base / left field,1-5,1,"Stairway aisles run along both side edges of the section; rows are not split by a mid-row aisle, so seat numbers run continuously from one side aisle to the other. The entry portal is at row 1.","Facing the field, seat 1 is on your right. That puts seat 1 on the edge facing section 346, with seat numbers counting up toward the edge facing section 350. Seat 1 is the end of the row closest to home plate, and higher seat numbers run away from home plate.",Rows 1-4: 16 seats (1-16); Row 5: 20 seats (1-20),"Rows 1-5 ""recommended for outstanding convenience."" Seats are uncovered and padded; in-seat wait service available.","HIGH - zone, rows, location and seat direction stated by the source"
350,Club Level (300s),Club Level,"""300 Level Seating"" area; Club Level sections located between lower and upper levels",7,toward third base / left field,1-5,1,"Stairway aisles run along both side edges of the section; rows are not split by a mid-row aisle, so seat numbers run continuously from one side aisle to the other. The entry portal is at row 1.","Facing the field, seat 1 is on your right. That puts seat 1 on the edge facing section 348, with seat numbers counting up toward the edge facing section 352. Seat 1 is the end of the row closest to home plate, and higher seat numbers run away from home plate.",Rows 1-4: 16 seats (1-16); Row 5: 20 seats (1-20),,"HIGH - zone, rows, location and seat direction stated by the source"
352,Club Level (300s),Club Level,located on the 300 Level between the lower seating bowl and upper deck,8,toward third base / left field,1-5,1,"Stairway aisles run along both side edges of the section; rows are not split by a mid-row aisle, so seat numbers run continuously from one side aisle to the other. The entry portal is at row 1.","Facing the field, seat 1 is on your right. That puts seat 1 on the edge facing section 350, with seat numbers counting up toward the edge facing section 354. Seat 1 is the end of the row closest to home plate, and higher seat numbers run away from home plate.",Rows 1-4: 16 seats (1-16); Row 5: 20 seats (1-20),"""These seats are not covered.""","HIGH - zone, rows, location and seat direction stated by the source"
354,Club Level (300s),Club Level,Club Level seats at Rate Field are located on the 300 Level between the lower seating bowl and upper deck.,9,toward third base / left field,1-5,1,"Stairway aisles run along both side edges of the section; rows are not split by a mid-row aisle, so seat numbers run continuously from one side aisle to the other. The entry portal is at row 1.","Facing the field, seat 1 is on your right. That puts seat 1 on the edge facing section 352, with seat numbers counting up toward the edge facing section 356. Seat 1 is the end of the row closest to home plate, and higher seat numbers run away from home plate.",Rows 1-4: 18 seats (1-18); Row 5: 23 seats (1-23),,"HIGH - zone, rows, location and seat direction stated by the source"
356,Club Level (300s),Club Level,"Sections along the first-base side receive shade first, while Sections 356 and 357 on the third-base side are among the sunniest in the ballpark.",10,toward third base / left field,1-5,1,"Stairway aisles run along both side edges of the section; rows are not split by a mid-row aisle, so seat numbers run continuously from one side aisle to the other. The entry portal is at row 1.","Facing the field, seat 1 is on your right. That puts seat 1 on the edge facing section 354, with seat numbers counting up toward the edge facing section 357. Seat 1 is the end of the row closest to home plate, and higher seat numbers run away from home plate.",Row 1: 20 seats (1-20); Rows 2-4: 21 seats (1-21); Row 5: 25 seats (1-25),"extremely sunny; described as ""the sunniest club seats in the stadium."" Foul pole stated as not obstructive.","HIGH - zone, rows, location and seat direction stated by the source"
357,Club Level (300s),Club Level,"Sections begin at 311 down the right field line and extend to 357 down the left field line"" (300 Level); ""among the sunniest in the ballpark",11,toward third base / left field,1-5,1,"Stairway aisles run along both side edges of the section; rows are not split by a mid-row aisle, so seat numbers run continuously from one side aisle to the other. The entry portal is at row 1.","Facing the field, seat 1 is on your right. That puts seat 1 on the edge facing section 356, with seat numbers counting up toward the far edge of the section, with no further section beyond it on that side. Seat 1 is the end of the row closest to home plate, and higher seat numbers run away from home plate.",Rows 1-4: 6 seats (1-6); Row 5: 8 seats (1-8),seats are uncovered; among the sunniest in the ballpark. Padded seating with in-seat wait service. Foul balls frequently reach this level.,"HIGH - zone, rows, location and seat direction stated by the source"
506,Upper Level (500s),Upper Reserved,"Sections positioned farther down the lines and toward the corners of the upper deck, which places them farther from home plate than the nearby Upper Box sections",15,toward first base / right field,1-21,1,"Stairway aisles run along both side edges of the section; rows are not split by a mid-row aisle, so seat numbers run continuously from one side aisle to the other. The entry portal is at row 1.","Facing the field, seat 1 is on your right. That puts seat 1 on the far edge of the section, with no further section beyond it on that side, with seat numbers counting up toward the edge facing section 507. Seat 1 is the end of the row farthest from home plate, and higher seat numbers run back toward home plate.",Rows 1-3: 4 seats; Rows 4-6: 5 seats; Row 7: 8 seats; Rows 8-11: 9 seats; Rows 12-14: 10 seats; Rows 15-16: 9 seats; Row 17: 10 seats; Rows 18-20: 11 seats; Row 21: 12 seats,"""Rows 9 & Above - Covered."" upper deck described as steep, with significant stair climbing required.","HIGH - zone, rows, location and seat direction stated by the source"
507,Upper Level (500s),Upper Reserved,"Outermost sections of the 500 Level"" positioned ""farther down the lines and toward the corners of the upper deck",14,toward first base / right field,1-21,1,"Stairway aisles run along both side edges of the section; rows are not split by a mid-row aisle, so seat numbers run continuously from one side aisle to the other. The entry portal is at row 1.","Facing the field, seat 1 is on your right. That puts seat 1 on the edge facing section 506, with seat numbers counting up toward the edge facing section 508. Seat 1 is the end of the row farthest from home plate, and higher seat numbers run back toward home plate.",Rows 1-4: 8 seats; Rows 5-6: 10 seats; Rows 7-10: 16 seats; Rows 11-14: 18 seats; Rows 15-17: 19 seats; Rows 18-19: 20 seats; Rows 20-21: 22 seats,"rows 9 and above are covered / under the overhang. upper deck is steep with significant stairs to navigate; views described as ""very high above the field."" Rows 1-5 recommended for convenience.","HIGH - zone, rows, location and seat direction stated by the source"
508,Upper Level (500s),Upper Reserved,"Sections 506-508 and 556-558, which sit in the far corners of the upper deck",13,toward first base / right field,1-21,1,"Stairway aisles run along both side edges of the section; rows are not split by a mid-row aisle, so seat numbers run continuously from one side aisle to the other. The entry portal is at row 1.","Facing the field, seat 1 is on your right. That puts seat 1 on the edge facing section 507, with seat numbers counting up toward the edge facing section 509. Seat 1 is the end of the row farthest from home plate, and higher seat numbers run back toward home plate.",Rows 1-4: 8 seats; Rows 5-6: 10 seats; Rows 7-10: 16 seats; Rows 11-14: 18 seats; Rows 15-17: 19 seats; Rows 18-19: 20 seats; Rows 20-21: 22 seats,"""Rows 9 & Above - Covered."" ""Steep Upper Deck: Upper Reserved seats are located high on the 500 Level and require climbing some of the steepest stairs in the ballpark."" Rows 1-5 recommended for convenience.","HIGH - zone, rows, location and seat direction stated by the source"
509,Upper Level (500s),Upper Reserved,"Outermost sections of the 500 Level"" positioned ""farther down the lines and toward the corners of the upper deck",12,toward first base / right field,1-21,1,"Stairway aisles run along both side edges of the section; rows are not split by a mid-row aisle, so seat numbers run continuously from one side aisle to the other. The entry portal is at row 1.","Facing the field, seat 1 is on your right. That puts seat 1 on the edge facing section 508, with seat numbers counting up toward the edge facing section 510. Seat 1 is the end of the row farthest from home plate, and higher seat numbers run back toward home plate.",Rows 1-4: 8 seats; Rows 5-6: 10 seats; Rows 7-10: 16 seats; Rows 11-14: 18 seats; Rows 15-17: 19 seats; Rows 18-19: 20 seats; Rows 20-21: 22 seats,"""Rows 9 and above are under cover."" ""steep upper deck"" with ""some of the steepest stairs in the ballpark.""","HIGH - zone, rows, location and seat direction stated by the source"
510,Upper Level (500s),Upper Reserved,"Outermost sections of the 500 Level"" positioned ""farther down the lines and toward the corners of the upper deck",11,toward first base / right field,1-21,1,"Stairway aisles run along both side edges of the section; rows are not split by a mid-row aisle, so seat numbers run continuously from one side aisle to the other. The entry portal is at row 1.","Facing the field, seat 1 is on your right. That puts seat 1 on the edge facing section 509, with seat numbers counting up toward the edge facing section 512. Seat 1 is the end of the row farthest from home plate, and higher seat numbers run back toward home plate.",Rows 1-4: 8 seats; Rows 5-6: 10 seats; Rows 7-10: 16 seats; Rows 11-14: 18 seats; Rows 15-19: 20 seats; Rows 20-21: 22 seats,"rows 9 and above are covered. Upper Reserved sections feature ""steep stairs"" and a ""fairly steep"" seating bowl.","HIGH - zone, rows, location and seat direction stated by the source"
512,Upper Level (500s),Upper Reserved,"Upper Reserved seating includes the outermost sections of the 500 Level, including 506-520 and 544-558. These sections are positioned farther down the lines and toward the corners of the upper deck.",10,toward first base / right field,1-21,1,"Stairway aisles run along both side edges of the section; rows are not split by a mid-row aisle, so seat numbers run continuously from one side aisle to the other. The entry portal is at row 1.","Facing the field, seat 1 is on your right. That puts seat 1 on the edge facing section 510, with seat numbers counting up toward the edge facing section 514. Seat 1 is the end of the row farthest from home plate, and higher seat numbers run back toward home plate.",Rows 1-6: 15 seats (1-15); Rows 7-14: 22 seats (1-22); Rows 15-17: 21 seats (1-21); Rows 18-21: 22 seats (1-22),"""Rows 9 and above are under cover."" ""The seating bowl is fairly steep, and rows extend high above the concourse.""","HIGH - zone, rows, location and seat direction stated by the source"
514,Upper Level (500s),Upper Reserved,not stated by the source,9,toward first base / right field,"WCH, 4-21",WCH,"Stairway aisles run along both side edges of the section; rows are not split by a mid-row aisle, so seat numbers run continuously from one side aisle to the other. The entry portal is at row WCH.","Facing the field, seat 1 is on your right. That puts seat 1 on the edge facing section 512, with seat numbers counting up toward the edge facing section 516. Seat 1 is the end of the row farthest from home plate, and higher seat numbers run back toward home plate.",Row WCH: 10 seats (1-10); Rows 4-6: 16 seats (1-16); Rows 7-14: 22 seats (1-22); Rows 15-17: 21 seats (1-21); Rows 18-20: 22 seats (1-22); Row 21: 19 seats (1-19),"a wheelchair row labeled WCH is listed as the first row of this section. ""Rows 9 and above are under cover."" ""Rows 1-5 are recommended for outstanding convenience.""","MEDIUM - rows and zone confirmed, the source does not place this section"
516,Upper Level (500s),Upper Reserved,"Sections positioned farther down the lines and toward the corners of the upper deck, which places them farther from home plate than the nearby Upper Box sections""; AViewFromMySeat places it ""along the 1st base line",8,toward first base / right field,6-21,1,"Stairway aisles run along both side edges of the section; rows are not split by a mid-row aisle, so seat numbers run continuously from one side aisle to the other. The entry portal is at row 1.","Facing the field, seat 1 is on your right. That puts seat 1 on the edge facing section 514, with seat numbers counting up toward the edge facing section 518. Seat 1 is the end of the row farthest from home plate, and higher seat numbers run back toward home plate.",not published,"rows 9 and above are covered; AViewFromMySeat tags seats as ""can be in the shade during a day game."" ""steep upper deck"" requiring navigation of ""a significant number of stairs."" ""has extra leg room"" and ""is a folding chair."" the stated row range (6-21) conflicts with the stated entrance row (Row 1).","HIGH - zone, rows, location and seat direction stated by the source"
518,Upper Level (500s),Upper Reserved,"Sections 516-520 and 544-548 offer similar views to Upper Box seats at a lower price"" and ""stand out as one of the better areas"" for ""excellent views of the fireworks shows after select games",7,toward first base / right field,"WCH, 4-21",WCH,"Stairway aisles run along both side edges of the section; rows are not split by a mid-row aisle, so seat numbers run continuously from one side aisle to the other. The entry portal is at row WCH.","Facing the field, seat 1 is on your right. That puts seat 1 on the edge facing section 516, with seat numbers counting up toward the edge facing section 520. Seat 1 is the end of the row farthest from home plate, and higher seat numbers run back toward home plate.",Row WCH: 10 seats (1-10); Rows 4-6: 16 seats (1-16); Rows 7-14: 22 seats (1-22); Rows 15-17: 21 seats (1-21); Rows 18-21: 22 seats (1-22),"row WCH is listed as the wheelchair accessible row. ""Rows 9 & Above - Covered."" ""Rows 1-5 are recommended for outstanding convenience""; ""Rows 1-7 are recommended for kids and family."" a fan review mentions a ""constant line of people going up and down the isle blocked home plate."" not stated for this section specifically.","HIGH - zone, rows, location and seat direction stated by the source"
520,Upper Level (500s),Upper Reserved,"Outermost sections of the 500 Level"" and ""positioned farther down the lines and toward the corners of the upper deck",6,toward first base / right field,1-21,1,"Stairway aisles run along both side edges of the section; rows are not split by a mid-row aisle, so seat numbers run continuously from one side aisle to the other. The entry portal is at row 1.","Facing the field, seat 1 is on your right. That puts seat 1 on the edge facing section 518, with seat numbers counting up toward the edge facing section 522. Seat 1 is the end of the row farthest from home plate, and higher seat numbers run back toward home plate.",Rows 1-6: 15 seats (1-15); Rows 7-14: 22 seats (1-22); Rows 15-17: 21 seats (1-21); Rows 18-21: 22 seats (1-22),"rows 9 and above are covered. ""Steep Upper Deck"" requiring navigation of ""a significant number of stairs."" Rows 1-7 recommended for kids/families. Excellent views of postgame fireworks shows.","HIGH - zone, rows, location and seat direction stated by the source"
522,Upper Level (500s),Upper Box,Upper Box seats sit behind home plate and along the infield on the 500 Level,5,toward first base / right field,1-21,1,"Stairway aisles run along both side edges of the section; rows are not split by a mid-row aisle, so seat numbers run continuously from one side aisle to the other. The entry portal is at row 1.","Facing the field, seat 1 is on your right. That puts seat 1 on the edge facing section 520, with seat numbers counting up toward the edge facing section 524. Seat 1 is the end of the row farthest from home plate, and higher seat numbers run back toward home plate.",Rows 1-6: 15 seats; Rows 7-14: 22 seats; Rows 15-17: 21 seats; Rows 18-21: 22 seats,"""Steep Seating Area: These seats are located high above the field with steeper stairs than other levels."" rows 9 and above are under cover. Rows 1-7 recommended for kids and families; sections 522-524 noted for fireworks views.","HIGH - zone, rows, location and seat direction stated by the source"
524,Upper Level (500s),Upper Box Seats,Upper Box seating includes sections 522-544 on the White Sox seating chart and is located on the 500 Level behind home plate and along the infield.,4,toward first base / right field,"WCH, 4-21",WCH,"Stairway aisles run along both side edges of the section; rows are not split by a mid-row aisle, so seat numbers run continuously from one side aisle to the other. The entry portal is at row WCH.","Facing the field, seat 1 is on your right. That puts seat 1 on the edge facing section 522, with seat numbers counting up toward the edge facing section 526. Seat 1 is the end of the row farthest from home plate, and higher seat numbers run back toward home plate.",Row WCH: 5 seats (labeled 1-5); Rows 4-6: 15 seats (labeled 1-15); Rows 7-14: 22 seats (labeled 1-22); Rows 15-17: 21 seats (labeled 1-21); Rows 18-21: 22 seats (labeled 1-22),"""Steep Seating Area: These seats are located high above the field with steeper stairs than other levels."" ""Rows 9 & Above - Covered"". ""Rows 1-7 are recommended for kids and family"". A row labeled ""WCH"" is listed with 5 seats.","HIGH - zone, rows, location and seat direction stated by the source"
526,Upper Level (500s),Upper Box Seats,Upper Box seating includes sections 522-544 on the White Sox seating chart and is located on the 500 Level behind home plate and along the infield.,3,toward first base / right field,1-21,1,"Stairway aisles run along both side edges of the section; rows are not split by a mid-row aisle, so seat numbers run continuously from one side aisle to the other. The entry portal is at row 1.","Facing the field, seat 1 is on your right. That puts seat 1 on the edge facing section 524, with seat numbers counting up toward the edge facing section 527. Seat 1 is the end of the row farthest from home plate, and higher seat numbers run back toward home plate.",Rows 1-6: 16 seats (labeled 1-16); Rows 7-14: 22 seats (labeled 1-22); Rows 15-17: 21 seats (labeled 1-21); Rows 18-21: 22 seats (labeled 1-22),"""Rows 9 and above are under cover"". ""Steep Seating Area: These seats are located high above the field with steeper stairs than other levels.""","HIGH - zone, rows, location and seat direction stated by the source"
527,Upper Level (500s),Upper Box Seats,Upper Box seating includes sections 522-544 on the White Sox seating chart and is located on the 500 Level behind home plate and along the infield.,2,toward first base / right field,1-21,1,"Stairway aisles run along both side edges of the section; rows are not split by a mid-row aisle, so seat numbers run continuously from one side aisle to the other. The entry portal is at row 1.","Facing the field, seat 1 is on your right. That puts seat 1 on the edge facing section 526, with seat numbers counting up toward the edge facing section 528. Seat 1 is the end of the row farthest from home plate, and higher seat numbers run back toward home plate.",Rows 1-6: 16 seats (labeled 1-16); Rows 7-14: 22 seats (labeled 1-22); Row 15: 20 seats (labeled 1-20); Row 16: 19 seats (labeled 1-19); Row 17: 20 seats (labeled 1-20); Rows 18-21: 22 seats (labeled 1-22),"""Steep Seating Area: These seats are located high above the field with steeper stairs than other levels."" ""Rows 9 & Above - Covered"". ""Rows 1-5 are recommended for outstanding convenience"".","HIGH - zone, rows, location and seat direction stated by the source"
528,Upper Level (500s),Upper Box Seats,Upper Box seating includes sections 522-544 on the White Sox seating chart and is located on the 500 Level behind home plate and along the infield.,1,toward first base / right field,1-21,1,"Stairway aisles run along both side edges of the section; rows are not split by a mid-row aisle, so seat numbers run continuously from one side aisle to the other. The entry portal is at row 1.","Facing the field, seat 1 is on your right. That puts seat 1 on the edge facing section 527, with seat numbers counting up toward the edge facing section 529. Seat 1 is the end of the row farthest from home plate, and higher seat numbers run back toward home plate.",Rows 1-2: 8 seats; Rows 3-6: 10 seats; Rows 7-8: 16 seats; Rows 9-14: 18 seats; Rows 15-17: 19 seats; Rows 18-19: 20 seats; Rows 20-21: 22 seats,"""Steep Seating Area"" and ""steep stairs"". ""Rows 9 & Above - Covered"". rows 1-5 recommended for ""outstanding convenience"".","HIGH - zone, rows, location and seat direction stated by the source"
529,Upper Level (500s),Upper Box Seats,Upper Box seating includes sections 522-544 on the White Sox seating chart and is located on the 500 Level behind home plate and along the infield.,0,behind home plate,1-21,1,"Stairway aisles run along both side edges of the section; rows are not split by a mid-row aisle, so seat numbers run continuously from one side aisle to the other. The entry portal is at row 1.","Facing the field, seat 1 is on your right. That puts seat 1 on the edge facing section 528, with seat numbers counting up toward the edge facing section 530. This section is behind home plate, so seat 1 is on its first-base side.",Rows 1-2: 8 seats (labeled 1-8); Rows 3-6: 10 seats (labeled 1-10); Rows 7-8: 16 seats (labeled 1-16); Rows 9-14: 18 seats (labeled 1-18); Rows 15-17: 19 seats (labeled 1-19); Rows 18-19: 20 seats (labeled 1-20); Rows 20-21: 22 seats (labeled 1-22),"""The first few rows of the section can be obstructed by the railing"". ""steep walkways"" and ""steep stairs"" noted for higher rows. ""Rows 9 & Above - Covered""; ""Rows 9 and above are under cover"". ""Rows 2-5 are recommended for great views of the field"".","HIGH - zone, rows, location and seat direction stated by the source"
530,Upper Level (500s),Upper Box Seats,Upper Box seating includes sections 522-544 on the White Sox seating chart and is located on the 500 Level behind home plate and along the infield.,0,behind home plate,1-21,1,"Stairway aisles run along both side edges of the section; rows are not split by a mid-row aisle, so seat numbers run continuously from one side aisle to the other. The entry portal is at row 1.","Facing the field, seat 1 is on your right. That puts seat 1 on the edge facing section 529, with seat numbers counting up toward the edge facing section 531. This section is behind home plate, so seat 1 is on its first-base side.",Rows 1-2: 8 seats (labeled 1-8); Rows 3-6: 10 seats (labeled 1-10); Rows 7-8: 16 seats (labeled 1-16); Rows 9-14: 18 seats (labeled 1-18); Rows 15-17: 19 seats (labeled 1-19); Rows 18-19: 20 seats (labeled 1-20); Rows 20-21: 22 seats (labeled 1-22),"""Rows 9 & Above - Covered""; ""Rows 9 and above are under cover"". ""steep stairs"" and ""steep walkways"".","HIGH - zone, rows, location and seat direction stated by the source"
531,Upper Level (500s),Upper Box Seats,"Upper Box seating includes sections 522-544 on the White Sox seating chart and is located on the 500 Level behind home plate and along the infield."" Also described as providing a ""Home Plate View.",0,behind home plate,1-21,1,"Stairway aisles run along both side edges of the section; rows are not split by a mid-row aisle, so seat numbers run continuously from one side aisle to the other. The entry portal is at row 1.","Facing the field, seat 1 is on your right. That puts seat 1 on the edge facing section 530, with seat numbers counting up toward the edge facing section 533. This section is behind home plate, so seat 1 is on its first-base side.",Rows 1-2: 8 seats (labeled 1-8); Rows 3-6: 10 seats (labeled 1-10); Rows 7-8: 16 seats (labeled 1-16); Rows 9-14: 18 seats (labeled 1-18); Rows 15-17: 19 seats (labeled 1-19); Rows 18-19: 20 seats (labeled 1-20); Rows 20-21: 22 seats (labeled 1-22),"""Steep Seating Area"" with ""steep walkways"". ""Rows 9 & Above - Covered"". ""Rows 2-5 are recommended for great views of the field"".","HIGH - zone, rows, location and seat direction stated by the source"
533,Upper Level (500s),Upper Box Seats,Upper Box seating includes sections 522-544 on the White Sox seating chart and is located on the 500 Level behind home plate and along the infield.,0,behind home plate,1-21,1,"Stairway aisles run along both side edges of the section; rows are not split by a mid-row aisle, so seat numbers run continuously from one side aisle to the other. The entry portal is at row 1.","Facing the field, seat 1 is on your right. That puts seat 1 on the edge facing section 531, with seat numbers counting up toward the edge facing section 534. This section is behind home plate, so seat 1 is on its first-base side.",Rows 1-2: 8 seats; Rows 3-6: 10 seats; Rows 7-8: 16 seats; Rows 9-14: 18 seats; Rows 15-17: 19 seats; Rows 18-19: 20 seats; Rows 20-21: 22 seats,"""Steep Seating Area"" and ""steep stairs""; ""steep steps"" noted for higher rows. ""Rows 9 & Above - Covered"". ""Rows 2-5 are recommended for great views"".","HIGH - zone, rows, location and seat direction stated by the source"
534,Upper Level (500s),Upper Box Seats,Upper Box seating includes sections 522-544 on the White Sox seating chart and is located on the 500 Level behind home plate and along the infield.,0,behind home plate,1-21,1,"Stairway aisles run along both side edges of the section; rows are not split by a mid-row aisle, so seat numbers run continuously from one side aisle to the other. The entry portal is at row 1.","Facing the field, seat 1 is on your right. That puts seat 1 on the edge facing section 533, with seat numbers counting up toward the edge facing section 535. This section is behind home plate, so seat 1 is on its first-base side.",Rows 1-2: 8 seats (labeled 1-8); Rows 3-6: 10 seats (labeled 1-10); Rows 7-8: 16 seats (labeled 1-16); Rows 9-14: 18 seats (labeled 1-18); Rows 15-17: 19 seats (labeled 1-19); Rows 18-19: 20 seats (labeled 1-20); Rows 20-21: 22 seats (labeled 1-22),"""The first few rows in this section may have an issue with the railing"". ""steep walkways"", ""steep stairs"", ""steep steps"". ""Rows 9 & Above - Covered""; ""Rows 9 and above are under cover"".","HIGH - zone, rows, location and seat direction stated by the source"
535,Upper Level (500s),Upper Box Seats,Upper Box seating includes sections 522-544 on the White Sox seating chart and is located on the 500 Level behind home plate and along the infield.,0,behind home plate,1-21,1,"Stairway aisles run along both side edges of the section; rows are not split by a mid-row aisle, so seat numbers run continuously from one side aisle to the other. The entry portal is at row 1.","Facing the field, seat 1 is on your right. That puts seat 1 on the edge facing section 534, with seat numbers counting up toward the edge facing section 536. This section is behind home plate, so seat 1 is on its first-base side.",Rows 1-2: 8 seats (labeled 1-8); Rows 3-6: 10 seats (labeled 1-10); Rows 7-8: 16 seats (labeled 1-16); Rows 9-14: 18 seats (labeled 1-18); Rows 15-17: 19 seats (labeled 1-19); Rows 18-19: 20 seats (labeled 1-20); Rows 20-21: 22 seats (labeled 1-22),"""Rows 9 and above are under cover""; ""Rows 9 & Above - Covered"". ""the upper level sits high above the field with steep walkways"".","HIGH - zone, rows, location and seat direction stated by the source"
536,Upper Level (500s),Upper Box Seats,Upper Box seating includes sections 522-544 on the White Sox seating chart and is located on the 500 Level behind home plate and along the infield.,1,toward third base / left field,1-21,1,"Stairway aisles run along both side edges of the section; rows are not split by a mid-row aisle, so seat numbers run continuously from one side aisle to the other. The entry portal is at row 1.","Facing the field, seat 1 is on your right. That puts seat 1 on the edge facing section 535, with seat numbers counting up toward the edge facing section 537. Seat 1 is the end of the row closest to home plate, and higher seat numbers run away from home plate.",Rows 1-2: 8 seats (labeled 1-8); Rows 3-6: 10 seats (labeled 1-10); Rows 7-8: 16 seats (labeled 1-16); Rows 9-14: 18 seats (labeled 1-18); Rows 15-17: 19 seats (labeled 1-19); Rows 18-19: 20 seats (labeled 1-20); Rows 20-21: 22 seats (labeled 1-22),"""Rows 9 & Above - Covered"". ""Rows 1-5 are recommended for outstanding convenience"". steep ""stairs can be burdensome if you're going up and down a lot"".","HIGH - zone, rows, location and seat direction stated by the source"
537,Upper Level (500s),Upper Box Seats,Upper Box seating includes sections 522-544 on the White Sox seating chart and is located on the 500 Level behind home plate and along the infield.,2,toward third base / left field,1-21,1,"Stairway aisles run along both side edges of the section; rows are not split by a mid-row aisle, so seat numbers run continuously from one side aisle to the other. The entry portal is at row 1.","Facing the field, seat 1 is on your right. That puts seat 1 on the edge facing section 536, with seat numbers counting up toward the edge facing section 538. Seat 1 is the end of the row closest to home plate, and higher seat numbers run away from home plate.",Rows 1-6: 16 seats (labeled 1-16); Rows 7-14: 22 seats (labeled 1-22); Rows 15-17: 21 seats (labeled 1-21); Rows 18-21: 22 seats (labeled 1-22),"""Steep Seating Area"" with ""steeper stairs than other levels"" and ""steep walkways"". ""Rows 9 and above are under cover"".","HIGH - zone, rows, location and seat direction stated by the source"
538,Upper Level (500s),Upper Box Seats,Upper Box seating includes sections 522-544 on the White Sox seating chart and is located on the 500 Level behind home plate and along the infield.,3,toward third base / left field,1-21,1,"Stairway aisles run along both side edges of the section; rows are not split by a mid-row aisle, so seat numbers run continuously from one side aisle to the other. The entry portal is at row 1.","Facing the field, seat 1 is on your right. That puts seat 1 on the edge facing section 537, with seat numbers counting up toward the edge facing section 540. Seat 1 is the end of the row closest to home plate, and higher seat numbers run away from home plate.",Rows 1-6: 16 seats (labeled 1-16); Rows 7-14: 22 seats (labeled 1-22); Rows 15-17: 21 seats (labeled 1-21); Rows 18-21: 22 seats (labeled 1-22),"""Rows 9 and above are under cover"". ""steep walkways"" and ""steeper stairs than other levels""; ""seats higher in the section can feel quite elevated"".","HIGH - zone, rows, location and seat direction stated by the source"
540,Upper Level (500s),Upper Box Seats,Upper Box seating includes sections 522-544 on the White Sox seating chart and is located on the 500 Level behind home plate and along the infield.,4,toward third base / left field,"WCH, 4-21",WCH,"Stairway aisles run along both side edges of the section; rows are not split by a mid-row aisle, so seat numbers run continuously from one side aisle to the other. The entry portal is at row WCH.","Facing the field, seat 1 is on your right. That puts seat 1 on the edge facing section 538, with seat numbers counting up toward the edge facing section 542. Seat 1 is the end of the row closest to home plate, and higher seat numbers run away from home plate.",Row WCH: 5 seats (labeled 1-5); Rows 4-6: 15 seats (labeled 1-15); Rows 7-14: 22 seats (labeled 1-22); Rows 15-17: 21 seats (labeled 1-21); Rows 18-21: 22 seats (labeled 1-22),"""Rows 9 & Above - Covered"". ""steep stairways"" and ""steep walkways""; ""higher rows may find themselves wishing they chose seats closer"". A row labeled ""WCH"" is listed with 5 seats.","HIGH - zone, rows, location and seat direction stated by the source"
542,Upper Level (500s),Upper Box Seats,Upper Box seating includes sections 522-544 on the White Sox seating chart and is located on the 500 Level behind home plate and along the infield.,5,toward third base / left field,1-21,1,"Stairway aisles run along both side edges of the section; rows are not split by a mid-row aisle, so seat numbers run continuously from one side aisle to the other. The entry portal is at row 1.","Facing the field, seat 1 is on your right. That puts seat 1 on the edge facing section 540, with seat numbers counting up toward the edge facing section 544. Seat 1 is the end of the row closest to home plate, and higher seat numbers run away from home plate.",Rows 1-6: 15 seats (labeled 1-15); Rows 7-14: 22 seats (labeled 1-22); Rows 15-17: 21 seats (labeled 1-21); Rows 18-21: 22 seats (labeled 1-22),"""Steep Seating Area: These seats are located high above the field with steeper stairs than other levels."" ""Rows 9 and above are under cover"".","HIGH - zone, rows, location and seat direction stated by the source"
544,Upper Level (500s),Upper Reserved,"Upper Reserved seating includes the outermost sections of the 500 Level, including 506-520 and 544-558."" ""Sections 516-520 and 544-548 sit closest to the infield edges of the Upper Reserved area.",6,toward third base / left field,1-21,1,"Stairway aisles run along both side edges of the section; rows are not split by a mid-row aisle, so seat numbers run continuously from one side aisle to the other. The entry portal is at row 1.","Facing the field, seat 1 is on your right. That puts seat 1 on the edge facing section 542, with seat numbers counting up toward the edge facing section 546. Seat 1 is the end of the row closest to home plate, and higher seat numbers run away from home plate.",Rows 1-6: 15 seats (labeled 1-15); Rows 7-14: 22 seats (labeled 1-22); Rows 15-17: 21 seats (labeled 1-21); Rows 18-21: 22 seats (labeled 1-22),"""Aisle seats nearest home plate (Seat 1 on the 3B side) in the first two rows have a view that is almost completely obstructed by the railing."" ""There's no chance at shade for an afternoon game in these seats""; ""Rows 9 and above are under cover"".","HIGH - zone, rows, location and seat direction stated by the source"
546,Upper Level (500s),Upper Reserved,"Upper Reserved seating includes the outermost sections of the 500 Level, including 506-520 and 544-558. These sections are positioned farther down the lines and toward the corners of the upper deck.",7,toward third base / left field,"WCH, 4-21",WCH,"Stairway aisles run along both side edges of the section; rows are not split by a mid-row aisle, so seat numbers run continuously from one side aisle to the other. The entry portal is at row WCH.","Facing the field, seat 1 is on your right. That puts seat 1 on the edge facing section 544, with seat numbers counting up toward the edge facing section 548. Seat 1 is the end of the row closest to home plate, and higher seat numbers run away from home plate.",Row WCH: 10 seats (labeled 1-10); Rows 4-6: 16 seats (labeled 1-16); Rows 7-14: 22 seats (labeled 1-22); Rows 15-17: 21 seats (labeled 1-21); Rows 18-20: 22 seats (labeled 1-22); Row 21: 19 seats (labeled 1-19),"Steep seating noted. ""Rows 9 and above are under cover"". ""Rows 1-5 are recommended for outstanding convenience"". A row labeled ""WCH"" is listed with 10 seats.","HIGH - zone, rows, location and seat direction stated by the source"
548,Upper Level (500s),Upper Reserved,"Upper Reserved seating includes the outermost sections of the 500 Level, including 506-520 and 544-558. These sections are positioned farther down the lines and toward the corners of the upper deck.",8,toward third base / left field,6-21,1,"Stairway aisles run along both side edges of the section; rows are not split by a mid-row aisle, so seat numbers run continuously from one side aisle to the other. The entry portal is at row 1.","Facing the field, seat 1 is on your right. That puts seat 1 on the edge facing section 546, with seat numbers counting up toward the edge facing section 550. Seat 1 is the end of the row closest to home plate, and higher seat numbers run away from home plate.",not published,"""Upper Reserved seats are located high on the 500 Level and require climbing some of the steepest stairs in the ballpark.""; ""The seating bowl is fairly steep, and rows extend high above the concourse."" ""Rows 9 & Above - Covered"".","HIGH - zone, rows, location and seat direction stated by the source"
550,Upper Level (500s),Upper Reserved,"Upper Reserved seating includes the outermost sections of the 500 Level, including 506-520 and 544-558.",9,toward third base / left field,"WCH, 4-21",WCH,"Stairway aisles run along both side edges of the section; rows are not split by a mid-row aisle, so seat numbers run continuously from one side aisle to the other. The entry portal is at row WCH.","Facing the field, seat 1 is on your right. That puts seat 1 on the edge facing section 548, with seat numbers counting up toward the edge facing section 552. Seat 1 is the end of the row closest to home plate, and higher seat numbers run away from home plate.",Row WCH: 10 seats (labeled 1-10); Rows 4-6: 16 seats (labeled 1-16); Rows 7-14: 22 seats (labeled 1-22); Rows 15-17: 21 seats (labeled 1-21); Rows 18-21: 22 seats (labeled 1-22),"""Rows 9 & Above - Covered"". ""Rows 1-5 are recommended for outstanding convenience"". steep stairs noted; high vantage point above field. A row labeled ""WCH"" is listed with 10 seats.","HIGH - zone, rows, location and seat direction stated by the source"
552,Upper Level (500s),Upper Reserved,"Upper Reserved seating includes the outermost sections of the 500 Level, including 506-520 and 544-558. These sections are positioned farther down the lines and toward the corners of the upper deck, which places them farther from home plate than the nearby Upper Box sections (522-542) located behind the infield.",10,toward third base / left field,1-21,1,"Stairway aisles run along both side edges of the section; rows are not split by a mid-row aisle, so seat numbers run continuously from one side aisle to the other. The entry portal is at row 1.","Facing the field, seat 1 is on your right. That puts seat 1 on the edge facing section 550, with seat numbers counting up toward the edge facing section 554. Seat 1 is the end of the row closest to home plate, and higher seat numbers run away from home plate.",Rows 1-6: 15 seats (labeled 1-15); Rows 7-14: 22 seats (labeled 1-22); Rows 15-17: 21 seats (labeled 1-21); Rows 18-21: 22 seats (labeled 1-22),"""Rows 9 and above are under cover"". ""Upper Reserved seats are located high on the 500 Level and require climbing some of the steepest stairs in the ballpark.""","HIGH - zone, rows, location and seat direction stated by the source"
554,Upper Level (500s),Upper Reserved,"""Upper Reserved seating includes the outermost sections of the 500 Level"", down the left field line",11,toward third base / left field,1-21,1,"Stairway aisles run along both side edges of the section; rows are not split by a mid-row aisle, so seat numbers run continuously from one side aisle to the other. The entry portal is at row 1.","Facing the field, seat 1 is on your right. That puts seat 1 on the edge facing section 552, with seat numbers counting up toward the edge facing section 555. Seat 1 is the end of the row closest to home plate, and higher seat numbers run away from home plate.",Rows 1-4 have 8 seats labeled 1-8; Rows 5-6 have 10 seats labeled 1-10; Rows 7-10 have 16 seats labeled 1-16; Rows 11-14 have 18 seats labeled 1-18; Row 15 has 19 seats labeled 1-19; Rows 16-17 have 18 seats labeled 2-19; Rows 18-19 have 20 seats labeled 1-20; Rows 20-21 have 22 seats labeled 1-22,Rows 9 and above are covered. Requires climbing some of the steepest stairs in the ballpark.,"HIGH - zone, rows, location and seat direction stated by the source"
555,Upper Level (500s),Upper Reserved,"outermost sections of the 500 Level"", ""farther down the lines and toward the corners of the upper deck",12,toward third base / left field,1-21,1,"Stairway aisles run along both side edges of the section; rows are not split by a mid-row aisle, so seat numbers run continuously from one side aisle to the other. The entry portal is at row 1.","Facing the field, seat 1 is on your right. That puts seat 1 on the edge facing section 554, with seat numbers counting up toward the edge facing section 556. Seat 1 is the end of the row closest to home plate, and higher seat numbers run away from home plate.",Rows 1-4 have 8 seats labeled 1-8; Rows 5-6 have 10 seats labeled 1-10; Rows 7-10 have 16 seats labeled 1-16; Rows 11-14 have 18 seats labeled 1-18; Rows 15-16 have 18 seats labeled 2-19; Row 17 has 19 seats labeled 1-19; Rows 18-19 have 20 seats labeled 1-20; Rows 20-21 have 22 seats labeled 1-22,"Rows 9 and above are covered. Steep stairs required to reach higher rows; Rows 1-5 noted for ""outstanding convenience"".","HIGH - zone, rows, location and seat direction stated by the source"
556,Upper Level (500s),Upper Reserved,"outermost sections of the 500 Level"", ""farther down the lines and toward the corners of the upper deck",13,toward third base / left field,1-21,1,"Stairway aisles run along both side edges of the section; rows are not split by a mid-row aisle, so seat numbers run continuously from one side aisle to the other. The entry portal is at row 1.","Facing the field, seat 1 is on your right. That puts seat 1 on the edge facing section 555, with seat numbers counting up toward the edge facing section 557. Seat 1 is the end of the row closest to home plate, and higher seat numbers run away from home plate.",Rows 1-4 have 8 seats labeled 1-8; Rows 5-6 have 10 seats labeled 1-10; Rows 7-10 have 16 seats labeled 1-16; Rows 11-14 have 18 seats labeled 1-18; Rows 15-17 have 18 seats labeled 2-19; Rows 18-19 have 20 seats labeled 1-20; Rows 20-21 have 22 seats labeled 1-22,"Rows 9 and above are covered. Steep stairs required for upper rows; Rows 1-5 noted for ""outstanding convenience"".","HIGH - zone, rows, location and seat direction stated by the source"
557,Upper Level (500s),Upper Reserved,"outermost sections of the 500 Level"", ""farther down the lines and toward the corners of the upper deck",14,toward third base / left field,1-21,1,"Stairway aisles run along both side edges of the section; rows are not split by a mid-row aisle, so seat numbers run continuously from one side aisle to the other. The entry portal is at row 1.","Facing the field, seat 1 is on your right. That puts seat 1 on the edge facing section 556, with seat numbers counting up toward the edge facing section 558. Seat 1 is the end of the row closest to home plate, and higher seat numbers run away from home plate.",Rows 1-4 have 8 seats labeled 1-8; Rows 5-6 have 10 seats labeled 1-10; Rows 7-10 have 16 seats labeled 1-16; Rows 11-14 have 18 seats labeled 1-18; Rows 15-17 have 18 seats labeled 2-19; Rows 18-19 have 20 seats labeled 1-20; Rows 20-21 have 22 seats labeled 1-22,"""Rows 9 & Above - Covered"". Steep stairs required for upper rows; Rows 1-5 noted for ""outstanding convenience"".","HIGH - zone, rows, location and seat direction stated by the source"
558,Upper Level (500s),Upper Reserved,"""outermost sections of the 500 Level"", ""farther down the lines and toward the corners"" on the left field line",15,toward third base / left field,1-21,1,"Stairway aisles run along both side edges of the section; rows are not split by a mid-row aisle, so seat numbers run continuously from one side aisle to the other. The entry portal is at row 1.","Facing the field, seat 1 is on your right. That puts seat 1 on the edge facing section 557, with seat numbers counting up toward the far edge of the section, with no further section beyond it on that side. Seat 1 is the end of the row closest to home plate, and higher seat numbers run away from home plate.",Rows 1-3 have 4 seats labeled 1-4; Rows 4-6 have 5 seats labeled 1-5; Row 7 has 8 seats labeled 1-8; Rows 8-11 have 9 seats labeled 1-9; Rows 12-14 have 10 seats labeled 1-10; Rows 15-16 have 9 seats labeled 2-10; Row 17 has 10 seats labeled 2-11; Rows 18-20 have 11 seats labeled 1-11; Row 21 has 12 seats labeled 1-12,"Rows 9 and above are covered. ""Upper Reserved seats are located high on the 500 Level and require climbing some of the steepest stairs in the ballpark"".","HIGH - zone, rows, location and seat direction stated by the source"
Guaranteed Rate Club,"Clubs, suites and other named areas",Clubs and suites,"Located directly behind home plate on the suite level at Rate Field."" ""This section is labeled GR on the Chicago White Sox seating chart.",,not part of the numbered seating bowl,UNKNOWN,UNKNOWN,"The source describes this as a named area rather than a numbered section, so it publishes no aisle layout for it.","This area sits outside the numbered seating bowl and no seat numbering is published for it. Check the seat numbers printed on your own ticket, or ask the ticket office.",not published,"The club ""has just four rows of seating and is limited to roughly 200 seats."" Amenities are all-inclusive food and an open bar, a pre-game gourmet buffet plus classic stadium fare, snacks and desserts, in-seat wait service, a private lounge with dining tables, private restrooms and a full-service bar, plush padded chairs, and covered seating. ""Row 1 is the most desirable row and includes a rail in front of the seats that can be used to place food and beverages."" Sold as ""ideal for fans looking for a luxury White Sox gameday experience"" and suitable ""for entertaining clients, celebrating a special occasion, or simply upgrading to one of the most comfortable seating experiences."" ""The seats are fully covered which is great on a hot day but it is tough to see some fly balls and tough to see the fireworks from here.""",LOW - no row data published for this section
Miller Lite Landing,"Clubs, suites and other named areas",Outfield social area,"The Miller Lite Landing is located in right field at Rate Field, replacing the former Sections 106 and 107 along the outfield concourse.",,not part of the numbered seating bowl,UNKNOWN,UNKNOWN,"The source describes this as a named area rather than a numbered section, so it publishes no aisle layout for it.","This area sits outside the numbered seating bowl and no seat numbering is published for it. Check the seat numbers printed on your own ticket, or ask the ticket office.",not published,"It is a social outfield hangout with a ""Mix of oversized chairs, drink-rail seating, and reserved standing areas"" plus in-seat wait service and TV monitors in premium rows. The former Sections 106 and 107 are replaced by five ticketed areas: ""Preferred, Select, Standard, SRO, and Accessible."" The page describes Rows 1-4 as ""Located right behind the right fielder at field level"" with ""Oversized cushioned chairs"" and ""Built-in drink ledges""; Rows 5-10 as ""Standard chairback seating"" with a ""Drink rail in front of seats"" and ""In-seat wait service available""; and Rows 12-14 as ""Reserved standing areas."" ""Accessible seating is available at the top of the section and provides easier access to the concourse and amenities.""",LOW - no row data published for this section
Miller Lite Landing SRO,"Clubs, suites and other named areas",Standing room,"The Miller Lite Landing is located in right field at Rate Field, replacing the former Sections 106 and 107 along the outfield concourse.",,not part of the numbered seating bowl,UNKNOWN,UNKNOWN,"The source describes this as a named area rather than a numbered section, so it publishes no aisle layout for it.","This area sits outside the numbered seating bowl and no seat numbering is published for it. Check the seat numbers printed on your own ticket, or ask the ticket office.",not published,"SRO is one of the five ticketed areas within the Landing: ""Preferred, Select, Standard, SRO, and Accessible."" The standing-room tier occupies Rows 12-14, described as ""Reserved standing areas"" with ""Dedicated standing space with a personal rail"" and ""one of the most energetic spots in the ballpark."" The wider area offers a ""Mix of oversized chairs, drink-rail seating, and reserved standing areas"" and is ""ideal for fans who want a social, high-energy gameday experience,"" ""especially popular with groups of friends, corporate outings."" This was a zone page, not a section page.",LOW - no row data published for this section
Suite 134,"Clubs, suites and other named areas",Clubs and suites,Suite 134 is a new seating location on the lower level. This is the only suite on the 100 level and is located behind home plate on the White Sox side of the field.,,not part of the numbered seating bowl,UNKNOWN,UNKNOWN,"The source describes this as a named area rather than a numbered section, so it publishes no aisle layout for it.","This area sits outside the numbered seating bowl and no seat numbering is published for it. Check the seat numbers printed on your own ticket, or ask the ticket office.",not published,"This identifier has no page of its own in the venue index and no link from the sections index; the only description found is two sentences in the venue's seating guide, which place it on the lower level as the only suite on the 100 level, behind home plate on the White Sox side. For contrast the same guide notes that ""The outdoor club suite is located down the left-field line above sections 354-357.""",LOW - no row data published for this section
130S,"Clubs, suites and other named areas",Scout Seats,"Scout Seats at Rate Field are located in the first four sections directly behind home plate, labeled 130S-134S.",,not part of the numbered seating bowl,1-11,UNKNOWN,"The source describes this as a named area rather than a numbered section, so it publishes no aisle layout for it.","Facing the field, seat 1 is on your right. That is stated on this area's own page. It sits outside the numbered seating bowl, so there is no neighbouring section to describe it against.","Row 1 has 4 seats labeled 1-4""; ""Rows 2-8 have 6 seats labeled 1-6""; ""Rows 9-10 have 4 seats labeled 3-6""; ""Row 11 has 2 seats labeled 5-6","Premium all-inclusive lower-level seating behind home plate, offering ""unmatched proximity to the field with premium all-inclusive service and amenities"" and ""Prime Home Plate Views."" Tickets include a ""Pre-Game Buffet,"" unlimited food and beverages throughout the game, ""In-Seat Wait Service"" and padded seating. ""Entry is through Gate 3 1/2 behind home plate at a private entrance."" Sold to fans ""seeking the ultimate gameday experience"" and described as ""ideal for special occasions or entertaining clients."" ""The protective netting sits in front of you, much doesn't cause much obstruction."" This was a per-section page, not a zone page.","HIGH - zone, rows, location and seat direction stated by the source"
131S,"Clubs, suites and other named areas",Scout Seats,"Scout Seats at Rate Field are located in the first four sections directly behind home plate, labeled 130S-134S.",,not part of the numbered seating bowl,1-11,UNKNOWN,"The source describes this as a named area rather than a numbered section, so it publishes no aisle layout for it.","Facing the field, seat 1 is on your right. That is stated on this area's own page. It sits outside the numbered seating bowl, so there is no neighbouring section to describe it against.","Rows 1-4 have 8 seats labeled 1-8""; ""Rows 5-6 have 10 seats labeled 1-10""; ""Rows 7-8 have 11 seats labeled 1-11""; ""Rows 9-11 have 12 seats labeled 1-12","Premium all-inclusive lower-level seating directly behind home plate with ""Prime Home Plate Views."" Tickets include a ""Pre-Game Buffet,"" ""Unlimited food and beverages throughout the game,"" ""In-Seat Wait Service"" and ""Padded seating."" ""Entry is through Gate 3 1/2 behind home plate at a private entrance."" Sold to fans ""seeking the ultimate gameday experience"" and those ""entertaining clients."" ""The protective netting sits in front of you, much doesn't cause much obstruction."" This was a per-section page, not a zone page.","HIGH - zone, rows, location and seat direction stated by the source"
133S,"Clubs, suites and other named areas",Scout Seats,"Scout Seats at Rate Field are located in the first four sections directly behind home plate, labeled 130S-134S.",,not part of the numbered seating bowl,1-11,UNKNOWN,"The source describes this as a named area rather than a numbered section, so it publishes no aisle layout for it.","Facing the field, seat 1 is on your right. That is stated on this area's own page. It sits outside the numbered seating bowl, so there is no neighbouring section to describe it against.","Rows 1-4 have 8 seats labeled 1-8""; ""Rows 5-6 have 10 seats labeled 1-10""; ""Rows 7-8 have 11 seats labeled 1-11""; ""Rows 9-11 have 12 seats labeled 1-12","""Scout Seats are located in the four sections directly behind home plate, with all seats within 15 rows of the field,"" offering ""Prime Home Plate Views,"" a ""Pre-Game Buffet,"" ""All-Inclusive"" food and beverages and ""In-Seat Wait Service."" ""Entry is through Gate 3 1/2 behind home plate at a private entrance."" Described as ""ideal for special occasions or entertaining clients."" ""The protective netting sits in front of you, much doesn't cause much obstruction."" This was a per-section page, not a zone page.","HIGH - zone, rows, location and seat direction stated by the source"
134S,"Clubs, suites and other named areas",Scout Seats,"Scout Seats at Rate Field are located in the first four sections directly behind home plate, labeled 130S-134S.",,not part of the numbered seating bowl,1-11,UNKNOWN,"The source describes this as a named area rather than a numbered section, so it publishes no aisle layout for it.","Facing the field, seat 1 is on your right. That is stated on this area's own page. It sits outside the numbered seating bowl, so there is no neighbouring section to describe it against.","Row 1 has 4 seats labeled 1-4""; ""Rows 2-8 have 6 seats labeled 1-6""; ""Rows 9-10 have 4 seats labeled 1-4""; ""Row 11 has 2 seats labeled 1-2","Premium all-inclusive lower-level seating behind home plate offering ""unmatched proximity to the field with premium all-inclusive service."" Tickets include a ""Gourmet pre-game buffet and open bar,"" ""All-inclusive food,"" ""All-inclusive bar and beverages,"" ""Padded seating"" and ""In-seat wait service."" ""Entry is through Gate 3 1/2 behind home plate at a private entrance."" Described as ""ideal for special occasions or entertaining clients."" ""The protective netting sits in front of you, much doesn't cause much obstruction."" This was a per-section page, not a zone page.","HIGH - zone, rows, location and seat direction stated by the source"
