section,level,zone,location_in_stadium,sections_from_home_plate,direction_from_home_plate,rows_in_section,entrance_row,aisle_and_walkway_locations,seat_numbering,seats_per_row,notes,confidence
101,Field Level (100s),Field/Plaza Outfield,"right up against the wall in the power alley""; outfield seating offering ""some of the best chances at home run balls",25,toward third base / left field,A-D,UNKNOWN,"Stairway aisles run along both side edges of the section; rows are not split by a mid-row aisle, so seat numbers run continuously from one side aisle to the other. The entry portal row is not published for this section.","Facing the field, seat 1 is on your left. That puts seat 1 on the far edge of the section, with no further section beyond it on that side, with seat numbers counting up toward the edge facing section 102. Seat 1 is the end of the row farthest from home plate, and higher seat numbers run back toward home plate.",Row A: 22 seats; Row B: 24 seats; Row C: 26 seats; Row D: 28 seats,"Left field power alley. ""Recommended seating for kids and family."" rateyourseats.com section 101.","HIGH - zone, rows, location and seat direction stated by the source"
102,Field Level (100s),not named by the source,"right up against the wall in the power alley""; ""Right behind the fountains",24,toward third base / left field,A-D,UNKNOWN,"Stairway aisles run along both side edges of the section; rows are not split by a mid-row aisle, so seat numbers run continuously from one side aisle to the other. The entry portal row is not published for this section.","Facing the field, seat 1 is on your left. That puts seat 1 on the edge facing section 101, with seat numbers counting up toward the edge facing section 103. Seat 1 is the end of the row farthest from home plate, and higher seat numbers run back toward home plate.",not published,"""some of the best chances at home run balls""; ""Recommended seating for kids and family."" ""you can't see the jumbotron without turning around"" and ""the seats are hot and kind of a pain to get to."" rateyourseats.com section 102.","MEDIUM - rows confirmed, ticket zone not named by the source"
103,Field Level (100s),Field/Plaza Outfield,"right up against the wall in the power alley""; ""The visiting team bullpen is to the left of Section 107 and to the right of Section 103.",23,toward third base / left field,"A-D, DWC",UNKNOWN,"Stairway aisles run along both side edges of the section; rows are not split by a mid-row aisle, so seat numbers run continuously from one side aisle to the other. The entry portal row is not published for this section.","Facing the field, seat 1 is on your left. That puts seat 1 on the edge facing section 102, with seat numbers counting up toward the edge facing section 104. Seat 1 is the end of the row farthest from home plate, and higher seat numbers run back toward home plate.",not published,"Visiting team bullpen adjacency stated: ""The visiting team bullpen is to the left of Section 107 and to the right of Section 103."" Row list includes a ""DWC"" row as stated (not VWC). ""some of the best chances at home run balls""; ""recommended seating for kids and family."" rateyourseats.com section 103.","HIGH - zone, rows, location and seat direction stated by the source"
104,Field Level (100s),not named by the source,"directly behind the visiting team bullpen"" in left field; ""In LF, sections 104-106 are directly behind the visiting team bullpen.",22,toward third base / left field,A-C,C,"Stairway aisles run along both side edges of the section; rows are not split by a mid-row aisle, so seat numbers run continuously from one side aisle to the other. The entry portal is at row C.","Facing the field, seat 1 is on your left. That puts seat 1 on the edge facing section 103, with seat numbers counting up toward the edge facing section 105. Seat 1 is the end of the row farthest from home plate, and higher seat numbers run back toward home plate.",not published,"""An entrance to this section is located at Row C"". Visitors bullpen directly in front (LF, sections 104-106). rateyourseats.com section 104.","MEDIUM - rows confirmed, ticket zone not named by the source"
105,Field Level (100s),not named by the source,"In LF, sections 104-106 are directly behind the visiting team bullpen.",21,toward third base / left field,A-C,C,"Stairway aisles run along both side edges of the section; rows are not split by a mid-row aisle, so seat numbers run continuously from one side aisle to the other. The entry portal is at row C.","Facing the field, seat 1 is on your left. That puts seat 1 on the edge facing section 104, with seat numbers counting up toward the edge facing section 106. Seat 1 is the end of the row farthest from home plate, and higher seat numbers run back toward home plate.",not published,"""An entrance to this section is located at Row C"". Visitors bullpen directly in front. Fan review notes ""Can't see part of deep center field."" rateyourseats.com section 105.","MEDIUM - rows confirmed, ticket zone not named by the source"
106,Field Level (100s),not named by the source,"In LF, sections 104-106 are directly behind the visiting team bullpen.",20,toward third base / left field,A-C,C,"Stairway aisles run along both side edges of the section; rows are not split by a mid-row aisle, so seat numbers run continuously from one side aisle to the other. The entry portal is at row C.","Facing the field, seat 1 is on your left. That puts seat 1 on the edge facing section 105, with seat numbers counting up toward the edge facing section 107. Seat 1 is the end of the row farthest from home plate, and higher seat numbers run back toward home plate.",not published,"""An entrance to this section is located at Row C"". Visitors bullpen directly in front (left field). rateyourseats.com section 106.","MEDIUM - rows confirmed, ticket zone not named by the source"
107,Field Level (100s),Field and Outfield Boxes,"Located along the outfield portions of the 100 Level""; ""Located on the Field Level at Kauffman Stadium",19,toward third base / left field,"J-U, V-X",UNKNOWN,"Stairway aisles run along both side edges of the section; rows are not split by a mid-row aisle, so seat numbers run continuously from one side aisle to the other. The entry portal row is not published for this section.","Facing the field, seat 1 is on your left. That puts seat 1 on the edge facing section 106, with seat numbers counting up toward the edge facing section 108. Seat 1 is the end of the row farthest from home plate, and higher seat numbers run back toward home plate.",not published,"""Wheelchair seating is available behind Row U"". ""visiting bullpen near Section 107"". ""Seats down the right field line receive heavy sun during afternoon games"". Protective netting mentioned venue-wide (""in front of many sections near home plate and down the baselines"") but not specific to this section. rateyourseats.com section 107.","HIGH - zone, rows, location and seat direction stated by the source"
108,Field Level (100s),Field and Outfield Boxes,"Located along the outfield portions of the 100 Level""; ""On the Field Level at Kauffman Stadium, sections located farther from home plate",18,toward third base / left field,"J-U, V-X",UNKNOWN,"Stairway aisles run along both side edges of the section; rows are not split by a mid-row aisle, so seat numbers run continuously from one side aisle to the other. The entry portal row is not published for this section.","Facing the field, seat 1 is on your left. That puts seat 1 on the edge facing section 107, with seat numbers counting up toward the edge facing section 109. Seat 1 is the end of the row farthest from home plate, and higher seat numbers run back toward home plate.",not published,"""Wheelchair seating is available behind Row U"". Bullpens (venue-wide): ""Royals bullpen sits near Section 148, visiting bullpen near Section 107"". ""Seats closest to the field may require a longer walk to reach concessions or restrooms"". rateyourseats.com section 108.","HIGH - zone, rows, location and seat direction stated by the source"
109,Field Level (100s),Field and Outfield Boxes,"On the Field Level at Kauffman Stadium, sections located farther from home plate are commonly referred to as Field Boxes and Outfield Boxes.",17,toward third base / left field,G-X,UNKNOWN,"Stairway aisles run along both side edges of the section; rows are not split by a mid-row aisle, so seat numbers run continuously from one side aisle to the other. The entry portal row is not published for this section.","Facing the field, seat 1 is on your left. That puts seat 1 on the edge facing section 108, with seat numbers counting up toward the edge facing section 110. Seat 1 is the end of the row farthest from home plate, and higher seat numbers run back toward home plate.",not published,"Bullpens (venue-wide): ""Royals bullpen: Located near Section 148""; ""Visiting bullpen: Located near Section 107"". rateyourseats.com section 109.","HIGH - zone, rows, location and seat direction stated by the source"
110,Field Level (100s),Field and Outfield Boxes,not stated by the source,16,toward third base / left field,E-X,X,"Stairway aisles run along both side edges of the section; rows are not split by a mid-row aisle, so seat numbers run continuously from one side aisle to the other. The entry portal is at row X.","Facing the field, seat 1 is on your left. That puts seat 1 on the edge facing section 109, with seat numbers counting up toward the edge facing section 111. Seat 1 is the end of the row farthest from home plate, and higher seat numbers run back toward home plate.",not published,"""An entrance to this section is located at Row X"". Netting (venue-wide): ""protective netting extends in front of many sections near home plate and down the baselines"". Bullpens (venue-wide): ""Royals bullpen sits near Section 148, visiting bullpen near Section 107"". Sun note refers to Sections 146-148, not this section. rateyourseats.com section 110.","MEDIUM - rows and zone confirmed, the source does not place this section"
111,Field Level (100s),Field and Outfield Boxes,not stated by the source,15,toward third base / left field,UNKNOWN,UNKNOWN,"Stairway aisles run along both side edges of the section; rows are not split by a mid-row aisle, so seat numbers run continuously from one side aisle to the other. The entry portal row is not published for this section.","Facing the field, seat 1 is on your left. That puts seat 1 on the edge facing section 110, with seat numbers counting up toward the edge facing section 112. Seat 1 is the end of the row farthest from home plate, and higher seat numbers run back toward home plate.",not published,"No ""Rows in Section 111 are labeled"" sentence, no entrance sentence, no seat-direction sentence and no wheelchair/VWC mention on the page (verified twice). Page states ""This is a general admission seating area. Seats and rows are not assigned and are first-come, first-serve."" ""For foul ball opportunities, sections 111-115 and 140-144 tend to provide some of the best chances to catch a ball during the game."" Bullpens (venue-wide): Royals near Section 148, visiting near Section 107. rateyourseats.com section 111.",LOW - no row data published for this section
112,Field Level (100s),Field and Outfield Boxes,Located along the outfield portions of the 100 Level,14,toward third base / left field,C-X,UNKNOWN,"Stairway aisles run along both side edges of the section; rows are not split by a mid-row aisle, so seat numbers run continuously from one side aisle to the other. The entry portal row is not published for this section.","Facing the field, seat 1 is on your left. That puts seat 1 on the edge facing section 111, with seat numbers counting up toward the edge facing section 113. Seat 1 is the end of the row farthest from home plate, and higher seat numbers run back toward home plate.",not published,"Netting (venue-wide): ""Like most modern ballparks, protective netting extends in front of many sections near home plate"". Bullpens (venue-wide): ""Royals bullpen sits near Section 148, visiting bullpen near Section 107"". rateyourseats.com section 112.","HIGH - zone, rows, location and seat direction stated by the source"
113,Field Level (100s),Field and Outfield Boxes,not stated by the source,13,toward third base / left field,C-X,UNKNOWN,"Stairway aisles run along both side edges of the section; rows are not split by a mid-row aisle, so seat numbers run continuously from one side aisle to the other. The entry portal row is not published for this section.","Facing the field, seat 1 is on your left. That puts seat 1 on the edge facing section 112, with seat numbers counting up toward the edge facing section 114. Seat 1 is the end of the row farthest from home plate, and higher seat numbers run back toward home plate.",not published,"Netting/obstruction (venue-wide): ""While this helps improve fan safety, it may slightly impact the view for seats located directly behind the netting"". Bullpens (venue-wide): ""Royals bullpen sits near Section 148, visiting bullpen near Section 107"". Sun note refers to Sections 146-148. rateyourseats.com section 113.","MEDIUM - rows and zone confirmed, the source does not place this section"
114,Field Level (100s),Field and Outfield Boxes,not stated by the source,12,toward third base / left field,B-X,UNKNOWN,"Stairway aisles run along both side edges of the section; rows are not split by a mid-row aisle, so seat numbers run continuously from one side aisle to the other. The entry portal row is not published for this section.","Facing the field, seat 1 is on your left. That puts seat 1 on the edge facing section 113, with seat numbers counting up toward the edge facing section 115. Seat 1 is the end of the row farthest from home plate, and higher seat numbers run back toward home plate.",not published,"Netting (venue-wide): ""Protective Netting: Like most modern ballparks, protective netting extends in front of many sections near home plate and down the baselines."" Bullpens (venue-wide): ""Bullpen Views: Royals bullpen sits near Section 148, visiting bullpen near Section 107."" rateyourseats.com section 114.","MEDIUM - rows and zone confirmed, the source does not place this section"
115,Field Level (100s),Field and Outfield Boxes,not stated by the source,11,toward third base / left field,B-X,UNKNOWN,"Stairway aisles run along both side edges of the section; rows are not split by a mid-row aisle, so seat numbers run continuously from one side aisle to the other. The entry portal row is not published for this section.","Facing the field, seat 1 is on your left. That puts seat 1 on the edge facing section 114, with seat numbers counting up toward the edge facing section 116. Seat 1 is the end of the row farthest from home plate, and higher seat numbers run back toward home plate.",not published,"Netting/obstruction (venue-wide): ""While this helps improve fan safety, it may slightly impact the view for seats located directly behind the netting."" Bullpens (venue-wide): ""Bullpen Views: Royals bullpen sits near Section 148, visiting bullpen near Section 107."" rateyourseats.com section 115.","MEDIUM - rows and zone confirmed, the source does not place this section"
116,Field Level (100s),Dugout Boxes,In front of Sections 116-119,10,toward third base / left field,A-X,UNKNOWN,"Stairway aisles run along both side edges of the section; rows are not split by a mid-row aisle, so seat numbers run continuously from one side aisle to the other. The entry portal row is not published for this section.","Facing the field, seat 1 is on your left. That puts seat 1 on the edge facing section 115, with seat numbers counting up toward the edge facing section 117. Seat 1 is the end of the row farthest from home plate, and higher seat numbers run back toward home plate.",not published,"Seats-per-row not stated; page states only ""Each section contains roughly 20 rows of seating"" (row count, not seats per row). ""Close to the Dugouts: Royals dugout sits near Sections 136-139, visitors near Sections 116-119"". ""protective netting runs along the front of the infield seating areas"" and ""Views from the front rows of the Dugout Box sections may be slightly impacted by the protective netting"". rateyourseats.com section 116.","HIGH - zone, rows, location and seat direction stated by the source"
117,Field Level (100s),Dugout Boxes,In front of Sections 116-119,9,toward third base / left field,A-X,UNKNOWN,"Stairway aisles run along both side edges of the section; rows are not split by a mid-row aisle, so seat numbers run continuously from one side aisle to the other. The entry portal row is not published for this section.","Facing the field, seat 1 is on your left. That puts seat 1 on the edge facing section 116, with seat numbers counting up toward the edge facing section 118. Seat 1 is the end of the row farthest from home plate, and higher seat numbers run back toward home plate.",not published,"Seats-per-row not stated; page states only ""Each section contains roughly 20 rows of seating"". Visitors dugout in front of Sections 116-119. ""Protective netting runs along the front of the infield seating areas"". rateyourseats.com section 117.","HIGH - zone, rows, location and seat direction stated by the source"
118,Field Level (100s),Dugout Boxes,In front of Sections 116-119,8,toward third base / left field,A-X,X,"Stairway aisles run along both side edges of the section; rows are not split by a mid-row aisle, so seat numbers run continuously from one side aisle to the other. The entry portal is at row X.","Facing the field, seat 1 is on your left. That puts seat 1 on the edge facing section 117, with seat numbers counting up toward the edge facing section 119. Seat 1 is the end of the row farthest from home plate, and higher seat numbers run back toward home plate.",not published,"""An entrance to this section is located at Row X"". Visitors dugout in front of Sections 116-119. ""Protective netting runs along the front of the infield seating areas."" rateyourseats.com section 118.","HIGH - zone, rows, location and seat direction stated by the source"
119,Field Level (100s),Dugout Boxes,"These seats are located behind the visitor dugout""; ""Visitors dugout: In front of Sections 116-119",7,toward third base / left field,"A-U, VWC",X,"Stairway aisles run along both side edges of the section; rows are not split by a mid-row aisle, so seat numbers run continuously from one side aisle to the other. The entry portal is at row X.","Facing the field, seat 1 is on your left. That puts seat 1 on the edge facing section 118, with seat numbers counting up toward the edge facing section 120. Seat 1 is the end of the row farthest from home plate, and higher seat numbers run back toward home plate.",not published,"Row list includes wheelchair row ""VWC"" as stated. Entrance stated as ""An entrance to this section is located at Row X"" (verified twice; note this conflicts with the stated row list A-U, VWC - recorded as stated, not corrected). Seats-per-row not stated; page states ""Each section contains roughly 20 rows of seating"". ""Close to the Dugouts: Royals dugout sits near Sections 136-139, visitors near Sections 116-119."" ""Protective netting runs along the front of the infield seating areas."" rateyourseats.com section 119.","HIGH - zone, rows, location and seat direction stated by the source"
120,Field Level (100s),Dugout Boxes,These seats are located behind the visitor dugout,6,toward third base / left field,A-X,UNKNOWN,"Stairway aisles run along both side edges of the section; rows are not split by a mid-row aisle, so seat numbers run continuously from one side aisle to the other. The entry portal row is not published for this section.","Facing the field, seat 1 is on your left. That puts seat 1 on the edge facing section 119, with seat numbers counting up toward the edge facing section 121. Seat 1 is the end of the row farthest from home plate, and higher seat numbers run back toward home plate.",not published,"""Front of sections 120-135 are behind the netting"". Located behind the visitor dugout per page. rateyourseats.com section 120.","HIGH - zone, rows, location and seat direction stated by the source"
121,Field Level (100s),Dugout Boxes,These seats are located behind the visitor dugout,5,toward third base / left field,A-X,UNKNOWN,"Stairway aisles run along both side edges of the section; rows are not split by a mid-row aisle, so seat numbers run continuously from one side aisle to the other. The entry portal row is not published for this section.","Facing the field, seat 1 is on your left. That puts seat 1 on the edge facing section 120, with seat numbers counting up toward the edge facing section 122. Seat 1 is the end of the row farthest from home plate, and higher seat numbers run back toward home plate.","""Rows A and B, which have eight seats, all rows in Sections 121 have nine seats"" (quoted verbatim as printed; sentence is garbled on the source page)","""protective netting runs along the front of the infield seating areas"". ""Row A is the first row behind the visitor's dugout in Section 121"" (visitors dugout, third-base side). ""very little shade during day games"".","HIGH - zone, rows, location and seat direction stated by the source"
122,Field Level (100s),Dugout Boxes,These seats are located behind the visitor dugout,4,toward third base / left field,A-X,UNKNOWN,"Stairway aisles run along both side edges of the section; rows are not split by a mid-row aisle, so seat numbers run continuously from one side aisle to the other. The entry portal row is not published for this section.","Facing the field, seat 1 is on your left. That puts seat 1 on the edge facing section 121, with seat numbers counting up toward the edge facing section 123. Seat 1 is the end of the row farthest from home plate, and higher seat numbers run back toward home plate.",not published,"""protective netting runs along the front of the infield seating areas"". ""Row A is the first row behind the visitor's dugout in Section 122"". Page notes limited sun protection during day games. ""Rows A-J are recommended for visiting team fans"" and ""Rows S-X are recommended for great views of the field"".","HIGH - zone, rows, location and seat direction stated by the source"
123,Field Level (100s),Dugout Boxes,"Located in Sections 116–125 and 130–139 on the 100 Level"" and these seats ""sit directly along the infield",3,toward third base / left field,A-X,UNKNOWN,"Stairway aisles run along both side edges of the section; rows are not split by a mid-row aisle, so seat numbers run continuously from one side aisle to the other. The entry portal row is not published for this section.","Facing the field, seat 1 is on your left. That puts seat 1 on the edge facing section 122, with seat numbers counting up toward the edge facing section 124. Seat 1 is the end of the row farthest from home plate, and higher seat numbers run back toward home plate.",not published,"""protective netting runs along the front of the infield seating areas"". ""Right above the visitor dugout and tunnel. Close to the on-deck circle."" ""very little shade during day games"". ""Row W...only requires going down 2 steps to get to your row"".","HIGH - zone, rows, location and seat direction stated by the source"
124,Field Level (100s),Dugout Boxes,Dugout Box seats make up the infield seating sections on the 100 Level at Kauffman Stadium and include Sections 116 through 125 and 130 through 139.,2,toward third base / left field,"A-V, WWC",UNKNOWN,"Stairway aisles run along both side edges of the section; rows are not split by a mid-row aisle, so seat numbers run continuously from one side aisle to the other. The entry portal row is not published for this section.","Facing the field, seat 1 is on your left. That puts seat 1 on the edge facing section 123, with seat numbers counting up toward the edge facing section 125. Seat 1 is the end of the row farthest from home plate, and higher seat numbers run back toward home plate.",not published,"row list ends in ""WWC"" and page states ""Wheelchair seating is available behind Row V"". ""protective netting runs along the front of the infield seating areas"". Infield section on the visitors-dugout (third-base) side; visitors dugout is in front of Sections 116-119. Limited shade during day games.","HIGH - zone, rows, location and seat direction stated by the source"
125,Field Level (100s),Dugout Boxes,Dugout Box seats make up the infield seating sections on the 100 Level at Kauffman Stadium and include Sections 116 through 125 and 130 through 139.,1,toward third base / left field,A-X,UNKNOWN,"Stairway aisles run along both side edges of the section; rows are not split by a mid-row aisle, so seat numbers run continuously from one side aisle to the other. The entry portal row is not published for this section.","Facing the field, seat 1 is on your left. That puts seat 1 on the edge facing section 124, with seat numbers counting up toward the edge facing section 126. Seat 1 is the end of the row farthest from home plate, and higher seat numbers run back toward home plate.",not published,"""protective netting runs along the front of the infield seating areas"". ""Visitors dugout: In front of Sections 116–119""; ""Royals dugout: In front of Sections 136–139"". Limited shade during day games.","HIGH - zone, rows, location and seat direction stated by the source"
126,Field Level (100s),Diamond Club Seats,"Located directly behind the Crown Club with excellent views of the field"" and ""centered behind home plate",0,behind home plate,"A-U, V-X",UNKNOWN,"Stairway aisles run along both side edges of the section; rows are not split by a mid-row aisle, so seat numbers run continuously from one side aisle to the other. The entry portal row is not published for this section.","Facing the field, seat 1 is on your left. That puts seat 1 on the edge facing section 125, with seat numbers counting up toward the edge facing section 127. This section is behind home plate, so seat 1 is on its third-base side.",not published,"""desirable view from behind home plate"" / ""Home Plate View"". ""Wheelchair seating is available behind Row U"". ""Lower sections 126–129 sit 10 rows from the field"". Behind-the-plate seats view the field through the protective netting.","HIGH - zone, rows, location and seat direction stated by the source"
127,Field Level (100s),Diamond Club Seats,Desirable view from behind home plate,0,behind home plate,"A-U, V-X",UNKNOWN,"Stairway aisles run along both side edges of the section; rows are not split by a mid-row aisle, so seat numbers run continuously from one side aisle to the other. The entry portal row is not published for this section.","Facing the field, seat 1 is on your left. That puts seat 1 on the edge facing section 126, with seat numbers counting up toward the edge facing section 128. This section is behind home plate, so seat 1 is on its third-base side.",not published,"""Wheelchair seating is available behind Row U"". ""Rows S-X are recommended for great views of the field"". Page states the section is directly behind home plate as part of the Diamond Club premium seating area.","HIGH - zone, rows, location and seat direction stated by the source"
128,Field Level (100s),Diamond Club Seats,"Located directly behind the Crown Club with excellent views of the field"" and ""centered behind home plate",0,behind home plate,"A-U, V-X",UNKNOWN,"Stairway aisles run along both side edges of the section; rows are not split by a mid-row aisle, so seat numbers run continuously from one side aisle to the other. The entry portal row is not published for this section.","Facing the field, seat 1 is on your left. That puts seat 1 on the edge facing section 127, with seat numbers counting up toward the edge facing section 129. This section is behind home plate, so seat 1 is on its third-base side.",not published,"""Wheelchair seating is available behind Row U"". ""Lower sections 126–129 sit 10 rows from the field"". ""Rows S-X are recommended for great views of the field"". ""Safely under cover and always shaded so it doesn't get too hot"". A fan review mentions ""Just twelve seats in the row"" but refers to a Row NN, which is not a row label listed for this section, so seats_per_row left","HIGH - zone, rows, location and seat direction stated by the source"
129,Field Level (100s),Diamond Club Seats,"Located directly behind the Crown Club with excellent views of the field"" and ""centered behind home plate",0,behind home plate,"A-U, V-X",UNKNOWN,"Stairway aisles run along both side edges of the section; rows are not split by a mid-row aisle, so seat numbers run continuously from one side aisle to the other. The entry portal row is not published for this section.","Facing the field, seat 1 is on your left. That puts seat 1 on the edge facing section 128, with seat numbers counting up toward the edge facing section 130. This section is behind home plate, so seat 1 is on its third-base side.",not published,"""Wheelchair seating is available behind Row U"". ""Desirable view from behind home plate"". sits ""10 rows from the field"".","HIGH - zone, rows, location and seat direction stated by the source"
130,Field Level (100s),Dugout Boxes,Dugout Box seats make up the infield seating sections on the 100 Level at Kauffman Stadium and include Sections 116 through 125 and 130 through 139.,0,behind home plate,"A-U, VWC",UNKNOWN,"Stairway aisles run along both side edges of the section; rows are not split by a mid-row aisle, so seat numbers run continuously from one side aisle to the other. The entry portal row is not published for this section.","Facing the field, seat 1 is on your left. That puts seat 1 on the edge facing section 129, with seat numbers counting up toward the edge facing section 131. This section is behind home plate, so seat 1 is on its third-base side.",not published,"row list ends in ""VWC"" (wheelchair row behind the last seated row). ""Desirable view from behind home plate"". ""protective netting runs along the front of the infield seating areas"". ""Visitors dugout: In front of Sections 116–119""; ""Royals dugout: In front of Sections 136–139"". Limited sun exposure noted.","HIGH - zone, rows, location and seat direction stated by the source"
131,Field Level (100s),Dugout Boxes,Dugout Box seats make up the infield seating sections on the 100 Level at Kauffman Stadium and include Sections 116 through 125 and 130 through 139.,1,toward first base / right field,"A-V, WWC",UNKNOWN,"Stairway aisles run along both side edges of the section; rows are not split by a mid-row aisle, so seat numbers run continuously from one side aisle to the other. The entry portal row is not published for this section.","Facing the field, seat 1 is on your left. That puts seat 1 on the edge facing section 130, with seat numbers counting up toward the edge facing section 132. Seat 1 is the end of the row closest to home plate, and higher seat numbers run away from home plate.",not published,"row list ends in ""WWC"" and ""Wheelchair seating is available behind Row V"". ""Protective netting runs along the front of the infield seating areas."" ""These seats receive significant sun exposure during day games"". Infield Dugout Box section on the first-base side of home plate.","HIGH - zone, rows, location and seat direction stated by the source"
132,Field Level (100s),Dugout Boxes,"Located in Sections 116–125 and 130–139 on the 100 Level"" and ""Royals dugout sits near Sections 136–139",2,toward first base / right field,A-X,UNKNOWN,"Stairway aisles run along both side edges of the section; rows are not split by a mid-row aisle, so seat numbers run continuously from one side aisle to the other. The entry portal row is not published for this section.","Facing the field, seat 1 is on your left. That puts seat 1 on the edge facing section 131, with seat numbers counting up toward the edge facing section 133. Seat 1 is the end of the row closest to home plate, and higher seat numbers run away from home plate.",not published,"""Protective Netting: Extends along the infield to improve fan safety"". ""Row A is the first row behind the Royals dugout in Section 132"". ""Limited Shade: These seats receive significant sun exposure during day games"". Page also notes ""Approximately 20 rows per section"" (rows, not seats).","HIGH - zone, rows, location and seat direction stated by the source"
133,Field Level (100s),Dugout Boxes,"Located in Sections 116–125 and 130–139 on the 100 Level"" and ""These seats are located behind the Royals dugout",3,toward first base / right field,A-X,UNKNOWN,"Stairway aisles run along both side edges of the section; rows are not split by a mid-row aisle, so seat numbers run continuously from one side aisle to the other. The entry portal row is not published for this section.","Facing the field, seat 1 is on your left. That puts seat 1 on the edge facing section 132, with seat numbers counting up toward the edge facing section 134. Seat 1 is the end of the row closest to home plate, and higher seat numbers run away from home plate.",not published,"""protective netting runs along the front of the infield seating areas"". ""Row A is the first row behind the Royals dugout in Section 133"". ""Rows S-X are recommended for great views of the field"". Limited shade during day games.","HIGH - zone, rows, location and seat direction stated by the source"
134,Field Level (100s),Dugout Boxes,"Located in Sections 116–125 and 130–139 on the 100 Level"" and ""These seats are located behind the Royals dugout",4,toward first base / right field,A-X,UNKNOWN,"Stairway aisles run along both side edges of the section; rows are not split by a mid-row aisle, so seat numbers run continuously from one side aisle to the other. The entry portal row is not published for this section.","Facing the field, seat 1 is on your left. That puts seat 1 on the edge facing section 133, with seat numbers counting up toward the edge facing section 135. Seat 1 is the end of the row closest to home plate, and higher seat numbers run away from home plate.",not published,"""Near Royals Dugout"" and ""Row A is the first row behind the Royals dugout"". ""Protective netting runs along the front of the infield seating areas"". ""These seats receive significant sun exposure during day games"". ""Rows S-X are recommended for great views of the field"".","HIGH - zone, rows, location and seat direction stated by the source"
135,Field Level (100s),Dugout Boxes,Located in Sections 116–125 and 130–139 on the 100 Level,5,toward first base / right field,A-X,UNKNOWN,"Stairway aisles run along both side edges of the section; rows are not split by a mid-row aisle, so seat numbers run continuously from one side aisle to the other. The entry portal row is not published for this section.","Facing the field, seat 1 is on your left. That puts seat 1 on the edge facing section 134, with seat numbers counting up toward the edge facing section 136. Seat 1 is the end of the row closest to home plate, and higher seat numbers run away from home plate.",not published,"""Row A is the first row behind the Royals dugout in Section 135"". ""protective netting runs along the front of the infield seating areas"". ""limited protection from the sun"" and ""offer very little shade during day games"". ""Rows S-X are recommended for great views of the field"".","HIGH - zone, rows, location and seat direction stated by the source"
136,Field Level (100s),Dugout Boxes,Royals dugout sits near Sections 136–139,6,toward first base / right field,"A-U, VWC",X,"Stairway aisles run along both side edges of the section; rows are not split by a mid-row aisle, so seat numbers run continuously from one side aisle to the other. The entry portal is at row X.","Facing the field, seat 1 is on your left. That puts seat 1 on the edge facing section 135, with seat numbers counting up toward the edge facing section 137. Seat 1 is the end of the row closest to home plate, and higher seat numbers run away from home plate.",not published,"row list ends in ""VWC"". Royals (home) dugout adjacency, first-base side. Protective netting extends along the infield. Limited shade during day games. Page notes ""Approximately 20 rows per section with Row A closest to the field"" and ""Rows T-X recommended for outstanding convenience"".","HIGH - zone, rows, location and seat direction stated by the source"
137,Field Level (100s),Dugout Boxes,"Royals dugout sits near Sections 136–139""; the section is part of ""Sections 116 through 125 and 130 through 139"" on the ""100 Level",7,toward first base / right field,A-X,X,"Stairway aisles run along both side edges of the section; rows are not split by a mid-row aisle, so seat numbers run continuously from one side aisle to the other. The entry portal is at row X.","Facing the field, seat 1 is on your left. That puts seat 1 on the edge facing section 136, with seat numbers counting up toward the edge facing section 138. Seat 1 is the end of the row closest to home plate, and higher seat numbers run away from home plate.",not published,"Royals (home) dugout adjacency, first-base side. ""protective netting runs along the front of the infield seating areas"". ""Views from the front rows of the Dugout Box sections may be slightly impacted by the protective netting"".","HIGH - zone, rows, location and seat direction stated by the source"
138,Field Level (100s),Dugout Boxes,Royals dugout sits near Sections 136–139,8,toward first base / right field,A-X,UNKNOWN,"Stairway aisles run along both side edges of the section; rows are not split by a mid-row aisle, so seat numbers run continuously from one side aisle to the other. The entry portal row is not published for this section.","Facing the field, seat 1 is on your left. That puts seat 1 on the edge facing section 137, with seat numbers counting up toward the edge facing section 139. Seat 1 is the end of the row closest to home plate, and higher seat numbers run away from home plate.",not published,"""Royals dugout: In front of Sections 136–139"" (home dugout, first-base side). ""Protective netting: Extends along the infield to improve fan safety"".","HIGH - zone, rows, location and seat direction stated by the source"
139,Field Level (100s),Dugout Boxes,"Royals dugout sits near Sections 136–139"" and ""Royals dugout: In front of Sections 136–139",9,toward first base / right field,A-X,UNKNOWN,"Stairway aisles run along both side edges of the section; rows are not split by a mid-row aisle, so seat numbers run continuously from one side aisle to the other. The entry portal row is not published for this section.","Facing the field, seat 1 is on your left. That puts seat 1 on the edge facing section 138, with seat numbers counting up toward the edge facing section 140. Seat 1 is the end of the row closest to home plate, and higher seat numbers run away from home plate.",not published,"Royals (home) dugout adjacency, first-base side. ""protective netting runs along the front of the infield seating areas"". Limited shade during day games.","HIGH - zone, rows, location and seat direction stated by the source"
140,Field Level (100s),Field and Outfield Boxes,Located along the outfield portions of the 100 Level.,10,toward first base / right field,B-X,UNKNOWN,"Stairway aisles run along both side edges of the section; rows are not split by a mid-row aisle, so seat numbers run continuously from one side aisle to the other. The entry portal row is not published for this section.","Facing the field, seat 1 is on your left. That puts seat 1 on the edge facing section 139, with seat numbers counting up toward the edge facing section 141. Seat 1 is the end of the row closest to home plate, and higher seat numbers run away from home plate.",not published,"First row is B, not A. ""Seats down the right field line receive heavy sun during afternoon games."" ""Royals bullpen sits near Section 148, visiting bullpen near Section 107."" Protective netting mentioned only in general terms on the page, not specifically for Section 140.","HIGH - zone, rows, location and seat direction stated by the source"
141,Field Level (100s),Field and Outfield Boxes,Located along the outfield portions of the 100 Level,11,toward first base / right field,B-X,UNKNOWN,"Stairway aisles run along both side edges of the section; rows are not split by a mid-row aisle, so seat numbers run continuously from one side aisle to the other. The entry portal row is not published for this section.","Facing the field, seat 1 is on your left. That puts seat 1 on the edge facing section 140, with seat numbers counting up toward the edge facing section 142. Seat 1 is the end of the row closest to home plate, and higher seat numbers run away from home plate.",Rows B-J have 11 seats; rows K-X have 12 seats,"rateyourseats states for 141 that ""Seat 1 is the right-most seat for each row when facing the field"", which is the reverse of the rule stated on every other Kauffman section page checked (142-148, 150-152, 201-210), all of which say ""When looking towards the field, lower number seats are on the left."" ""Seats down the right field line receive heavy sun during afternoon games."" sections 140-144 ""tend to provide some of the best chances to catch a ball."" Royals bullpen located near Section 148; visiting bullpen near Section 107. rateyourseats.com section 141 page.","HIGH - zone, rows, location and seat direction stated by the source"
142,Field Level (100s),Field and Outfield Boxes,Located along the outfield portions of the 100 Level,12,toward first base / right field,B-X,UNKNOWN,"Stairway aisles run along both side edges of the section; rows are not split by a mid-row aisle, so seat numbers run continuously from one side aisle to the other. The entry portal row is not published for this section.","Facing the field, seat 1 is on your left. That puts seat 1 on the edge facing section 141, with seat numbers counting up toward the edge facing section 143. Seat 1 is the end of the row closest to home plate, and higher seat numbers run away from home plate.",not published,"""Seats down the right field line receive heavy sun during afternoon games."" sections 140-144 provide ""some of the best chances"" to catch a ball. Protective netting may slightly impact views for seats directly behind it. Visiting bullpen near Section 107; Royals bullpen near Section 148. Front-row seats are a longer walk from the concourse. not stated. rateyourseats.com section 142 page.","HIGH - zone, rows, location and seat direction stated by the source"
143,Field Level (100s),Field and Outfield Boxes,"Located along the outfield portions of the 100 Level""; also ""On the Field Level at Kauffman Stadium",13,toward first base / right field,C-X,UNKNOWN,"Stairway aisles run along both side edges of the section; rows are not split by a mid-row aisle, so seat numbers run continuously from one side aisle to the other. The entry portal row is not published for this section.","Facing the field, seat 1 is on your left. That puts seat 1 on the edge facing section 142, with seat numbers counting up toward the edge facing section 144. Seat 1 is the end of the row closest to home plate, and higher seat numbers run away from home plate.",not published,"seats down the right field line receive heavy sun during afternoon games. 143 is among sections ""140-144"" that ""tend to provide some of the best chances to catch a ball."" Protective netting may slightly impact views for seats directly behind it. Longer walk to concourse/facilities from front rows. not stated on this page. rateyourseats.com section 143 page.","HIGH - zone, rows, location and seat direction stated by the source"
144,Field Level (100s),Field and Outfield Boxes,Located along the outfield portions of the 100 Level,14,toward first base / right field,D-X,X,"Stairway aisles run along both side edges of the section; rows are not split by a mid-row aisle, so seat numbers run continuously from one side aisle to the other. The entry portal is at row X.","Facing the field, seat 1 is on your left. That puts seat 1 on the edge facing section 143, with seat numbers counting up toward the edge facing section 145. Seat 1 is the end of the row closest to home plate, and higher seat numbers run away from home plate.",not published,Entrance to the section is located at Row X. right field line receives heavy sun during afternoon games. sections 140-144 noted as good chances. Royals bullpen near Section 148; visiting bullpen near Section 107. Protective netting in front may slightly impact views for some seats. not stated. rateyourseats.com section 144 page.,"HIGH - zone, rows, location and seat direction stated by the source"
145,Field Level (100s),Field and Outfield Boxes,Located along the outfield portions of the 100 Level,15,toward first base / right field,E-X,X,"Stairway aisles run along both side edges of the section; rows are not split by a mid-row aisle, so seat numbers run continuously from one side aisle to the other. The entry portal is at row X.","Facing the field, seat 1 is on your left. That puts seat 1 on the edge facing section 144, with seat numbers counting up toward the edge facing section 146. Seat 1 is the end of the row closest to home plate, and higher seat numbers run away from home plate.",not published,"Entrance to the section is located at Row X. ""Seats down the right field line receive heavy sun during afternoon games."" Royals bullpen near Section 148; visiting bullpen near Section 107. Foul ball chances better in sections 111-115 and 140-144. Protective netting may slightly impact views for seats directly behind it. not stated. rateyourseats.com section 145 page.","HIGH - zone, rows, location and seat direction stated by the source"
146,Field Level (100s),Field and Outfield Boxes,Located along the outfield portions of the 100 Level,16,toward first base / right field,G-X,UNKNOWN,"Stairway aisles run along both side edges of the section; rows are not split by a mid-row aisle, so seat numbers run continuously from one side aisle to the other. The entry portal row is not published for this section.","Facing the field, seat 1 is on your left. That puts seat 1 on the edge facing section 145, with seat numbers counting up toward the edge facing section 147. Seat 1 is the end of the row closest to home plate, and higher seat numbers run away from home plate.",not published,"""Seats down the right field line receive heavy sun during afternoon games."" Royals bullpen situated near Section 148; visiting bullpen near Section 107. sections 140-144 provide better chances than this section. Protective netting may slightly impact views for seats behind it. Front rows are a longer walk from the concourse. not stated. rateyourseats.com section 146 page.","HIGH - zone, rows, location and seat direction stated by the source"
147,Field Level (100s),Field and Outfield Boxes,"Located along the outfield portions of the 100 Level""; provides ""lower-level seating along the baselines and outfield corners",17,toward first base / right field,"J-U, VWC-X",UNKNOWN,"Stairway aisles run along both side edges of the section; rows are not split by a mid-row aisle, so seat numbers run continuously from one side aisle to the other. The entry portal row is not published for this section.","Facing the field, seat 1 is on your left. That puts seat 1 on the edge facing section 146, with seat numbers counting up toward the edge facing section 148. Seat 1 is the end of the row closest to home plate, and higher seat numbers run away from home plate.",not published,wheelchair seating available behind Row U (row label VWC appears in the row range). heavy sun exposure during afternoon games given the right field line location. Royals bullpen located near Section 148. Described as an affordable lower-level option closer to the field than Dugout Box seats. rateyourseats.com section 147 page.,"HIGH - zone, rows, location and seat direction stated by the source"
148,Field Level (100s),Field and Outfield Boxes,"Located along the outfield portions of the 100 Level""; on ""the Field Level at Kauffman Stadium",18,toward first base / right field,"J-U, VWC-X",UNKNOWN,"Stairway aisles run along both side edges of the section; rows are not split by a mid-row aisle, so seat numbers run continuously from one side aisle to the other. The entry portal row is not published for this section.","Facing the field, seat 1 is on your left. That puts seat 1 on the edge facing section 147, with seat numbers counting up toward the edge facing section 150. Seat 1 is the end of the row closest to home plate, and higher seat numbers run away from home plate.",not published,"the Royals bullpen is located nearby (rateyourseats repeatedly places the Royals bullpen ""near Section 148""). wheelchair seating available behind Row U (row label VWC). heavy sun exposure during afternoon games down the right field line. Front rows are a longer walk from the concourse. rateyourseats.com section 148 page.","HIGH - zone, rows, location and seat direction stated by the source"
150,Field Level (100s),Field/Plaza Outfield,sections 150-152 are behind the Royals bullpen,19,toward first base / right field,A-D,UNKNOWN,"Stairway aisles run along both side edges of the section; rows are not split by a mid-row aisle, so seat numbers run continuously from one side aisle to the other. The entry portal row is not published for this section.","Facing the field, seat 1 is on your left. That puts seat 1 on the edge facing section 148, with seat numbers counting up toward the edge facing section 151. Seat 1 is the end of the row closest to home plate, and higher seat numbers run away from home plate.",not published,"behind the Royals bullpen. ""Avoid 150-152 and 250-252 during evening games as the sun will be directly in your eyes."" Recommended for visiting team fans. rateyourseats.com section 150 page.","HIGH - zone, rows, location and seat direction stated by the source"
151,Field Level (100s),not named by the source,"""Behind the Royals bullpen"" in right field",20,toward first base / right field,A-D,UNKNOWN,"Stairway aisles run along both side edges of the section; rows are not split by a mid-row aisle, so seat numbers run continuously from one side aisle to the other. The entry portal row is not published for this section.","Facing the field, seat 1 is on your left. That puts seat 1 on the edge facing section 150, with seat numbers counting up toward the edge facing section 152. Seat 1 is the end of the row closest to home plate, and higher seat numbers run away from home plate.",not published,"behind the Royals bullpen in right field. ""Avoid 150-152 and 250-252 during evening games as the sun will be directly in your eyes."" Recommended for visiting team fans. Zone/ticket category name not specified on the page. Wheelchair/accessible rows not mentioned. rateyourseats.com section 151 page.","MEDIUM - rows confirmed, ticket zone not named by the source"
152,Field Level (100s),not named by the source,"""behind the Royals bullpen"" - the page notes these are ""sections 150-152"" located behind the Royals bullpen, in the outfield area",21,toward first base / right field,A-D,UNKNOWN,"Stairway aisles run along both side edges of the section; rows are not split by a mid-row aisle, so seat numbers run continuously from one side aisle to the other. The entry portal row is not published for this section.","Facing the field, seat 1 is on your left. That puts seat 1 on the edge facing section 151, with seat numbers counting up toward the far edge of the section, with no further section beyond it on that side. Seat 1 is the end of the row closest to home plate, and higher seat numbers run away from home plate.",not published,"behind the Royals bullpen. avoid during evening games, ""the sun will be directly in your eyes."" Recommended for visiting team fans; close to the field with opportunities to interact with players during warm-ups. Zone/ticket category name not specified on the page. Accessible rows not mentioned. rateyourseats.com section 152 page.","MEDIUM - rows confirmed, ticket zone not named by the source"
201,Plaza Level (200s),Fountain Seats,"Located in the left-center field area near the fountains, one of the most recognizable features of Kauffman Stadium.",20,toward third base / left field,A-J,J,"Stairway aisles run along both side edges of the section; rows are not split by a mid-row aisle, so seat numbers run continuously from one side aisle to the other. The entry portal is at row J.","Facing the field, seat 1 is on your left. That puts seat 1 on the far edge of the section, with no further section beyond it on that side, with seat numbers counting up toward the edge facing section 202. Seat 1 is the end of the row farthest from home plate, and higher seat numbers run back toward home plate.",not published,"""An entrance to this section is located at Row J."" Rows F-K noted as a ""Top Pick for Outstanding Convenience"" (note: page lists rows A-J but recommends F-K; discrepancy is on the source page). Fans may experience cool mist from the fountains on warm days; the nearby Fountain Bar can become crowded during sold-out games. rateyourseats.com section 201 page.","HIGH - zone, rows, location and seat direction stated by the source"
202,Plaza Level (200s),Fountain Seats,"Located in the left-center field area near the fountains, one of the most recognizable features of Kauffman Stadium.",19,toward third base / left field,A-J,J,"Stairway aisles run along both side edges of the section; rows are not split by a mid-row aisle, so seat numbers run continuously from one side aisle to the other. The entry portal is at row J.","Facing the field, seat 1 is on your left. That puts seat 1 on the edge facing section 201, with seat numbers counting up toward the edge facing section 203. Seat 1 is the end of the row farthest from home plate, and higher seat numbers run back toward home plate.",not published,Row J has an entrance to this section. Rows F-K recommended for outstanding convenience. Fans may feel cool mist from the fountains on warm days. The Fountain Bar is located nearby (at Section 202) and can become crowded during sold-out games. rateyourseats.com section 202 page.,"HIGH - zone, rows, location and seat direction stated by the source"
203,Plaza Level (200s),Fountain Seats,"Located near the iconic fountains in center field""; also ""in the left-center field area near the fountains",18,toward third base / left field,A-K,J,"Stairway aisles run along both side edges of the section; rows are not split by a mid-row aisle, so seat numbers run continuously from one side aisle to the other. The entry portal is at row J.","Facing the field, seat 1 is on your left. That puts seat 1 on the edge facing section 202, with seat numbers counting up toward the edge facing section 206. Seat 1 is the end of the row farthest from home plate, and higher seat numbers run back toward home plate.",not published,Rows F-K recommended for outstanding convenience. Fans sit just steps from the stadium's signature water display. View toward home plate is farther than most seating sections. On warm days fans may experience cool mist from the fountains. Nearby Fountain Bar located at Section 202. rateyourseats.com section 203 page.,"HIGH - zone, rows, location and seat direction stated by the source"
206,Plaza Level (200s),Plaza Level,"Sections in the 200s that ""sit farther down the baselines"", positioned along the outfield corners, offering ""better angles toward home plate than many comparable sections farther up the stadium""",17,toward third base / left field,AA-TT,TT,"Stairway aisles run along both side edges of the section; rows are not split by a mid-row aisle, so seat numbers run continuously from one side aisle to the other. The entry portal is at row TT.","Facing the field, seat 1 is on your left. That puts seat 1 on the edge facing section 203, with seat numbers counting up toward the edge facing section 207. Seat 1 is the end of the row farthest from home plate, and higher seat numbers run back toward home plate.",not published,"Section 206 cited as an example of Plaza Level seats ""down the line"" that provide good value; sits ""closer to the outfield corners"" but with improved sightlines vs. similar-distance sections. part of the left field side, which typically has ""the sun behind them during late afternoon and evening games."" rateyourseats.com section 206 page.","HIGH - zone, rows, location and seat direction stated by the source"
207,Plaza Level (200s),Plaza Level,"Seating that sits ""farther down the baselines""; ""Sections 206-207 or 248-249 can be a good value. While they sit closer to the outfield corners.""",16,toward third base / left field,AA-TT,TT,"Stairway aisles run along both side edges of the section; rows are not split by a mid-row aisle, so seat numbers run continuously from one side aisle to the other. The entry portal is at row TT.","Facing the field, seat 1 is on your left. That puts seat 1 on the edge facing section 206, with seat numbers counting up toward the edge facing section 208. Seat 1 is the end of the row farthest from home plate, and higher seat numbers run back toward home plate.",not published,"""An entrance to this section is located at Row TT."" More affordable than Field Level alternatives; seats ""sit closer to the outfield corners"" but ""often provide better angles toward home plate than many comparable sections farther up the stadium."" rateyourseats.com section 207 page.","HIGH - zone, rows, location and seat direction stated by the source"
208,Plaza Level (200s),Plaza Level,"Part of the Plaza Level, which sits ""directly above the Field Level""; one of the lower-bowl sections labeled in the 200s",15,toward third base / left field,AA-TT,TT,"Stairway aisles run along both side edges of the section; rows are not split by a mid-row aisle, so seat numbers run continuously from one side aisle to the other. The entry portal is at row TT.","Facing the field, seat 1 is on your left. That puts seat 1 on the edge facing section 207, with seat numbers counting up toward the edge facing section 209. Seat 1 is the end of the row farthest from home plate, and higher seat numbers run back toward home plate.",not published,"""Rows SS and above receive shade during most late afternoon games""; page flags ""Afternoon Shade in Select Rows."" rateyourseats.com section 208 page.","HIGH - zone, rows, location and seat direction stated by the source"
209,Plaza Level (200s),Plaza Level,"Plaza Level sections ""sit directly above the Field Level seats""; ""These sections are labeled in the 200s and wrap around the lower seating bowl.""",14,toward third base / left field,AA-TT,TT,"Stairway aisles run along both side edges of the section; rows are not split by a mid-row aisle, so seat numbers run continuously from one side aisle to the other. The entry portal is at row TT.","Facing the field, seat 1 is on your left. That puts seat 1 on the edge facing section 208, with seat numbers counting up toward the edge facing section 210. Seat 1 is the end of the row farthest from home plate, and higher seat numbers run back toward home plate.",not published,"""Rows NN & Above - Covered""; ""Rows NN and above are under cover."" rateyourseats.com section 209 page.","HIGH - zone, rows, location and seat direction stated by the source"
210,Plaza Level (200s),Plaza Level,"""directly above the Field Level seats"" on the second level, wrapping around the lower seating bowl",13,toward third base / left field,AA-TT,AA and TT (entrances located at both),"Stairway aisles run along both side edges of the section; rows are not split by a mid-row aisle, so seat numbers run continuously from one side aisle to the other. The entry portal is at row AA and TT (entrances located at both).","Facing the field, seat 1 is on your left. That puts seat 1 on the edge facing section 209, with seat numbers counting up toward the edge facing section 211. Seat 1 is the end of the row farthest from home plate, and higher seat numbers run back toward home plate.",not published,rows NN and above are covered. Rows PP-TT recommended for outstanding convenience. fans in the very last rows of Dugout Plaza sections may find the overhang slightly blocks high popups or fly balls. left field side seats have the sun behind them during late afternoon/evening games; right field side receives more direct sun during day games. Accessible rows not stated. rateyourseats.com section 210 page.,"HIGH - zone, rows, location and seat direction stated by the source"
211,Plaza Level (200s),Plaza Level,"""200-Level Seating: Plaza Level sections are labeled in the 200s and sit directly above the Field Level seats."" aviewfrommyseat: ""along the 3rd base line""",12,toward third base / left field,"AA-RRWC (per aviewfrommyseat, which lists first row AA and last row RRWC); rateyourseats does not state a complete row range for this section, referencing only Rows AA, FF, NN and PP-TT",UNKNOWN,"Stairway aisles run along both side edges of the section; rows are not split by a mid-row aisle, so seat numbers run continuously from one side aisle to the other. The entry portal row is not published for this section.","Facing the field, seat 1 is on your left. That puts seat 1 on the edge facing section 210, with seat numbers counting up toward the edge facing section 212. Seat 1 is the end of the row farthest from home plate, and higher seat numbers run back toward home plate.",not published,"rateyourseats does not state a seat direction or entrance row for 211 and gives no complete row range; primary row data taken from the aviewfrommyseat fallback page (first row AA, last row RRWC). ""Rows PP and above are shaded during most day games""; an aviewfrommyseat reviewer notes ""Actually in the shade by 6 PM this in mid-May."" Rows PP-TT recommended for outstanding convenience. rateyourseats also states ""Seats and rows are not assigned and are first-come, first-serve"" (general admission) - this conflicts with the lettered-row data and is recorded as-stated, unverified. aviewfrommyseat tags rows in this section with a wheelchair ""is accessible"" symbol and the RRWC row label implies wheelchair-accessible row; some seats tagged ""has extra leg room"" and ""is on the aisle.""","HIGH - zone, rows, location and seat direction stated by the source"
212,Plaza Level (200s),Plaza Level,200-Level Seating: Plaza Level sections are labeled in the 200s and sit directly above the Field Level seats.,11,toward third base / left field,AA-TT,TT,"Stairway aisles run along both side edges of the section; rows are not split by a mid-row aisle, so seat numbers run continuously from one side aisle to the other. The entry portal is at row TT.","Facing the field, seat 1 is on your left. That puts seat 1 on the edge facing section 211, with seat numbers counting up toward the edge facing section 213. Seat 1 is the end of the row farthest from home plate, and higher seat numbers run back toward home plate.",not published,"""Rows NN and above are under cover."" Rows PP-TT recommended for outstanding convenience.","HIGH - zone, rows, location and seat direction stated by the source"
213,Plaza Level (200s),Plaza Level,"Plaza Level sections ""are labeled in the 200s and wrap around the lower seating bowl from foul pole to foul pole""; sit ""directly above the Field Level seats""",10,toward third base / left field,AA-TT,TT,"Stairway aisles run along both side edges of the section; rows are not split by a mid-row aisle, so seat numbers run continuously from one side aisle to the other. The entry portal is at row TT.","Facing the field, seat 1 is on your left. That puts seat 1 on the edge facing section 212, with seat numbers counting up toward the edge facing section 214. Seat 1 is the end of the row farthest from home plate, and higher seat numbers run back toward home plate.",not published,"""Rows NN and above are under cover."" Rows PP-TT recommended for ""outstanding convenience."" fans in the final rows may find ""the overhang slightly blocks high popups or fly balls.""","HIGH - zone, rows, location and seat direction stated by the source"
214,Plaza Level (200s),Plaza Level,"directly above the Field Level (100 sections)""; Plaza sections ""wrap around the lower seating bowl from foul pole to foul pole",9,toward third base / left field,AA-TT,TT,"Stairway aisles run along both side edges of the section; rows are not split by a mid-row aisle, so seat numbers run continuously from one side aisle to the other. The entry portal is at row TT.","Facing the field, seat 1 is on your left. That puts seat 1 on the edge facing section 213, with seat numbers counting up toward the edge facing section 215. Seat 1 is the end of the row farthest from home plate, and higher seat numbers run back toward home plate.",not published,"Rows LL and above are covered; page groups this section with Dugout Plaza sections (216-239) that ""sit beneath the stadium overhang, making them some of the best shaded seats."" fans in the very last rows may find the overhang ""slightly blocks high popups or fly balls."" Rows PP-TT recommended for outstanding convenience; Rows LL-TT recommended for kids and families.","HIGH - zone, rows, location and seat direction stated by the source"
215,Plaza Level (200s),Plaza Level,"Directly above the Field Level (100 sections)""; Plaza sections ""labeled in the 200s and wrap around the lower seating bowl from foul pole to foul pole",8,toward third base / left field,AA-TT,TT,"Stairway aisles run along both side edges of the section; rows are not split by a mid-row aisle, so seat numbers run continuously from one side aisle to the other. The entry portal is at row TT.","Facing the field, seat 1 is on your left. That puts seat 1 on the edge facing section 214, with seat numbers counting up toward the edge facing section 216. Seat 1 is the end of the row farthest from home plate, and higher seat numbers run back toward home plate.",not published,"Rows LL and above are covered; a reviewer in Row AA reported shade by the end of a day game. there is a ""walkway right in front,"" but the section is ""set up higher than the walkway so there is no obstructions except for the occasional cotton candy vendor.""","HIGH - zone, rows, location and seat direction stated by the source"
216,Plaza Level (200s),Dugout Plaza,"Plaza Level sections are labeled in the 200s and sit directly above the Field Level seats""; Dugout Plaza sections 216-239 sit ""near the infield",7,toward third base / left field,AA-TT,TT,"Stairway aisles run along both side edges of the section; rows are not split by a mid-row aisle, so seat numbers run continuously from one side aisle to the other. The entry portal is at row TT.","Facing the field, seat 1 is on your left. That puts seat 1 on the edge facing section 215, with seat numbers counting up toward the edge facing section 217. Seat 1 is the end of the row farthest from home plate, and higher seat numbers run back toward home plate.",not published,"Rows LL and above are covered; ""Dugout Plaza sections (216-239) offer some of the best shaded seats."" ""Fans seated in the very last rows may find that the overhang slightly blocks high popups or fly balls.""","HIGH - zone, rows, location and seat direction stated by the source"
217,Plaza Level (200s),Dugout Plaza,200-Level Seating: Plaza Level sections are labeled in the 200s and sit directly above the Field Level seats.,6,toward third base / left field,AA-TT,TT,"Stairway aisles run along both side edges of the section; rows are not split by a mid-row aisle, so seat numbers run continuously from one side aisle to the other. The entry portal is at row TT.","Facing the field, seat 1 is on your left. That puts seat 1 on the edge facing section 216, with seat numbers counting up toward the edge facing section 218. Seat 1 is the end of the row farthest from home plate, and higher seat numbers run back toward home plate.",not published,Rows LL and above are covered/under the overhang; left field side seats typically have the sun behind them during late afternoon and evening games. fans in the very last rows may find the overhang slightly blocks high popups or fly balls.,"HIGH - zone, rows, location and seat direction stated by the source"
218,Plaza Level (200s),Dugout Plaza,"directly above the Field Level seats""; Plaza sections ""labeled in the 200s and wrap around the lower seating bowl from foul pole to foul pole",5,toward third base / left field,AA-TT,AA and TT,"Stairway aisles run along both side edges of the section; rows are not split by a mid-row aisle, so seat numbers run continuously from one side aisle to the other. The entry portal is at row AA and TT.","Facing the field, seat 1 is on your left. That puts seat 1 on the edge facing section 217, with seat numbers counting up toward the edge facing section 219. Seat 1 is the end of the row farthest from home plate, and higher seat numbers run back toward home plate.",not published,"""Rows LL and above are under cover."" Left field side seats have ""sun behind them during late afternoon and evening games""; right field side seats ""tend to receive more direct sun exposure during day games."" fans in the very last rows may find ""the overhang slightly blocks high popups or fly balls.""","HIGH - zone, rows, location and seat direction stated by the source"
219,Plaza Level (200s),Dugout Plaza,200-Level Seating: Plaza Level sections are labeled in the 200s and sit directly above the Field Level seats.,4,toward third base / left field,AA-TT,AA and TT,"Stairway aisles run along both side edges of the section; rows are not split by a mid-row aisle, so seat numbers run continuously from one side aisle to the other. The entry portal is at row AA and TT.","Facing the field, seat 1 is on your left. That puts seat 1 on the edge facing section 218, with seat numbers counting up toward the edge facing section 221. Seat 1 is the end of the row farthest from home plate, and higher seat numbers run back toward home plate.",not published,Rows LL and above are covered. Left field side seats typically have the sun behind them during late afternoon/evening games; right field side seats receive more direct sun during day games. fans in the very last rows may find that the overhang slightly blocks high popups or fly balls.,"HIGH - zone, rows, location and seat direction stated by the source"
221,Plaza Level (200s),Dugout Plaza,200-Level Seating: Plaza Level sections are labeled in the 200s and sit directly above the Field Level seats.,3,toward third base / left field,AA-TT,TT,"Stairway aisles run along both side edges of the section; rows are not split by a mid-row aisle, so seat numbers run continuously from one side aisle to the other. The entry portal is at row TT.","Facing the field, seat 1 is on your left. That puts seat 1 on the edge facing section 219, with seat numbers counting up toward the edge facing section 223. Seat 1 is the end of the row farthest from home plate, and higher seat numbers run back toward home plate.",not published,Rows LL and above are covered. Sun exposure for this specific section,"HIGH - zone, rows, location and seat direction stated by the source"
223,Plaza Level (200s),Dugout Plaza,"directly above the Field Level seats""; part of ""Dugout Plaza sections (216-239)",2,toward third base / left field,AA-TT,TT,"Stairway aisles run along both side edges of the section; rows are not split by a mid-row aisle, so seat numbers run continuously from one side aisle to the other. The entry portal is at row TT.","Facing the field, seat 1 is on your left. That puts seat 1 on the edge facing section 221, with seat numbers counting up toward the edge facing section 224. Seat 1 is the end of the row farthest from home plate, and higher seat numbers run back toward home plate.",not published,"the last five rows (PP-TT) are covered by the overhang and Rows LL and above are covered, providing protection from rain and sun. Rows LL-TT recommended for kids and families. ""fans seated in the very last rows may find that the overhang slightly blocks high popups or fly balls.""","HIGH - zone, rows, location and seat direction stated by the source"
224,Plaza Level (200s),Dugout Plaza,"directly above the Field Level seats""; part of sections ""216-239"" that sit ""near the infield",1,toward third base / left field,AA-TT,TT,"Stairway aisles run along both side edges of the section; rows are not split by a mid-row aisle, so seat numbers run continuously from one side aisle to the other. The entry portal is at row TT.","Facing the field, seat 1 is on your left. That puts seat 1 on the edge facing section 223, with seat numbers counting up toward the edge facing section 225. Seat 1 is the end of the row farthest from home plate, and higher seat numbers run back toward home plate.",not published,"""Rows LL and above are under cover""; section sits ""beneath the stadium overhang, making them some of the best shaded seats."" ""fans seated in the very last rows may find that the overhang slightly blocks high popups or fly balls."" ""Rows LL-TT are recommended for kids and family.""","HIGH - zone, rows, location and seat direction stated by the source"
225,Plaza Level (200s),Dugout Plaza,"directly above the Field Level (100 sections)""; Plaza sections ""wrap around the lower seating bowl from foul pole to foul pole",0,behind home plate,AA-TT,TT,"Stairway aisles run along both side edges of the section; rows are not split by a mid-row aisle, so seat numbers run continuously from one side aisle to the other. The entry portal is at row TT.","Facing the field, seat 1 is on your left. That puts seat 1 on the edge facing section 224, with seat numbers counting up toward the edge facing section 230. This section is behind home plate, so seat 1 is on its third-base side.",not published,"Rows LL and above are covered; section is within Dugout Plaza sections (216-239), which sit ""beneath the stadium overhang, making them some of the best shaded seats in the lower seating bowl."" fans in the ""very last rows may find that the overhang slightly blocks high popups or fly balls.""","HIGH - zone, rows, location and seat direction stated by the source"
230,Plaza Level (200s),Dugout Plaza,"directly above the Field Level seats""; Plaza sections ""labeled in the 200s and wrap around the lower seating bowl from foul pole to foul pole",0,behind home plate,AA-TT,TT,"Stairway aisles run along both side edges of the section; rows are not split by a mid-row aisle, so seat numbers run continuously from one side aisle to the other. The entry portal is at row TT.","Facing the field, seat 1 is on your left. That puts seat 1 on the edge facing section 225, with seat numbers counting up toward the edge facing section 231. This section is behind home plate, so seat 1 is on its third-base side.",not published,"Rows LL and above are covered; section sits ""beneath the stadium overhang, making them some of the best shaded seats in the lower seating bowl."" ""Fans seated in the very last rows may find that the overhang slightly blocks high popups or fly balls.""","HIGH - zone, rows, location and seat direction stated by the source"
231,Plaza Level (200s),Dugout Plaza,"directly above the Field Level seats""; Plaza sections ""wrap around the lower seating bowl from foul pole to foul pole",1,toward first base / right field,AA-TT,TT,"Stairway aisles run along both side edges of the section; rows are not split by a mid-row aisle, so seat numbers run continuously from one side aisle to the other. The entry portal is at row TT.","Facing the field, seat 1 is on your left. That puts seat 1 on the edge facing section 230, with seat numbers counting up toward the edge facing section 232. Seat 1 is the end of the row closest to home plate, and higher seat numbers run away from home plate.",not published,"Rows LL and above are covered; ""beneath the stadium overhang, making them some of the best shaded seats in the lower seating bowl."" fans in the very last rows may find the overhang slightly blocks high popups or fly balls.","HIGH - zone, rows, location and seat direction stated by the source"
232,Plaza Level (200s),Dugout Plaza,Sections 216 through 239 are known as Dugout Plaza seats. These sections sit near the infield and are considered some of the best seats on the Plaza Level.,2,toward first base / right field,AA-TT,TT,"Stairway aisles run along both side edges of the section; rows are not split by a mid-row aisle, so seat numbers run continuously from one side aisle to the other. The entry portal is at row TT.","Facing the field, seat 1 is on your left. That puts seat 1 on the edge facing section 231, with seat numbers counting up toward the edge facing section 234. Seat 1 is the end of the row closest to home plate, and higher seat numbers run away from home plate.",not published,"Rows LL and above are covered; section sits ""beneath the stadium overhang, making them some of the best shaded seats in the lower seating bowl."" fans in the very last rows may find that ""the overhang slightly blocks high popups or fly balls""; one Row SS reviewer wrote ""Slightly obstructed but ticket doesnt say that.""","HIGH - zone, rows, location and seat direction stated by the source"
234,Plaza Level (200s),Dugout Plaza,"directly above the Field Level (100 sections)""; Plaza sections ""wrap around the lower seating bowl from foul pole to foul pole",3,toward first base / right field,AA-TT,TT,"Stairway aisles run along both side edges of the section; rows are not split by a mid-row aisle, so seat numbers run continuously from one side aisle to the other. The entry portal is at row TT.","Facing the field, seat 1 is on your left. That puts seat 1 on the edge facing section 232, with seat numbers counting up toward the edge facing section 236. Seat 1 is the end of the row closest to home plate, and higher seat numbers run away from home plate.",not published,"Rows LL and above are covered; part of Dugout Plaza, positioned ""beneath the stadium overhang, making them some of the best shaded seats in the lower seating bowl."" ""fans seated in the very last rows may find that the overhang slightly blocks high popups or fly balls.""","HIGH - zone, rows, location and seat direction stated by the source"
236,Plaza Level (200s),Dugout Plaza,"Sections are labeled in the 200s and sit directly above the Field Level seats""; Dugout Plaza sections 216-239 sit ""near the infield",4,toward first base / right field,AA-TT,AA and TT,"Stairway aisles run along both side edges of the section; rows are not split by a mid-row aisle, so seat numbers run continuously from one side aisle to the other. The entry portal is at row AA and TT.","Facing the field, seat 1 is on your left. That puts seat 1 on the edge facing section 234, with seat numbers counting up toward the edge facing section 237. Seat 1 is the end of the row closest to home plate, and higher seat numbers run away from home plate.",not published,"Rows LL and above are covered; ""beneath the stadium overhang, making them some of the best shaded seats in the lower seating bowl."" fans in the very last rows may find the overhang slightly blocks high popups or fly balls. Rows AA-EE recommended for outstanding convenience.","HIGH - zone, rows, location and seat direction stated by the source"
237,Plaza Level (200s),Dugout Plaza,"located directly above the Field Level"" and Dugout Plaza sections (216-239) ""sit near the infield",5,toward first base / right field,AA-TT,AA and TT,"Stairway aisles run along both side edges of the section; rows are not split by a mid-row aisle, so seat numbers run continuously from one side aisle to the other. The entry portal is at row AA and TT.","Facing the field, seat 1 is on your left. That puts seat 1 on the edge facing section 236, with seat numbers counting up toward the edge facing section 238. Seat 1 is the end of the row closest to home plate, and higher seat numbers run away from home plate.",not published,"Rows LL and above are covered; sections 216-239 sit ""beneath the stadium overhang, making them some of the best shaded seats in the lower seating bowl."" fans in ""very last rows may find that the overhang slightly blocks high popups or fly balls."" Rows AA-EE and Rows PP-TT recommended for outstanding convenience.","HIGH - zone, rows, location and seat direction stated by the source"
238,Plaza Level (200s),Dugout Plaza,"Dugout Plaza sections ""sit directly above the Field Level seats"" and sit near the infield",6,toward first base / right field,AA-TT,TT,"Stairway aisles run along both side edges of the section; rows are not split by a mid-row aisle, so seat numbers run continuously from one side aisle to the other. The entry portal is at row TT.","Facing the field, seat 1 is on your left. That puts seat 1 on the edge facing section 237, with seat numbers counting up toward the edge facing section 239. Seat 1 is the end of the row closest to home plate, and higher seat numbers run away from home plate.",not published,"Rows LL and above are covered; sections placed ""beneath the stadium overhang, making them some of the best shaded seats."" ""Fans seated in the very last rows may find that the overhang slightly blocks high popups or fly balls."" Rows PP-TT recommended for ""outstanding convenience.""","HIGH - zone, rows, location and seat direction stated by the source"
239,Plaza Level (200s),Dugout Plaza,"Dugout Plaza sections ""sit near the infield"" and ""beneath the stadium overhang""",7,toward first base / right field,AA-TT,TT,"Stairway aisles run along both side edges of the section; rows are not split by a mid-row aisle, so seat numbers run continuously from one side aisle to the other. The entry portal is at row TT.","Facing the field, seat 1 is on your left. That puts seat 1 on the edge facing section 238, with seat numbers counting up toward the edge facing section 240. Seat 1 is the end of the row closest to home plate, and higher seat numbers run away from home plate.",not published,"Rows LL and above are covered; Rows PP-TT recommended for ""outstanding convenience."" ""fans seated in the very last rows may find that the overhang slightly blocks high popups or fly balls.""","HIGH - zone, rows, location and seat direction stated by the source"
240,Plaza Level (200s),Plaza Level,not stated by the source,8,toward first base / right field,AA-TT,TT,"Stairway aisles run along both side edges of the section; rows are not split by a mid-row aisle, so seat numbers run continuously from one side aisle to the other. The entry portal is at row TT.","Facing the field, seat 1 is on your left. That puts seat 1 on the edge facing section 239, with seat numbers counting up toward the edge facing section 241. Seat 1 is the end of the row closest to home plate, and higher seat numbers run away from home plate.",not published,"Rows LL and above are covered. Rows PP-TT recommended for outstanding convenience. Page states of the Dugout Plaza area (sections 216-239): ""Fans seated in the very last rows may find that the overhang slightly blocks high popups or fly balls"". Location quote on page refers to ""Sections 216 through 239 are known as Dugout Plaza seats"", a range that does not include 240, so no section-specific location recorded.","MEDIUM - rows and zone confirmed, the source does not place this section"
241,Plaza Level (200s),Plaza Level,These sections are labeled in the 200s and wrap around the lower seating bowl from foul pole to foul pole.,9,toward first base / right field,AA-TT,TT,"Stairway aisles run along both side edges of the section; rows are not split by a mid-row aisle, so seat numbers run continuously from one side aisle to the other. The entry portal is at row TT.","Facing the field, seat 1 is on your left. That puts seat 1 on the edge facing section 240, with seat numbers counting up toward the edge facing section 242. Seat 1 is the end of the row closest to home plate, and higher seat numbers run away from home plate.",not published,"Rows LL and above are covered. Rows PP-TT recommended for outstanding convenience. ""fans seated in the very last rows may find that the overhang slightly blocks high popups"".","HIGH - zone, rows, location and seat direction stated by the source"
242,Plaza Level (200s),Plaza Level,The Plaza Level is located directly above the Field Level (100 sections) at Kauffman Stadium.,10,toward first base / right field,AA-TT,TT,"Stairway aisles run along both side edges of the section; rows are not split by a mid-row aisle, so seat numbers run continuously from one side aisle to the other. The entry portal is at row TT.","Facing the field, seat 1 is on your left. That puts seat 1 on the edge facing section 241, with seat numbers counting up toward the edge facing section 243. Seat 1 is the end of the row closest to home plate, and higher seat numbers run away from home plate.",not published,"Rows NN and above are covered. Rows PP-TT recommended for outstanding convenience. Page's overhang caution (""fans seated in the very last rows may find that the overhang slightly blocks high popups or fly balls"") is attached to the Dugout Plaza description of sections 216-239.","HIGH - zone, rows, location and seat direction stated by the source"
243,Plaza Level (200s),Plaza Level,not stated by the source,11,toward first base / right field,AA-TT,TT,"Stairway aisles run along both side edges of the section; rows are not split by a mid-row aisle, so seat numbers run continuously from one side aisle to the other. The entry portal is at row TT.","Facing the field, seat 1 is on your left. That puts seat 1 on the edge facing section 242, with seat numbers counting up toward the edge facing section 244. Seat 1 is the end of the row closest to home plate, and higher seat numbers run away from home plate.",not published,"Rows NN and above are under cover. Rows PP-TT recommended for ""outstanding convenience"".","MEDIUM - rows and zone confirmed, the source does not place this section"
244,Plaza Level (200s),Plaza Level,The Plaza Level is located directly above the Field Level (100 sections) at Kauffman Stadium.,12,toward first base / right field,AA-TT,AA and TT,"Stairway aisles run along both side edges of the section; rows are not split by a mid-row aisle, so seat numbers run continuously from one side aisle to the other. The entry portal is at row AA and TT.","Facing the field, seat 1 is on your left. That puts seat 1 on the edge facing section 243, with seat numbers counting up toward the edge facing section 245. Seat 1 is the end of the row closest to home plate, and higher seat numbers run away from home plate.",not published,"""Entrances to this section are located at Rows AA and TT"". Rows NN and above are under cover. Rows PP-TT recommended for outstanding convenience.","HIGH - zone, rows, location and seat direction stated by the source"
245,Plaza Level (200s),Plaza Level,not stated by the source,13,toward first base / right field,AA-TT,AA and TT,"Stairway aisles run along both side edges of the section; rows are not split by a mid-row aisle, so seat numbers run continuously from one side aisle to the other. The entry portal is at row AA and TT.","Facing the field, seat 1 is on your left. That puts seat 1 on the edge facing section 244, with seat numbers counting up toward the edge facing section 246. Seat 1 is the end of the row closest to home plate, and higher seat numbers run away from home plate.",not published,"""Entrances to this section are located at Rows AA and TT"". ""Rows NN & Above - Covered"" / ""Rows NN and above are under cover"".","MEDIUM - rows and zone confirmed, the source does not place this section"
246,Plaza Level (200s),Plaza Level,These sections are labeled in the 200s and wrap around the lower seating bowl from foul pole to foul pole.,14,toward first base / right field,AA-TT,TT,"Stairway aisles run along both side edges of the section; rows are not split by a mid-row aisle, so seat numbers run continuously from one side aisle to the other. The entry portal is at row TT.","Facing the field, seat 1 is on your left. That puts seat 1 on the edge facing section 245, with seat numbers counting up toward the edge facing section 247. Seat 1 is the end of the row closest to home plate, and higher seat numbers run away from home plate.",not published,"Rows NN and above are covered. Fan review notes ""really bad angle to home plate"" and that middle seats require turning your body to see the field.","HIGH - zone, rows, location and seat direction stated by the source"
247,Plaza Level (200s),Plaza Level,Plaza Level seats farther down the baselines offer a more affordable alternative to Field Level seats directly in front of them,15,toward first base / right field,AA-TT,TT,"Stairway aisles run along both side edges of the section; rows are not split by a mid-row aisle, so seat numbers run continuously from one side aisle to the other. The entry portal is at row TT.","Facing the field, seat 1 is on your left. That puts seat 1 on the edge facing section 246, with seat numbers counting up toward the edge facing section 248. Seat 1 is the end of the row closest to home plate, and higher seat numbers run away from home plate.",not published,"""Sections 247-249, tend to receive more direct sun exposure during day games."" ""Last row of the section so you may having Standing fans behind you.""","HIGH - zone, rows, location and seat direction stated by the source"
248,Plaza Level (200s),Plaza Level,Plaza Level seats farther down the baselines offer a more affordable alternative to Field Level seats directly in front of them,16,toward first base / right field,AA-TT,TT,"Stairway aisles run along both side edges of the section; rows are not split by a mid-row aisle, so seat numbers run continuously from one side aisle to the other. The entry portal is at row TT.","Facing the field, seat 1 is on your left. That puts seat 1 on the edge facing section 247, with seat numbers counting up toward the edge facing section 249. Seat 1 is the end of the row closest to home plate, and higher seat numbers run away from home plate.",not published,"""Sections 247-249, tend to receive more direct sun exposure during day games."" Right field line location.","HIGH - zone, rows, location and seat direction stated by the source"
249,Plaza Level (200s),Plaza Level,"Sections 247-249, tend to receive more direct sun exposure during day games",17,toward first base / right field,AA-TT,TT,"Stairway aisles run along both side edges of the section; rows are not split by a mid-row aisle, so seat numbers run continuously from one side aisle to the other. The entry portal is at row TT.","Facing the field, seat 1 is on your left. That puts seat 1 on the edge facing section 248, with seat numbers counting up toward the edge facing section 250. Seat 1 is the end of the row closest to home plate, and higher seat numbers run away from home plate.",not published,"Page also references seats ""farther down the lines such as Sections 206-207 or 248-249"" and describes them as ""closer to the outfield corners"". Receives ""more direct sun exposure during day games"".","HIGH - zone, rows, location and seat direction stated by the source"
250,Plaza Level (200s),Plaza Level,"Directly behind 150-152 are 250-252, which offer a similar experience as the seats right in front of them.",18,toward first base / right field,AA-TT,TT,"Stairway aisles run along both side edges of the section; rows are not split by a mid-row aisle, so seat numbers run continuously from one side aisle to the other. The entry portal is at row TT.","Facing the field, seat 1 is on your left. That puts seat 1 on the edge facing section 249, with seat numbers counting up toward the edge facing section 251. Seat 1 is the end of the row closest to home plate, and higher seat numbers run away from home plate.","Row AA has 14 seats, while Row MM has 25 seats in the row.","""Avoid 150-152 and 250-252 during evening games as the sun will be directly in your eyes."" Right field area sections ""tend to receive more direct sun exposure during day games"".","HIGH - zone, rows, location and seat direction stated by the source"
251,Plaza Level (200s),Plaza Level,not stated by the source,19,toward first base / right field,AA-TT,UNKNOWN,"Stairway aisles run along both side edges of the section; rows are not split by a mid-row aisle, so seat numbers run continuously from one side aisle to the other. The entry portal row is not published for this section.","Facing the field, seat 1 is on your left. That puts seat 1 on the edge facing section 250, with seat numbers counting up toward the edge facing section 252. Seat 1 is the end of the row closest to home plate, and higher seat numbers run away from home plate.",not published,"Page states ""Rows in Section 251 are labeled AA-TT""; the word ""entrance"" does not appear on the page. ""Avoid 150-152 and 250-252 during evening games as the sun will be directly in your eyes."" Recommended for visiting team fans.","MEDIUM - rows and zone confirmed, the source does not place this section"
252,Plaza Level (200s),Plaza Level,"Directly behind 150-152 are 250-252, which offer a similar experience as the seats right in front of them.",20,toward first base / right field,AA-TT,TT,"Stairway aisles run along both side edges of the section; rows are not split by a mid-row aisle, so seat numbers run continuously from one side aisle to the other. The entry portal is at row TT.","Facing the field, seat 1 is on your left. That puts seat 1 on the edge facing section 251, with seat numbers counting up toward the far edge of the section, with no further section beyond it on that side. Seat 1 is the end of the row closest to home plate, and higher seat numbers run away from home plate.",not published,"""Patio in right field blocks a large chunk of the outfield. Lower rows are less blocked."" ""Avoid 150-152 and 250-252 during evening games as the sun will be directly in your eyes."" ""Rows PP-TT are recommended for outstanding convenience"".","HIGH - zone, rows, location and seat direction stated by the source"
303,Loge Level (300s),Loge Level,These sections sit above the lower seating bowl and below the View Level,10,toward third base / left field,A-G,G,"Stairway aisles run along both side edges of the section; rows are not split by a mid-row aisle, so seat numbers run continuously from one side aisle to the other. The entry portal is at row G.","Facing the field, seat 1 is on your left. That puts seat 1 on the far edge of the section, with no further section beyond it on that side, with seat numbers counting up toward the edge facing section 304. Seat 1 is the end of the row farthest from home plate, and higher seat numbers run back toward home plate.",not published,"""All seats in this section are under cover""; ""Protected by the View Level overhang, making these some of the best shaded seats"".","HIGH - zone, rows, location and seat direction stated by the source"
304,Loge Level (300s),Loge Level,not stated by the source,9,toward third base / left field,A-G,G,"Stairway aisles run along both side edges of the section; rows are not split by a mid-row aisle, so seat numbers run continuously from one side aisle to the other. The entry portal is at row G.","Facing the field, seat 1 is on your left. That puts seat 1 on the edge facing section 303, with seat numbers counting up toward the edge facing section 305. Seat 1 is the end of the row farthest from home plate, and higher seat numbers run back toward home plate.",not published,"""All seats in this section are under cover""; ""Excellent Shade: Protected by the View Level overhang, making these some of the best shaded seats"".","MEDIUM - rows and zone confirmed, the source does not place this section"
305,Loge Level (300s),Loge Level,not stated by the source,8,toward third base / left field,A-J,J,"Stairway aisles run along both side edges of the section; rows are not split by a mid-row aisle, so seat numbers run continuously from one side aisle to the other. The entry portal is at row J.","Facing the field, seat 1 is on your left. That puts seat 1 on the edge facing section 304, with seat numbers counting up toward the edge facing section 306. Seat 1 is the end of the row farthest from home plate, and higher seat numbers run back toward home plate.",not published,"""All seats in this section are under cover""; ""Protected by the View Level overhang, making these some of the best shaded seats""; ""Recommended seating for kids and family"".","MEDIUM - rows and zone confirmed, the source does not place this section"
306,Loge Level (300s),Loge Level,These sections sit above the lower seating bowl and below the View Level,7,toward third base / left field,A-J,J,"Stairway aisles run along both side edges of the section; rows are not split by a mid-row aisle, so seat numbers run continuously from one side aisle to the other. The entry portal is at row J.","Facing the field, seat 1 is on your left. That puts seat 1 on the edge facing section 305, with seat numbers counting up toward the edge facing section 307. Seat 1 is the end of the row farthest from home plate, and higher seat numbers run back toward home plate.",not published,"All seats covered; ""Protected by the View Level overhang, making these some of the best shaded seats""; sections on the third base side ""will typically be completely shaded during late afternoon and evening games"".","HIGH - zone, rows, location and seat direction stated by the source"
307,Loge Level (300s),Loge Level,These sections sit above the lower seating bowl and below the View Level,6,toward third base / left field,A-J,J,"Stairway aisles run along both side edges of the section; rows are not split by a mid-row aisle, so seat numbers run continuously from one side aisle to the other. The entry portal is at row J.","Facing the field, seat 1 is on your left. That puts seat 1 on the edge facing section 306, with seat numbers counting up toward the edge facing section 308. Seat 1 is the end of the row farthest from home plate, and higher seat numbers run back toward home plate.",not published,"""All seats in this section are under cover""; ""Protected by the View Level overhang, making these some of the best shaded seats"".","HIGH - zone, rows, location and seat direction stated by the source"
308,Loge Level (300s),Loge Level,These sections sit above the lower seating bowl and below the View Level,5,toward third base / left field,A-J,J,"Stairway aisles run along both side edges of the section; rows are not split by a mid-row aisle, so seat numbers run continuously from one side aisle to the other. The entry portal is at row J.","Facing the field, seat 1 is on your left. That puts seat 1 on the edge facing section 307, with seat numbers counting up toward the edge facing section 309. Seat 1 is the end of the row farthest from home plate, and higher seat numbers run back toward home plate.",not published,"All seats covered. ""Seats on this level are protected by the overhang from the View Level above, making them one of the best areas in the stadium for avoiding the sun.""","HIGH - zone, rows, location and seat direction stated by the source"
309,Loge Level (300s),Loge Level,These sections sit above the lower seating bowl and below the View Level,4,toward third base / left field,A-J,J,"Stairway aisles run along both side edges of the section; rows are not split by a mid-row aisle, so seat numbers run continuously from one side aisle to the other. The entry portal is at row J.","Facing the field, seat 1 is on your left. That puts seat 1 on the edge facing section 308, with seat numbers counting up toward the edge facing section 310. Seat 1 is the end of the row farthest from home plate, and higher seat numbers run back toward home plate.",not published,"""All seats in this section are under cover""; ""Protected by the View Level overhang, making these some of the best shaded seats""; ""Top Pick for Great Views of the Field"".","HIGH - zone, rows, location and seat direction stated by the source"
310,Loge Level (300s),Loge Level,300-Level Seating: Loge Level sections are labeled in the 300s on the seating chart... sit above the lower seating bowl and below the View Level,3,toward third base / left field,A-J,J,"Stairway aisles run along both side edges of the section; rows are not split by a mid-row aisle, so seat numbers run continuously from one side aisle to the other. The entry portal is at row J.","Facing the field, seat 1 is on your left. That puts seat 1 on the edge facing section 309, with seat numbers counting up toward the edge facing section 311. Seat 1 is the end of the row farthest from home plate, and higher seat numbers run back toward home plate.",not published,"All seats in this section are under cover; Protected by the View Level overhang, making these some of the best shaded seats. Obstructed views, steepness and accessible rows","HIGH - zone, rows, location and seat direction stated by the source"
311,Loge Level (300s),Loge Level,300-Level Seating: Loge Level sections are labeled in the 300s on the seating chart; above the lower seating bowl and below the View Level,2,toward third base / left field,A-J,J,"Stairway aisles run along both side edges of the section; rows are not split by a mid-row aisle, so seat numbers run continuously from one side aisle to the other. The entry portal is at row J.","Facing the field, seat 1 is on your left. That puts seat 1 on the edge facing section 310, with seat numbers counting up toward the edge facing section 312. Seat 1 is the end of the row farthest from home plate, and higher seat numbers run back toward home plate.",not published,"An entrance to this section is located at Row J. All seats in this section are under cover; Protected by the View Level overhang. Obstructed views, steepness and accessible rows","HIGH - zone, rows, location and seat direction stated by the source"
312,Loge Level (300s),Loge Level,"above the lower seating bowl and below the View Level, creating a comfortable mid-level perspective",1,toward third base / left field,A-J,J,"Stairway aisles run along both side edges of the section; rows are not split by a mid-row aisle, so seat numbers run continuously from one side aisle to the other. The entry portal is at row J.","Facing the field, seat 1 is on your left. That puts seat 1 on the edge facing section 311, with seat numbers counting up toward the edge facing section 313. Seat 1 is the end of the row farthest from home plate, and higher seat numbers run back toward home plate.",not published,Protected by the View Level overhang; all seats in this section are under cover. Fan review notes an unrestricted view. Steepness and accessible rows,"HIGH - zone, rows, location and seat direction stated by the source"
313,Loge Level (300s),Loge Level,300-Level Seating: Loge Level sections are labeled in the 300s on the seating chart; situated above the lower seating bowl and below the View Level,0,behind home plate,A-J,J,"Stairway aisles run along both side edges of the section; rows are not split by a mid-row aisle, so seat numbers run continuously from one side aisle to the other. The entry portal is at row J.","Facing the field, seat 1 is on your left. That puts seat 1 on the edge facing section 312, with seat numbers counting up toward the edge facing section 314. This section is behind home plate, so seat 1 is on its third-base side.",not published,"All seats in this section are under cover; Protected by the View Level overhang, making these some of the best shaded seats. Obstructed views, steepness and accessible rows","HIGH - zone, rows, location and seat direction stated by the source"
314,Loge Level (300s),Loge Level,Above the lower seating bowl and below the View Level,0,behind home plate,A-J,J,"Stairway aisles run along both side edges of the section; rows are not split by a mid-row aisle, so seat numbers run continuously from one side aisle to the other. The entry portal is at row J.","Facing the field, seat 1 is on your left. That puts seat 1 on the edge facing section 313, with seat numbers counting up toward the edge facing section 315. This section is behind home plate, so seat 1 is on its third-base side.",not published,"Protected by the View Level overhang; described as one of the best shaded seats; Completely shaded during late afternoon and evening games. Obstructed views, steepness and accessible rows","HIGH - zone, rows, location and seat direction stated by the source"
315,Loge Level (300s),Loge Level,300-Level Seating: Loge Level sections are labeled in the 300s on the seating chart. These sections sit above the lower seating bowl and below the View Level,1,toward first base / right field,A-J,J,"Stairway aisles run along both side edges of the section; rows are not split by a mid-row aisle, so seat numbers run continuously from one side aisle to the other. The entry portal is at row J.","Facing the field, seat 1 is on your left. That puts seat 1 on the edge facing section 314, with seat numbers counting up toward the edge facing section 316. Seat 1 is the end of the row closest to home plate, and higher seat numbers run away from home plate.",not published,"All seats in this section are under cover; Protected by the View Level overhang, making these some of the best shaded seats. Obstructed views, steepness and accessible rows","HIGH - zone, rows, location and seat direction stated by the source"
316,Loge Level (300s),Loge Level,"These sections sit above the lower seating bowl and below the View Level, creating a comfortable mid-level perspective of the field.",2,toward first base / right field,A-J,J,"Stairway aisles run along both side edges of the section; rows are not split by a mid-row aisle, so seat numbers run continuously from one side aisle to the other. The entry portal is at row J.","Facing the field, seat 1 is on your left. That puts seat 1 on the edge facing section 315, with seat numbers counting up toward the edge facing section 317. Seat 1 is the end of the row closest to home plate, and higher seat numbers run away from home plate.",not published,"Protected by the View Level overhang, making these some of the best shaded seats; All seats in this section are under cover. Obstructed views, steepness and accessible rows","HIGH - zone, rows, location and seat direction stated by the source"
317,Loge Level (300s),Loge Level,300-Level Seating: Loge Level sections are labeled in the 300s on the seating chart; positioned above the lower seating bowl and below the View Level,3,toward first base / right field,A-J,J,"Stairway aisles run along both side edges of the section; rows are not split by a mid-row aisle, so seat numbers run continuously from one side aisle to the other. The entry portal is at row J.","Facing the field, seat 1 is on your left. That puts seat 1 on the edge facing section 316, with seat numbers counting up toward the edge facing section 318. Seat 1 is the end of the row closest to home plate, and higher seat numbers run away from home plate.",not published,"Protected by the View Level overhang, making these some of the best shaded seats; all seats in this section are under cover. Obstructed views, steepness and accessible rows","HIGH - zone, rows, location and seat direction stated by the source"
318,Loge Level (300s),Loge Level,300-Level Seating: Loge Level sections are labeled in the 300s on the seating chart; sits above the lower seating bowl and below the View Level,4,toward first base / right field,A-J,J,"Stairway aisles run along both side edges of the section; rows are not split by a mid-row aisle, so seat numbers run continuously from one side aisle to the other. The entry portal is at row J.","Facing the field, seat 1 is on your left. That puts seat 1 on the edge facing section 317, with seat numbers counting up toward the edge facing section 319. Seat 1 is the end of the row closest to home plate, and higher seat numbers run away from home plate.",not published,"All seats in this section are under cover; Protected by the View Level overhang, making these some of the best shaded seats. Obstructed views, steepness and accessible rows","HIGH - zone, rows, location and seat direction stated by the source"
319,Loge Level (300s),Loge Level,above the lower seating bowl and below the View Level,5,toward first base / right field,A-G,G,"Stairway aisles run along both side edges of the section; rows are not split by a mid-row aisle, so seat numbers run continuously from one side aisle to the other. The entry portal is at row G.","Facing the field, seat 1 is on your left. That puts seat 1 on the edge facing section 318, with seat numbers counting up toward the edge facing section 320. Seat 1 is the end of the row closest to home plate, and higher seat numbers run away from home plate.",not published,"All seats in this section are under cover; Protected by the View Level overhang, making these some of the best shaded seats. Obstructed views, steepness and accessible rows","HIGH - zone, rows, location and seat direction stated by the source"
320,Loge Level (300s),Loge Level,Loge Level at Kauffman Stadium includes all sections labeled in the 300s. These sections sit above the lower seating bowl and below the View Level,6,toward first base / right field,A-G,G,"Stairway aisles run along both side edges of the section; rows are not split by a mid-row aisle, so seat numbers run continuously from one side aisle to the other. The entry portal is at row G.","Facing the field, seat 1 is on your left. That puts seat 1 on the edge facing section 319, with seat numbers counting up toward the edge facing section 321. Seat 1 is the end of the row closest to home plate, and higher seat numbers run away from home plate.",not published,"All seats in this section are under cover; Protected by the View Level overhang, making these some of the best shaded seats. Obstructed views, steepness and accessible rows","HIGH - zone, rows, location and seat direction stated by the source"
321,Loge Level (300s),Loge Level,"Above the lower seating bowl and below the View Level, creating a comfortable mid-level perspective",7,toward first base / right field,A-J,J,"Stairway aisles run along both side edges of the section; rows are not split by a mid-row aisle, so seat numbers run continuously from one side aisle to the other. The entry portal is at row J.","Facing the field, seat 1 is on your left. That puts seat 1 on the edge facing section 320, with seat numbers counting up toward the edge facing section 322. Seat 1 is the end of the row closest to home plate, and higher seat numbers run away from home plate.",not published,"Protected by the View Level overhang; one of the best shaded seats; completely shaded during late afternoon and evening games. All seats are covered; approximately ten rows of seating; limited nearby amenities (concessions/restrooms). Obstructed views, steepness and accessible rows","HIGH - zone, rows, location and seat direction stated by the source"
322,Loge Level (300s),Lexus Complete Seats,Located in Sections 322-325 along the first base corner on the 300 level,8,toward first base / right field,A-J,J,"Stairway aisles run along both side edges of the section; rows are not split by a mid-row aisle, so seat numbers run continuously from one side aisle to the other. The entry portal is at row J.","Facing the field, seat 1 is on your left. That puts seat 1 on the edge facing section 321, with seat numbers counting up toward the edge facing section 323. Seat 1 is the end of the row closest to home plate, and higher seat numbers run away from home plate.",not published,"All seats in this section are under cover. Obstructed views, steepness and accessible rows","HIGH - zone, rows, location and seat direction stated by the source"
323,Loge Level (300s),Lexus Complete Seats,Located in Sections 322-325 along the first base corner on the 300 level,9,toward first base / right field,A-J,J,"Stairway aisles run along both side edges of the section; rows are not split by a mid-row aisle, so seat numbers run continuously from one side aisle to the other. The entry portal is at row J.","Facing the field, seat 1 is on your left. That puts seat 1 on the edge facing section 322, with seat numbers counting up toward the edge facing section 324. Seat 1 is the end of the row closest to home plate, and higher seat numbers run away from home plate.",not published,"All seats in this section are under cover. Obstructed views, steepness and accessible rows","HIGH - zone, rows, location and seat direction stated by the source"
324,Loge Level (300s),Lexus Complete Seats,Located in Sections 322-325 along the first base corner on the 300 level,10,toward first base / right field,A-J,J,"Stairway aisles run along both side edges of the section; rows are not split by a mid-row aisle, so seat numbers run continuously from one side aisle to the other. The entry portal is at row J.","Facing the field, seat 1 is on your left. That puts seat 1 on the edge facing section 323, with seat numbers counting up toward the edge facing section 325. Seat 1 is the end of the row closest to home plate, and higher seat numbers run away from home plate.",not published,Only area hard to see is the right field corner. All seats in this section are under cover; protected by the overhang from the View Level above. Steepness and accessible rows,"HIGH - zone, rows, location and seat direction stated by the source"
325,Loge Level (300s),Lexus Complete Seats,Located in Sections 322-325 along the first base corner on the 300 level,11,toward first base / right field,A-J,J,"Stairway aisles run along both side edges of the section; rows are not split by a mid-row aisle, so seat numbers run continuously from one side aisle to the other. The entry portal is at row J.","Facing the field, seat 1 is on your left. That puts seat 1 on the edge facing section 324, with seat numbers counting up toward the far edge of the section, with no further section beyond it on that side. Seat 1 is the end of the row closest to home plate, and higher seat numbers run away from home plate.",not published,"All seats are covered; Protected by the View Level overhang. Obstructed views, steepness and accessible rows","HIGH - zone, rows, location and seat direction stated by the source"
402,View Level (400s),View Level,Located on the highest seating level in the stadium; sit near the edges of the upper deck along the outfield,17,toward third base / left field,"A-H, AA-HH",H,"Stairway aisles run along both side edges of the section; rows are not split by a mid-row aisle, so seat numbers run continuously from one side aisle to the other. The entry portal is at row H.","Facing the field, seat 1 is on your left. That puts seat 1 on the far edge of the section, with no further section beyond it on that side, with seat numbers counting up toward the edge facing section 403. Seat 1 is the end of the row farthest from home plate, and higher seat numbers run back toward home plate.",not published,"Typically among the cheapest tickets in the stadium and are often sparsely filled except during major games or sellouts. Obstructed views, steepness, sun/shade and accessible rows","HIGH - zone, rows, location and seat direction stated by the source"
403,View Level (400s),View Level,Located on the highest seating level in the stadium (part of Sections 401-439),16,toward third base / left field,"A-S, AA-HH",H and J,"Stairway aisles run along both side edges of the section; rows are not split by a mid-row aisle, so seat numbers run continuously from one side aisle to the other. The entry portal is at row H and J.","Facing the field, seat 1 is on your left. That puts seat 1 on the edge facing section 402, with seat numbers counting up toward the edge facing section 404. Seat 1 is the end of the row farthest from home plate, and higher seat numbers run back toward home plate.",not published,"Access typically near Row J; fans in lower rows walk down roughly ten stairs, upper rows may walk up as many as twenty stairs. Obstructed views, sun/shade and accessible rows","HIGH - zone, rows, location and seat direction stated by the source"
404,View Level (400s),View Level,Located on the highest seating level in the stadium; part of the upper bowl,15,toward third base / left field,A-J,J,"Stairway aisles run along both side edges of the section; rows are not split by a mid-row aisle, so seat numbers run continuously from one side aisle to the other. The entry portal is at row J.","Facing the field, seat 1 is on your left. That puts seat 1 on the edge facing section 403, with seat numbers counting up toward the edge facing section 405. Seat 1 is the end of the row farthest from home plate, and higher seat numbers run back toward home plate.",not published,"Fans seated closer to Row A walk down roughly ten stairs to reach their seats from the concourse. Outfield sections noted as the least expensive seats in the stadium due to distance from home plate. Obstructed views, sun/shade and accessible rows","HIGH - zone, rows, location and seat direction stated by the source"
405,View Level (400s),View Outfield Seats,Sections 401-407 and 433-439 sit near the edges of the upper deck along the outfield; part of the View Level (highest seating tier),14,toward third base / left field,"A-S, AA-PP",J and K,"Stairway aisles run along both side edges of the section; rows are not split by a mid-row aisle, so seat numbers run continuously from one side aisle to the other. The entry portal is at row J and K.","Facing the field, seat 1 is on your left. That puts seat 1 on the edge facing section 404, with seat numbers counting up toward the edge facing section 406. Seat 1 is the end of the row farthest from home plate, and higher seat numbers run back toward home plate.",not published,Entrances to this section are located at Rows J and K. Sections 405-407 offer the best chance of being protected by the modest overhang; the modest overhang does not cover sections all the way down the line. Among the least expensive seats in the stadium. Steepness and accessible rows,"HIGH - zone, rows, location and seat direction stated by the source"
406,View Level (400s),View Outfield,"Sections 401–407 and 433–439"" sit ""near the edges of the upper deck along the outfield."" ""Sections 401–439: Located on the highest seating level in the stadium.",13,toward third base / left field,A-K,K,"Stairway aisles run along both side edges of the section; rows are not split by a mid-row aisle, so seat numbers run continuously from one side aisle to the other. The entry portal is at row K.","Facing the field, seat 1 is on your left. That puts seat 1 on the edge facing section 405, with seat numbers counting up toward the edge facing section 407. Seat 1 is the end of the row farthest from home plate, and higher seat numbers run back toward home plate.",not published,"""modest overhang that does not cover sections all the way down the line""; ""cheapest tickets will be found near sections 401 and 439"". Obstructed views, steepness and accessible rows NOT STATED.","HIGH - zone, rows, location and seat direction stated by the source"
407,View Level (400s),View Outfield,Sections 401–407 and 433–439... sit near the edges of the upper deck along the outfield.,12,toward third base / left field,"A-T, AA-TT","K and L — ""Entrances to this section are located at Rows K and L""","Stairway aisles run along both side edges of the section; rows are not split by a mid-row aisle, so seat numbers run continuously from one side aisle to the other. The entry portal is at row K and L — ""Entrances to this section are located at Rows K and L"".","Facing the field, seat 1 is on your left. That puts seat 1 on the edge facing section 406, with seat numbers counting up toward the edge facing section 408. Seat 1 is the end of the row farthest from home plate, and higher seat numbers run back toward home plate.",not published,"""modest overhang that does not cover sections all the way down the line"". Obstructed views, steepness, sun/shade specifics and accessible rows NOT STATED.","HIGH - zone, rows, location and seat direction stated by the source"
408,View Level (400s),View Box,Sections 401–439: Located on the highest seating level in the stadium.,11,toward third base / left field,A-L,L,"Stairway aisles run along both side edges of the section; rows are not split by a mid-row aisle, so seat numbers run continuously from one side aisle to the other. The entry portal is at row L.","Facing the field, seat 1 is on your left. That puts seat 1 on the edge facing section 407, with seat numbers counting up toward the edge facing section 409. Seat 1 is the end of the row farthest from home plate, and higher seat numbers run back toward home plate.",not published,,"HIGH - zone, rows, location and seat direction stated by the source"
409,View Level (400s),View Box,Sections 401–439: Located on the highest seating level in the stadium.,10,toward third base / left field,"A-V, AA-WW",L,"Stairway aisles run along both side edges of the section; rows are not split by a mid-row aisle, so seat numbers run continuously from one side aisle to the other. The entry portal is at row L.","Facing the field, seat 1 is on your left. That puts seat 1 on the edge facing section 408, with seat numbers counting up toward the edge facing section 410. Seat 1 is the end of the row farthest from home plate, and higher seat numbers run back toward home plate.",not published,"in Row A ""the metal pipe guard rail can block your view"". ""Rows MM and above are under cover"". Steepness and accessible rows NOT STATED.","HIGH - zone, rows, location and seat direction stated by the source"
410,View Level (400s),View Box,Sections 401–439: Located on the highest seating level in the stadium.,9,toward third base / left field,A-L,L,"Stairway aisles run along both side edges of the section; rows are not split by a mid-row aisle, so seat numbers run continuously from one side aisle to the other. The entry portal is at row L.","Facing the field, seat 1 is on your left. That puts seat 1 on the edge facing section 409, with seat numbers counting up toward the edge facing section 411. Seat 1 is the end of the row farthest from home plate, and higher seat numbers run back toward home plate.",not published,,"HIGH - zone, rows, location and seat direction stated by the source"
411,View Level (400s),View Level,Sections 401–439: Located on the highest seating level in the stadium.,8,toward third base / left field,"A-V, AA-YY",L,"Stairway aisles run along both side edges of the section; rows are not split by a mid-row aisle, so seat numbers run continuously from one side aisle to the other. The entry portal is at row L.","Facing the field, seat 1 is on your left. That puts seat 1 on the edge facing section 410, with seat numbers counting up toward the edge facing section 412. Seat 1 is the end of the row farthest from home plate, and higher seat numbers run back toward home plate.",not published,"""fans seated closer to Row A will walk down roughly ten stairs...those in the upper rows may walk up as many as twenty stairs"". ""Rows MM and above are under cover"". ""Rows G-Q are recommended for outstanding convenience"". Obstructed views and accessible rows NOT STATED.","HIGH - zone, rows, location and seat direction stated by the source"
412,View Level (400s),View Level,Sections 401–439: Located on the highest seating level in the stadium.,7,toward third base / left field,"A-L, AA-ZZ",L,"Stairway aisles run along both side edges of the section; rows are not split by a mid-row aisle, so seat numbers run continuously from one side aisle to the other. The entry portal is at row L.","Facing the field, seat 1 is on your left. That puts seat 1 on the edge facing section 411, with seat numbers counting up toward the edge facing section 413. Seat 1 is the end of the row farthest from home plate, and higher seat numbers run back toward home plate.",not published,"Rows MM and above are covered. ""There is a walkway betweeen Rows L and AA"" (site spelling). ""fans seated closer to Row A will walk down roughly ten stairs to reach their seats, while those in the upper rows may walk up as many as twenty stairs"". Obstructed views and accessible rows NOT STATED.","HIGH - zone, rows, location and seat direction stated by the source"
413,View Level (400s),View Level,Sections 401–439: Located on the highest seating level in the stadium.,6,toward third base / left field,"A-V, AA-ZZ",L,"Stairway aisles run along both side edges of the section; rows are not split by a mid-row aisle, so seat numbers run continuously from one side aisle to the other. The entry portal is at row L.","Facing the field, seat 1 is on your left. That puts seat 1 on the edge facing section 412, with seat numbers counting up toward the edge facing section 414. Seat 1 is the end of the row farthest from home plate, and higher seat numbers run back toward home plate.",not published,"""Rows MM and above are under cover"". Obstructed views, steepness and accessible rows NOT STATED.","HIGH - zone, rows, location and seat direction stated by the source"
414,View Level (400s),View Box,Sections 401–439: Located on the highest seating level in the stadium.,5,toward third base / left field,A-L,L,"Stairway aisles run along both side edges of the section; rows are not split by a mid-row aisle, so seat numbers run continuously from one side aisle to the other. The entry portal is at row L.","Facing the field, seat 1 is on your left. That puts seat 1 on the edge facing section 413, with seat numbers counting up toward the edge facing section 415. Seat 1 is the end of the row farthest from home plate, and higher seat numbers run back toward home plate.",not published,"""fans seated closer to Row A will walk down roughly ten stairs to reach their seats, while those in the upper rows may walk up as many as twenty stairs"". ""Seats closest to the entrance rows offer the shortest walk to and from the concourse"". Obstructed views, sun/shade and accessible rows NOT STATED.","HIGH - zone, rows, location and seat direction stated by the source"
415,View Level (400s),View Level,Sections 401–439: Located on the highest seating level in the stadium.,4,toward third base / left field,"A-V, AA-ZZ",L,"Stairway aisles run along both side edges of the section; rows are not split by a mid-row aisle, so seat numbers run continuously from one side aisle to the other. The entry portal is at row L.","Facing the field, seat 1 is on your left. That puts seat 1 on the edge facing section 414, with seat numbers counting up toward the edge facing section 416. Seat 1 is the end of the row farthest from home plate, and higher seat numbers run back toward home plate.","Row HH: 25 — ""Seat 1 will be on the aisle at the left side of the row, while Seat 25 is on the aisle at the right.""","""Rows MM & Above - Covered""; ""The roof above the upper level sections provides the best coverage in the last 12 rows (Rows NN and higher)."" access ""typically located near Row J""; lower rows ""walk down roughly ten stairs"", upper rows ""up as many as twenty stairs"". Obstructed views and accessible rows NOT STATED.","HIGH - zone, rows, location and seat direction stated by the source"
416,View Level (400s),View Box,"Located on the highest seating level in the stadium""; part of the ""View Level"" which ""stretches across the entire upper bowl",3,toward third base / left field,A-L,L,"Stairway aisles run along both side edges of the section; rows are not split by a mid-row aisle, so seat numbers run continuously from one side aisle to the other. The entry portal is at row L.","Facing the field, seat 1 is on your left. That puts seat 1 on the edge facing section 415, with seat numbers counting up toward the edge facing section 417. Seat 1 is the end of the row farthest from home plate, and higher seat numbers run back toward home plate.",not published,"""fans seated closer to Row A will walk down roughly ten stairs"" / ""those in the upper rows may walk up as many as twenty stairs"". ""Seats closest to the entrance rows offer the shortest walk to and from the concourse"". Obstructed views, sun/shade and accessible rows NOT STATED.","HIGH - zone, rows, location and seat direction stated by the source"
417,View Level (400s),View Box,Sections 401–439: Located on the highest seating level in the stadium.,2,toward third base / left field,"A-V, AA-ZZ",L,"Stairway aisles run along both side edges of the section; rows are not split by a mid-row aisle, so seat numbers run continuously from one side aisle to the other. The entry portal is at row L.","Facing the field, seat 1 is on your left. That puts seat 1 on the edge facing section 416, with seat numbers counting up toward the edge facing section 418. Seat 1 is the end of the row farthest from home plate, and higher seat numbers run back toward home plate.","Row JJ in Section 417 has 26 seats across with seat 1 on the left aisle - closer to Section 415."" ""Double-letter rows (like JJ) have more than 20 seats, while single-letter rows all have 16 or fewer seats per row and rows A-G have 6 or fewer seats.","""Rows MM & Above - Covered"". lower rows walk down roughly ten stairs; upper rows may walk up as many as twenty stairs. Obstructed views and accessible rows NOT STATED.","HIGH - zone, rows, location and seat direction stated by the source"
418,View Level (400s),View Box,Sections 401–439: Located on the highest seating level in the stadium.,1,toward third base / left field,H-L,L,"Stairway aisles run along both side edges of the section; rows are not split by a mid-row aisle, so seat numbers run continuously from one side aisle to the other. The entry portal is at row L.","Facing the field, seat 1 is on your left. That puts seat 1 on the edge facing section 417, with seat numbers counting up toward the edge facing section 419. Seat 1 is the end of the row farthest from home plate, and higher seat numbers run back toward home plate.",not published,"""fans seated closer to Row A will walk down roughly ten stairs to reach their seats, while those in the upper rows may walk up as many as twenty stairs."" ""Seats closest to the entrance rows offer the shortest walk to and from the concourse."" Obstructed views, sun/shade and accessible rows NOT STATED.","HIGH - zone, rows, location and seat direction stated by the source"
419,View Level (400s),View Box,"""Located on the highest seating level in the stadium""; part of the ""View Level"" which ""stretches across the entire upper bowl"". Page notes ""Desirable view from behind home plate"".",0,behind home plate,"H-V, AA-ZZ",L,"Stairway aisles run along both side edges of the section; rows are not split by a mid-row aisle, so seat numbers run continuously from one side aisle to the other. The entry portal is at row L.","Facing the field, seat 1 is on your left. That puts seat 1 on the edge facing section 418, with seat numbers counting up toward the edge facing section 420. This section is behind home plate, so seat 1 is on its third-base side.",not published,"""fans seated closer to Row A will walk down roughly ten stairs to reach their seats, while those in the upper rows may walk up as many as twenty stairs""; ""once you get out, you have one or two stairs to walk to the concourse"". ""Rows MM and above are under cover"". ""Rows G-Q are recommended for outstanding convenience""; ""Rows H-L are recommended for great views of the field"". Obstructed views and accessible rows NOT STATED.","HIGH - zone, rows, location and seat direction stated by the source"
420,View Level (400s),View Level,"""Sections 401–439: Located on the highest seating level in the stadium."" Page also notes ""Sections 419–421 sit near concessions, restrooms, and the Captain Morgan Bar"" and lists ""Home Plate View"".",0,behind home plate,"H-V, AA-ZZ",L,"Stairway aisles run along both side edges of the section; rows are not split by a mid-row aisle, so seat numbers run continuously from one side aisle to the other. The entry portal is at row L.","Facing the field, seat 1 is on your left. That puts seat 1 on the edge facing section 419, with seat numbers counting up toward the edge facing section 421. This section is behind home plate, so seat 1 is on its third-base side.",not published,"""Rows MM & Above - Covered"". ""Access to each section is typically located near Row J, meaning fans seated closer to Row A will walk down roughly ten stairs to reach their seats, while those in the upper rows may walk up as many as twenty stairs."" ""Rows G-Q are recommended for outstanding convenience""; ""Rows H-L are recommended for great views of the field"". Obstructed views and accessible rows NOT STATED.","HIGH - zone, rows, location and seat direction stated by the source"
421,View Level (400s),View Box,"""The View Level is the highest seating tier at Kauffman Stadium and includes Sections 401 through 439."" Page lists ""Home Plate View"".",0,behind home plate,"H-V, AA-ZZ",L,"Stairway aisles run along both side edges of the section; rows are not split by a mid-row aisle, so seat numbers run continuously from one side aisle to the other. The entry portal is at row L.","Facing the field, seat 1 is on your left. That puts seat 1 on the edge facing section 420, with seat numbers counting up toward the edge facing section 422. This section is behind home plate, so seat 1 is on its third-base side.",not published,"""Access to each section is typically located near Row J, meaning fans seated closer to Row A will walk down roughly ten stairs to reach their seats, while those in the upper rows may walk up as many as twenty stairs."" ""Rows MM and above are under cover"". ""Seats closest to the entrance rows offer the shortest walk to and from the concourse."" one fan review notes ""NOT looking at the sun"". Obstructed views and accessible rows NOT STATED.","HIGH - zone, rows, location and seat direction stated by the source"
422,View Level (400s),View Box,"The highest seating level in the stadium""; part of ""Sections 401 through 439",1,toward first base / right field,H-L,L,"Stairway aisles run along both side edges of the section; rows are not split by a mid-row aisle, so seat numbers run continuously from one side aisle to the other. The entry portal is at row L.","Facing the field, seat 1 is on your left. That puts seat 1 on the edge facing section 421, with seat numbers counting up toward the edge facing section 423. Seat 1 is the end of the row closest to home plate, and higher seat numbers run away from home plate.",not published,"""Access to each section is typically located near Row J, meaning fans seated closer to Row A will walk down roughly ten stairs to reach their seats, while those in the upper rows may walk up as many as twenty stairs."" ""Seats closest to the entrance rows offer the shortest walk to and from the concourse."" Obstructed views, sun/shade and accessible rows NOT STATED.","HIGH - zone, rows, location and seat direction stated by the source"
423,View Level (400s),View Box,"""Located on the highest seating level in the stadium"" within the View Level (Sections 401–439)",2,toward first base / right field,"A-V, AA-ZZ",L,"Stairway aisles run along both side edges of the section; rows are not split by a mid-row aisle, so seat numbers run continuously from one side aisle to the other. The entry portal is at row L.","Facing the field, seat 1 is on your left. That puts seat 1 on the edge facing section 422, with seat numbers counting up toward the edge facing section 424. Seat 1 is the end of the row closest to home plate, and higher seat numbers run away from home plate.",not published,"""Rows MM & Above - Covered"". ""fans seated closer to Row A will walk down roughly ten stairs"" and ""those in the upper rows may walk up as many as twenty stairs"". ""Seats closest to the entrance rows offer the shortest walk to and from the concourse"". Obstructed views and accessible rows NOT STATED.","HIGH - zone, rows, location and seat direction stated by the source"
424,View Level (400s),View Box,Sections 401–439: Located on the highest seating level in the stadium.,3,toward first base / right field,A-L,L,"Stairway aisles run along both side edges of the section; rows are not split by a mid-row aisle, so seat numbers run continuously from one side aisle to the other. The entry portal is at row L.","Facing the field, seat 1 is on your left. That puts seat 1 on the edge facing section 423, with seat numbers counting up toward the edge facing section 425. Seat 1 is the end of the row closest to home plate, and higher seat numbers run away from home plate.",not published,"""Access to each section is typically located near Row J, meaning fans seated closer to Row A will walk down roughly ten stairs to reach their seats, while those in the upper rows may walk up as many as twenty stairs."" ""Seats closest to the entrance rows offer the shortest walk to and from the concourse."" Obstructed views, sun/shade and accessible rows NOT STATED.","HIGH - zone, rows, location and seat direction stated by the source"
425,View Level (400s),View Level,"""Located on the highest seating level in the stadium"" (View Level, Sections 401-439)",4,toward first base / right field,"A-V, AA-ZZ",L,"Stairway aisles run along both side edges of the section; rows are not split by a mid-row aisle, so seat numbers run continuously from one side aisle to the other. The entry portal is at row L.","Facing the field, seat 1 is on your left. That puts seat 1 on the edge facing section 424, with seat numbers counting up toward the edge facing section 426. Seat 1 is the end of the row closest to home plate, and higher seat numbers run away from home plate.",not published,"""Rows MM and above are under cover"". ""Access to each section is typically located near Row J, meaning fans seated closer to Row A will walk down roughly ten stairs to reach their seats, while those in the upper rows may walk up as many as twenty stairs"". ""Seats closest to the entrance rows offer the shortest walk to and from the concourse"". Obstructed views and accessible rows NOT STATED.","HIGH - zone, rows, location and seat direction stated by the source"
426,View Level (400s),View Box,Sections 401–439: Located on the highest seating level in the stadium.,5,toward first base / right field,A-L,L,"Stairway aisles run along both side edges of the section; rows are not split by a mid-row aisle, so seat numbers run continuously from one side aisle to the other. The entry portal is at row L.","Facing the field, seat 1 is on your left. That puts seat 1 on the edge facing section 425, with seat numbers counting up toward the edge facing section 427. Seat 1 is the end of the row closest to home plate, and higher seat numbers run away from home plate.",not published,"Site groups View Box Seats as Sections 408–432, Rows A–L. ""Access to each section is typically located near Row J, meaning fans seated closer to Row A will walk down roughly ten stairs to reach their seats, while those in the upper rows may walk up as many as twenty stairs.""","HIGH - zone, rows, location and seat direction stated by the source"
427,View Level (400s),View Level,Sections 401–439: Located on the highest seating level in the stadium.,6,toward first base / right field,"A-V, AA-ZZ",L,"Stairway aisles run along both side edges of the section; rows are not split by a mid-row aisle, so seat numbers run continuously from one side aisle to the other. The entry portal is at row L.","Facing the field, seat 1 is on your left. That puts seat 1 on the edge facing section 426, with seat numbers counting up toward the edge facing section 428. Seat 1 is the end of the row closest to home plate, and higher seat numbers run away from home plate.",not published,"""Rows MM and above are covered."" View Reserved seats (Rows M and above) are typically cheaper than View Box seats (Rows A–L). ""Access to each section is typically located near Row J, meaning fans seated closer to Row A will walk down roughly ten stairs to reach their seats, while those in the upper rows may walk up as many as twenty stairs.""","HIGH - zone, rows, location and seat direction stated by the source"
428,View Level (400s),View Level,"""Located on the highest seating level in the stadium"" (Sections 401–439)",7,toward first base / right field,"A-L, AA-ZZ",L,"Stairway aisles run along both side edges of the section; rows are not split by a mid-row aisle, so seat numbers run continuously from one side aisle to the other. The entry portal is at row L.","Facing the field, seat 1 is on your left. That puts seat 1 on the edge facing section 427, with seat numbers counting up toward the edge facing section 429. Seat 1 is the end of the row closest to home plate, and higher seat numbers run away from home plate.",not published,"Walkway between Rows L and AA. ""Rows MM and above are covered."" Row BB reported to receive shade only in later innings. Good view of entire field and both bullpens; budget-friendly. Roughly 15 rows of stairs to reach seats upon entering.","HIGH - zone, rows, location and seat direction stated by the source"
429,View Level (400s),View Level,"Located on the highest seating level in the stadium""; part of Sections 401 through 439, which ""stretches across the entire upper bowl",8,toward first base / right field,"A-V, AA-YY",L,"Stairway aisles run along both side edges of the section; rows are not split by a mid-row aisle, so seat numbers run continuously from one side aisle to the other. The entry portal is at row L.","Facing the field, seat 1 is on your left. That puts seat 1 on the edge facing section 428, with seat numbers counting up toward the edge facing section 430. Seat 1 is the end of the row closest to home plate, and higher seat numbers run away from home plate.",not published,"""Rows MM and above are covered."" View Box seats (Rows A–L) offer the best views; View Reserved seats (Rows M and above) are typically cheaper. ""Access to each section is typically located near Row J, meaning fans seated closer to Row A will walk down roughly ten stairs to reach their seats, while those in the upper rows may walk up as many as twenty stairs.""","HIGH - zone, rows, location and seat direction stated by the source"
430,View Level (400s),View Box,Sections 401–439: Located on the highest seating level in the stadium.,9,toward first base / right field,A-L,L,"Stairway aisles run along both side edges of the section; rows are not split by a mid-row aisle, so seat numbers run continuously from one side aisle to the other. The entry portal is at row L.","Facing the field, seat 1 is on your left. That puts seat 1 on the edge facing section 429, with seat numbers counting up toward the edge facing section 431. Seat 1 is the end of the row closest to home plate, and higher seat numbers run away from home plate.",not published,"""Access to each section is typically located near Row J, meaning fans seated closer to Row A will walk down roughly ten stairs to reach their seats, while those in the upper rows may walk up as many as twenty stairs.""","HIGH - zone, rows, location and seat direction stated by the source"
431,View Level (400s),View Level,Sections 401–439: Located on the highest seating level in the stadium.,10,toward first base / right field,"A-V, AA-WW",L,"Stairway aisles run along both side edges of the section; rows are not split by a mid-row aisle, so seat numbers run continuously from one side aisle to the other. The entry portal is at row L.","Facing the field, seat 1 is on your left. That puts seat 1 on the edge facing section 430, with seat numbers counting up toward the edge facing section 432. Seat 1 is the end of the row closest to home plate, and higher seat numbers run away from home plate.",not published,"""Rows MM & Above - Covered"". ""Access to each section is typically located near Row J, meaning fans seated closer to Row A will walk down roughly ten stairs to reach their seats, while those in the upper rows may walk up as many as twenty stairs."" ""Rows G-Q are recommended for outstanding convenience.""","HIGH - zone, rows, location and seat direction stated by the source"
432,View Level (400s),View Box,Sections 401–439: Located on the highest seating level in the stadium.,11,toward first base / right field,A-L,L,"Stairway aisles run along both side edges of the section; rows are not split by a mid-row aisle, so seat numbers run continuously from one side aisle to the other. The entry portal is at row L.","Facing the field, seat 1 is on your left. That puts seat 1 on the edge facing section 431, with seat numbers counting up toward the edge facing section 433. Seat 1 is the end of the row closest to home plate, and higher seat numbers run away from home plate.",not published,"""Access to each section is typically located near Row J, meaning fans seated closer to Row A will walk down roughly ten stairs to reach their seats, while those in the upper rows may walk up as many as twenty stairs.""","HIGH - zone, rows, location and seat direction stated by the source"
433,View Level (400s),View Outfield,Sections 401–439: Located on the highest seating level in the stadium.,12,toward first base / right field,"A-T, AA-TT","K and L (""Entrances to this section are located at Rows K and L"")","Stairway aisles run along both side edges of the section; rows are not split by a mid-row aisle, so seat numbers run continuously from one side aisle to the other. The entry portal is at row K and L (""Entrances to this section are located at Rows K and L"").","Facing the field, seat 1 is on your left. That puts seat 1 on the edge facing section 432, with seat numbers counting up toward the edge facing section 434. Seat 1 is the end of the row closest to home plate, and higher seat numbers run away from home plate.",not published,"""Access to each section is typically located near Row J, meaning fans seated closer to Row A will walk down roughly ten stairs to reach their seats, while those in the upper rows may walk up as many as twenty stairs."" ""If being covered of shaded is of little importance, some of the cheapest tickets will be found near sections 401 and 439.""","HIGH - zone, rows, location and seat direction stated by the source"
434,View Level (400s),View Level,Sections 401–439: Located on the highest seating level in the stadium.,13,toward first base / right field,A-K,K,"Stairway aisles run along both side edges of the section; rows are not split by a mid-row aisle, so seat numbers run continuously from one side aisle to the other. The entry portal is at row K.","Facing the field, seat 1 is on your left. That puts seat 1 on the edge facing section 433, with seat numbers counting up toward the edge facing section 435. Seat 1 is the end of the row closest to home plate, and higher seat numbers run away from home plate.",not published,"""fans seated closer to Row A will walk down roughly ten stairs to reach their seats""; ""those in the upper rows may walk up as many as twenty stairs."" ""the modest overhang that does not cover sections all the way down the line."" ""they are usually the least expensive seats in the stadium.""","HIGH - zone, rows, location and seat direction stated by the source"
435,View Level (400s),View Level / View Outfield Seats,Sections 401–439: Located on the highest seating level in the stadium.,14,toward first base / right field,"A-S, AA-PP","J and K (""Entrances to this section are located at Rows J and K"")","Stairway aisles run along both side edges of the section; rows are not split by a mid-row aisle, so seat numbers run continuously from one side aisle to the other. The entry portal is at row J and K (""Entrances to this section are located at Rows J and K"").","Facing the field, seat 1 is on your left. That puts seat 1 on the edge facing section 434, with seat numbers counting up toward the edge facing section 436. Seat 1 is the end of the row closest to home plate, and higher seat numbers run away from home plate.",not published,"""Access to each section is typically located near Row J, meaning fans seated closer to Row A will walk down roughly ten stairs to reach their seats, while those in the upper rows may walk up as many as twenty stairs."" ""These seats will give you...the best chance of being protected by the modest overhang that does not cover sections all the way down the line.""","HIGH - zone, rows, location and seat direction stated by the source"
436,View Level (400s),View Level,Sections 401–439: Located on the highest seating level in the stadium.,15,toward first base / right field,A-J,J,"Stairway aisles run along both side edges of the section; rows are not split by a mid-row aisle, so seat numbers run continuously from one side aisle to the other. The entry portal is at row J.","Facing the field, seat 1 is on your left. That puts seat 1 on the edge facing section 435, with seat numbers counting up toward the edge facing section 437. Seat 1 is the end of the row closest to home plate, and higher seat numbers run away from home plate.",not published,"""Access to each section is typically located near Row J, meaning fans seated closer to Row A will walk down roughly ten stairs to reach their seats, while those in the upper rows may walk up as many as twenty stairs."" ""these seats will give you the best chance of being protected by the modest overhang that does not cover sections all the way down the line.""","HIGH - zone, rows, location and seat direction stated by the source"
437,View Level (400s),View Level / View Outfield Seats,Sections 401–439: Located on the highest seating level in the stadium.,16,toward first base / right field,"A-S, AA-HH","H and J (""Entrances to this section are located at Rows H and J"")","Stairway aisles run along both side edges of the section; rows are not split by a mid-row aisle, so seat numbers run continuously from one side aisle to the other. The entry portal is at row H and J (""Entrances to this section are located at Rows H and J"").","Facing the field, seat 1 is on your left. That puts seat 1 on the edge facing section 436, with seat numbers counting up toward the edge facing section 438. Seat 1 is the end of the row closest to home plate, and higher seat numbers run away from home plate.",not published,"""fans seated closer to Row A will walk down roughly ten stairs to reach their seats, while those in the upper rows may walk up as many as twenty stairs."" ""Fans hoping to minimize stairs should try to sit as close to Row M as possible."" ""the modest overhang that does not cover sections all the way down the line.""","HIGH - zone, rows, location and seat direction stated by the source"
438,View Level (400s),View Outfield,Sections 401–439: Located on the highest seating level in the stadium.,17,toward first base / right field,"A-H, AA-HH",H,"Stairway aisles run along both side edges of the section; rows are not split by a mid-row aisle, so seat numbers run continuously from one side aisle to the other. The entry portal is at row H.","Facing the field, seat 1 is on your left. That puts seat 1 on the edge facing section 437, with seat numbers counting up toward the edge facing section 439. Seat 1 is the end of the row closest to home plate, and higher seat numbers run away from home plate.",not published,"""Despite being the highest seats in the stadium, the View Level provides a wide and comfortable view of the entire field."" access is ""typically located near Row J, meaning fans seated closer to Row A will walk down roughly ten stairs to reach their seats, while those in the upper rows may walk up as many as twenty stairs."" ""If being covered of shaded is of little importance, some of the cheapest tickets will be found near sections 401 and 439.""","HIGH - zone, rows, location and seat direction stated by the source"
439,View Level (400s),View Outfield,Sections 401–439: Located on the highest seating level in the stadium.,18,toward first base / right field,A-H,UNKNOWN,"Stairway aisles run along both side edges of the section; rows are not split by a mid-row aisle, so seat numbers run continuously from one side aisle to the other. The entry portal row is not published for this section.","Facing the field, seat 1 is on your left. That puts seat 1 on the edge facing section 438, with seat numbers counting up toward the far edge of the section, with no further section beyond it on that side. Seat 1 is the end of the row closest to home plate, and higher seat numbers run away from home plate.",not published,"""Access to each section is typically located near Row J, meaning fans seated closer to Row A will walk down roughly ten stairs to reach their seats, while those in the upper rows may walk up as many as twenty stairs."" ""Seats closest to the entrance rows offer the shortest walk to and from the concourse."" ""If being covered of shaded is of little importance, some of the cheapest tickets will be found near sections 401 and 439."" ""Because of the distance from home plate, they are usually the least expensive seats in the stadium.""","HIGH - zone, rows, location and seat direction stated by the source"
Brew & View,"Clubs, suites and other named areas",Standing room,The Brew & View area is located on the View Level in front of Section 402 at Kauffman Stadium.,,not part of the numbered seating bowl,UNKNOWN,UNKNOWN,"The source describes this as a named area rather than a numbered section, so it publishes no aisle layout for it.","This area sits outside the numbered seating bowl and no seat numbering is published for it. Check the seat numbers printed on your own ticket, or ask the ticket office.",not published,"A zone description page rather than a per-section page. ""Unlike traditional seating sections, Brew & View operates with open seating, meaning seats are not assigned."" ""Fans can choose from available stadium chairs or stand at drink rails overlooking the field."" ""Because of the flexible seating setup, the area creates a more social atmosphere compared to standard stadium seating."" ""Brew & View seats provide a high vantage point from the View Level, giving fans a full perspective of the ballpark and the action on the field,"" and ""While these seats are farther from home plate than lower seating levels, the elevated position allows fans to see the entire field and enjoy the atmosphere of Kauffman Stadium.""",LOW - no row data published for this section
Craft and Draft,"Clubs, suites and other named areas",Bars and social areas,"Located on the Loge Level down the left field line."" The page describes it as ""a fully covered area that is often shaded during Royals games.",,not part of the numbered seating bowl,UNKNOWN,UNKNOWN,"The source describes this as a named area rather than a numbered section, so it publishes no aisle layout for it.","This area sits outside the numbered seating bowl and no seat numbering is published for it. Check the seat numbers printed on your own ticket, or ask the ticket office.",not published,"A zone description page for the whole Craft & Draft area rather than a per-section page. ""Includes bench seating, drink rail seating, and high-top tables."" The page calls it ""one of the most popular gathering areas at Kauffman Stadium"" with ""more than 75 beers available,"" and says ""Craft & Draft is ideal for fans looking for a social game-day experience rather than traditional stadium seating,"" combining ""bar-style seating with a social atmosphere, creating a space where fans can move around, grab drinks, and watch the game from a variety of seating options.""",LOW - no row data published for this section
Craft and Draft Benches,"Clubs, suites and other named areas",Bars and social areas,"Located on the Loge Level down the left field line."" The page describes it as ""a fully covered area that is often shaded during Royals games.",,not part of the numbered seating bowl,UNKNOWN,UNKNOWN,"The source describes this as a named area rather than a numbered section, so it publishes no aisle layout for it.","This area sits outside the numbered seating bowl and no seat numbering is published for it. Check the seat numbers printed on your own ticket, or ask the ticket office.",not published,"The benches are one of the seating types in that area, which ""Includes bench seating, drink rail seating, and high-top tables."" The page describes them as ""High-back wood benches with extra legroom"" with a ""drink rail with cupholders for food and beverages,"" ""positioned to allow fans to comfortably watch the field."" The area is ""a fully covered area that is often shaded during Royals games.""",LOW - no row data published for this section
Crown 1,"Clubs, suites and other named areas",Clubs and suites,"The Crown Club is located directly behind home plate at field level and includes Sections 1 through 6 on the Kauffman Stadium seating chart."" ""Located in Sections 1–6 directly behind home plate."" ""Positioned between the dugouts just feet from the action."" ""These sections sit between the two dugouts, placing fans extremely close to the field.",,not part of the numbered seating bowl,UNKNOWN,UNKNOWN,"The source describes this as a named area rather than a numbered section, so it publishes no aisle layout for it.","This area sits outside the numbered seating bowl and no seat numbering is published for it. Check the seat numbers printed on your own ticket, or ask the ticket office.",not published,"""Crown Club 1 sits closest to the visiting team dugout."" The page states ""Because of their central location behind home plate, these seats provide an excellent vantage point for watching the game unfold across the entire field"" and that ""From this field-level position, fans can clearly track pitch movement, defensive positioning, and plays around the bases while sitting just steps from the field.""",LOW - no row data published for this section
Crown 2,"Clubs, suites and other named areas",Clubs and suites,"The Crown Club is located directly behind home plate at field level and includes Sections 1 through 6 on the Kauffman Stadium seating chart."" ""Located in Sections 1–6 directly behind home plate."" ""Positioned between the dugouts just feet from the action."" ""These sections sit between the two dugouts, placing fans extremely close to the field.",,not part of the numbered seating bowl,UNKNOWN,UNKNOWN,"The source describes this as a named area rather than a numbered section, so it publishes no aisle layout for it.","This area sits outside the numbered seating bowl and no seat numbering is published for it. Check the seat numbers printed on your own ticket, or ask the ticket office.",not published,"The page places only the end sections individually: ""Crown Club 1 sits closest to the visiting team dugout"" and ""Crown Club 6 sits closest to the Royals dugout""; nothing specific is stated about this section on its own. The page states ""Because of their central location behind home plate, these seats provide an excellent vantage point for watching the game unfold across the entire field"" and that ""From this field-level position, fans can clearly track pitch movement, defensive positioning, and plays around the bases while sitting just steps from the field.""",LOW - no row data published for this section
Crown 3,"Clubs, suites and other named areas",Clubs and suites,"The Crown Club is located directly behind home plate at field level and includes Sections 1 through 6 on the Kauffman Stadium seating chart."" ""Located in Sections 1–6 directly behind home plate."" ""Positioned between the dugouts just feet from the action."" ""These sections sit between the two dugouts, placing fans extremely close to the field.",,not part of the numbered seating bowl,UNKNOWN,UNKNOWN,"The source describes this as a named area rather than a numbered section, so it publishes no aisle layout for it.","This area sits outside the numbered seating bowl and no seat numbering is published for it. Check the seat numbers printed on your own ticket, or ask the ticket office.",not published,"The page places only the end sections individually: ""Crown Club 1 sits closest to the visiting team dugout"" and ""Crown Club 6 sits closest to the Royals dugout""; nothing specific is stated about this section on its own. The page states ""Because of their central location behind home plate, these seats provide an excellent vantage point for watching the game unfold across the entire field"" and that ""From this field-level position, fans can clearly track pitch movement, defensive positioning, and plays around the bases while sitting just steps from the field.""",LOW - no row data published for this section
Crown 4,"Clubs, suites and other named areas",Clubs and suites,"The Crown Club is located directly behind home plate at field level and includes Sections 1 through 6 on the Kauffman Stadium seating chart."" ""Located in Sections 1–6 directly behind home plate."" ""Positioned between the dugouts just feet from the action."" ""These sections sit between the two dugouts, placing fans extremely close to the field.",,not part of the numbered seating bowl,UNKNOWN,UNKNOWN,"The source describes this as a named area rather than a numbered section, so it publishes no aisle layout for it.","This area sits outside the numbered seating bowl and no seat numbering is published for it. Check the seat numbers printed on your own ticket, or ask the ticket office.",not published,"The page places only the end sections individually: ""Crown Club 1 sits closest to the visiting team dugout"" and ""Crown Club 6 sits closest to the Royals dugout""; nothing specific is stated about this section on its own. The page states ""Because of their central location behind home plate, these seats provide an excellent vantage point for watching the game unfold across the entire field"" and that ""From this field-level position, fans can clearly track pitch movement, defensive positioning, and plays around the bases while sitting just steps from the field.""",LOW - no row data published for this section
Crown 5,"Clubs, suites and other named areas",Clubs and suites,"The Crown Club is located directly behind home plate at field level and includes Sections 1 through 6 on the Kauffman Stadium seating chart."" ""Located in Sections 1–6 directly behind home plate."" ""Positioned between the dugouts just feet from the action."" ""These sections sit between the two dugouts, placing fans extremely close to the field.",,not part of the numbered seating bowl,UNKNOWN,UNKNOWN,"The source describes this as a named area rather than a numbered section, so it publishes no aisle layout for it.","This area sits outside the numbered seating bowl and no seat numbering is published for it. Check the seat numbers printed on your own ticket, or ask the ticket office.",not published,"The page places only the end sections individually: ""Crown Club 1 sits closest to the visiting team dugout"" and ""Crown Club 6 sits closest to the Royals dugout""; nothing specific is stated about this section on its own. The page states ""Because of their central location behind home plate, these seats provide an excellent vantage point for watching the game unfold across the entire field"" and that ""From this field-level position, fans can clearly track pitch movement, defensive positioning, and plays around the bases while sitting just steps from the field.""",LOW - no row data published for this section
Crown 6,"Clubs, suites and other named areas",Clubs and suites,"The Crown Club is located directly behind home plate at field level and includes Sections 1 through 6 on the Kauffman Stadium seating chart."" ""Located in Sections 1–6 directly behind home plate."" ""Positioned between the dugouts just feet from the action."" ""These sections sit between the two dugouts, placing fans extremely close to the field.",,not part of the numbered seating bowl,UNKNOWN,UNKNOWN,"The source describes this as a named area rather than a numbered section, so it publishes no aisle layout for it.","This area sits outside the numbered seating bowl and no seat numbering is published for it. Check the seat numbers printed on your own ticket, or ask the ticket office.",not published,"""Crown Club 6 sits closest to the Royals dugout."" The page states ""Because of their central location behind home plate, these seats provide an excellent vantage point for watching the game unfold across the entire field"" and that ""From this field-level position, fans can clearly track pitch movement, defensive positioning, and plays around the bases while sitting just steps from the field.""",LOW - no row data published for this section
Diamond Box A,"Clubs, suites and other named areas",Clubs and suites,"The Diamond Club is located directly behind the Crown Club seats at Kauffman Stadium, centered behind home plate."" ""Located directly behind the Crown Club with excellent views of the field."" ""Located just above Sections 126–129, these box-style areas offer movable chairs positioned at a drink rail.",,not part of the numbered seating bowl,1-4,UNKNOWN,"The source describes this as a named area rather than a numbered section, so it publishes no aisle layout for it.","Facing the field, seat 1 is on your left. That is stated on this area's own page. It sits outside the numbered seating bowl, so there is no neighbouring section to describe it against.",not published,"One of the six Diamond Club Boxes (Sections A–F), the box-style tier of the Diamond Club premium area, which the source says ""Includes Sections 126–129 (traditional seating) and Sections A–F (Diamond Club Boxes)."" The boxes have ""movable chairs positioned at a drink rail"" and the page says the ""Diamond Club Boxes (A–F) provide a slightly elevated view"" while ""Seats in Sections 126–129 offer the closest perspective."" Ticket includes ""Entry to the private Diamond Club Lounge with bar and lounge seating"" and in-seat wait service ""Available for select menu items."" The page also states ""Rows A and above are shaded during most late afternoon games.""","HIGH - zone, rows, location and seat direction stated by the source"
Diamond Box B,"Clubs, suites and other named areas",Clubs and suites,"The Diamond Club is located directly behind the Crown Club seats at Kauffman Stadium, centered behind home plate."" ""Located directly behind the Crown Club with excellent views of the field."" ""Located just above Sections 126–129, these box-style areas offer movable chairs positioned at a drink rail.",,not part of the numbered seating bowl,1-4,UNKNOWN,"The source describes this as a named area rather than a numbered section, so it publishes no aisle layout for it.","Facing the field, seat 1 is on your left. That is stated on this area's own page. It sits outside the numbered seating bowl, so there is no neighbouring section to describe it against.",not published,"One of the six Diamond Club Boxes (Sections A–F), the box-style tier of the Diamond Club premium area, which the source says ""Includes Sections 126–129 (traditional seating) and Sections A–F (Diamond Club Boxes)."" The boxes have ""movable chairs positioned at a drink rail"" and the page says the ""Diamond Club Boxes (A–F) provide a slightly elevated view"" while ""Seats in Sections 126–129 offer the closest perspective."" Ticket includes ""Entry to the private Diamond Club Lounge with bar and lounge seating"" and in-seat wait service ""Available for select menu items."" The page also states ""Rows A and above are shaded during most late afternoon games.""","HIGH - zone, rows, location and seat direction stated by the source"
Diamond Box C,"Clubs, suites and other named areas",Clubs and suites,"The Diamond Club is located directly behind the Crown Club seats at Kauffman Stadium, centered behind home plate."" ""Located directly behind the Crown Club with excellent views of the field."" ""Located just above Sections 126–129, these box-style areas offer movable chairs positioned at a drink rail.",,not part of the numbered seating bowl,1-4,UNKNOWN,"The source describes this as a named area rather than a numbered section, so it publishes no aisle layout for it.","Facing the field, seat 1 is on your left. That is stated on this area's own page. It sits outside the numbered seating bowl, so there is no neighbouring section to describe it against.",not published,"One of the six Diamond Club Boxes (Sections A–F), the box-style tier of the Diamond Club premium area, which the source says ""Includes Sections 126–129 (traditional seating) and Sections A–F (Diamond Club Boxes)."" The boxes have ""movable chairs positioned at a drink rail"" and the page says the ""Diamond Club Boxes (A–F) provide a slightly elevated view"" while ""Seats in Sections 126–129 offer the closest perspective."" Ticket includes ""Entry to the private Diamond Club Lounge with bar and lounge seating"" and in-seat wait service ""Available for select menu items."" The page also states ""Rows A and above are shaded during most late afternoon games.""","HIGH - zone, rows, location and seat direction stated by the source"
Diamond Box D,"Clubs, suites and other named areas",Clubs and suites,"The Diamond Club is located directly behind the Crown Club seats at Kauffman Stadium, centered behind home plate."" ""Located directly behind the Crown Club with excellent views of the field."" ""Located just above Sections 126–129, these box-style areas offer movable chairs positioned at a drink rail.",,not part of the numbered seating bowl,1-4,UNKNOWN,"The source describes this as a named area rather than a numbered section, so it publishes no aisle layout for it.","Facing the field, seat 1 is on your left. That is stated on this area's own page. It sits outside the numbered seating bowl, so there is no neighbouring section to describe it against.",not published,"One of the six Diamond Club Boxes (Sections A–F), the box-style tier of the Diamond Club premium area, which the source says ""Includes Sections 126–129 (traditional seating) and Sections A–F (Diamond Club Boxes)."" The boxes have ""movable chairs positioned at a drink rail"" and the page says the ""Diamond Club Boxes (A–F) provide a slightly elevated view"" while ""Seats in Sections 126–129 offer the closest perspective."" Ticket includes ""Entry to the private Diamond Club Lounge with bar and lounge seating"" and in-seat wait service ""Available for select menu items."" The page also states ""Rows A and above are shaded during most late afternoon games.""","HIGH - zone, rows, location and seat direction stated by the source"
Diamond Box E,"Clubs, suites and other named areas",Clubs and suites,"The Diamond Club is located directly behind the Crown Club seats at Kauffman Stadium, centered behind home plate."" ""Located directly behind the Crown Club with excellent views of the field."" ""Located just above Sections 126–129, these box-style areas offer movable chairs positioned at a drink rail.",,not part of the numbered seating bowl,1-4,UNKNOWN,"The source describes this as a named area rather than a numbered section, so it publishes no aisle layout for it.","Facing the field, seat 1 is on your left. That is stated on this area's own page. It sits outside the numbered seating bowl, so there is no neighbouring section to describe it against.",not published,"One of the six Diamond Club Boxes (Sections A–F), the box-style tier of the Diamond Club premium area, which the source says ""Includes Sections 126–129 (traditional seating) and Sections A–F (Diamond Club Boxes)."" The boxes have ""movable chairs positioned at a drink rail"" and the page says the ""Diamond Club Boxes (A–F) provide a slightly elevated view"" while ""Seats in Sections 126–129 offer the closest perspective."" Ticket includes ""Entry to the private Diamond Club Lounge with bar and lounge seating"" and in-seat wait service ""Available for select menu items."" The page also states ""Rows A and above are shaded during most late afternoon games.""","HIGH - zone, rows, location and seat direction stated by the source"
Diamond Box F,"Clubs, suites and other named areas",Clubs and suites,"The Diamond Club is located directly behind the Crown Club seats at Kauffman Stadium, centered behind home plate."" ""Located directly behind the Crown Club with excellent views of the field."" ""Located just above Sections 126–129, these box-style areas offer movable chairs positioned at a drink rail.",,not part of the numbered seating bowl,1-4,UNKNOWN,"The source describes this as a named area rather than a numbered section, so it publishes no aisle layout for it.","Facing the field, seat 1 is on your left. That is stated on this area's own page. It sits outside the numbered seating bowl, so there is no neighbouring section to describe it against.",not published,"One of the six Diamond Club Boxes (Sections A–F), the box-style tier of the Diamond Club premium area, which the source says ""Includes Sections 126–129 (traditional seating) and Sections A–F (Diamond Club Boxes)."" The boxes have ""movable chairs positioned at a drink rail"" and the page says the ""Diamond Club Boxes (A–F) provide a slightly elevated view"" while ""Seats in Sections 126–129 offer the closest perspective."" Ticket includes ""Entry to the private Diamond Club Lounge with bar and lounge seating"" and in-seat wait service ""Available for select menu items."" The page also states ""Rows A and above are shaded during most late afternoon games.""","HIGH - zone, rows, location and seat direction stated by the source"
Diamond Club Tables,"Clubs, suites and other named areas",Clubs and suites,"The Diamond Club is located directly behind the Crown Club seats at Kauffman Stadium, centered behind home plate."" ""Located directly behind the Crown Club with excellent views of the field.",,not part of the numbered seating bowl,UNKNOWN,UNKNOWN,"The source describes this as a named area rather than a numbered section, so it publishes no aisle layout for it.","This area sits outside the numbered seating bowl and no seat numbering is published for it. Check the seat numbers printed on your own ticket, or ask the ticket office.",not published,"The identifier resolves to the Diamond Club zone description page, which covers the club as a whole rather than a single section. The page says the Diamond Club ""Includes Sections 126–129 (traditional seating) and Sections A–F (Diamond Club Boxes),"" that ""Lower sections 126–129 sit 10 rows from the field, with box seating located just above,"" and that ""These sections sit closer to the field and feature traditional stadium-style seating with padding."" ""Located just above Sections 126–129, these box-style areas offer movable chairs positioned at a drink rail."" Ticket includes ""Entry to the private Diamond Club Lounge with bar and lounge seating"" and in-seat service ""Available for select menu items.""",LOW - no row data published for this section
Miller Lite Rail Seats,"Clubs, suites and other named areas",Drink rail seating,"Located in left field above the Fountain Seats,"" ""near the iconic Kauffman Stadium fountains.",,not part of the numbered seating bowl,A-B,UNKNOWN,"The source describes this as a named area rather than a numbered section, so it publishes no aisle layout for it.","Facing the field, seat 1 is on your left. That is stated on this area's own page. It sits outside the numbered seating bowl, so there is no neighbouring section to describe it against.",not published,"the seats are ""set up along a drink rail, allowing fans to sit on stools while placing food and beverages on the ledge in front of them,"" described as ""rail-style seating with space for food and drinks."" ""fans enjoy a unique outfield perspective of the game"" that is ""farther from home plate than traditional seating areas"" yet gives ""a clear look at the field along with great views of the fountains and outfield action."" Ticket includes access to the ""Miller Lite Fountain Bar Deck"" with ""Multiple beer taps,"" ""Covered lounge space,"" ""Patio-style seating,"" and ""High-definition televisions.""","HIGH - zone, rows, location and seat direction stated by the source"
QuickTrip Fountain Deck,"Clubs, suites and other named areas",Hospitality decks,"The QuikTrip Fountain Deck is located in right field at Kauffman Stadium, near the iconic fountains beyond the outfield wall.",,not part of the numbered seating bowl,"A, which provides a front-row view overlooking the field",UNKNOWN,"The source describes this as a named area rather than a numbered section, so it publishes no aisle layout for it.","This area sits outside the numbered seating bowl and no seat numbering is published for it. Check the seat numbers printed on your own ticket, or ask the ticket office.",not published,"A zone description page rather than a per-section page; the source spells the sponsor ""QuikTrip"" while the ticketing index spells it ""QuickTrip"". ""This recently upgraded hospitality area combines outdoor viewing space with a lounge-style environment, creating a unique spot to enjoy Royals baseball,"" and ""Fans seated here will be positioned near the outfield action while also being able to take advantage of comfortable seating areas and lounge amenities located on the deck."" ""Many tickets in this area are labeled Standing Room Only (SRO). Fans with SRO tickets can move around the deck and enjoy the game from the railings or lounge spaces while still having access to the food and beverage offerings.""","HIGH - zone, rows, location and seat direction stated by the source"
Rivals Tables,"Clubs, suites and other named areas",Bars and social areas,Located in right field above Sections 250–252.,,not part of the numbered seating bowl,UNKNOWN,UNKNOWN,"The source describes this as a named area rather than a numbered section, so it publishes no aisle layout for it.","This area sits outside the numbered seating bowl and no seat numbering is published for it. Check the seat numbers printed on your own ticket, or ask the ticket office.",not published,"The identifier resolves to the Rivals Sports Bar zone description page rather than a per-section page. The bar is an ""open-air bar space"" offering ""a casual viewing environment where fans can enjoy drinks, socialize, and still keep an eye on the action on the field."" ""Tables are sold in groups of four seats, allowing small groups to sit together around a table while watching the game,"" and reserved table buyers typically get pre-loaded bar credit (""often around $20, depending on the ticket"") plus in-seat wait service at Royals games. the area gives ""a right-field vantage point of the game"" with ""a clear view of the field while also allowing fans to follow the action on multiple televisions and a projection screen.""",LOW - no row data published for this section
Standing Room Only,"Clubs, suites and other named areas",Standing room,"Standing Room Only areas at Kauffman Stadium are located in various spots around the ballpark, though the most popular SRO location sits beyond the wall in right-center field.",,not part of the numbered seating bowl,UNKNOWN,UNKNOWN,"The source describes this as a named area rather than a numbered section, so it publishes no aisle layout for it.","This area sits outside the numbered seating bowl and no seat numbering is published for it. Check the seat numbers printed on your own ticket, or ask the ticket office.",not published,"A zone description page rather than a per-section page, and the area is not a single location: SRO is spread around the ballpark. ""Because these tickets do not include a reserved seat, fans are free to stand within the designated SRO areas throughout the game."" ""The right-center field location places fans near the iconic Kauffman Stadium fountains, which can provide a refreshing mist during warm summer games."" ""Views from the right-center field SRO area provide a unique outfield perspective of the game,"" and ""While fans will be farther from home plate compared to traditional seating sections, the area still allows fans to follow the action while enjoying one of the most recognizable features of the ballpark — the fountains.""",LOW - no row data published for this section
