section,level,zone,location_in_stadium,side_of_ballpark,sections_from_home_plate,direction_from_home_plate,rows_in_section,entrance_row,aisle_and_walkway_locations,seat_numbering,seats_per_row,notes,confidence
101,100 Field Level,Field Bleachers,"Right field, beyond the right-field wall in fair territory, the section deepest toward right-center; sits directly above the visiting team bullpen",right field,16,toward first base / right field,1-7,7,"Stairway aisles run along both side edges of the section; rows are not split by a mid-row aisle, so seat numbers run continuously from one side aisle to the other. Entry portal / cross-aisle at row 7.","Seat 1 is on the edge facing section 102; seat numbers count UP toward the far edge of the section (no lower-numbered section beyond it). Facing the field, seat 1 is on your left. Because this section is on the first-base/right-field half of the park, seat 1 is the end of the row CLOSEST to home plate and HIGHER seat numbers are FARTHER from home plate.",not published (typical rows run roughly 18-23 seats),"First five rows uncovered; rear rows shaded by the overhang above. Bench seating with backrests, no armrests. Center-field scoreboard hard to see.","HIGH - rows, entrance row and seat direction stated by RateYourSeats section page"
102,100 Field Level,Field Bleachers,"Right field, beyond the right-field wall in fair territory; sits directly above the visiting team bullpen",right field,15,toward first base / right field,1-14,14,"Stairway aisles run along both side edges of the section; rows are not split by a mid-row aisle, so seat numbers run continuously from one side aisle to the other. Entry portal / cross-aisle at row 14.","Seat 1 is on the edge facing section 103; seat numbers count UP toward the edge facing section 101. Facing the field, seat 1 is on your left. Because this section is on the first-base/right-field half of the park, seat 1 is the end of the row CLOSEST to home plate and HIGHER seat numbers are FARTHER from home plate.",not published (typical rows run roughly 18-23 seats),First five rows uncovered; rear rows shaded by the overhang. Bench seating with backrests. Behind or beside the stage for most concerts.,"HIGH - rows, entrance row and seat direction stated by RateYourSeats section page"
103,100 Field Level,Field Bleachers,"Right field, beyond the right-field wall in fair territory",right field,14,toward first base / right field,1-14,14,"Stairway aisles run along both side edges of the section; rows are not split by a mid-row aisle, so seat numbers run continuously from one side aisle to the other. Entry portal / cross-aisle at row 14.","Seat 1 is on the edge facing section 104; seat numbers count UP toward the edge facing section 102. Facing the field, seat 1 is on your left. Because this section is on the first-base/right-field half of the park, seat 1 is the end of the row CLOSEST to home plate and HIGHER seat numbers are FARTHER from home plate.",not published (typical rows run roughly 18-23 seats),First five rows uncovered; rear rows shaded. Bench seating with numbered bench spaces. TVs mounted overhead for replays.,"HIGH - rows, entrance row and seat direction stated by RateYourSeats section page"
104,100 Field Level,Field Bleachers,"Right field, beyond the right-field wall in fair territory, nearest the right-field foul pole",right field,13,toward first base / right field,1-14,14,"Stairway aisles run along both side edges of the section; rows are not split by a mid-row aisle, so seat numbers run continuously from one side aisle to the other. Entry portal / cross-aisle at row 14.","Seat 1 is on the edge facing section 106; seat numbers count UP toward the edge facing section 103. Facing the field, seat 1 is on your left. Because this section is on the first-base/right-field half of the park, seat 1 is the end of the row CLOSEST to home plate and HIGHER seat numbers are FARTHER from home plate.",not published (typical rows run roughly 18-23 seats),First five rows uncovered; rear rows shaded. A fan report notes a pole obstruction at row 11. Popular for left-handed home runs.,"HIGH - rows, entrance row and seat direction stated by RateYourSeats section page"
106,100 Field Level,Field Outfield Box,Lowest tier in right-field foul territory between the right-field foul pole and first base; nearest the foul pole. Front rows sit against the outfield wall,right field / first-base line,11,toward first base / right field,17-27,27,"Stairway aisles run along both side edges of the section; rows are not split by a mid-row aisle, so seat numbers run continuously from one side aisle to the other. Entry portal / cross-aisle at row 27.","Seat 1 is on the edge facing section 107; seat numbers count UP toward the edge facing section 104. Facing the field, seat 1 is on your left. Because this section is on the first-base/right-field half of the park, seat 1 is the end of the row CLOSEST to home plate and HIGHER seat numbers are FARTHER from home plate.",not published (typical rows run roughly 18-23 seats),Right-field sections generally get better shade for day games. Front rows sit against the outfield wall.,"HIGH - rows, entrance row and seat direction stated by RateYourSeats section page"
107,100 Field Level,Field Outfield Box,Lowest tier in right-field foul territory between the right-field foul pole and first base; between the foul pole and first base. Front rows sit against the outfield wall,right field / first-base line,10,toward first base / right field,7-27,27,"Stairway aisles run along both side edges of the section; rows are not split by a mid-row aisle, so seat numbers run continuously from one side aisle to the other. Entry portal / cross-aisle at row 27.","Seat 1 is on the edge facing section 108; seat numbers count UP toward the edge facing section 106. Facing the field, seat 1 is on your left. Because this section is on the first-base/right-field half of the park, seat 1 is the end of the row CLOSEST to home plate and HIGHER seat numbers are FARTHER from home plate.",not published (typical rows run roughly 18-23 seats),Better shade than the left-field side for day games. One fan review reports the section is not behind netting.,"HIGH - rows, entrance row and seat direction stated by RateYourSeats section page"
108,100 Field Level,Field Outfield Box,Lowest tier in right-field foul territory between the right-field foul pole and first base; between the foul pole and first base. Front rows sit against the outfield wall,right field / first-base line,9,toward first base / right field,9-27,27,"Stairway aisles run along both side edges of the section; rows are not split by a mid-row aisle, so seat numbers run continuously from one side aisle to the other. Entry portal / cross-aisle at row 27.","Seat 1 is on the edge facing section 109; seat numbers count UP toward the edge facing section 107. Facing the field, seat 1 is on your left. Because this section is on the first-base/right-field half of the park, seat 1 is the end of the row CLOSEST to home plate and HIGHER seat numbers are FARTHER from home plate.",not published (typical rows run roughly 18-23 seats),Angled view toward home plate. An affordable lower-level option.,"HIGH - rows, entrance row and seat direction stated by RateYourSeats section page"
109,100 Field Level,Field Outfield Box,Lowest tier in right-field foul territory between the right-field foul pole and first base; nearest first base. Front rows sit against the outfield wall,right field / first-base line,8,toward first base / right field,1-27,27,"Stairway aisles run along both side edges of the section; rows are not split by a mid-row aisle, so seat numbers run continuously from one side aisle to the other. Entry portal / cross-aisle at row 27.","Seat 1 is on the edge facing section 110; seat numbers count UP toward the edge facing section 108. Facing the field, seat 1 is on your left. Because this section is on the first-base/right-field half of the park, seat 1 is the end of the row CLOSEST to home plate and HIGHER seat numbers are FARTHER from home plate.",not published (typical rows run roughly 18-23 seats),"Lower rows get sun early in day games, shade later.","HIGH - rows, entrance row and seat direction stated by RateYourSeats section page"
110,100 Field Level,Field Infield Box,"Lowest tier along the infield on the first-base side, at first base",first-base side,7,toward first base / right field,1-27,27,"Stairway aisles run along both side edges of the section; rows are not split by a mid-row aisle, so seat numbers run continuously from one side aisle to the other. Entry portal / cross-aisle at row 27.","Seat 1 is on the edge facing section 111; seat numbers count UP toward the edge facing section 109. Facing the field, seat 1 is on your left. Because this section is on the first-base/right-field half of the park, seat 1 is the end of the row CLOSEST to home plate and HIGHER seat numbers are FARTHER from home plate.",about 22 in most rows,Most rows have about 22 seats. Consistent shade even with the roof open.,"HIGH - rows, entrance row and seat direction stated by RateYourSeats section page"
111,100 Field Level,Field Infield Box,Lowest tier along the infield on the first-base side,first-base side,6,toward first base / right field,1-27,27,"Stairway aisles run along both side edges of the section; rows are not split by a mid-row aisle, so seat numbers run continuously from one side aisle to the other. Entry portal / cross-aisle at row 27.","Seat 1 is on the edge facing section 112; seat numbers count UP toward the edge facing section 110. Facing the field, seat 1 is on your left. Because this section is on the first-base/right-field half of the park, seat 1 is the end of the row CLOSEST to home plate and HIGHER seat numbers are FARTHER from home plate.",not published (typical rows run roughly 18-23 seats),Consistent shade even with the roof open.,"HIGH - rows, entrance row and seat direction stated by RateYourSeats section page"
112,100 Field Level,Field Infield Box,"Lowest tier along the infield on the first-base side, directly in front of the Brewers (home) dugout",first-base side,5,toward first base / right field,1-21,21,"Stairway aisles run along both side edges of the section; rows are not split by a mid-row aisle, so seat numbers run continuously from one side aisle to the other. Entry portal / cross-aisle at row 21.","Seat 1 is on the edge facing section 113; seat numbers count UP toward the edge facing section 111. Facing the field, seat 1 is on your left. Because this section is on the first-base/right-field half of the park, seat 1 is the end of the row CLOSEST to home plate and HIGHER seat numbers are FARTHER from home plate.",not published (typical rows run roughly 18-23 seats),"Netting or screening in front of sections 112-123, height varies. Row 4 is the first row behind the Brewers dugout.","HIGH - rows, entrance row and seat direction stated by RateYourSeats section page"
113,100 Field Level,Field Infield Box,"Lowest tier along the infield on the first-base side, directly in front of the Brewers (home) dugout",first-base side,4,toward first base / right field,4-21,21,"Stairway aisles run along both side edges of the section; rows are not split by a mid-row aisle, so seat numbers run continuously from one side aisle to the other. Entry portal / cross-aisle at row 21.","Seat 1 is on the edge facing section 114; seat numbers count UP toward the edge facing section 112. Facing the field, seat 1 is on your left. Because this section is on the first-base/right-field half of the park, seat 1 is the end of the row CLOSEST to home plate and HIGHER seat numbers are FARTHER from home plate.",not published (typical rows run roughly 18-23 seats),Behind the Brewers dugout. Row 4 is the first row behind the dugout. Netting in front.,"HIGH - rows, entrance row and seat direction stated by RateYourSeats section page"
114,100 Field Level,Field Infield Box,"Lowest tier along the infield on the first-base side, directly in front of the Brewers (home) dugout",first-base side,3,toward first base / right field,1-21,21,"Stairway aisles run along both side edges of the section; rows are not split by a mid-row aisle, so seat numbers run continuously from one side aisle to the other. Entry portal / cross-aisle at row 21.","Seat 1 is on the edge facing section 115; seat numbers count UP toward the edge facing section 113. Facing the field, seat 1 is on your left. Because this section is on the first-base/right-field half of the park, seat 1 is the end of the row CLOSEST to home plate and HIGHER seat numbers are FARTHER from home plate.",not published (typical rows run roughly 18-23 seats),Behind the Brewers dugout. Row 4 is the first row behind the dugout. Netting in front.,"HIGH - rows, entrance row and seat direction stated by RateYourSeats section page"
115,100 Field Level,Field Infield Box,Lowest tier along the infield on the first-base side,first-base side,2,toward first base / right field,1-21,21,"Stairway aisles run along both side edges of the section; rows are not split by a mid-row aisle, so seat numbers run continuously from one side aisle to the other. Entry portal / cross-aisle at row 21.","Seat 1 is on the edge facing section 116; seat numbers count UP toward the edge facing section 114. Facing the field, seat 1 is on your left. Because this section is on the first-base/right-field half of the park, seat 1 is the end of the row CLOSEST to home plate and HIGHER seat numbers are FARTHER from home plate.",not published (typical rows run roughly 18-23 seats),Netting in front. Consistent shade even with the roof open.,"HIGH - rows, entrance row and seat direction stated by RateYourSeats section page"
116,100 Field Level,Field Infield Box,"Lowest tier along the infield on the first-base side, just to the first-base side of home plate",first-base side,1,toward first base / right field,1-21,21,"Stairway aisles run along both side edges of the section; rows are not split by a mid-row aisle, so seat numbers run continuously from one side aisle to the other. Entry portal / cross-aisle at row 21.","Seat 1 is on the edge facing section 117; seat numbers count UP toward the edge facing section 115. Facing the field, seat 1 is on your left. Because this section is on the first-base/right-field half of the park, seat 1 is the end of the row CLOSEST to home plate and HIGHER seat numbers are FARTHER from home plate.",not published (typical rows run roughly 18-23 seats),"Netting in front. Reviewers report it very sunny early in day games, shaded by roughly 2pm in July.","HIGH - rows, entrance row and seat direction stated by RateYourSeats section page"
117,100 Field Level,Field Infield Box,Lowest tier directly behind home plate,behind home plate,0,behind home plate,1-27,27,"Stairway aisles run along both side edges of the section; rows are not split by a mid-row aisle, so seat numbers run continuously from one side aisle to the other. Entry portal / cross-aisle at row 27.","Seat 1 is on the edge facing section 118; seat numbers count UP toward the edge facing section 116. Facing the field, seat 1 is on your left. This section is behind home plate, so seat 1 is on its third-base side and the highest seat number is on its first-base side.",not published (typical rows run roughly 18-23 seats),Netting in front. Consistent shade.,"HIGH - rows, entrance row and seat direction stated by RateYourSeats section page"
118,100 Field Level,Field Infield Box,Lowest tier directly behind home plate,behind home plate,0,behind home plate,1-27,27,"Stairway aisles run along both side edges of the section; rows are not split by a mid-row aisle, so seat numbers run continuously from one side aisle to the other. Entry portal / cross-aisle at row 27.","Seat 1 is on the edge facing section 119; seat numbers count UP toward the edge facing section 117. Facing the field, seat 1 is on your left. This section is behind home plate, so seat 1 is on its third-base side and the highest seat number is on its first-base side.",not published (typical rows run roughly 18-23 seats),"Netting in front. Sunny early, shaded later. Gives glimpses into the dugout.","HIGH - rows, entrance row and seat direction stated by RateYourSeats section page"
119,100 Field Level,Field Infield Box,Lowest tier directly behind home plate (the protective net behind home plate ends in this section),behind home plate,0,behind home plate,1-21,21,"Stairway aisles run along both side edges of the section; rows are not split by a mid-row aisle, so seat numbers run continuously from one side aisle to the other. Entry portal / cross-aisle at row 21.","Seat 1 is on the edge facing section 120; seat numbers count UP toward the edge facing section 118. Facing the field, seat 1 is on your left. This section is behind home plate, so seat 1 is on its third-base side and the highest seat number is on its first-base side.",not published (typical rows run roughly 18-23 seats),"The net behind home plate ENDS in this section - half the section is behind net, half is not. View into the home dugout.","HIGH - rows, entrance row and seat direction stated by RateYourSeats section page"
120,100 Field Level,Field Infield Box,Lowest tier directly behind home plate,behind home plate,0,behind home plate,1-21,21,"Stairway aisles run along both side edges of the section; rows are not split by a mid-row aisle, so seat numbers run continuously from one side aisle to the other. Entry portal / cross-aisle at row 21.","Seat 1 is on the edge facing section 121; seat numbers count UP toward the edge facing section 119. Facing the field, seat 1 is on your left. This section is behind home plate, so seat 1 is on its third-base side and the highest seat number is on its first-base side.",not published (typical rows run roughly 18-23 seats),Netting in front. Consistent shade.,"HIGH - rows, entrance row and seat direction stated by RateYourSeats section page"
121,100 Field Level,Field Infield Box,"Lowest tier along the infield on the third-base side, directly in front of the visiting team dugout",third-base side,1,toward third base / left field,1-21,21,"Stairway aisles run along both side edges of the section; rows are not split by a mid-row aisle, so seat numbers run continuously from one side aisle to the other. Entry portal / cross-aisle at row 21.","Seat 1 is on the edge facing section 122; seat numbers count UP toward the edge facing section 120. Facing the field, seat 1 is on your left. Because this section is on the third-base/left-field half of the park, the rule flips: seat 1 is the end of the row FARTHEST from home plate and HIGHER seat numbers are CLOSER to home plate.",not published (typical rows run roughly 18-23 seats),Behind the visitors dugout. Row 4 is the first row behind the dugout. Netting in front.,"HIGH - rows, entrance row and seat direction stated by RateYourSeats section page"
122,100 Field Level,Field Infield Box,"Lowest tier along the infield on the third-base side, directly in front of the visiting team dugout",third-base side,2,toward third base / left field,4-21,21,"Stairway aisles run along both side edges of the section; rows are not split by a mid-row aisle, so seat numbers run continuously from one side aisle to the other. Entry portal / cross-aisle at row 21.","Seat 1 is on the edge facing section 123; seat numbers count UP toward the edge facing section 121. Facing the field, seat 1 is on your left. Because this section is on the third-base/left-field half of the park, the rule flips: seat 1 is the end of the row FARTHEST from home plate and HIGHER seat numbers are CLOSER to home plate.",not published (typical rows run roughly 18-23 seats),Behind the visitors dugout. Row 4 is the first row behind the dugout. Reviewers report strong sun.,"HIGH - rows, entrance row and seat direction stated by RateYourSeats section page"
123,100 Field Level,Field Infield Box,"Lowest tier along the infield on the third-base side, directly in front of the visiting team dugout",third-base side,3,toward third base / left field,4-21,21,"Stairway aisles run along both side edges of the section; rows are not split by a mid-row aisle, so seat numbers run continuously from one side aisle to the other. Entry portal / cross-aisle at row 21.","Seat 1 is on the edge facing section 124; seat numbers count UP toward the edge facing section 122. Facing the field, seat 1 is on your left. Because this section is on the third-base/left-field half of the park, the rule flips: seat 1 is the end of the row FARTHEST from home plate and HIGHER seat numbers are CLOSER to home plate.",not published (typical rows run roughly 18-23 seats),Behind the visitors dugout. Netting in front.,"HIGH - rows, entrance row and seat direction stated by RateYourSeats section page"
124,100 Field Level,Field Infield Box,"Lowest tier along the infield on the third-base side, approaching third base",third-base side,4,toward third base / left field,1-27,27,"Stairway aisles run along both side edges of the section; rows are not split by a mid-row aisle, so seat numbers run continuously from one side aisle to the other. Entry portal / cross-aisle at row 27.","Seat 1 is on the edge facing section 125; seat numbers count UP toward the edge facing section 123. Facing the field, seat 1 is on your left. Because this section is on the third-base/left-field half of the park, the rule flips: seat 1 is the end of the row FARTHEST from home plate and HIGHER seat numbers are CLOSER to home plate.",not published (typical rows run roughly 18-23 seats),Often among the cheapest seats within the Infield Box zone.,"HIGH - rows, entrance row and seat direction stated by RateYourSeats section page"
125,100 Field Level,Field Infield Box,"Lowest tier along the infield on the third-base side, approaching third base",third-base side,5,toward third base / left field,1-27,27,"Stairway aisles run along both side edges of the section; rows are not split by a mid-row aisle, so seat numbers run continuously from one side aisle to the other. Entry portal / cross-aisle at row 27.","Seat 1 is on the edge facing section 126; seat numbers count UP toward the edge facing section 124. Facing the field, seat 1 is on your left. Because this section is on the third-base/left-field half of the park, the rule flips: seat 1 is the end of the row FARTHEST from home plate and HIGHER seat numbers are CLOSER to home plate.",not published (typical rows run roughly 18-23 seats),Often among the cheapest seats within the Infield Box zone.,"HIGH - rows, entrance row and seat direction stated by RateYourSeats section page"
126,100 Field Level,Field Outfield Box,Lowest tier in left-field foul territory between third base and the left-field foul pole; nearest third base,third-base line / left field,6,toward third base / left field,1-29,29,"Stairway aisles run along both side edges of the section; rows are not split by a mid-row aisle, so seat numbers run continuously from one side aisle to the other. Entry portal / cross-aisle at row 29.","Seat 1 is on the edge facing section 127; seat numbers count UP toward the edge facing section 125. Facing the field, seat 1 is on your left. Because this section is on the third-base/left-field half of the park, the rule flips: seat 1 is the end of the row FARTHEST from home plate and HIGHER seat numbers are CLOSER to home plate.",not published (typical rows run roughly 18-23 seats),Left-field side gets more sun during day games. Front rows against the field wall. Behind netting per fan reports.,"HIGH - rows, entrance row and seat direction stated by RateYourSeats section page"
127,100 Field Level,Field Outfield Box,Lowest tier in left-field foul territory between third base and the left-field foul pole; between third base and the foul pole,third-base line / left field,7,toward third base / left field,1-30,30,"Stairway aisles run along both side edges of the section; rows are not split by a mid-row aisle, so seat numbers run continuously from one side aisle to the other. Entry portal / cross-aisle at row 30.","Seat 1 is on the edge facing section 128; seat numbers count UP toward the edge facing section 126. Facing the field, seat 1 is on your left. Because this section is on the third-base/left-field half of the park, the rule flips: seat 1 is the end of the row FARTHEST from home plate and HIGHER seat numbers are CLOSER to home plate.",not published (typical rows run roughly 18-23 seats),More sun than the right-field side. Front rows sit against the outfield wall.,"HIGH - rows, entrance row and seat direction stated by RateYourSeats section page"
128,100 Field Level,Field Outfield Box,Lowest tier in left-field foul territory between third base and the left-field foul pole; between third base and the foul pole,third-base line / left field,8,toward third base / left field,1-27,27,"Stairway aisles run along both side edges of the section; rows are not split by a mid-row aisle, so seat numbers run continuously from one side aisle to the other. Entry portal / cross-aisle at row 27.","Seat 1 is on the edge facing section 129; seat numbers count UP toward the edge facing section 127. Facing the field, seat 1 is on your left. Because this section is on the third-base/left-field half of the park, the rule flips: seat 1 is the end of the row FARTHEST from home plate and HIGHER seat numbers are CLOSER to home plate.",not published (typical rows run roughly 18-23 seats),More sun than the right-field side. Angled view toward the infield.,"HIGH - rows, entrance row and seat direction stated by RateYourSeats section page"
129,100 Field Level,Field Outfield Box,Lowest tier in left-field foul territory between third base and the left-field foul pole; between third base and the foul pole,third-base line / left field,9,toward third base / left field,3-27,27,"Stairway aisles run along both side edges of the section; rows are not split by a mid-row aisle, so seat numbers run continuously from one side aisle to the other. Entry portal / cross-aisle at row 27.","Seat 1 is on the edge facing section 130; seat numbers count UP toward the edge facing section 128. Facing the field, seat 1 is on your left. Because this section is on the third-base/left-field half of the park, the rule flips: seat 1 is the end of the row FARTHEST from home plate and HIGHER seat numbers are CLOSER to home plate.",not published (typical rows run roughly 18-23 seats),More sun than the right-field side. Front rows sit against the outfield wall.,"HIGH - rows, entrance row and seat direction stated by RateYourSeats section page"
130,100 Field Level,Field Outfield Box,Lowest tier in left-field foul territory between third base and the left-field foul pole; between third base and the foul pole,third-base line / left field,10,toward third base / left field,10-30,30,"Stairway aisles run along both side edges of the section; rows are not split by a mid-row aisle, so seat numbers run continuously from one side aisle to the other. Entry portal / cross-aisle at row 30.","Seat 1 is on the edge facing section 131; seat numbers count UP toward the edge facing section 129. Facing the field, seat 1 is on your left. Because this section is on the third-base/left-field half of the park, the rule flips: seat 1 is the end of the row FARTHEST from home plate and HIGHER seat numbers are CLOSER to home plate.",not published (typical rows run roughly 18-23 seats),More sun than the right-field side. Front rows sit against the outfield wall.,"HIGH - rows, entrance row and seat direction stated by RateYourSeats section page"
131,100 Field Level,Field Outfield Box,Lowest tier in left-field foul territory between third base and the left-field foul pole; in the left-field corner at the foul pole; a very small section,third-base line / left field,11,toward third base / left field,20-26,26,"Stairway aisles run along both side edges of the section; rows are not split by a mid-row aisle, so seat numbers run continuously from one side aisle to the other. Entry portal / cross-aisle at row 26.","Seat 1 is on the far edge of the section (no higher-numbered section beyond it); seat numbers count UP toward the edge facing section 130. Facing the field, seat 1 is on your left. Because this section is on the third-base/left-field half of the park, the rule flips: seat 1 is the end of the row FARTHEST from home plate and HIGHER seat numbers are CLOSER to home plate.",row 20 has only 4 seats,Very small section - row 20 has only 4 seats. Comfortable angle toward the infield.,"HIGH - rows, entrance row and seat direction stated by RateYourSeats section page"
201,200 Loge Level,Loge Bleachers,"Second tier, right field, behind the right-field wall; deepest toward right-center. Bench seating with backrests, near the visiting bullpen",right field,15,toward first base / right field,1-14,14,"Stairway aisles run along both side edges of the section; rows are not split by a mid-row aisle, so seat numbers run continuously from one side aisle to the other. Entry portal / cross-aisle at row 14.","Seat 1 is on the edge facing section 202; seat numbers count UP toward the far edge of the section (no lower-numbered section beyond it). Facing the field, seat 1 is on your left. Because this section is on the first-base/right-field half of the park, seat 1 is the end of the row CLOSEST to home plate and HIGHER seat numbers are FARTHER from home plate.",not published (typical rows run roughly 18-23 seats),"Bench seating with backrest, extra leg room. Partial scoreboard view; one review reports seeing only half the scoreboard.","HIGH - rows, entrance row and seat direction stated by RateYourSeats section page"
202,200 Loge Level,Loge Bleachers,"Second tier, right field, behind the right-field wall; in the right-field bleacher bank. Bench seating with backrests, near the visiting bullpen",right field,14,toward first base / right field,1-14,14,"Stairway aisles run along both side edges of the section; rows are not split by a mid-row aisle, so seat numbers run continuously from one side aisle to the other. Entry portal / cross-aisle at row 14.","Seat 1 is on the edge facing section 203; seat numbers count UP toward the edge facing section 201. Facing the field, seat 1 is on your left. Because this section is on the first-base/right-field half of the park, seat 1 is the end of the row CLOSEST to home plate and HIGHER seat numbers are FARTHER from home plate.",not published (typical rows run roughly 18-23 seats),"Bench seating. Several seats have an obstructed scoreboard view, especially deeper rows.","HIGH - rows, entrance row and seat direction stated by RateYourSeats section page"
203,200 Loge Level,Loge Bleachers,"Second tier, right field, behind the right-field wall; in the right-field bleacher bank. Bench seating with backrests, near the visiting bullpen",right field,13,toward first base / right field,1-14,14,"Stairway aisles run along both side edges of the section; rows are not split by a mid-row aisle, so seat numbers run continuously from one side aisle to the other. Entry portal / cross-aisle at row 14.","Seat 1 is on the edge facing section 204; seat numbers count UP toward the edge facing section 202. Facing the field, seat 1 is on your left. Because this section is on the first-base/right-field half of the park, seat 1 is the end of the row CLOSEST to home plate and HIGHER seat numbers are FARTHER from home plate.",not published (typical rows run roughly 18-23 seats),Scoreboard visible at an angle. Bench seating with backrest.,"HIGH - rows, entrance row and seat direction stated by RateYourSeats section page"
204,200 Loge Level,Loge Bleachers,"Second tier, right field, behind the right-field wall; in the right-field bleacher bank. Bench seating with backrests, near the visiting bullpen",right field,12,toward first base / right field,1-14,14,"Stairway aisles run along both side edges of the section; rows are not split by a mid-row aisle, so seat numbers run continuously from one side aisle to the other. Entry portal / cross-aisle at row 14.","Seat 1 is on the edge facing section 205; seat numbers count UP toward the edge facing section 203. Facing the field, seat 1 is on your left. Because this section is on the first-base/right-field half of the park, seat 1 is the end of the row CLOSEST to home plate and HIGHER seat numbers are FARTHER from home plate.",not published (typical rows run roughly 18-23 seats),Parts of the outfield are out of view due to angle and height. Scoreboard at an angle.,"HIGH - rows, entrance row and seat direction stated by RateYourSeats section page"
205,200 Loge Level,Loge Bleachers,"Second tier, right field, behind the right-field wall; nearest the right-field foul pole. Bench seating with backrests, near the visiting bullpen",right field,11,toward first base / right field,1-16,16,"Stairway aisles run along both side edges of the section; rows are not split by a mid-row aisle, so seat numbers run continuously from one side aisle to the other. Entry portal / cross-aisle at row 16.","Seat 1 is on the edge facing section 206; seat numbers count UP toward the edge facing section 204. Facing the field, seat 1 is on your left. Because this section is on the first-base/right-field half of the park, seat 1 is the end of the row CLOSEST to home plate and HIGHER seat numbers are FARTHER from home plate.",not published (typical rows run roughly 18-23 seats),Bench seating. One fan notes seat 1 is closest to the wall rather than the aisle here. Complaints about food-stand exhaust.,"HIGH - rows, entrance row and seat direction stated by RateYourSeats section page"
206,200 Loge Level,Loge Outfield Box,Second tier down the right-field line between the outfield corner and first base,right field / first-base line,10,toward first base / right field,1-19,19,"Stairway aisles run along both side edges of the section; rows are not split by a mid-row aisle, so seat numbers run continuously from one side aisle to the other. Entry portal / cross-aisle at row 19.","Seat 1 is on the edge facing section 207; seat numbers count UP toward the edge facing section 205. Facing the field, seat 1 is on your left. Because this section is on the first-base/right-field half of the park, seat 1 is the end of the row CLOSEST to home plate and HIGHER seat numbers are FARTHER from home plate.",not published (typical rows run roughly 18-23 seats),Right-field side sections often hold shade longer. Good foul-ball territory.,"HIGH - rows, entrance row and seat direction stated by RateYourSeats section page"
207,200 Loge Level,Loge Outfield Box,Second tier down the right-field line between the outfield corner and first base,right field / first-base line,9,toward first base / right field,1-21,21,"Stairway aisles run along both side edges of the section; rows are not split by a mid-row aisle, so seat numbers run continuously from one side aisle to the other. Entry portal / cross-aisle at row 21.","Seat 1 is on the edge facing section 208; seat numbers count UP toward the edge facing section 206. Facing the field, seat 1 is on your left. Because this section is on the first-base/right-field half of the park, seat 1 is the end of the row CLOSEST to home plate and HIGHER seat numbers are FARTHER from home plate.",not published (typical rows run roughly 18-23 seats),Rows 17-21 recommended for convenience.,"HIGH - rows, entrance row and seat direction stated by RateYourSeats section page"
208,200 Loge Level,Loge Outfield Box,Second tier down the right-field line between the outfield corner and first base,right field / first-base line,8,toward first base / right field,1-19,19,"Stairway aisles run along both side edges of the section; rows are not split by a mid-row aisle, so seat numbers run continuously from one side aisle to the other. Entry portal / cross-aisle at row 19.","Seat 1 is on the edge facing section 209; seat numbers count UP toward the edge facing section 207. Facing the field, seat 1 is on your left. Because this section is on the first-base/right-field half of the park, seat 1 is the end of the row CLOSEST to home plate and HIGHER seat numbers are FARTHER from home plate.",row 9 has 20 seats,Row 9 reported at 20 seats. Solid foul-ball area.,"HIGH - rows, entrance row and seat direction stated by RateYourSeats section page"
209,200 Loge Level,Loge Outfield Box,Second tier down the right-field line between the outfield corner and first base,right field / first-base line,7,toward first base / right field,1-19,19,"Stairway aisles run along both side edges of the section; rows are not split by a mid-row aisle, so seat numbers run continuously from one side aisle to the other. Entry portal / cross-aisle at row 19.","Seat 1 is on the edge facing section 210; seat numbers count UP toward the edge facing section 208. Facing the field, seat 1 is on your left. Because this section is on the first-base/right-field half of the park, seat 1 is the end of the row CLOSEST to home plate and HIGHER seat numbers are FARTHER from home plate.",not published (typical rows run roughly 18-23 seats),Right-field side holds shade better than left field.,"HIGH - rows, entrance row and seat direction stated by RateYourSeats section page"
210,200 Loge Level,Loge Infield Box,Second tier along the infield on the first-base side,first-base side,6,toward first base / right field,1-21,21,"Stairway aisles run along both side edges of the section; rows are not split by a mid-row aisle, so seat numbers run continuously from one side aisle to the other. Entry portal / cross-aisle at row 21.","Seat 1 is on the edge facing section 211; seat numbers count UP toward the edge facing section 209. Facing the field, seat 1 is on your left. Because this section is on the first-base/right-field half of the park, seat 1 is the end of the row CLOSEST to home plate and HIGHER seat numbers are FARTHER from home plate.",not published (typical rows run roughly 18-23 seats),A reviewer reports being in shade after about one inning.,"HIGH - rows, entrance row and seat direction stated by RateYourSeats section page"
211,200 Loge Level,Loge Infield Box,Second tier along the infield on the first-base side,first-base side,5,toward first base / right field,1-19,19,"Stairway aisles run along both side edges of the section; rows are not split by a mid-row aisle, so seat numbers run continuously from one side aisle to the other. Entry portal / cross-aisle at row 19.","Seat 1 is on the edge facing section 212; seat numbers count UP toward the edge facing section 210. Facing the field, seat 1 is on your left. Because this section is on the first-base/right-field half of the park, seat 1 is the end of the row CLOSEST to home plate and HIGHER seat numbers are FARTHER from home plate.",row 3 has 23 seats,Row 3 reported at 23 seats. A reviewer reports the overhang blocking part of the view.,"HIGH - rows, entrance row and seat direction stated by RateYourSeats section page"
212,200 Loge Level,Loge Infield Box,Second tier along the infield on the first-base side,first-base side,4,toward first base / right field,1-19,19,"Stairway aisles run along both side edges of the section; rows are not split by a mid-row aisle, so seat numbers run continuously from one side aisle to the other. Entry portal / cross-aisle at row 19.","Seat 1 is on the edge facing section 213; seat numbers count UP toward the edge facing section 211. Facing the field, seat 1 is on your left. Because this section is on the first-base/right-field half of the park, seat 1 is the end of the row CLOSEST to home plate and HIGHER seat numbers are FARTHER from home plate.",not published (typical rows run roughly 18-23 seats),Rows 17 and higher in sections 212-215 get good shade during day games.,"HIGH - rows, entrance row and seat direction stated by RateYourSeats section page"
213,200 Loge Level,Loge Infield Box,Second tier along the infield on the first-base side,first-base side,3,toward first base / right field,1-21,21,"Stairway aisles run along both side edges of the section; rows are not split by a mid-row aisle, so seat numbers run continuously from one side aisle to the other. Entry portal / cross-aisle at row 21.","Seat 1 is on the edge facing section 214; seat numbers count UP toward the edge facing section 212. Facing the field, seat 1 is on your left. Because this section is on the first-base/right-field half of the park, seat 1 is the end of the row CLOSEST to home plate and HIGHER seat numbers are FARTHER from home plate.",row 5 has 22 seats,Row 5 reported at 22 seats.,"HIGH - rows, entrance row and seat direction stated by RateYourSeats section page"
214,200 Loge Level,Loge Infield Box,Second tier along the infield on the first-base side,first-base side,2,toward first base / right field,1-19,19,"Stairway aisles run along both side edges of the section; rows are not split by a mid-row aisle, so seat numbers run continuously from one side aisle to the other. Entry portal / cross-aisle at row 19.","Seat 1 is on the edge facing section 215; seat numbers count UP toward the edge facing section 213. Facing the field, seat 1 is on your left. Because this section is on the first-base/right-field half of the park, seat 1 is the end of the row CLOSEST to home plate and HIGHER seat numbers are FARTHER from home plate.",one row reported at 18 seats,A reviewer reports balls down the right-field line are hard to see land.,"HIGH - rows, entrance row and seat direction stated by RateYourSeats section page"
215,200 Loge Level,Loge Infield Box,Second tier along the infield on the first-base side,first-base side,1,toward first base / right field,1-21,21,"Stairway aisles run along both side edges of the section; rows are not split by a mid-row aisle, so seat numbers run continuously from one side aisle to the other. Entry portal / cross-aisle at row 21.","Seat 1 is on the edge facing section 216; seat numbers count UP toward the edge facing section 214. Facing the field, seat 1 is on your left. Because this section is on the first-base/right-field half of the park, seat 1 is the end of the row CLOSEST to home plate and HIGHER seat numbers are FARTHER from home plate.",not published (typical rows run roughly 18-23 seats),Rows 17 and higher get good shade during day games.,"HIGH - rows, entrance row and seat direction stated by RateYourSeats section page"
216,200 Loge Level,Loge Infield Box,Second tier directly behind home plate,behind home plate,0,behind home plate,1-10,10,"Stairway aisles run along both side edges of the section; rows are not split by a mid-row aisle, so seat numbers run continuously from one side aisle to the other. Entry portal / cross-aisle at row 10.","Seat 1 is on the edge facing section 217; seat numbers count UP toward the edge facing section 215. Facing the field, seat 1 is on your left. This section is behind home plate, so seat 1 is on its third-base side and the highest seat number is on its first-base side.",not published (typical rows run roughly 18-23 seats),Rows 1-5 are sold as premium Loge Diamond Box.,"HIGH - rows, entrance row and seat direction stated by RateYourSeats section page"
217,200 Loge Level,Loge Infield Box,Second tier directly behind home plate (alcohol-free family section),behind home plate,0,behind home plate,1-10,10,"Stairway aisles run along both side edges of the section; rows are not split by a mid-row aisle, so seat numbers run continuously from one side aisle to the other. Entry portal / cross-aisle at row 10.","Seat 1 is on the edge facing section 218; seat numbers count UP toward the edge facing section 216. Facing the field, seat 1 is on your left. This section is behind home plate, so seat 1 is on its third-base side and the highest seat number is on its first-base side.",not published (typical rows run roughly 18-23 seats),Alcohol-free family section; no alcohol permitted. Directly in front of the press box.,"HIGH - rows, entrance row and seat direction stated by RateYourSeats section page"
218,200 Loge Level,Loge Infield Box,Second tier directly behind home plate (in front of the press box),behind home plate,0,behind home plate,1-10,10,"Stairway aisles run along both side edges of the section; rows are not split by a mid-row aisle, so seat numbers run continuously from one side aisle to the other. Entry portal / cross-aisle at row 10.","Seat 1 is on the edge facing section 219; seat numbers count UP toward the edge facing section 217. Facing the field, seat 1 is on your left. This section is behind home plate, so seat 1 is on its third-base side and the highest seat number is on its first-base side.",not published (typical rows run roughly 18-23 seats),Dead-centre behind home plate on this level.,"HIGH - rows, entrance row and seat direction stated by RateYourSeats section page"
219,200 Loge Level,Loge Infield Box,Second tier directly behind home plate,behind home plate,0,behind home plate,1-10,10,"Stairway aisles run along both side edges of the section; rows are not split by a mid-row aisle, so seat numbers run continuously from one side aisle to the other. Entry portal / cross-aisle at row 10.","Seat 1 is on the edge facing section 220; seat numbers count UP toward the edge facing section 218. Facing the field, seat 1 is on your left. This section is behind home plate, so seat 1 is on its third-base side and the highest seat number is on its first-base side.",not published (typical rows run roughly 18-23 seats),Short section - only 10 rows deep.,"HIGH - rows, entrance row and seat direction stated by RateYourSeats section page"
220,200 Loge Level,Loge Infield Box,Second tier directly behind home plate,behind home plate,0,behind home plate,1-10,10,"Stairway aisles run along both side edges of the section; rows are not split by a mid-row aisle, so seat numbers run continuously from one side aisle to the other. Entry portal / cross-aisle at row 10.","Seat 1 is on the edge facing section 221; seat numbers count UP toward the edge facing section 219. Facing the field, seat 1 is on your left. This section is behind home plate, so seat 1 is on its third-base side and the highest seat number is on its first-base side.",not published (typical rows run roughly 18-23 seats),Short section - only 10 rows deep.,"HIGH - rows, entrance row and seat direction stated by RateYourSeats section page"
221,200 Loge Level,Loge Infield Box,Second tier directly behind home plate (a wheelchair lift serves this section),behind home plate,0,behind home plate,1-10,10,"Stairway aisles run along both side edges of the section; rows are not split by a mid-row aisle, so seat numbers run continuously from one side aisle to the other. Entry portal / cross-aisle at row 10.","Seat 1 is on the edge facing section 222; seat numbers count UP toward the edge facing section 220. Facing the field, seat 1 is on your left. This section is behind home plate, so seat 1 is on its third-base side and the highest seat number is on its first-base side.",not published (typical rows run roughly 18-23 seats),A wheelchair lift serves this section. Guest Relations kiosk is behind section 221.,"HIGH - rows, entrance row and seat direction stated by RateYourSeats section page"
222,200 Loge Level,Loge Infield Box,Second tier along the infield on the third-base side,third-base side,1,toward third base / left field,1-21,21,"Stairway aisles run along both side edges of the section; rows are not split by a mid-row aisle, so seat numbers run continuously from one side aisle to the other. Entry portal / cross-aisle at row 21.","Seat 1 is on the edge facing section 223; seat numbers count UP toward the edge facing section 221. Facing the field, seat 1 is on your left. Because this section is on the third-base/left-field half of the park, the rule flips: seat 1 is the end of the row FARTHEST from home plate and HIGHER seat numbers are CLOSER to home plate.",not published (typical rows run roughly 18-23 seats),Rows 1-5 are premium Loge Diamond Box. One review reports the overhang cutting off the centre video board.,"HIGH - rows, entrance row and seat direction stated by RateYourSeats section page"
223,200 Loge Level,Loge Infield Box,Second tier along the infield on the third-base side,third-base side,2,toward third base / left field,1-19,19,"Stairway aisles run along both side edges of the section; rows are not split by a mid-row aisle, so seat numbers run continuously from one side aisle to the other. Entry portal / cross-aisle at row 19.","Seat 1 is on the edge facing section 224; seat numbers count UP toward the edge facing section 222. Facing the field, seat 1 is on your left. Because this section is on the third-base/left-field half of the park, the rule flips: seat 1 is the end of the row FARTHEST from home plate and HIGHER seat numbers are CLOSER to home plate.",not published (typical rows run roughly 18-23 seats),An accessible row is reported at row 19.,"HIGH - rows, entrance row and seat direction stated by RateYourSeats section page"
224,200 Loge Level,Loge Infield Box,Second tier along the infield on the third-base side,third-base side,3,toward third base / left field,1-21,21,"Stairway aisles run along both side edges of the section; rows are not split by a mid-row aisle, so seat numbers run continuously from one side aisle to the other. Entry portal / cross-aisle at row 21.","Seat 1 is on the edge facing section 225; seat numbers count UP toward the edge facing section 223. Facing the field, seat 1 is on your left. Because this section is on the third-base/left-field half of the park, the rule flips: seat 1 is the end of the row FARTHEST from home plate and HIGHER seat numbers are CLOSER to home plate.",not published (typical rows run roughly 18-23 seats),,"HIGH - rows, entrance row and seat direction stated by RateYourSeats section page"
225,200 Loge Level,Loge Infield Box,Second tier along the infield on the third-base side,third-base side,4,toward third base / left field,1-19,19,"Stairway aisles run along both side edges of the section; rows are not split by a mid-row aisle, so seat numbers run continuously from one side aisle to the other. Entry portal / cross-aisle at row 19.","Seat 1 is on the edge facing section 226; seat numbers count UP toward the edge facing section 224. Facing the field, seat 1 is on your left. Because this section is on the third-base/left-field half of the park, the rule flips: seat 1 is the end of the row FARTHEST from home plate and HIGHER seat numbers are CLOSER to home plate.",not published (typical rows run roughly 18-23 seats),,"HIGH - rows, entrance row and seat direction stated by RateYourSeats section page"
226,200 Loge Level,Loge Infield Box,Second tier along the infield on the third-base side,third-base side,5,toward third base / left field,1-19,19,"Stairway aisles run along both side edges of the section; rows are not split by a mid-row aisle, so seat numbers run continuously from one side aisle to the other. Entry portal / cross-aisle at row 19.","Seat 1 is on the edge facing section 227; seat numbers count UP toward the edge facing section 225. Facing the field, seat 1 is on your left. Because this section is on the third-base/left-field half of the park, the rule flips: seat 1 is the end of the row FARTHEST from home plate and HIGHER seat numbers are CLOSER to home plate.",not published (typical rows run roughly 18-23 seats),An accessible row is reported at row 19.,"HIGH - rows, entrance row and seat direction stated by RateYourSeats section page"
227,200 Loge Level,Loge Infield Box,Second tier along the infield on the third-base side,third-base side,6,toward third base / left field,1-19,19,"Stairway aisles run along both side edges of the section; rows are not split by a mid-row aisle, so seat numbers run continuously from one side aisle to the other. Entry portal / cross-aisle at row 19.","Seat 1 is on the edge facing section 228; seat numbers count UP toward the edge facing section 226. Facing the field, seat 1 is on your left. Because this section is on the third-base/left-field half of the park, the rule flips: seat 1 is the end of the row FARTHEST from home plate and HIGHER seat numbers are CLOSER to home plate.",not published (typical rows run roughly 18-23 seats),Rows 14 and up are shaded by the club-level overhang. Rows 1-5 are Loge Diamond Box. An 'ADA' row is reported here.,"HIGH - rows, entrance row and seat direction stated by RateYourSeats section page"
228,200 Loge Level,Loge Outfield Box,Second tier down the left-field line between third base and the outfield corner,third-base line / left field,7,toward third base / left field,1-19,19,"Stairway aisles run along both side edges of the section; rows are not split by a mid-row aisle, so seat numbers run continuously from one side aisle to the other. Entry portal / cross-aisle at row 19.","Seat 1 is on the edge facing section 229; seat numbers count UP toward the edge facing section 227. Facing the field, seat 1 is on your left. Because this section is on the third-base/left-field half of the park, the rule flips: seat 1 is the end of the row FARTHEST from home plate and HIGHER seat numbers are CLOSER to home plate.",not published (typical rows run roughly 18-23 seats),Left-field side gets significantly more sun with the roof open. Strong foul-ball area. Seat-numbering direction NOT stated by the source for this section.,"HIGH - rows, entrance row and seat direction stated by RateYourSeats section page"
229,200 Loge Level,Loge Outfield Box,Second tier down the left-field line between third base and the outfield corner,third-base line / left field,8,toward third base / left field,1-21,21,"Stairway aisles run along both side edges of the section; rows are not split by a mid-row aisle, so seat numbers run continuously from one side aisle to the other. Entry portal / cross-aisle at row 21.","Seat 1 is on the edge facing section 230; seat numbers count UP toward the edge facing section 228. Facing the field, seat 1 is on your left. Because this section is on the third-base/left-field half of the park, the rule flips: seat 1 is the end of the row FARTHEST from home plate and HIGHER seat numbers are CLOSER to home plate.",not published (typical rows run roughly 18-23 seats),Left-field side receives more sun with the roof open.,"HIGH - rows, entrance row and seat direction stated by RateYourSeats section page"
230,200 Loge Level,Loge Outfield Box,Second tier down the left-field line between third base and the outfield corner,third-base line / left field,9,toward third base / left field,1-19,19,"Stairway aisles run along both side edges of the section; rows are not split by a mid-row aisle, so seat numbers run continuously from one side aisle to the other. Entry portal / cross-aisle at row 19.","Seat 1 is on the edge facing section 231; seat numbers count UP toward the edge facing section 229. Facing the field, seat 1 is on your left. Because this section is on the third-base/left-field half of the park, the rule flips: seat 1 is the end of the row FARTHEST from home plate and HIGHER seat numbers are CLOSER to home plate.",not published (typical rows run roughly 18-23 seats),Left-field side receives more sun.,"HIGH - rows, entrance row and seat direction stated by RateYourSeats section page"
231,200 Loge Level,Loge Outfield Box,Second tier down the left-field line between third base and the outfield corner,third-base line / left field,10,toward third base / left field,1-21,21,"Stairway aisles run along both side edges of the section; rows are not split by a mid-row aisle, so seat numbers run continuously from one side aisle to the other. Entry portal / cross-aisle at row 21.","Seat 1 is on the edge facing section 232; seat numbers count UP toward the edge facing section 230. Facing the field, seat 1 is on your left. Because this section is on the third-base/left-field half of the park, the rule flips: seat 1 is the end of the row FARTHEST from home plate and HIGHER seat numbers are CLOSER to home plate.",not published (typical rows run roughly 18-23 seats),Left-field side receives more sun. Rows 17-21 recommended for convenience.,"HIGH - rows, entrance row and seat direction stated by RateYourSeats section page"
232,200 Loge Level,Loge Outfield Box,Second tier down the left-field line between third base and the outfield corner,third-base line / left field,11,toward third base / left field,1-19,19,"Stairway aisles run along both side edges of the section; rows are not split by a mid-row aisle, so seat numbers run continuously from one side aisle to the other. Entry portal / cross-aisle at row 19.","Seat 1 is on the edge facing section 233; seat numbers count UP toward the edge facing section 231. Facing the field, seat 1 is on your left. Because this section is on the third-base/left-field half of the park, the rule flips: seat 1 is the end of the row FARTHEST from home plate and HIGHER seat numbers are CLOSER to home plate.",not published (typical rows run roughly 18-23 seats),Left-field side receives more sun. Rows 17-21 recommended for convenience.,"HIGH - rows, entrance row and seat direction stated by RateYourSeats section page"
233,200 Loge Level,Loge Bleachers,"Second tier, left field, behind the left-field wall, near the Brewers (home) bullpen. Bench seating with backrests",left field,12,toward third base / left field,1-19,19,"Stairway aisles run along both side edges of the section; rows are not split by a mid-row aisle, so seat numbers run continuously from one side aisle to the other. Entry portal / cross-aisle at row 19.","Seat 1 is on the edge facing section 234; seat numbers count UP toward the edge facing section 232. Facing the field, seat 1 is on your left. Because this section is on the third-base/left-field half of the park, the rule flips: seat 1 is the end of the row FARTHEST from home plate and HIGHER seat numbers are CLOSER to home plate.",not published (typical rows run roughly 18-23 seats),A large yellow pole at the front of the section blocks the left-field corner. Home plate is distant; scoreboard at an angle.,"HIGH - rows, entrance row and seat direction stated by RateYourSeats section page"
234,200 Loge Level,Loge Bleachers,"Second tier, left field, behind the left-field wall, near the Brewers (home) bullpen. Bench seating with backrests",left field,13,toward third base / left field,1-19,19,"Stairway aisles run along both side edges of the section; rows are not split by a mid-row aisle, so seat numbers run continuously from one side aisle to the other. Entry portal / cross-aisle at row 19.","Seat 1 is on the edge facing section 235; seat numbers count UP toward the edge facing section 233. Facing the field, seat 1 is on your left. Because this section is on the third-base/left-field half of the park, the rule flips: seat 1 is the end of the row FARTHEST from home plate and HIGHER seat numbers are CLOSER to home plate.",not published (typical rows run roughly 18-23 seats),Bench seating with backrest. Scoreboard at an angle. Behind or beside the stage for most concerts.,"HIGH - rows, entrance row and seat direction stated by RateYourSeats section page"
235,200 Loge Level,Loge Bleachers,"Second tier, left field, behind the left-field wall, near the Brewers (home) bullpen. Bench seating with backrests",left field,14,toward third base / left field,1-19,19,"Stairway aisles run along both side edges of the section; rows are not split by a mid-row aisle, so seat numbers run continuously from one side aisle to the other. Entry portal / cross-aisle at row 19.","Seat 1 is on the edge facing section 236; seat numbers count UP toward the edge facing section 234. Facing the field, seat 1 is on your left. Because this section is on the third-base/left-field half of the park, the rule flips: seat 1 is the end of the row FARTHEST from home plate and HIGHER seat numbers are CLOSER to home plate.",not published (typical rows run roughly 18-23 seats),"You lose more of left field the higher you sit, so the left fielder can be blocked from upper rows.","HIGH - rows, entrance row and seat direction stated by RateYourSeats section page"
236,200 Loge Level,Loge Bleachers,"Second tier, left field, behind the left-field wall, near the Brewers (home) bullpen. Bench seating with backrests",left field,15,toward third base / left field,1-18,18,"Stairway aisles run along both side edges of the section; rows are not split by a mid-row aisle, so seat numbers run continuously from one side aisle to the other. Entry portal / cross-aisle at row 18.","Seat 1 is on the edge facing section 237; seat numbers count UP toward the edge facing section 235. Facing the field, seat 1 is on your left. Because this section is on the third-base/left-field half of the park, the rule flips: seat 1 is the end of the row FARTHEST from home plate and HIGHER seat numbers are CLOSER to home plate.",not published (typical rows run roughly 18-23 seats),Reserved bleacher benches with backrests and printed numbers. Behind or beside the stage for most concerts.,"HIGH - rows, entrance row and seat direction stated by RateYourSeats section page"
237,200 Loge Level,Loge Bleachers,"Second tier, left field, behind the left-field wall, near the Brewers (home) bullpen. Bench seating with backrests",left field,16,toward third base / left field,UNKNOWN,UNKNOWN,"Stairway aisles run along both side edges of the section; rows are not split by a mid-row aisle, so seat numbers run continuously from one side aisle to the other. Entry portal row not published.","Seat 1 is on the edge facing section 238; seat numbers count UP toward the edge facing section 236. Facing the field, seat 1 is on your left. Because this section is on the third-base/left-field half of the park, the rule flips: seat 1 is the end of the row FARTHEST from home plate and HIGHER seat numbers are CLOSER to home plate.",not published (typical rows run roughly 18-23 seats),Listed in some venue indexes as a left-field Loge section but not present on the RateYourSeats section index - treat as unverified.,LOW - section not on the primary source index
238,200 Loge Level,Loge Bleachers,"Second tier, left field, behind the left-field wall, near the Brewers (home) bullpen. Bench seating with backrests",left field,17,toward third base / left field,UNKNOWN,UNKNOWN,"Stairway aisles run along both side edges of the section; rows are not split by a mid-row aisle, so seat numbers run continuously from one side aisle to the other. Entry portal row not published.","Seat 1 is on the far edge of the section (no higher-numbered section beyond it); seat numbers count UP toward the edge facing section 237. Facing the field, seat 1 is on your left. Because this section is on the third-base/left-field half of the park, the rule flips: seat 1 is the end of the row FARTHEST from home plate and HIGHER seat numbers are CLOSER to home plate.",not published (typical rows run roughly 18-23 seats),Listed in some venue indexes as a left-field Loge section near the Brewers bullpen but not present on the RateYourSeats section index - treat as unverified. Reported by some sources as a third alcohol-free family section.,LOW - section not on the primary source index
302,300 Club Level (PNC Club Level),The Party Deck & Miller High Life Loft,"Third tier beyond the right-field wall; all-inclusive group hospitality area with table and rail seating, not standard bowl seating",right field,26,toward first base / right field,1-8 (unverified; one fan photo tagged row 13),UNKNOWN,"Stairway aisles run along both side edges of the section; rows are not split by a mid-row aisle, so seat numbers run continuously from one side aisle to the other. Entry portal row not published.","Seat 1 is on the edge facing section 303; seat numbers count UP toward the far edge of the section (no lower-numbered section beyond it). Facing the field, seat 1 is on your left. Because this section is on the first-base/right-field half of the park, seat 1 is the end of the row CLOSEST to home plate and HIGHER seat numbers are FARTHER from home plate.",not published (typical rows run roughly 18-23 seats),"All-inclusive group area: buffet, drink package, two complimentary beers per adult. Typically sold to groups of 25-260. Table seating.",LOW - row data from a secondary source and internally inconsistent
303,300 Club Level (PNC Club Level),The Party Deck & Miller High Life Loft,"Third tier beyond the right-field wall; all-inclusive group hospitality area with table and rail seating, not standard bowl seating",right field,25,toward first base / right field,1-8 (unverified; one fan photo tagged row 13),UNKNOWN,"Stairway aisles run along both side edges of the section; rows are not split by a mid-row aisle, so seat numbers run continuously from one side aisle to the other. Entry portal row not published.","Seat 1 is on the edge facing section 304; seat numbers count UP toward the edge facing section 302. Facing the field, seat 1 is on your left. Because this section is on the first-base/right-field half of the park, seat 1 is the end of the row CLOSEST to home plate and HIGHER seat numbers are FARTHER from home plate.",not published (typical rows run roughly 18-23 seats),All-inclusive group area. Some rows marked wheelchair accessible.,LOW - row data from a secondary source and internally inconsistent
304,300 Club Level (PNC Club Level),The Party Deck & Miller High Life Loft,"Third tier beyond the right-field wall; all-inclusive group hospitality area with table and rail seating, not standard bowl seating",right field,24,toward first base / right field,1-8 (unverified; one fan photo tagged row 13),UNKNOWN,"Stairway aisles run along both side edges of the section; rows are not split by a mid-row aisle, so seat numbers run continuously from one side aisle to the other. Entry portal row not published.","Seat 1 is on the edge facing section 305; seat numbers count UP toward the edge facing section 303. Facing the field, seat 1 is on your left. Because this section is on the first-base/right-field half of the park, seat 1 is the end of the row CLOSEST to home plate and HIGHER seat numbers are FARTHER from home plate.",not published (typical rows run roughly 18-23 seats),All-inclusive group area with rail-style seating and flat-screen TVs.,LOW - row data from a secondary source and internally inconsistent
305,300 Club Level (PNC Club Level),The Party Deck & Miller High Life Loft,"Third tier beyond the right-field wall; all-inclusive group hospitality area with table and rail seating, not standard bowl seating",right field,23,toward first base / right field,1-8 (unverified; one fan photo tagged row 13),UNKNOWN,"Stairway aisles run along both side edges of the section; rows are not split by a mid-row aisle, so seat numbers run continuously from one side aisle to the other. Entry portal row not published.","Seat 1 is on the edge facing section 306; seat numbers count UP toward the edge facing section 304. Facing the field, seat 1 is on your left. Because this section is on the first-base/right-field half of the park, seat 1 is the end of the row CLOSEST to home plate and HIGHER seat numbers are FARTHER from home plate.",not published (typical rows run roughly 18-23 seats),All-inclusive group area. Accessible rows and aisle seats noted. Individual tickets occasionally released.,LOW - row data from a secondary source and internally inconsistent
306,300 Club Level (PNC Club Level),PNC Club Level - Club Outfield Box,"Club Level above the lower bowl, out toward the right-field corner. No in-seat wait service in this sub-zone",right field / first-base line,22,toward first base / right field,1-7,7,"Stairway aisles run along both side edges of the section; rows are not split by a mid-row aisle, so seat numbers run continuously from one side aisle to the other. Entry portal / cross-aisle at row 7.","Seat 1 is on the edge facing section 307; seat numbers count UP toward the edge facing section 305. Facing the field, seat 1 is on your left. Because this section is on the first-base/right-field half of the park, seat 1 is the end of the row CLOSEST to home plate and HIGHER seat numbers are FARTHER from home plate.",not published (typical rows run roughly 18-23 seats),"All Club Level tickets include SKYY Lounge access: climate-controlled seating, upscale food and beverage, bars. Club Infield Box sections also get in-seat wait service; Club Outfield Box sections do not.","HIGH - rows, entrance row and seat direction stated by RateYourSeats section page"
307,300 Club Level (PNC Club Level),PNC Club Level - Club Outfield Box,"Club Level above the lower bowl, out toward the right-field corner. No in-seat wait service in this sub-zone",right field / first-base line,21,toward first base / right field,1-7,7,"Stairway aisles run along both side edges of the section; rows are not split by a mid-row aisle, so seat numbers run continuously from one side aisle to the other. Entry portal / cross-aisle at row 7.","Seat 1 is on the edge facing section 308; seat numbers count UP toward the edge facing section 306. Facing the field, seat 1 is on your left. Because this section is on the first-base/right-field half of the park, seat 1 is the end of the row CLOSEST to home plate and HIGHER seat numbers are FARTHER from home plate.",not published (typical rows run roughly 18-23 seats),"All Club Level tickets include SKYY Lounge access: climate-controlled seating, upscale food and beverage, bars. Club Infield Box sections also get in-seat wait service; Club Outfield Box sections do not.","HIGH - rows, entrance row and seat direction stated by RateYourSeats section page"
308,300 Club Level (PNC Club Level),PNC Club Level - Club Outfield Box,"Club Level above the lower bowl, out toward the right-field corner. No in-seat wait service in this sub-zone",right field / first-base line,20,toward first base / right field,1-7,7,"Stairway aisles run along both side edges of the section; rows are not split by a mid-row aisle, so seat numbers run continuously from one side aisle to the other. Entry portal / cross-aisle at row 7.","Seat 1 is on the edge facing section 309; seat numbers count UP toward the edge facing section 307. Facing the field, seat 1 is on your left. Because this section is on the first-base/right-field half of the park, seat 1 is the end of the row CLOSEST to home plate and HIGHER seat numbers are FARTHER from home plate.",not published (typical rows run roughly 18-23 seats),"All Club Level tickets include SKYY Lounge access: climate-controlled seating, upscale food and beverage, bars. Club Infield Box sections also get in-seat wait service; Club Outfield Box sections do not.","HIGH - rows, entrance row and seat direction stated by RateYourSeats section page"
309,300 Club Level (PNC Club Level),PNC Club Level - Club Outfield Box,"Club Level above the lower bowl, out toward the right-field corner. No in-seat wait service in this sub-zone",right field / first-base line,19,toward first base / right field,1-7,7,"Stairway aisles run along both side edges of the section; rows are not split by a mid-row aisle, so seat numbers run continuously from one side aisle to the other. Entry portal / cross-aisle at row 7.","Seat 1 is on the edge facing section 310; seat numbers count UP toward the edge facing section 308. Facing the field, seat 1 is on your left. Because this section is on the first-base/right-field half of the park, seat 1 is the end of the row CLOSEST to home plate and HIGHER seat numbers are FARTHER from home plate.",not published (typical rows run roughly 18-23 seats),"All Club Level tickets include SKYY Lounge access: climate-controlled seating, upscale food and beverage, bars. Club Infield Box sections also get in-seat wait service; Club Outfield Box sections do not.","HIGH - rows, entrance row and seat direction stated by RateYourSeats section page"
310,300 Club Level (PNC Club Level),PNC Club Level - Club Outfield Box,"Club Level above the lower bowl, out toward the right-field corner. No in-seat wait service in this sub-zone",right field / first-base line,18,toward first base / right field,1-7,7,"Stairway aisles run along both side edges of the section; rows are not split by a mid-row aisle, so seat numbers run continuously from one side aisle to the other. Entry portal / cross-aisle at row 7.","Seat 1 is on the edge facing section 311; seat numbers count UP toward the edge facing section 309. Facing the field, seat 1 is on your left. Because this section is on the first-base/right-field half of the park, seat 1 is the end of the row CLOSEST to home plate and HIGHER seat numbers are FARTHER from home plate.",not published (typical rows run roughly 18-23 seats),"All Club Level tickets include SKYY Lounge access: climate-controlled seating, upscale food and beverage, bars. Club Infield Box sections also get in-seat wait service; Club Outfield Box sections do not.","HIGH - rows, entrance row and seat direction stated by RateYourSeats section page"
311,300 Club Level (PNC Club Level),PNC Club Level - Club Outfield Box,"Club Level above the lower bowl, out toward the right-field corner. No in-seat wait service in this sub-zone",right field / first-base line,17,toward first base / right field,1-8,8,"Stairway aisles run along both side edges of the section; rows are not split by a mid-row aisle, so seat numbers run continuously from one side aisle to the other. Entry portal / cross-aisle at row 8.","Seat 1 is on the edge facing section 312; seat numbers count UP toward the edge facing section 310. Facing the field, seat 1 is on your left. Because this section is on the first-base/right-field half of the park, seat 1 is the end of the row CLOSEST to home plate and HIGHER seat numbers are FARTHER from home plate.",not published (typical rows run roughly 18-23 seats),"Unlike other club sections this one has 8 rows with the entrance at row 8. All Club Level tickets include SKYY Lounge access: climate-controlled seating, upscale food and beverage, bars. Club Infield Box sections also get in-seat wait service; Club Outfield Box sections do not.","HIGH - rows, entrance row and seat direction stated by RateYourSeats section page"
312,300 Club Level (PNC Club Level),PNC Club Level - Club Outfield Box,"Club Level above the lower bowl, out toward the right-field corner. No in-seat wait service in this sub-zone",right field / first-base line,16,toward first base / right field,1-7,7,"Stairway aisles run along both side edges of the section; rows are not split by a mid-row aisle, so seat numbers run continuously from one side aisle to the other. Entry portal / cross-aisle at row 7.","Seat 1 is on the edge facing section 313; seat numbers count UP toward the edge facing section 311. Facing the field, seat 1 is on your left. Because this section is on the first-base/right-field half of the park, seat 1 is the end of the row CLOSEST to home plate and HIGHER seat numbers are FARTHER from home plate.",not published (typical rows run roughly 18-23 seats),"All Club Level tickets include SKYY Lounge access: climate-controlled seating, upscale food and beverage, bars. Club Infield Box sections also get in-seat wait service; Club Outfield Box sections do not.","HIGH - rows, entrance row and seat direction stated by RateYourSeats section page"
313,300 Club Level (PNC Club Level),PNC Club Level - Club Outfield Box,"Club Level above the lower bowl, out toward the right-field corner. No in-seat wait service in this sub-zone",right field / first-base line,15,toward first base / right field,1-7,7,"Stairway aisles run along both side edges of the section; rows are not split by a mid-row aisle, so seat numbers run continuously from one side aisle to the other. Entry portal / cross-aisle at row 7.","Seat 1 is on the edge facing section 314; seat numbers count UP toward the edge facing section 312. Facing the field, seat 1 is on your left. Because this section is on the first-base/right-field half of the park, seat 1 is the end of the row CLOSEST to home plate and HIGHER seat numbers are FARTHER from home plate.",not published (typical rows run roughly 18-23 seats),"All Club Level tickets include SKYY Lounge access: climate-controlled seating, upscale food and beverage, bars. Club Infield Box sections also get in-seat wait service; Club Outfield Box sections do not.","HIGH - rows, entrance row and seat direction stated by RateYourSeats section page"
314,300 Club Level (PNC Club Level),PNC Club Level - Club Infield Box,"Club Level above the lower bowl, overlooking the first-base line",first-base side,14,toward first base / right field,1-7,7,"Stairway aisles run along both side edges of the section; rows are not split by a mid-row aisle, so seat numbers run continuously from one side aisle to the other. Entry portal / cross-aisle at row 7.","Seat 1 is on the edge facing section 315; seat numbers count UP toward the edge facing section 313. Facing the field, seat 1 is on your left. Because this section is on the first-base/right-field half of the park, seat 1 is the end of the row CLOSEST to home plate and HIGHER seat numbers are FARTHER from home plate.",not published (typical rows run roughly 18-23 seats),"All Club Level tickets include SKYY Lounge access: climate-controlled seating, upscale food and beverage, bars. Club Infield Box sections also get in-seat wait service; Club Outfield Box sections do not.","HIGH - rows, entrance row and seat direction stated by RateYourSeats section page"
315,300 Club Level (PNC Club Level),PNC Club Level - Club Infield Box,"Club Level above the lower bowl, overlooking the first-base line",first-base side,13,toward first base / right field,1-7,7,"Stairway aisles run along both side edges of the section; rows are not split by a mid-row aisle, so seat numbers run continuously from one side aisle to the other. Entry portal / cross-aisle at row 7.","Seat 1 is on the edge facing section 316; seat numbers count UP toward the edge facing section 314. Facing the field, seat 1 is on your left. Because this section is on the first-base/right-field half of the park, seat 1 is the end of the row CLOSEST to home plate and HIGHER seat numbers are FARTHER from home plate.",not published (typical rows run roughly 18-23 seats),"All Club Level tickets include SKYY Lounge access: climate-controlled seating, upscale food and beverage, bars. Club Infield Box sections also get in-seat wait service; Club Outfield Box sections do not.","HIGH - rows, entrance row and seat direction stated by RateYourSeats section page"
316,300 Club Level (PNC Club Level),PNC Club Level - Club Infield Box,"Club Level above the lower bowl, overlooking the first-base line",first-base side,12,toward first base / right field,1-7,7,"Stairway aisles run along both side edges of the section; rows are not split by a mid-row aisle, so seat numbers run continuously from one side aisle to the other. Entry portal / cross-aisle at row 7.","Seat 1 is on the edge facing section 317; seat numbers count UP toward the edge facing section 315. Facing the field, seat 1 is on your left. Because this section is on the first-base/right-field half of the park, seat 1 is the end of the row CLOSEST to home plate and HIGHER seat numbers are FARTHER from home plate.",not published (typical rows run roughly 18-23 seats),"All Club Level tickets include SKYY Lounge access: climate-controlled seating, upscale food and beverage, bars. Club Infield Box sections also get in-seat wait service; Club Outfield Box sections do not.","HIGH - rows, entrance row and seat direction stated by RateYourSeats section page"
317,300 Club Level (PNC Club Level),PNC Club Level - Club Infield Box,"Club Level above the lower bowl, overlooking the first-base line",first-base side,11,toward first base / right field,1-7,7,"Stairway aisles run along both side edges of the section; rows are not split by a mid-row aisle, so seat numbers run continuously from one side aisle to the other. Entry portal / cross-aisle at row 7.","Seat 1 is on the edge facing section 318; seat numbers count UP toward the edge facing section 316. Facing the field, seat 1 is on your left. Because this section is on the first-base/right-field half of the park, seat 1 is the end of the row CLOSEST to home plate and HIGHER seat numbers are FARTHER from home plate.",not published (typical rows run roughly 18-23 seats),"All Club Level tickets include SKYY Lounge access: climate-controlled seating, upscale food and beverage, bars. Club Infield Box sections also get in-seat wait service; Club Outfield Box sections do not.","HIGH - rows, entrance row and seat direction stated by RateYourSeats section page"
318,300 Club Level (PNC Club Level),PNC Club Level - Club Infield Box,"Club Level above the lower bowl, overlooking the first-base line",first-base side,10,toward first base / right field,1-7,7,"Stairway aisles run along both side edges of the section; rows are not split by a mid-row aisle, so seat numbers run continuously from one side aisle to the other. Entry portal / cross-aisle at row 7.","Seat 1 is on the edge facing section 319; seat numbers count UP toward the edge facing section 317. Facing the field, seat 1 is on your left. Because this section is on the first-base/right-field half of the park, seat 1 is the end of the row CLOSEST to home plate and HIGHER seat numbers are FARTHER from home plate.",not published (typical rows run roughly 18-23 seats),"All Club Level tickets include SKYY Lounge access: climate-controlled seating, upscale food and beverage, bars. Club Infield Box sections also get in-seat wait service; Club Outfield Box sections do not.","HIGH - rows, entrance row and seat direction stated by RateYourSeats section page"
319,300 Club Level (PNC Club Level),PNC Club Level - Club Infield Box,"Club Level above the lower bowl, overlooking the first-base line",first-base side,9,toward first base / right field,1-7,7,"Stairway aisles run along both side edges of the section; rows are not split by a mid-row aisle, so seat numbers run continuously from one side aisle to the other. Entry portal / cross-aisle at row 7.","Seat 1 is on the edge facing section 320; seat numbers count UP toward the edge facing section 318. Facing the field, seat 1 is on your left. Because this section is on the first-base/right-field half of the park, seat 1 is the end of the row CLOSEST to home plate and HIGHER seat numbers are FARTHER from home plate.",not published (typical rows run roughly 18-23 seats),"All Club Level tickets include SKYY Lounge access: climate-controlled seating, upscale food and beverage, bars. Club Infield Box sections also get in-seat wait service; Club Outfield Box sections do not.","HIGH - rows, entrance row and seat direction stated by RateYourSeats section page"
320,300 Club Level (PNC Club Level),PNC Club Level - Club Infield Box,"Club Level above the lower bowl, overlooking the first-base line",first-base side,8,toward first base / right field,3-7,7,"Stairway aisles run along both side edges of the section; rows are not split by a mid-row aisle, so seat numbers run continuously from one side aisle to the other. Entry portal / cross-aisle at row 7.","Seat 1 is on the edge facing section 321; seat numbers count UP toward the edge facing section 319. Facing the field, seat 1 is on your left. Because this section is on the first-base/right-field half of the park, seat 1 is the end of the row CLOSEST to home plate and HIGHER seat numbers are FARTHER from home plate.",not published (typical rows run roughly 18-23 seats),"Row labels start at 3, not 1. All Club Level tickets include SKYY Lounge access: climate-controlled seating, upscale food and beverage, bars. Club Infield Box sections also get in-seat wait service; Club Outfield Box sections do not.","HIGH - rows, entrance row and seat direction stated by RateYourSeats section page"
321,300 Club Level (PNC Club Level),PNC Club Level - Club Infield Box,"Club Level above the lower bowl, overlooking the first-base line",first-base side,7,toward first base / right field,1-7,7,"Stairway aisles run along both side edges of the section; rows are not split by a mid-row aisle, so seat numbers run continuously from one side aisle to the other. Entry portal / cross-aisle at row 7.","Seat 1 is on the edge facing section 322; seat numbers count UP toward the edge facing section 320. Facing the field, seat 1 is on your left. Because this section is on the first-base/right-field half of the park, seat 1 is the end of the row CLOSEST to home plate and HIGHER seat numbers are FARTHER from home plate.",not published (typical rows run roughly 18-23 seats),"All Club Level tickets include SKYY Lounge access: climate-controlled seating, upscale food and beverage, bars. Club Infield Box sections also get in-seat wait service; Club Outfield Box sections do not.","HIGH - rows, entrance row and seat direction stated by RateYourSeats section page"
322,300 Club Level (PNC Club Level),PNC Club Level - Club Infield Box,"Club Level above the lower bowl, overlooking the first-base line",first-base side,6,toward first base / right field,1-7,7,"Stairway aisles run along both side edges of the section; rows are not split by a mid-row aisle, so seat numbers run continuously from one side aisle to the other. Entry portal / cross-aisle at row 7.","Seat 1 is on the edge facing section 323; seat numbers count UP toward the edge facing section 321. Facing the field, seat 1 is on your left. Because this section is on the first-base/right-field half of the park, seat 1 is the end of the row CLOSEST to home plate and HIGHER seat numbers are FARTHER from home plate.",not published (typical rows run roughly 18-23 seats),"All Club Level tickets include SKYY Lounge access: climate-controlled seating, upscale food and beverage, bars. Club Infield Box sections also get in-seat wait service; Club Outfield Box sections do not.","HIGH - rows, entrance row and seat direction stated by RateYourSeats section page"
323,300 Club Level (PNC Club Level),PNC Club Level - Club Infield Box,"Club Level above the lower bowl, overlooking the first-base line",first-base side,5,toward first base / right field,1-7,7,"Stairway aisles run along both side edges of the section; rows are not split by a mid-row aisle, so seat numbers run continuously from one side aisle to the other. Entry portal / cross-aisle at row 7.","Seat 1 is on the edge facing section 324; seat numbers count UP toward the edge facing section 322. Facing the field, seat 1 is on your left. Because this section is on the first-base/right-field half of the park, seat 1 is the end of the row CLOSEST to home plate and HIGHER seat numbers are FARTHER from home plate.",not published (typical rows run roughly 18-23 seats),"All Club Level tickets include SKYY Lounge access: climate-controlled seating, upscale food and beverage, bars. Club Infield Box sections also get in-seat wait service; Club Outfield Box sections do not.","HIGH - rows, entrance row and seat direction stated by RateYourSeats section page"
324,300 Club Level (PNC Club Level),PNC Club Level - Club Infield Box,"Club Level above the lower bowl, overlooking the first-base line; between the dugouts",first-base side,4,toward first base / right field,1-8,8,"Stairway aisles run along both side edges of the section; rows are not split by a mid-row aisle, so seat numbers run continuously from one side aisle to the other. Entry portal / cross-aisle at row 8.","Seat 1 is on the edge facing section 325; seat numbers count UP toward the edge facing section 323. Facing the field, seat 1 is on your left. Because this section is on the first-base/right-field half of the park, seat 1 is the end of the row CLOSEST to home plate and HIGHER seat numbers are FARTHER from home plate.",not published (typical rows run roughly 18-23 seats),"Listed as rows 1-8 though the same page also says seven rows per section - treat the 8th row as uncertain. All Club Level tickets include SKYY Lounge access: climate-controlled seating, upscale food and beverage, bars. Club Infield Box sections also get in-seat wait service; Club Outfield Box sections do not.",MEDIUM - source contradicts itself on row count
325,300 Club Level (PNC Club Level),PNC Club Level - Club Infield Box,"Club Level above the lower bowl, overlooking the first-base line; between the dugouts",first-base side,3,toward first base / right field,1-7,7,"Stairway aisles run along both side edges of the section; rows are not split by a mid-row aisle, so seat numbers run continuously from one side aisle to the other. Entry portal / cross-aisle at row 7.","Seat 1 is on the edge facing section 326; seat numbers count UP toward the edge facing section 324. Facing the field, seat 1 is on your left. Because this section is on the first-base/right-field half of the park, seat 1 is the end of the row CLOSEST to home plate and HIGHER seat numbers are FARTHER from home plate.",not published (typical rows run roughly 18-23 seats),"All Club Level tickets include SKYY Lounge access: climate-controlled seating, upscale food and beverage, bars. Club Infield Box sections also get in-seat wait service; Club Outfield Box sections do not.","HIGH - rows, entrance row and seat direction stated by RateYourSeats section page"
326,300 Club Level (PNC Club Level),PNC Club Level - Club Infield Box,"Club Level above the lower bowl, overlooking the first-base line; between the dugouts",first-base side,2,toward first base / right field,1-7,7,"Stairway aisles run along both side edges of the section; rows are not split by a mid-row aisle, so seat numbers run continuously from one side aisle to the other. Entry portal / cross-aisle at row 7.","Seat 1 is on the edge facing section 327; seat numbers count UP toward the edge facing section 325. Facing the field, seat 1 is on your left. Because this section is on the first-base/right-field half of the park, seat 1 is the end of the row CLOSEST to home plate and HIGHER seat numbers are FARTHER from home plate.",not published (typical rows run roughly 18-23 seats),"All Club Level tickets include SKYY Lounge access: climate-controlled seating, upscale food and beverage, bars. Club Infield Box sections also get in-seat wait service; Club Outfield Box sections do not.","HIGH - rows, entrance row and seat direction stated by RateYourSeats section page"
327,300 Club Level (PNC Club Level),PNC Club Level - Club Infield Box,"Club Level above the lower bowl, overlooking the first-base line; between the dugouts",first-base side,1,toward first base / right field,1-7,7,"Stairway aisles run along both side edges of the section; rows are not split by a mid-row aisle, so seat numbers run continuously from one side aisle to the other. Entry portal / cross-aisle at row 7.","Seat 1 is on the edge facing section 328; seat numbers count UP toward the edge facing section 326. Facing the field, seat 1 is on your left. Because this section is on the first-base/right-field half of the park, seat 1 is the end of the row CLOSEST to home plate and HIGHER seat numbers are FARTHER from home plate.",not published (typical rows run roughly 18-23 seats),"A fan review reports screens and metal bars obstructing the batter when leaning back; harder for shorter children. All Club Level tickets include SKYY Lounge access: climate-controlled seating, upscale food and beverage, bars. Club Infield Box sections also get in-seat wait service; Club Outfield Box sections do not.","HIGH - rows, entrance row and seat direction stated by RateYourSeats section page"
328,300 Club Level (PNC Club Level),PNC Club Level - Club Infield Box,"Club Level above the lower bowl, directly behind home plate",behind home plate,0,behind home plate,1-7,7,"Stairway aisles run along both side edges of the section; rows are not split by a mid-row aisle, so seat numbers run continuously from one side aisle to the other. Entry portal / cross-aisle at row 7.","Seat 1 is on the edge facing section 329; seat numbers count UP toward the edge facing section 327. Facing the field, seat 1 is on your left. This section is behind home plate, so seat 1 is on its third-base side and the highest seat number is on its first-base side.",not published (typical rows run roughly 18-23 seats),"All Club Level tickets include SKYY Lounge access: climate-controlled seating, upscale food and beverage, bars. Club Infield Box sections also get in-seat wait service; Club Outfield Box sections do not.","HIGH - rows, entrance row and seat direction stated by RateYourSeats section page"
329,300 Club Level (PNC Club Level),PNC Club Level - Club Infield Box,"Club Level above the lower bowl, directly behind home plate",behind home plate,0,behind home plate,1-7,7,"Stairway aisles run along both side edges of the section; rows are not split by a mid-row aisle, so seat numbers run continuously from one side aisle to the other. Entry portal / cross-aisle at row 7.","Seat 1 is on the edge facing section 330; seat numbers count UP toward the edge facing section 328. Facing the field, seat 1 is on your left. This section is behind home plate, so seat 1 is on its third-base side and the highest seat number is on its first-base side.",not published (typical rows run roughly 18-23 seats),"A fan review reports row 1 has a poor angle and an LED sign blocking sightlines. All Club Level tickets include SKYY Lounge access: climate-controlled seating, upscale food and beverage, bars. Club Infield Box sections also get in-seat wait service; Club Outfield Box sections do not.","HIGH - rows, entrance row and seat direction stated by RateYourSeats section page"
330,300 Club Level (PNC Club Level),PNC Club Level - Club Infield Box,"Club Level above the lower bowl, directly behind home plate",behind home plate,0,behind home plate,1-7,7,"Stairway aisles run along both side edges of the section; rows are not split by a mid-row aisle, so seat numbers run continuously from one side aisle to the other. Entry portal / cross-aisle at row 7.","Seat 1 is on the edge facing section 331; seat numbers count UP toward the edge facing section 329. Facing the field, seat 1 is on your left. This section is behind home plate, so seat 1 is on its third-base side and the highest seat number is on its first-base side.",not published (typical rows run roughly 18-23 seats),"All Club Level tickets include SKYY Lounge access: climate-controlled seating, upscale food and beverage, bars. Club Infield Box sections also get in-seat wait service; Club Outfield Box sections do not.","HIGH - rows, entrance row and seat direction stated by RateYourSeats section page"
331,300 Club Level (PNC Club Level),PNC Club Level - Club Infield Box,"Club Level above the lower bowl, directly behind home plate",behind home plate,0,behind home plate,1-7,7,"Stairway aisles run along both side edges of the section; rows are not split by a mid-row aisle, so seat numbers run continuously from one side aisle to the other. Entry portal / cross-aisle at row 7.","Seat 1 is on the edge facing section 332; seat numbers count UP toward the edge facing section 330. Facing the field, seat 1 is on your left. This section is behind home plate, so seat 1 is on its third-base side and the highest seat number is on its first-base side.",not published (typical rows run roughly 18-23 seats),"All Club Level tickets include SKYY Lounge access: climate-controlled seating, upscale food and beverage, bars. Club Infield Box sections also get in-seat wait service; Club Outfield Box sections do not.","HIGH - rows, entrance row and seat direction stated by RateYourSeats section page"
332,300 Club Level (PNC Club Level),PNC Club Level - Club Infield Box,"Club Level above the lower bowl, between the dugouts on the third-base side of home plate",third-base side,1,toward third base / left field,1-7,7,"Stairway aisles run along both side edges of the section; rows are not split by a mid-row aisle, so seat numbers run continuously from one side aisle to the other. Entry portal / cross-aisle at row 7.","Seat 1 is on the edge facing section 333; seat numbers count UP toward the edge facing section 331. Facing the field, seat 1 is on your left. Because this section is on the third-base/left-field half of the park, the rule flips: seat 1 is the end of the row FARTHEST from home plate and HIGHER seat numbers are CLOSER to home plate.",not published (typical rows run roughly 18-23 seats),"All Club Level tickets include SKYY Lounge access: climate-controlled seating, upscale food and beverage, bars. Club Infield Box sections also get in-seat wait service; Club Outfield Box sections do not.","HIGH - rows, entrance row and seat direction stated by RateYourSeats section page"
333,300 Club Level (PNC Club Level),PNC Club Level - Club Infield Box,"Club Level above the lower bowl, between the dugouts on the third-base side of home plate",third-base side,2,toward third base / left field,1-7,7,"Stairway aisles run along both side edges of the section; rows are not split by a mid-row aisle, so seat numbers run continuously from one side aisle to the other. Entry portal / cross-aisle at row 7.","Seat 1 is on the edge facing section 334; seat numbers count UP toward the edge facing section 332. Facing the field, seat 1 is on your left. Because this section is on the third-base/left-field half of the park, the rule flips: seat 1 is the end of the row FARTHEST from home plate and HIGHER seat numbers are CLOSER to home plate.",not published (typical rows run roughly 18-23 seats),"All Club Level tickets include SKYY Lounge access: climate-controlled seating, upscale food and beverage, bars. Club Infield Box sections also get in-seat wait service; Club Outfield Box sections do not.","HIGH - rows, entrance row and seat direction stated by RateYourSeats section page"
334,300 Club Level (PNC Club Level),PNC Club Level - Club Infield Box,"Club Level above the lower bowl, between the dugouts on the third-base side of home plate",third-base side,3,toward third base / left field,1-7,7,"Stairway aisles run along both side edges of the section; rows are not split by a mid-row aisle, so seat numbers run continuously from one side aisle to the other. Entry portal / cross-aisle at row 7.","Seat 1 is on the edge facing section 335; seat numbers count UP toward the edge facing section 333. Facing the field, seat 1 is on your left. Because this section is on the third-base/left-field half of the park, the rule flips: seat 1 is the end of the row FARTHEST from home plate and HIGHER seat numbers are CLOSER to home plate.",not published (typical rows run roughly 18-23 seats),"All Club Level tickets include SKYY Lounge access: climate-controlled seating, upscale food and beverage, bars. Club Infield Box sections also get in-seat wait service; Club Outfield Box sections do not.","HIGH - rows, entrance row and seat direction stated by RateYourSeats section page"
335,300 Club Level (PNC Club Level),PNC Club Level - Club Infield Box,"Club Level above the lower bowl, between the dugouts on the third-base side of home plate",third-base side,4,toward third base / left field,1-8,8,"Stairway aisles run along both side edges of the section; rows are not split by a mid-row aisle, so seat numbers run continuously from one side aisle to the other. Entry portal / cross-aisle at row 8.","Seat 1 is on the edge facing section 336; seat numbers count UP toward the edge facing section 334. Facing the field, seat 1 is on your left. Because this section is on the third-base/left-field half of the park, the rule flips: seat 1 is the end of the row FARTHEST from home plate and HIGHER seat numbers are CLOSER to home plate.",not published (typical rows run roughly 18-23 seats),"Listed as rows 1-8 though the same page also says seven rows per section - treat the 8th row as uncertain. All Club Level tickets include SKYY Lounge access: climate-controlled seating, upscale food and beverage, bars. Club Infield Box sections also get in-seat wait service; Club Outfield Box sections do not.",MEDIUM - source contradicts itself on row count
336,300 Club Level (PNC Club Level),PNC Club Level - Club Infield Box,"Club Level above the lower bowl, overlooking the third-base line",third-base side,5,toward third base / left field,1-7,7,"Stairway aisles run along both side edges of the section; rows are not split by a mid-row aisle, so seat numbers run continuously from one side aisle to the other. Entry portal / cross-aisle at row 7.","Seat 1 is on the edge facing section 337; seat numbers count UP toward the edge facing section 335. Facing the field, seat 1 is on your left. Because this section is on the third-base/left-field half of the park, the rule flips: seat 1 is the end of the row FARTHEST from home plate and HIGHER seat numbers are CLOSER to home plate.",not published (typical rows run roughly 18-23 seats),"All Club Level tickets include SKYY Lounge access: climate-controlled seating, upscale food and beverage, bars. Club Infield Box sections also get in-seat wait service; Club Outfield Box sections do not.","HIGH - rows, entrance row and seat direction stated by RateYourSeats section page"
337,300 Club Level (PNC Club Level),PNC Club Level - Club Infield Box,"Club Level above the lower bowl, overlooking the third-base line",third-base side,6,toward third base / left field,1-7,7,"Stairway aisles run along both side edges of the section; rows are not split by a mid-row aisle, so seat numbers run continuously from one side aisle to the other. Entry portal / cross-aisle at row 7.","Seat 1 is on the edge facing section 338; seat numbers count UP toward the edge facing section 336. Facing the field, seat 1 is on your left. Because this section is on the third-base/left-field half of the park, the rule flips: seat 1 is the end of the row FARTHEST from home plate and HIGHER seat numbers are CLOSER to home plate.",not published (typical rows run roughly 18-23 seats),"All Club Level tickets include SKYY Lounge access: climate-controlled seating, upscale food and beverage, bars. Club Infield Box sections also get in-seat wait service; Club Outfield Box sections do not.","HIGH - rows, entrance row and seat direction stated by RateYourSeats section page"
338,300 Club Level (PNC Club Level),PNC Club Level - Club Infield Box,"Club Level above the lower bowl, overlooking the third-base line",third-base side,7,toward third base / left field,1-7,7,"Stairway aisles run along both side edges of the section; rows are not split by a mid-row aisle, so seat numbers run continuously from one side aisle to the other. Entry portal / cross-aisle at row 7.","Seat 1 is on the edge facing section 339; seat numbers count UP toward the edge facing section 337. Facing the field, seat 1 is on your left. Because this section is on the third-base/left-field half of the park, the rule flips: seat 1 is the end of the row FARTHEST from home plate and HIGHER seat numbers are CLOSER to home plate.",not published (typical rows run roughly 18-23 seats),"Full afternoon sun in this location. All Club Level tickets include SKYY Lounge access: climate-controlled seating, upscale food and beverage, bars. Club Infield Box sections also get in-seat wait service; Club Outfield Box sections do not.","HIGH - rows, entrance row and seat direction stated by RateYourSeats section page"
339,300 Club Level (PNC Club Level),PNC Club Level - Club Infield Box,"Club Level above the lower bowl, overlooking the third-base line",third-base side,8,toward third base / left field,3-7,7,"Stairway aisles run along both side edges of the section; rows are not split by a mid-row aisle, so seat numbers run continuously from one side aisle to the other. Entry portal / cross-aisle at row 7.","Seat 1 is on the edge facing section 340; seat numbers count UP toward the edge facing section 338. Facing the field, seat 1 is on your left. Because this section is on the third-base/left-field half of the park, the rule flips: seat 1 is the end of the row FARTHEST from home plate and HIGHER seat numbers are CLOSER to home plate.",not published (typical rows run roughly 18-23 seats),"Row labels start at 3, not 1. All Club Level tickets include SKYY Lounge access: climate-controlled seating, upscale food and beverage, bars. Club Infield Box sections also get in-seat wait service; Club Outfield Box sections do not.","HIGH - rows, entrance row and seat direction stated by RateYourSeats section page"
340,300 Club Level (PNC Club Level),PNC Club Level - Club Infield Box,"Club Level above the lower bowl, overlooking the third-base line",third-base side,9,toward third base / left field,1-7,7,"Stairway aisles run along both side edges of the section; rows are not split by a mid-row aisle, so seat numbers run continuously from one side aisle to the other. Entry portal / cross-aisle at row 7.","Seat 1 is on the edge facing section 341; seat numbers count UP toward the edge facing section 339. Facing the field, seat 1 is on your left. Because this section is on the third-base/left-field half of the park, the rule flips: seat 1 is the end of the row FARTHEST from home plate and HIGHER seat numbers are CLOSER to home plate.",not published (typical rows run roughly 18-23 seats),"All Club Level tickets include SKYY Lounge access: climate-controlled seating, upscale food and beverage, bars. Club Infield Box sections also get in-seat wait service; Club Outfield Box sections do not.","HIGH - rows, entrance row and seat direction stated by RateYourSeats section page"
341,300 Club Level (PNC Club Level),PNC Club Level - Club Infield Box,"Club Level above the lower bowl, overlooking the third-base line",third-base side,10,toward third base / left field,1-7,7,"Stairway aisles run along both side edges of the section; rows are not split by a mid-row aisle, so seat numbers run continuously from one side aisle to the other. Entry portal / cross-aisle at row 7.","Seat 1 is on the edge facing section 342; seat numbers count UP toward the edge facing section 340. Facing the field, seat 1 is on your left. Because this section is on the third-base/left-field half of the park, the rule flips: seat 1 is the end of the row FARTHEST from home plate and HIGHER seat numbers are CLOSER to home plate.",not published (typical rows run roughly 18-23 seats),"All Club Level tickets include SKYY Lounge access: climate-controlled seating, upscale food and beverage, bars. Club Infield Box sections also get in-seat wait service; Club Outfield Box sections do not.","HIGH - rows, entrance row and seat direction stated by RateYourSeats section page"
342,300 Club Level (PNC Club Level),PNC Club Level - Club Infield Box,"Club Level above the lower bowl, overlooking the third-base line",third-base side,11,toward third base / left field,1-7,7,"Stairway aisles run along both side edges of the section; rows are not split by a mid-row aisle, so seat numbers run continuously from one side aisle to the other. Entry portal / cross-aisle at row 7.","Seat 1 is on the edge facing section 343; seat numbers count UP toward the edge facing section 341. Facing the field, seat 1 is on your left. Because this section is on the third-base/left-field half of the park, the rule flips: seat 1 is the end of the row FARTHEST from home plate and HIGHER seat numbers are CLOSER to home plate.",not published (typical rows run roughly 18-23 seats),"All Club Level tickets include SKYY Lounge access: climate-controlled seating, upscale food and beverage, bars. Club Infield Box sections also get in-seat wait service; Club Outfield Box sections do not.","HIGH - rows, entrance row and seat direction stated by RateYourSeats section page"
343,300 Club Level (PNC Club Level),PNC Club Level - Club Infield Box,"Club Level above the lower bowl, overlooking the third-base line",third-base side,12,toward third base / left field,1-7,7,"Stairway aisles run along both side edges of the section; rows are not split by a mid-row aisle, so seat numbers run continuously from one side aisle to the other. Entry portal / cross-aisle at row 7.","Seat 1 is on the edge facing section 344; seat numbers count UP toward the edge facing section 342. Facing the field, seat 1 is on your left. Because this section is on the third-base/left-field half of the park, the rule flips: seat 1 is the end of the row FARTHEST from home plate and HIGHER seat numbers are CLOSER to home plate.",not published (typical rows run roughly 18-23 seats),"All Club Level tickets include SKYY Lounge access: climate-controlled seating, upscale food and beverage, bars. Club Infield Box sections also get in-seat wait service; Club Outfield Box sections do not.","HIGH - rows, entrance row and seat direction stated by RateYourSeats section page"
344,300 Club Level (PNC Club Level),PNC Club Level - Club Outfield Box,"Club Level above the lower bowl, out toward the left-field corner. No in-seat wait service in this sub-zone",left field,13,toward third base / left field,1-7,7,"Stairway aisles run along both side edges of the section; rows are not split by a mid-row aisle, so seat numbers run continuously from one side aisle to the other. Entry portal / cross-aisle at row 7.","Seat 1 is on the edge facing section 345; seat numbers count UP toward the edge facing section 343. Facing the field, seat 1 is on your left. Because this section is on the third-base/left-field half of the park, the rule flips: seat 1 is the end of the row FARTHEST from home plate and HIGHER seat numbers are CLOSER to home plate.",not published (typical rows run roughly 18-23 seats),"All Club Level tickets include SKYY Lounge access: climate-controlled seating, upscale food and beverage, bars. Club Infield Box sections also get in-seat wait service; Club Outfield Box sections do not.","HIGH - rows, entrance row and seat direction stated by RateYourSeats section page"
345,300 Club Level (PNC Club Level),PNC Club Level - Club Outfield Box,"Club Level above the lower bowl, out toward the left-field corner. No in-seat wait service in this sub-zone",left field,14,toward third base / left field,1-7,7,"Stairway aisles run along both side edges of the section; rows are not split by a mid-row aisle, so seat numbers run continuously from one side aisle to the other. Entry portal / cross-aisle at row 7.","Seat 1 is on the far edge of the section (no higher-numbered section beyond it); seat numbers count UP toward the edge facing section 344. Facing the field, seat 1 is on your left. Because this section is on the third-base/left-field half of the park, the rule flips: seat 1 is the end of the row FARTHEST from home plate and HIGHER seat numbers are CLOSER to home plate.",not published (typical rows run roughly 18-23 seats),"All Club Level tickets include SKYY Lounge access: climate-controlled seating, upscale food and beverage, bars. Club Infield Box sections also get in-seat wait service; Club Outfield Box sections do not.","HIGH - rows, entrance row and seat direction stated by RateYourSeats section page"
404,400 Terrace Level,Terrace Box,"Upper deck, first-base side toward the right-field corner; the lowest-numbered terrace sections",right field / first-base line,16,toward first base / right field,"1-4, 8-24",4,"Stairway aisles run along both side edges of the section; rows are not split by a mid-row aisle, so seat numbers run continuously from one side aisle to the other. Entry portal / cross-aisle at row 4. Walkway crosses the section between row 4 and row 8.","Seat 1 is on the edge facing section 405; seat numbers count UP toward the far edge of the section (no lower-numbered section beyond it). Facing the field, seat 1 is on your left. Because this section is on the first-base/right-field half of the park, seat 1 is the end of the row CLOSEST to home plate and HIGHER seat numbers are FARTHER from home plate.",not published (typical rows run roughly 18-23 seats),"A fan reports being unable to see the right-field corner. Entrance and walkway are at row 4 here, unlike the rest of the level. Roof supports just above row 8 can create viewing obstructions. Row 1 seats may require leaning forward past the safety railing. First-base-side sections generally hold shade better with the roof open.","HIGH - rows, entrance row and seat direction stated by RateYourSeats section page"
405,400 Terrace Level,Terrace Box,"Upper deck, first-base side toward the right-field corner; the lowest-numbered terrace sections",right field / first-base line,15,toward first base / right field,"1-7, 8-24",5,"Stairway aisles run along both side edges of the section; rows are not split by a mid-row aisle, so seat numbers run continuously from one side aisle to the other. Entry portal / cross-aisle at row 5. Walkway crosses the section between row 7 and row 8.","Seat 1 is on the edge facing section 406; seat numbers count UP toward the edge facing section 404. Facing the field, seat 1 is on your left. Because this section is on the first-base/right-field half of the park, seat 1 is the end of the row CLOSEST to home plate and HIGHER seat numbers are FARTHER from home plate.",not published (typical rows run roughly 18-23 seats),Roof supports just above row 8 can create viewing obstructions. Row 1 seats may require leaning forward past the safety railing. First-base-side sections generally hold shade better with the roof open.,"HIGH - rows, entrance row and seat direction stated by RateYourSeats section page"
406,400 Terrace Level,Terrace Box,"Upper deck, first-base side toward the right-field corner; the lowest-numbered terrace sections",right field / first-base line,14,toward first base / right field,"1-3, 5, 8-24",5,"Stairway aisles run along both side edges of the section; rows are not split by a mid-row aisle, so seat numbers run continuously from one side aisle to the other. Entry portal / cross-aisle at row 5. Walkway crosses the section between row 5 and row 8. Wheelchair seating platform between rows 3 and 5.","Seat 1 is on the edge facing section 407; seat numbers count UP toward the edge facing section 405. Facing the field, seat 1 is on your left. Because this section is on the first-base/right-field half of the park, seat 1 is the end of the row CLOSEST to home plate and HIGHER seat numbers are FARTHER from home plate.",not published (typical rows run roughly 18-23 seats),Roof supports just above row 8 can create viewing obstructions. Row 1 seats may require leaning forward past the safety railing. First-base-side sections generally hold shade better with the roof open.,"HIGH - rows, entrance row and seat direction stated by RateYourSeats section page"
407,400 Terrace Level,Terrace Box,"Upper deck, first-base side toward the right-field corner; the lowest-numbered terrace sections",right field / first-base line,13,toward first base / right field,"1-7, 8-24",5,"Stairway aisles run along both side edges of the section; rows are not split by a mid-row aisle, so seat numbers run continuously from one side aisle to the other. Entry portal / cross-aisle at row 5. Walkway crosses the section between row 7 and row 8.","Seat 1 is on the edge facing section 408; seat numbers count UP toward the edge facing section 406. Facing the field, seat 1 is on your left. Because this section is on the first-base/right-field half of the park, seat 1 is the end of the row CLOSEST to home plate and HIGHER seat numbers are FARTHER from home plate.",not published (typical rows run roughly 18-23 seats),An October 2025 fan review reports a significantly restricted view of right field caused by new office construction. Roof supports just above row 8 can create viewing obstructions. Row 1 seats may require leaning forward past the safety railing. First-base-side sections generally hold shade better with the roof open.,"HIGH - rows, entrance row and seat direction stated by RateYourSeats section page"
408,400 Terrace Level,Terrace Box,"Upper deck, first-base side toward the right-field corner; the lowest-numbered terrace sections",right field / first-base line,12,toward first base / right field,"1-3, 5, 8-24",5,"Stairway aisles run along both side edges of the section; rows are not split by a mid-row aisle, so seat numbers run continuously from one side aisle to the other. Entry portal / cross-aisle at row 5. Walkway crosses the section between row 5 and row 8. Wheelchair seating platform between rows 3 and 5.","Seat 1 is on the edge facing section 409; seat numbers count UP toward the edge facing section 407. Facing the field, seat 1 is on your left. Because this section is on the first-base/right-field half of the park, seat 1 is the end of the row CLOSEST to home plate and HIGHER seat numbers are FARTHER from home plate.",not published (typical rows run roughly 18-23 seats),An October 2025 fan review reports most of the section now has a significantly restricted view of right field due to new office construction. Roof supports just above row 8 can create viewing obstructions. Row 1 seats may require leaning forward past the safety railing. First-base-side sections generally hold shade better with the roof open.,"HIGH - rows, entrance row and seat direction stated by RateYourSeats section page"
409,400 Terrace Level,Terrace Box,"Upper deck, first-base side toward the right-field corner; the lowest-numbered terrace sections",right field / first-base line,11,toward first base / right field,"1-7, 8-24",5,"Stairway aisles run along both side edges of the section; rows are not split by a mid-row aisle, so seat numbers run continuously from one side aisle to the other. Entry portal / cross-aisle at row 5. Walkway crosses the section between row 7 and row 8.","Seat 1 is on the edge facing section 410; seat numbers count UP toward the edge facing section 408. Facing the field, seat 1 is on your left. Because this section is on the first-base/right-field half of the park, seat 1 is the end of the row CLOSEST to home plate and HIGHER seat numbers are FARTHER from home plate.",not published (typical rows run roughly 18-23 seats),Roof supports just above row 8 can create viewing obstructions. Row 1 seats may require leaning forward past the safety railing. First-base-side sections generally hold shade better with the roof open.,"HIGH - rows, entrance row and seat direction stated by RateYourSeats section page"
410,400 Terrace Level,Terrace Box,"Upper deck, first-base side toward the right-field corner; the lowest-numbered terrace sections",right field / first-base line,10,toward first base / right field,"1-3, 5, 8-24",5,"Stairway aisles run along both side edges of the section; rows are not split by a mid-row aisle, so seat numbers run continuously from one side aisle to the other. Entry portal / cross-aisle at row 5. Walkway crosses the section between row 5 and row 8. Wheelchair seating platform between rows 3 and 5.","Seat 1 is on the edge facing section 411; seat numbers count UP toward the edge facing section 409. Facing the field, seat 1 is on your left. Because this section is on the first-base/right-field half of the park, seat 1 is the end of the row CLOSEST to home plate and HIGHER seat numbers are FARTHER from home plate.",not published (typical rows run roughly 18-23 seats),Roof supports just above row 8 can create viewing obstructions. Row 1 seats may require leaning forward past the safety railing. First-base-side sections generally hold shade better with the roof open.,"HIGH - rows, entrance row and seat direction stated by RateYourSeats section page"
411,400 Terrace Level,Terrace Box,Upper deck along the first-base side,first-base side,9,toward first base / right field,"1-7, 8-23",5,"Stairway aisles run along both side edges of the section; rows are not split by a mid-row aisle, so seat numbers run continuously from one side aisle to the other. Entry portal / cross-aisle at row 5. Walkway crosses the section between row 7 and row 8.","Seat 1 is on the edge facing section 412; seat numbers count UP toward the edge facing section 410. Facing the field, seat 1 is on your left. Because this section is on the first-base/right-field half of the park, seat 1 is the end of the row CLOSEST to home plate and HIGHER seat numbers are FARTHER from home plate.",not published (typical rows run roughly 18-23 seats),Roof supports just above row 8 can create viewing obstructions. Row 1 seats may require leaning forward past the safety railing. First-base-side sections generally hold shade better with the roof open.,"HIGH - rows, entrance row and seat direction stated by RateYourSeats section page"
412,400 Terrace Level,Terrace Box,Upper deck along the first-base side,first-base side,8,toward first base / right field,"1-3, 5, 8-23",5,"Stairway aisles run along both side edges of the section; rows are not split by a mid-row aisle, so seat numbers run continuously from one side aisle to the other. Entry portal / cross-aisle at row 5. Walkway crosses the section between row 5 and row 8. Wheelchair seating platform between rows 3 and 5.","Seat 1 is on the edge facing section 413; seat numbers count UP toward the edge facing section 411. Facing the field, seat 1 is on your left. Because this section is on the first-base/right-field half of the park, seat 1 is the end of the row CLOSEST to home plate and HIGHER seat numbers are FARTHER from home plate.",not published (typical rows run roughly 18-23 seats),Roof supports just above row 8 can create viewing obstructions. Row 1 seats may require leaning forward past the safety railing. First-base-side sections generally hold shade better with the roof open.,"HIGH - rows, entrance row and seat direction stated by RateYourSeats section page"
413,400 Terrace Level,Terrace Box,Upper deck along the first-base side,first-base side,7,toward first base / right field,"1-7, 8-20",5,"Stairway aisles run along both side edges of the section; rows are not split by a mid-row aisle, so seat numbers run continuously from one side aisle to the other. Entry portal / cross-aisle at row 5. Walkway crosses the section between row 7 and row 8.","Seat 1 is on the edge facing section 414; seat numbers count UP toward the edge facing section 412. Facing the field, seat 1 is on your left. Because this section is on the first-base/right-field half of the park, seat 1 is the end of the row CLOSEST to home plate and HIGHER seat numbers are FARTHER from home plate.",not published (typical rows run roughly 18-23 seats),Roof supports just above row 8 can create viewing obstructions. Row 1 seats may require leaning forward past the safety railing. First-base-side sections generally hold shade better with the roof open.,"HIGH - rows, entrance row and seat direction stated by RateYourSeats section page"
414,400 Terrace Level,Terrace Box,Upper deck along the first-base side,first-base side,6,toward first base / right field,"1-3, 5, 8-19",5,"Stairway aisles run along both side edges of the section; rows are not split by a mid-row aisle, so seat numbers run continuously from one side aisle to the other. Entry portal / cross-aisle at row 5. Walkway crosses the section between row 5 and row 8. Wheelchair seating platform between rows 3 and 5.","Seat 1 is on the edge facing section 415; seat numbers count UP toward the edge facing section 413. Facing the field, seat 1 is on your left. Because this section is on the first-base/right-field half of the park, seat 1 is the end of the row CLOSEST to home plate and HIGHER seat numbers are FARTHER from home plate.",not published (typical rows run roughly 18-23 seats),Roof supports just above row 8 can create viewing obstructions. Row 1 seats may require leaning forward past the safety railing. First-base-side sections generally hold shade better with the roof open.,"HIGH - rows, entrance row and seat direction stated by RateYourSeats section page"
415,400 Terrace Level,Terrace Box,Upper deck along the first-base side,first-base side,5,toward first base / right field,"1-7, 8-20",5,"Stairway aisles run along both side edges of the section; rows are not split by a mid-row aisle, so seat numbers run continuously from one side aisle to the other. Entry portal / cross-aisle at row 5. Walkway crosses the section between row 7 and row 8.","Seat 1 is on the edge facing section 416; seat numbers count UP toward the edge facing section 414. Facing the field, seat 1 is on your left. Because this section is on the first-base/right-field half of the park, seat 1 is the end of the row CLOSEST to home plate and HIGHER seat numbers are FARTHER from home plate.",not published (typical rows run roughly 18-23 seats),Roof supports just above row 8 can create viewing obstructions. Row 1 seats may require leaning forward past the safety railing. First-base-side sections generally hold shade better with the roof open.,"HIGH - rows, entrance row and seat direction stated by RateYourSeats section page"
416,400 Terrace Level,Terrace Box,Upper deck along the first-base side,first-base side,4,toward first base / right field,"1-3, 5, 8-19",5,"Stairway aisles run along both side edges of the section; rows are not split by a mid-row aisle, so seat numbers run continuously from one side aisle to the other. Entry portal / cross-aisle at row 5. Walkway crosses the section between row 5 and row 8. Wheelchair seating platform between rows 3 and 5.","Seat 1 is on the edge facing section 417; seat numbers count UP toward the edge facing section 415. Facing the field, seat 1 is on your left. Because this section is on the first-base/right-field half of the park, seat 1 is the end of the row CLOSEST to home plate and HIGHER seat numbers are FARTHER from home plate.",not published (typical rows run roughly 18-23 seats),Roof supports just above row 8 can create viewing obstructions. Row 1 seats may require leaning forward past the safety railing. First-base-side sections generally hold shade better with the roof open.,"HIGH - rows, entrance row and seat direction stated by RateYourSeats section page"
417,400 Terrace Level,Terrace Box,Upper deck along the first-base side (alcohol-free family section),first-base side,3,toward first base / right field,"1-7, 8-20",5,"Stairway aisles run along both side edges of the section; rows are not split by a mid-row aisle, so seat numbers run continuously from one side aisle to the other. Entry portal / cross-aisle at row 5. Walkway crosses the section between row 7 and row 8.","Seat 1 is on the edge facing section 418; seat numbers count UP toward the edge facing section 416. Facing the field, seat 1 is on your left. Because this section is on the first-base/right-field half of the park, seat 1 is the end of the row CLOSEST to home plate and HIGHER seat numbers are FARTHER from home plate.",not published (typical rows run roughly 18-23 seats),Alcohol-free family section; alcohol and profanity prohibited. Roof supports just above row 8 can create viewing obstructions. Row 1 seats may require leaning forward past the safety railing. First-base-side sections generally hold shade better with the roof open.,"HIGH - rows, entrance row and seat direction stated by RateYourSeats section page"
418,400 Terrace Level,Terrace Box,Upper deck along the first-base side,first-base side,2,toward first base / right field,"1-3, 5, 8-22",5,"Stairway aisles run along both side edges of the section; rows are not split by a mid-row aisle, so seat numbers run continuously from one side aisle to the other. Entry portal / cross-aisle at row 5. Walkway crosses the section between row 5 and row 8. Wheelchair seating platform between rows 3 and 5.","Seat 1 is on the edge facing section 419; seat numbers count UP toward the edge facing section 417. Facing the field, seat 1 is on your left. Because this section is on the first-base/right-field half of the park, seat 1 is the end of the row CLOSEST to home plate and HIGHER seat numbers are FARTHER from home plate.",not published (typical rows run roughly 18-23 seats),Roof supports just above row 8 can create viewing obstructions. Row 1 seats may require leaning forward past the safety railing. First-base-side sections generally hold shade better with the roof open.,"HIGH - rows, entrance row and seat direction stated by RateYourSeats section page"
419,400 Terrace Level,Terrace Box,Upper deck along the first-base side (Guest Relations kiosk is behind this section),first-base side,1,toward first base / right field,"1-7, 8-25",5,"Stairway aisles run along both side edges of the section; rows are not split by a mid-row aisle, so seat numbers run continuously from one side aisle to the other. Entry portal / cross-aisle at row 5. Walkway crosses the section between row 7 and row 8.","Seat 1 is on the edge facing section 420; seat numbers count UP toward the edge facing section 418. Facing the field, seat 1 is on your left. Because this section is on the first-base/right-field half of the park, seat 1 is the end of the row CLOSEST to home plate and HIGHER seat numbers are FARTHER from home plate.",not published (typical rows run roughly 18-23 seats),A Guest Relations kiosk sits behind this section. Roof supports just above row 8 can create viewing obstructions. Row 1 seats may require leaning forward past the safety railing. First-base-side sections generally hold shade better with the roof open.,"HIGH - rows, entrance row and seat direction stated by RateYourSeats section page"
420,400 Terrace Level,Terrace Box,Upper deck directly behind home plate,behind home plate,0,behind home plate,"1-3, 5, 8-25",5,"Stairway aisles run along both side edges of the section; rows are not split by a mid-row aisle, so seat numbers run continuously from one side aisle to the other. Entry portal / cross-aisle at row 5. Walkway crosses the section between row 5 and row 8. Wheelchair seating platform between rows 3 and 5.","Seat 1 is on the edge facing section 421; seat numbers count UP toward the edge facing section 419. Facing the field, seat 1 is on your left. This section is behind home plate, so seat 1 is on its third-base side and the highest seat number is on its first-base side.",not published (typical rows run roughly 18-23 seats),Roof supports just above row 8 can create viewing obstructions. Row 1 seats may require leaning forward past the safety railing. First-base-side sections generally hold shade better with the roof open.,"HIGH - rows, entrance row and seat direction stated by RateYourSeats section page"
421,400 Terrace Level,Terrace Box,Upper deck directly behind home plate,behind home plate,0,behind home plate,"1-7, 8-20, 21-25",5,"Stairway aisles run along both side edges of the section; rows are not split by a mid-row aisle, so seat numbers run continuously from one side aisle to the other. Entry portal / cross-aisle at row 5. Walkway crosses the section between row 7 and row 8.","Seat 1 is on the edge facing section 422; seat numbers count UP toward the edge facing section 420. Facing the field, seat 1 is on your left. This section is behind home plate, so seat 1 is on its third-base side and the highest seat number is on its first-base side.",not published (typical rows run roughly 18-23 seats),Roof supports just above row 8 can create viewing obstructions. Row 1 seats may require leaning forward past the safety railing. First-base-side sections generally hold shade better with the roof open.,"HIGH - rows, entrance row and seat direction stated by RateYourSeats section page"
422,400 Terrace Level,Terrace Box,"Upper deck directly behind home plate; the Bob Uecker 'Last Row' statue sits behind the last row here, and the cheap obstructed 'Uecker seats' are in this area",behind home plate,0,behind home plate,"1-3, 5, 8-20, 21-25",5,"Stairway aisles run along both side edges of the section; rows are not split by a mid-row aisle, so seat numbers run continuously from one side aisle to the other. Entry portal / cross-aisle at row 5. Walkway crosses the section between row 5 and row 8. Wheelchair seating platform between rows 3 and 5.","Seat 1 is on the edge facing section 423; seat numbers count UP toward the edge facing section 421. Facing the field, seat 1 is on your left. This section is behind home plate, so seat 1 is on its third-base side and the highest seat number is on its first-base side.",not published (typical rows run roughly 18-23 seats),Roof supports just above row 8 create viewing obstructions. The Bob Uecker 'Last Row' statue is behind the last row. Roof supports just above row 8 can create viewing obstructions. Row 1 seats may require leaning forward past the safety railing. First-base-side sections generally hold shade better with the roof open.,"HIGH - rows, entrance row and seat direction stated by RateYourSeats section page"
423,400 Terrace Level,Terrace Box,Upper deck directly behind home plate,behind home plate,0,behind home plate,"1-7, 8-20, 21-25",5,"Stairway aisles run along both side edges of the section; rows are not split by a mid-row aisle, so seat numbers run continuously from one side aisle to the other. Entry portal / cross-aisle at row 5. Walkway crosses the section between row 7 and row 8.","Seat 1 is on the edge facing section 424; seat numbers count UP toward the edge facing section 422. Facing the field, seat 1 is on your left. This section is behind home plate, so seat 1 is on its third-base side and the highest seat number is on its first-base side.",not published (typical rows run roughly 18-23 seats),Roof supports just above row 8 can create viewing obstructions. Row 1 seats may require leaning forward past the safety railing. First-base-side sections generally hold shade better with the roof open.,"HIGH - rows, entrance row and seat direction stated by RateYourSeats section page"
424,400 Terrace Level,Terrace Box,Upper deck along the third-base side,third-base side,1,toward third base / left field,"1-3, 5, 8-25",5,"Stairway aisles run along both side edges of the section; rows are not split by a mid-row aisle, so seat numbers run continuously from one side aisle to the other. Entry portal / cross-aisle at row 5. Walkway crosses the section between row 5 and row 8. Wheelchair seating platform between rows 3 and 5.","Seat 1 is on the edge facing section 425; seat numbers count UP toward the edge facing section 423. Facing the field, seat 1 is on your left. Because this section is on the third-base/left-field half of the park, the rule flips: seat 1 is the end of the row FARTHEST from home plate and HIGHER seat numbers are CLOSER to home plate.",not published (typical rows run roughly 18-23 seats),Roof supports just above row 8 can create viewing obstructions. Row 1 seats may require leaning forward past the safety railing. First-base-side sections generally hold shade better with the roof open.,"HIGH - rows, entrance row and seat direction stated by RateYourSeats section page"
425,400 Terrace Level,Terrace Box,Upper deck along the third-base side,third-base side,2,toward third base / left field,"1-7, 8-25",5,"Stairway aisles run along both side edges of the section; rows are not split by a mid-row aisle, so seat numbers run continuously from one side aisle to the other. Entry portal / cross-aisle at row 5. Walkway crosses the section between row 7 and row 8.","Seat 1 is on the edge facing section 426; seat numbers count UP toward the edge facing section 424. Facing the field, seat 1 is on your left. Because this section is on the third-base/left-field half of the park, the rule flips: seat 1 is the end of the row FARTHEST from home plate and HIGHER seat numbers are CLOSER to home plate.",not published (typical rows run roughly 18-23 seats),Roof supports just above row 8 can create viewing obstructions. Row 1 seats may require leaning forward past the safety railing. First-base-side sections generally hold shade better with the roof open.,"HIGH - rows, entrance row and seat direction stated by RateYourSeats section page"
426,400 Terrace Level,Terrace Box,Upper deck along the third-base side,third-base side,3,toward third base / left field,"1-3, 5, 8-22",5,"Stairway aisles run along both side edges of the section; rows are not split by a mid-row aisle, so seat numbers run continuously from one side aisle to the other. Entry portal / cross-aisle at row 5. Walkway crosses the section between row 5 and row 8. Wheelchair seating platform between rows 3 and 5.","Seat 1 is on the edge facing section 427; seat numbers count UP toward the edge facing section 425. Facing the field, seat 1 is on your left. Because this section is on the third-base/left-field half of the park, the rule flips: seat 1 is the end of the row FARTHEST from home plate and HIGHER seat numbers are CLOSER to home plate.",not published (typical rows run roughly 18-23 seats),Roof supports just above row 8 can create viewing obstructions. Row 1 seats may require leaning forward past the safety railing. First-base-side sections generally hold shade better with the roof open.,"HIGH - rows, entrance row and seat direction stated by RateYourSeats section page"
427,400 Terrace Level,Terrace Box,Upper deck along the third-base side,third-base side,4,toward third base / left field,"1-7, 8-20",5,"Stairway aisles run along both side edges of the section; rows are not split by a mid-row aisle, so seat numbers run continuously from one side aisle to the other. Entry portal / cross-aisle at row 5. Walkway crosses the section between row 7 and row 8.","Seat 1 is on the edge facing section 428; seat numbers count UP toward the edge facing section 426. Facing the field, seat 1 is on your left. Because this section is on the third-base/left-field half of the park, the rule flips: seat 1 is the end of the row FARTHEST from home plate and HIGHER seat numbers are CLOSER to home plate.",not published (typical rows run roughly 18-23 seats),Roof supports just above row 8 can create viewing obstructions. Row 1 seats may require leaning forward past the safety railing. First-base-side sections generally hold shade better with the roof open.,"HIGH - rows, entrance row and seat direction stated by RateYourSeats section page"
428,400 Terrace Level,Terrace Box,Upper deck along the third-base side,third-base side,5,toward third base / left field,"1-3, 5, 8-19",5,"Stairway aisles run along both side edges of the section; rows are not split by a mid-row aisle, so seat numbers run continuously from one side aisle to the other. Entry portal / cross-aisle at row 5. Walkway crosses the section between row 5 and row 8. Wheelchair seating platform between rows 3 and 5.","Seat 1 is on the edge facing section 429; seat numbers count UP toward the edge facing section 427. Facing the field, seat 1 is on your left. Because this section is on the third-base/left-field half of the park, the rule flips: seat 1 is the end of the row FARTHEST from home plate and HIGHER seat numbers are CLOSER to home plate.",not published (typical rows run roughly 18-23 seats),Roof supports just above row 8 can create viewing obstructions. Row 1 seats may require leaning forward past the safety railing. First-base-side sections generally hold shade better with the roof open.,"HIGH - rows, entrance row and seat direction stated by RateYourSeats section page"
429,400 Terrace Level,Terrace Box,Upper deck along the third-base side,third-base side,6,toward third base / left field,"1-7, 8-20",5,"Stairway aisles run along both side edges of the section; rows are not split by a mid-row aisle, so seat numbers run continuously from one side aisle to the other. Entry portal / cross-aisle at row 5. Walkway crosses the section between row 7 and row 8.","Seat 1 is on the edge facing section 430; seat numbers count UP toward the edge facing section 428. Facing the field, seat 1 is on your left. Because this section is on the third-base/left-field half of the park, the rule flips: seat 1 is the end of the row FARTHEST from home plate and HIGHER seat numbers are CLOSER to home plate.",not published (typical rows run roughly 18-23 seats),Roof supports just above row 8 can create viewing obstructions. Row 1 seats may require leaning forward past the safety railing. First-base-side sections generally hold shade better with the roof open.,"HIGH - rows, entrance row and seat direction stated by RateYourSeats section page"
430,400 Terrace Level,Terrace Box,Upper deck along the third-base side,third-base side,7,toward third base / left field,"1-3, 5, 8-19",5,"Stairway aisles run along both side edges of the section; rows are not split by a mid-row aisle, so seat numbers run continuously from one side aisle to the other. Entry portal / cross-aisle at row 5. Walkway crosses the section between row 5 and row 8. Wheelchair seating platform between rows 3 and 5.","Seat 1 is on the edge facing section 431; seat numbers count UP toward the edge facing section 429. Facing the field, seat 1 is on your left. Because this section is on the third-base/left-field half of the park, the rule flips: seat 1 is the end of the row FARTHEST from home plate and HIGHER seat numbers are CLOSER to home plate.",not published (typical rows run roughly 18-23 seats),Roof supports just above row 8 can create viewing obstructions. Row 1 seats may require leaning forward past the safety railing. First-base-side sections generally hold shade better with the roof open.,"HIGH - rows, entrance row and seat direction stated by RateYourSeats section page"
431,400 Terrace Level,Terrace Box,Upper deck along the third-base side,third-base side,8,toward third base / left field,"1-7, 8-20",5,"Stairway aisles run along both side edges of the section; rows are not split by a mid-row aisle, so seat numbers run continuously from one side aisle to the other. Entry portal / cross-aisle at row 5. Walkway crosses the section between row 7 and row 8.","Seat 1 is on the edge facing section 432; seat numbers count UP toward the edge facing section 430. Facing the field, seat 1 is on your left. Because this section is on the third-base/left-field half of the park, the rule flips: seat 1 is the end of the row FARTHEST from home plate and HIGHER seat numbers are CLOSER to home plate.",not published (typical rows run roughly 18-23 seats),Roof supports just above row 8 can create viewing obstructions. Row 1 seats may require leaning forward past the safety railing. First-base-side sections generally hold shade better with the roof open.,"HIGH - rows, entrance row and seat direction stated by RateYourSeats section page"
432,400 Terrace Level,Terrace Box,Upper deck along the third-base side,third-base side,9,toward third base / left field,"1-3, 5, 8-21",5,"Stairway aisles run along both side edges of the section; rows are not split by a mid-row aisle, so seat numbers run continuously from one side aisle to the other. Entry portal / cross-aisle at row 5. Walkway crosses the section between row 5 and row 8. Wheelchair seating platform between rows 3 and 5.","Seat 1 is on the edge facing section 433; seat numbers count UP toward the edge facing section 431. Facing the field, seat 1 is on your left. Because this section is on the third-base/left-field half of the park, the rule flips: seat 1 is the end of the row FARTHEST from home plate and HIGHER seat numbers are CLOSER to home plate.",not published (typical rows run roughly 18-23 seats),Roof supports just above row 8 can create viewing obstructions. Row 1 seats may require leaning forward past the safety railing. First-base-side sections generally hold shade better with the roof open.,"HIGH - rows, entrance row and seat direction stated by RateYourSeats section page"
433,400 Terrace Level,Terrace Box,Upper deck along the third-base side,third-base side,10,toward third base / left field,"1-7, 8-22",5,"Stairway aisles run along both side edges of the section; rows are not split by a mid-row aisle, so seat numbers run continuously from one side aisle to the other. Entry portal / cross-aisle at row 5. Walkway crosses the section between row 7 and row 8.","Seat 1 is on the edge facing section 434; seat numbers count UP toward the edge facing section 432. Facing the field, seat 1 is on your left. Because this section is on the third-base/left-field half of the park, the rule flips: seat 1 is the end of the row FARTHEST from home plate and HIGHER seat numbers are CLOSER to home plate.",not published (typical rows run roughly 18-23 seats),Rows 1-7 recommended for convenience. Roof supports just above row 8 can create viewing obstructions. Row 1 seats may require leaning forward past the safety railing. First-base-side sections generally hold shade better with the roof open.,"HIGH - rows, entrance row and seat direction stated by RateYourSeats section page"
434,400 Terrace Level,Terrace Box,Upper deck along the third-base side,third-base side,11,toward third base / left field,"1-3, 5, 8-23",5,"Stairway aisles run along both side edges of the section; rows are not split by a mid-row aisle, so seat numbers run continuously from one side aisle to the other. Entry portal / cross-aisle at row 5. Walkway crosses the section between row 5 and row 8. Wheelchair seating platform between rows 3 and 5.","Seat 1 is on the edge facing section 435; seat numbers count UP toward the edge facing section 433. Facing the field, seat 1 is on your left. Because this section is on the third-base/left-field half of the park, the rule flips: seat 1 is the end of the row FARTHEST from home plate and HIGHER seat numbers are CLOSER to home plate.",not published (typical rows run roughly 18-23 seats),Roof supports just above row 8 can create viewing obstructions. Row 1 seats may require leaning forward past the safety railing. First-base-side sections generally hold shade better with the roof open.,"HIGH - rows, entrance row and seat direction stated by RateYourSeats section page"
435,400 Terrace Level,Terrace Box,Upper deck along the third-base side,third-base side,12,toward third base / left field,"1-7, 8-24",5,"Stairway aisles run along both side edges of the section; rows are not split by a mid-row aisle, so seat numbers run continuously from one side aisle to the other. Entry portal / cross-aisle at row 5. Walkway crosses the section between row 7 and row 8.","Seat 1 is on the edge facing section 436; seat numbers count UP toward the edge facing section 434. Facing the field, seat 1 is on your left. Because this section is on the third-base/left-field half of the park, the rule flips: seat 1 is the end of the row FARTHEST from home plate and HIGHER seat numbers are CLOSER to home plate.",not published (typical rows run roughly 18-23 seats),Rows 2-7 rated best for view plus concourse access. Roof supports just above row 8 can create viewing obstructions. Row 1 seats may require leaning forward past the safety railing. First-base-side sections generally hold shade better with the roof open.,"HIGH - rows, entrance row and seat direction stated by RateYourSeats section page"
436,400 Terrace Level,Terrace Box,Upper deck along the third-base side,third-base side,13,toward third base / left field,"1-3, 5, 8-24",5,"Stairway aisles run along both side edges of the section; rows are not split by a mid-row aisle, so seat numbers run continuously from one side aisle to the other. Entry portal / cross-aisle at row 5. Walkway crosses the section between row 5 and row 8. Wheelchair seating platform between rows 3 and 5.","Seat 1 is on the edge facing section 437; seat numbers count UP toward the edge facing section 435. Facing the field, seat 1 is on your left. Because this section is on the third-base/left-field half of the park, the rule flips: seat 1 is the end of the row FARTHEST from home plate and HIGHER seat numbers are CLOSER to home plate.",not published (typical rows run roughly 18-23 seats),Rows 2-7 recommended. Roof supports just above row 8 can create viewing obstructions. Row 1 seats may require leaning forward past the safety railing. First-base-side sections generally hold shade better with the roof open.,"HIGH - rows, entrance row and seat direction stated by RateYourSeats section page"
437,400 Terrace Level,Terrace Box,Upper deck along the third-base side,third-base side,14,toward third base / left field,"1-7, 8-24",5,"Stairway aisles run along both side edges of the section; rows are not split by a mid-row aisle, so seat numbers run continuously from one side aisle to the other. Entry portal / cross-aisle at row 5. Walkway crosses the section between row 7 and row 8.","Seat 1 is on the edge facing section 438; seat numbers count UP toward the edge facing section 436. Facing the field, seat 1 is on your left. Because this section is on the third-base/left-field half of the park, the rule flips: seat 1 is the end of the row FARTHEST from home plate and HIGHER seat numbers are CLOSER to home plate.",not published (typical rows run roughly 18-23 seats),Roof supports just above row 8 can create viewing obstructions. Row 1 seats may require leaning forward past the safety railing. First-base-side sections generally hold shade better with the roof open.,"HIGH - rows, entrance row and seat direction stated by RateYourSeats section page"
438,400 Terrace Level,Terrace Level Outfield,Upper deck near the left-field corner,left field,15,toward third base / left field,"1-3, 5, 8-24",5,"Stairway aisles run along both side edges of the section; rows are not split by a mid-row aisle, so seat numbers run continuously from one side aisle to the other. Entry portal / cross-aisle at row 5. Walkway crosses the section between row 5 and row 8. Wheelchair seating platform between rows 3 and 5.","Seat 1 is on the edge facing section 439; seat numbers count UP toward the edge facing section 437. Facing the field, seat 1 is on your left. Because this section is on the third-base/left-field half of the park, the rule flips: seat 1 is the end of the row FARTHEST from home plate and HIGHER seat numbers are CLOSER to home plate.",not published (typical rows run roughly 18-23 seats),Sections 438-442 in left field get direct sun during day games - avoid if you want shade. Roof supports just above row 8 can create viewing obstructions. Row 1 seats may require leaning forward past the safety railing. First-base-side sections generally hold shade better with the roof open.,"HIGH - rows, entrance row and seat direction stated by RateYourSeats section page"
439,400 Terrace Level,Terrace Level Outfield,Upper deck near the left-field corner; sits directly behind the left-field foul pole,left field,16,toward third base / left field,"1-7, 8-24",5,"Stairway aisles run along both side edges of the section; rows are not split by a mid-row aisle, so seat numbers run continuously from one side aisle to the other. Entry portal / cross-aisle at row 5. Walkway crosses the section between row 7 and row 8.","Seat 1 is on the edge facing section 440; seat numbers count UP toward the edge facing section 438. Facing the field, seat 1 is on your left. Because this section is on the third-base/left-field half of the park, the rule flips: seat 1 is the end of the row FARTHEST from home plate and HIGHER seat numbers are CLOSER to home plate.",not published (typical rows run roughly 18-23 seats),Sits directly behind the left-field foul pole; some seats have partially obstructed views. Roof supports just above row 8 can create viewing obstructions. Row 1 seats may require leaning forward past the safety railing. First-base-side sections generally hold shade better with the roof open.,"HIGH - rows, entrance row and seat direction stated by RateYourSeats section page"
440,400 Terrace Level,Terrace Level Outfield,Upper deck near the left-field corner; sits directly behind the left-field foul pole,left field,17,toward third base / left field,"1-3, 5, 8-16",5,"Stairway aisles run along both side edges of the section; rows are not split by a mid-row aisle, so seat numbers run continuously from one side aisle to the other. Entry portal / cross-aisle at row 5. Walkway crosses the section between row 5 and row 8. Wheelchair seating platform between rows 3 and 5.","Seat 1 is on the edge facing section 441; seat numbers count UP toward the edge facing section 439. Facing the field, seat 1 is on your left. Because this section is on the third-base/left-field half of the park, the rule flips: seat 1 is the end of the row FARTHEST from home plate and HIGHER seat numbers are CLOSER to home plate.",not published (typical rows run roughly 18-23 seats),Sits directly behind the left-field foul pole; some seats have partially obstructed views. Behind or beside the stage for most concerts. Roof supports just above row 8 can create viewing obstructions. Row 1 seats may require leaning forward past the safety railing. First-base-side sections generally hold shade better with the roof open.,"HIGH - rows, entrance row and seat direction stated by RateYourSeats section page"
441,400 Terrace Level,Bernie's Terrace,Upper deck in deep left field next to Bernie Brewer's chalet and home-run slide; among the farthest seats from home plate in the ballpark,left field,18,toward third base / left field,1-16,5,"Stairway aisles run along both side edges of the section; rows are not split by a mid-row aisle, so seat numbers run continuously from one side aisle to the other. Entry portal / cross-aisle at row 5.","Seat 1 is on the edge facing section 442; seat numbers count UP toward the edge facing section 440. Facing the field, seat 1 is on your left. Because this section is on the third-base/left-field half of the park, the rule flips: seat 1 is the end of the row FARTHEST from home plate and HIGHER seat numbers are CLOSER to home plate.",not published (typical rows run roughly 18-23 seats),Distant view from deep left field. Sun exposure during day games. Family-friendly with frequent mascot interaction. Behind or beside the stage for most concerts. Roof supports just above row 8 can create viewing obstructions. Row 1 seats may require leaning forward past the safety railing. First-base-side sections generally hold shade better with the roof open.,"HIGH - rows, entrance row and seat direction stated by RateYourSeats section page"
442,400 Terrace Level,Bernie's Terrace,Upper deck in deep left field next to Bernie Brewer's chalet and home-run slide; among the farthest seats from home plate in the ballpark,left field,19,toward third base / left field,"1-3, 4, 8-15",4,"Stairway aisles run along both side edges of the section; rows are not split by a mid-row aisle, so seat numbers run continuously from one side aisle to the other. Entry portal / cross-aisle at row 4. Walkway crosses the section between row 4 and row 8. Wheelchair seating platform between rows 3 and 4.","Seat 1 is on the far edge of the section (no higher-numbered section beyond it); seat numbers count UP toward the edge facing section 441. Facing the field, seat 1 is on your left. Because this section is on the third-base/left-field half of the park, the rule flips: seat 1 is the end of the row FARTHEST from home plate and HIGHER seat numbers are CLOSER to home plate.",not published (typical rows run roughly 18-23 seats),"Distant view from deep left field, with obstructed views of the scoreboard and right/centre field. Entrance and walkway at row 4 here, unlike the rest of the level. Roof supports just above row 8 can create viewing obstructions. Row 1 seats may require leaning forward past the safety railing. First-base-side sections generally hold shade better with the roof open.","HIGH - rows, entrance row and seat direction stated by RateYourSeats section page"
