section,level,zone,location_in_stadium,sections_from_home_plate,direction_from_home_plate,rows_in_section,entrance_row,aisle_and_walkway_locations,seat_numbering,seats_per_row,notes,confidence
0,Field Level boxes (0-13),Home Plate Club,"The Blue Shield Home Plate Club is located directly behind home plate at field level in Sections 0–6 at Petco Park."" ""Closest Seats Behind Home Plate: Sections 0–6 located within five rows of the field.",0,behind home plate,UNKNOWN,UNKNOWN,"Stairway aisles run along both side edges of the section; rows are not split by a mid-row aisle, so seat numbers run continuously from one side aisle to the other. The entry portal row is not published for this section.","Facing the field, seat 1 is on your right. That puts seat 1 on the far edge of the section, with no further section beyond it on that side, with seat numbers counting up toward the edge facing section 2. This section is behind home plate, so seat 1 is on its first-base side.",not published,"//www.rateyourseats.com/petco-park/seating/sections/0 302s to the zone page https://www.rateyourseats.com/petco-park/seating/home-plate-club (title 'Home Plate Club at PETCO Park'). ""These seats sit within the first five rows from the field, placing fans extremely close to the action and giving them one of the most intimate viewing experiences in the stadium."" ""Club Access Padres games"", ""All-Inclusive (No Alcohol) Padres games"", ""In-Seat Wait Service Padres games"", ""Upscale Seating"". Fan Feedback : ""Front of sections 101-116 are behind the netting — There is some amount of netting or screening in front of sections 101-116. The height and coverage of netting or screening will vary by section.""",LOW - no row data published for this section
1,Field Level boxes (0-13),Home Plate Club,"The Blue Shield Home Plate Club is located directly behind home plate at field level in Sections 0–6 at Petco Park."" ""Section 1 is tagged with: ✓ behind home plate ✓ behind the netting",0,behind home plate,UNKNOWN,UNKNOWN,"Stairway aisles run along both side edges of the section; rows are not split by a mid-row aisle, so seat numbers run continuously from one side aisle to the other. The entry portal row is not published for this section.","Facing the field, seat 1 is on your left. That puts seat 1 on the far edge of the section, with no further section beyond it on that side, with seat numbers counting up toward the edge facing section 3. This section is behind home plate, so seat 1 is on its third-base side.",not published,".../seating/sections/1 302s to the zone page .../seating/home-plate-club. ""Closest Seats Behind Home Plate: Sections 0–6 located within five rows of the field."" and ""These seats sit within the first five rows from the field"". The zone page's lead seat-view captions are ""Baseball Seat View From Section 1, Row 5"" and ""Baseball Seat View From Section 1"". Fan Feedback : ""Front of sections 101-116 are behind the netting — There is some amount of netting or screening in front of sections 101-116. The height and coverage of netting or screening will vary by section. The netting extends past the dugout and down each line."" AVIEWFROMMYSEAT FALLBACK (https://aviewfrommyseat.com/venue/Petco+Park/1/): ""Seats here are tagged with: ✓ has extra leg room ✓ has wait service ✓ is a folding chair ✓ is near the home team dugout ✓ is on the aisle ✓ is padded""; navigation ""« Go left to section 2 2"" / ""Go right to section 3 3 »""; under the heading ""Rows with photos"" it prints ""First Row: 1 Last Row: 5"" – this is the range of rows FOR WHICH PHOTOS EXIST, not a stated row range for the section, so rows is left",LOW - no row data published for this section
2,Field Level boxes (0-13),Home Plate Club,"The Blue Shield Home Plate Club is located directly behind home plate at field level in Sections 0–6 at Petco Park."" ""Section 2 is tagged with: ✓ behind home plate ✓ behind the netting",1,toward third base / left field,UNKNOWN,UNKNOWN,"Stairway aisles run along both side edges of the section; rows are not split by a mid-row aisle, so seat numbers run continuously from one side aisle to the other. The entry portal row is not published for this section.","Facing the field, seat 1 is on your right. That puts seat 1 on the edge facing section 0, with seat numbers counting up toward the edge facing section 4. Seat 1 is the end of the row closest to home plate, and higher seat numbers run away from home plate.",not published,".../seating/sections/2 302s to the zone page .../seating/home-plate-club. ""Closest Seats Behind Home Plate: Sections 0–6 located within five rows of the field."" Fan Feedback : ""Front of sections 101-116 are behind the netting — There is some amount of netting or screening in front of sections 101-116. The height and coverage of netting or screening will vary by section. The netting extends past the dugout and down each line."" AVIEWFROMMYSEAT FALLBACK (https://aviewfrommyseat.com/venue/Petco+Park/2/): no photos – ""Sorry, we do not have any photos for Section 2 at Petco Park yet.""; no rows; no 'Seats here are tagged with' line; navigation ""« Go left to section 4 4"" / ""Go right to section Dugout 0 Dugout 0 »"" (that site labels section 0 as 'Dugout 0').",LOW - no row data published for this section
3,Field Level boxes (0-13),Home Plate Club,"The Blue Shield Home Plate Club is located directly behind home plate at field level in Sections 0–6 at Petco Park."" ""Section 3 is tagged with: ✓ behind home plate ✓ behind the netting",1,toward first base / right field,UNKNOWN,UNKNOWN,"Stairway aisles run along both side edges of the section; rows are not split by a mid-row aisle, so seat numbers run continuously from one side aisle to the other. The entry portal row is not published for this section.","Facing the field, seat 1 is on your left. That puts seat 1 on the edge facing section 1, with seat numbers counting up toward the edge facing section 5. Seat 1 is the end of the row closest to home plate, and higher seat numbers run away from home plate.",not published,".../seating/sections/3 302s to the zone page .../seating/home-plate-club. ""Closest Seats Behind Home Plate: Sections 0–6 located within five rows of the field."" Fan Feedback : ""Front of sections 101-116 are behind the netting — There is some amount of netting or screening in front of sections 101-116. The height and coverage of netting or screening will vary by section. The netting extends past the dugout and down each line."" AVIEWFROMMYSEAT FALLBACK (https://aviewfrommyseat.com/venue/Petco+Park/3/): ""Seats here are tagged with: ✓ club seat ✓ has wait service ✓ is padded""; navigation ""« Go left to section 1 1"" / ""Go right to section 5 5 »""; prints ""First Row: 1 Last Row: 5"" under its rows-with-photos block – that is the photographed row range, not a stated section row range, so rows stays",LOW - no row data published for this section
4,Field Level boxes (0-13),Home Plate Club,"The Blue Shield Home Plate Club is located directly behind home plate at field level in Sections 0–6 at Petco Park."" ""Section 4 is tagged with: ✓ behind home plate ✓ behind the netting",2,toward third base / left field,UNKNOWN,UNKNOWN,"Stairway aisles run along both side edges of the section; rows are not split by a mid-row aisle, so seat numbers run continuously from one side aisle to the other. The entry portal row is not published for this section.","Facing the field, seat 1 is on your right. That puts seat 1 on the edge facing section 2, with seat numbers counting up toward the edge facing section 6. Seat 1 is the end of the row closest to home plate, and higher seat numbers run away from home plate.",not published,".../seating/sections/4 302s to the zone page .../seating/home-plate-club. ""Closest Seats Behind Home Plate: Sections 0–6 located within five rows of the field."" Fan Feedback : ""Front of sections 101-116 are behind the netting — There is some amount of netting or screening in front of sections 101-116. The height and coverage of netting or screening will vary by section. The netting extends past the dugout and down each line."" AVIEWFROMMYSEAT FALLBACK (https://aviewfrommyseat.com/venue/Petco+Park/4/): no photos – ""Sorry, we do not have any photos for Section 4 at Petco Park yet.""; no rows; no 'Seats here are tagged with' line; navigation ""« Go left to section 6 6"" / ""Go right to section 2 2 »"".",LOW - no row data published for this section
5,Field Level boxes (0-13),Home Plate Club,"Section 5 will be closest to the Padres dugout and on-deck circle"" within ""The Blue Shield Home Plate Club is located directly behind home plate at field level in Sections 0–6 at Petco Park."" ""Section 5 is tagged with: ✓ behind home plate ✓ behind the netting",2,toward first base / right field,UNKNOWN,UNKNOWN,"Stairway aisles run along both side edges of the section; rows are not split by a mid-row aisle, so seat numbers run continuously from one side aisle to the other. The entry portal row is not published for this section.","Facing the field, seat 1 is on your left. That puts seat 1 on the edge facing section 3, with seat numbers counting up toward the edge facing section 7. Seat 1 is the end of the row closest to home plate, and higher seat numbers run away from home plate.",not published,".../seating/sections/5 302s to the zone page .../seating/home-plate-club. ""Closest Seats Behind Home Plate: Sections 0–6 located within five rows of the field."" and ""Fans seated in: Section 5 will be closest to the Padres dugout and on-deck circle"" – consistent with discovery's ODD = first-base side rule (the Padres dugout is on first base). Fan Feedback : ""Front of sections 101-116 are behind the netting — There is some amount of netting or screening in front of sections 101-116. The height and coverage of netting or screening will vary by section. The netting extends past the dugout and down each line."" AVIEWFROMMYSEAT FALLBACK (https://aviewfrommyseat.com/venue/Petco+Park/5/): no photos – ""Sorry, we do not have any photos for Section 5 at Petco Park yet.""; no rows; no 'Seats here are tagged with' line; navigation ""« Go left to section 3 3"" / ""Go right to section 7 7 »"".",LOW - no row data published for this section
6,Field Level boxes (0-13),Home Plate Club,"Section 6 sits closer to the visiting team’s on-deck circle"" within ""The Blue Shield Home Plate Club is located directly behind home plate at field level in Sections 0–6 at Petco Park."" ""Section 6 is tagged with: ✓ behind home plate ✓ behind the netting"" and ""Seats here are tagged with: ... ✓ is near the visitor's dugout ...",3,toward third base / left field,UNKNOWN,UNKNOWN,"Stairway aisles run along both side edges of the section; rows are not split by a mid-row aisle, so seat numbers run continuously from one side aisle to the other. The entry portal row is not published for this section.","Facing the field, seat 1 is on your right. That puts seat 1 on the edge facing section 4, with seat numbers counting up toward the edge facing section 8. Seat 1 is the end of the row closest to home plate, and higher seat numbers run away from home plate.",not published,".../seating/sections/6 302s to the zone page .../seating/home-plate-club. ""Closest Seats Behind Home Plate: Sections 0–6 located within five rows of the field."" and ""Fans seated in: ... Section 6 sits closer to the visiting team’s on-deck circle"" – consistent with discovery's EVEN = third-base side rule. Fan Feedback : ""Front of sections 101-116 are behind the netting — There is some amount of netting or screening in front of sections 101-116. The height and coverage of netting or screening will vary by section. The netting extends past the dugout and down each line."" AVIEWFROMMYSEAT FALLBACK (https://aviewfrommyseat.com/venue/Petco+Park/6/): ""Seats here are tagged with: ✓ club seat ✓ has extra leg room ✓ has wait service ✓ is near the visitor's dugout ✓ is padded""; navigation ""« Go left to section 8 8"" / ""Go right to section 4 4 »""; prints ""First Row: 1 Last Row: 5"" for rows with photos (photographed range only, NOT a stated section row range, so rows stays UNKNOWN).",LOW - no row data published for this section
7,Field Level boxes (0-13),First Base VIP Box,"The First Base VIP Box is located along the first base line at field level, sitting just beside the Padres dugout at Petco Park."" ""Field-Level Premium Seating: Located just feet from the infield along the first base line at Petco Park."" ""Section 7 is tagged with: ✓ along the 1st base line ✓ behind the netting",3,toward first base / right field,UNKNOWN,UNKNOWN,"Stairway aisles run along both side edges of the section; rows are not split by a mid-row aisle, so seat numbers run continuously from one side aisle to the other. The entry portal row is not published for this section.","Facing the field, seat 1 is on your left. That puts seat 1 on the edge facing section 5, with seat numbers counting up toward the edge facing section 9. Seat 1 is the end of the row closest to home plate, and higher seat numbers run away from home plate.",not published,"//www.rateyourseats.com/petco-park/seating/sections/7 302s to the zone page https://www.rateyourseats.com/petco-park/seating/first-base-vip-box-baseball (title 'First Base VIP Box at PETCO Park'). Further ""Near the Padres Dugout: Positioned directly beside the Padres dugout, offering up-close views of players."" and ""These seats provide one of the closest viewing experiences in the stadium, placing fans only a few feet from the playing field."" ""Club Access Padres games"", ""All-Inclusive Padres games"", ""In-Seat Wait Service Padres games"", ""Upscale Seating"". The zone page's only seat-view caption is ""Baseball Seat View From Section 11, Row 2"" (i.e. the photo is of section 11, not 7). Fan Feedback : ""Front of sections 101-116 are behind the netting — There is some amount of netting or screening in front of sections 101-116.""",LOW - no row data published for this section
8,Field Level boxes (0-13),Third Base Coach's Box,"The Third Base Coach’s Box is located along the third base line at field level in Sections 8 and 10."" ""Field-Level Seating: Located along the third base line in Sections 8 and 10."" ""Section 8 is tagged with: ✓ along the 3rd base line ✓ behind the netting",4,toward third base / left field,UNKNOWN,UNKNOWN,"Stairway aisles run along both side edges of the section; rows are not split by a mid-row aisle, so seat numbers run continuously from one side aisle to the other. The entry portal row is not published for this section.","Facing the field, seat 1 is on your right. That puts seat 1 on the edge facing section 6, with seat numbers counting up toward the edge facing section 10. Seat 1 is the end of the row closest to home plate, and higher seat numbers run away from home plate.",not published,"//www.rateyourseats.com/petco-park/seating/sections/8 302s to the zone page https://www.rateyourseats.com/petco-park/seating/third-base-coachs-box (title ""Third Base Coach's Box at PETCO Park""). Further ""These seats sit extremely close to the field, giving fans a perspective similar to the third base coach during the game."" and ""The sections are also located near the visiting team dugout, allowing fans to see players entering and exiting the field between innings."" and ""While the Third Base Coach’s Box sits near the visiting team dugout, the First Base VIP Box places fans beside the Padres dugout"". ""Club Access Padres games"", ""In-Seat Wait Service Padres games"", ""Upscale Seating"". ""Baseball Approximate View From Section 8"".",LOW - no row data published for this section
9,Field Level boxes (0-13),First Base VIP Box,"The First Base VIP Box is located along the first base line at field level, sitting just beside the Padres dugout at Petco Park."" ""Field-Level Premium Seating: Located just feet from the infield along the first base line at Petco Park."" ""Section 9 is tagged with: ✓ along the 1st base line ✓ behind the netting",4,toward first base / right field,UNKNOWN,UNKNOWN,"Stairway aisles run along both side edges of the section; rows are not split by a mid-row aisle, so seat numbers run continuously from one side aisle to the other. The entry portal row is not published for this section.","Facing the field, seat 1 is on your left. That puts seat 1 on the edge facing section 7, with seat numbers counting up toward the edge facing section 11. Seat 1 is the end of the row closest to home plate, and higher seat numbers run away from home plate.",not published,".../seating/sections/9 302s to the zone page .../seating/first-base-vip-box-baseball. Further ""Near the Padres Dugout: Positioned directly beside the Padres dugout, offering up-close views of players."" and ""The location also allows fans to watch Padres players enter and exit the dugout throughout the game."" Fan Feedback : ""Front of sections 101-116 are behind the netting — There is some amount of netting or screening in front of sections 101-116. The height and coverage of netting or screening will vary by section. The netting extends past the dugout and down each line."" AVIEWFROMMYSEAT FALLBACK (https://aviewfrommyseat.com/venue/Petco+Park/9/): no photos – ""Sorry, we do not have any photos for Section 9 at Petco Park yet.""; no rows; no 'Seats here are tagged with' line; navigation ""« Go left to section 7 7"" / ""Go right to section 11 11 »"".",LOW - no row data published for this section
10,Field Level boxes (0-13),Third Base Coach's Box,"The Third Base Coach’s Box is located along the third base line at field level in Sections 8 and 10."" ""Field-Level Seating: Located along the third base line in Sections 8 and 10."" ""Section 10 is tagged with: ✓ along the 3rd base line ✓ behind the netting",5,toward third base / left field,UNKNOWN,UNKNOWN,"Stairway aisles run along both side edges of the section; rows are not split by a mid-row aisle, so seat numbers run continuously from one side aisle to the other. The entry portal row is not published for this section.","Facing the field, seat 1 is on your right. That puts seat 1 on the edge facing section 8, with seat numbers counting up toward the far edge of the section, with no further section beyond it on that side. Seat 1 is the end of the row closest to home plate, and higher seat numbers run away from home plate.",not published,".../seating/sections/10 302s to the zone page .../seating/third-base-coachs-box. Further ""Extremely Close to the Action: Seats sit just feet from the field near third base."" and ""Fans seated here will be within a few feet of the field and can clearly watch plays at third base, the pitcher’s mound, and home plate."" and ""The sections are also located near the visiting team dugout"". Fan Feedback : ""Front of sections 101-116 are behind the netting — There is some amount of netting or screening in front of sections 101-116. The height and coverage of netting or screening will vary by section. The netting extends past the dugout and down each line."" AVIEWFROMMYSEAT FALLBACK (https://aviewfrommyseat.com/venue/Petco+Park/10/): no photos – ""Sorry, we do not have any photos for Section 10 at Petco Park yet.""; no rows; no 'Seats here are tagged with' line; navigation ""« Go left to section 13 13"" / ""Go right to section 8 8 »"".",LOW - no row data published for this section
11,Field Level boxes (0-13),First Base VIP Box,"The First Base VIP Box is located along the first base line at field level, sitting just beside the Padres dugout at Petco Park."" ""Field-Level Premium Seating: Located just feet from the infield along the first base line at Petco Park."" ""Section 11 is tagged with: ✓ along the 1st base line ✓ behind the netting",5,toward first base / right field,UNKNOWN,UNKNOWN,"Stairway aisles run along both side edges of the section; rows are not split by a mid-row aisle, so seat numbers run continuously from one side aisle to the other. The entry portal row is not published for this section.","Facing the field, seat 1 is on your left. That puts seat 1 on the edge facing section 9, with seat numbers counting up toward the edge facing section 13. Seat 1 is the end of the row closest to home plate, and higher seat numbers run away from home plate.",not published,".../seating/sections/11 302s to the zone page .../seating/first-base-vip-box-baseball. The zone page's only seat-view photo is captioned ""Baseball Seat View From Section 11, Row 2"" – the only row number stated anywhere for this section, and it is a photo caption, not a row range, so rows stays Further ""Near the Padres Dugout: Positioned directly beside the Padres dugout, offering up-close views of players."" and ""All-Inclusive Experience (Padres Games): Tickets typically include food, beverages, and in-seat service including spirits."" and ""Club Access: Ticketholders receive access to the Compass Premier Club behind home plate."" Fan Feedback : ""Front of sections 101-116 are behind the netting — There is some amount of netting or screening in front of sections 101-116.""",LOW - no row data published for this section
13,Field Level boxes (0-13),not named by the source,not stated by the source,6,toward first base / right field,1-3,UNKNOWN,"Stairway aisles run along both side edges of the section; rows are not split by a mid-row aisle, so seat numbers run continuously from one side aisle to the other. The entry portal row is not published for this section.","Facing the field, seat 1 is on your left. That puts seat 1 on the edge facing section 11, with seat numbers counting up toward the far edge of the section, with no further section beyond it on that side. Seat 1 is the end of the row closest to home plate, and higher seat numbers run away from home plate.",not published,"Own RateYourSeats page (no redirect), title ""Section 13 at PETCO Park"". the ONLY content under 'What It's Like to Sit in Section 13' → 'Row Numbers' is ""Rows in Section 13 are labeled 1-3"" and ""When looking towards the field/field/stage, lower number seats are on the right"". ""Rows 1-3"". There is NO entrance-row line, NO walkway line, NO seating notes, NO expert review, NO fan reviews, NO location sentence and NO zone assignment on the page → zone, location and entrance_row are ""$509 lowest price in Section 13"". So, if you are sitting on the 1st base (right field) side, seat number 1 will be the leftmost. If seated on the 3rd base / left field side, seat number 1 will be the rightmost."" Section 13 is odd, which discovery places on the first-base side, i.e. the contested half.""","MEDIUM - rows confirmed, ticket zone not named by the source"
101,Field Level (100s),Field Box VIP,"The Field Box VIP seats are located in Sections 101–106, which sit directly behind home plate."" and ""Sections 101 and 102 provide the most centered home plate perspective among the Field Box sections.",0,behind home plate,8-20,20,"Stairway aisles run along both side edges of the section; rows are not split by a mid-row aisle, so seat numbers run continuously from one side aisle to the other. The entry portal is at row 20.","Facing the field, seat 1 is on your left. That puts seat 1 on the far edge of the section, with no further section beyond it on that side, with seat numbers counting up toward the edge facing section 103. This section is behind home plate, so seat 1 is on its third-base side.",not published,"Own RateYourSeats page (no redirect). ""Rows in Section 101 are labeled 8-20"" and ""An entrance to this section is located at Row 20"". ""Top Pick for Great Views of the Field"", ""Home Plate View"", ""Rows 8-20"". ""For baseball games, we recommend these seats for great views of the field"", ""For baseball games, desirable view from behind home plate"". Fan Feedback : ""Homeplate! — We sat right behind home plate. Probably the best seats I've ever had at a ball game."" (Sec 101 / Row 19 • Baseball); ""Philadelphia Phillies at San Diego Padres - Sep 5, 2023"" (Sec 101 / Row 18 • Baseball, 5 star, no body text); ""Front of sections 101-116 are behind the netting — There is some amount of netting or screening in front of sections 101-116.""","HIGH - zone, rows, location and seat direction stated by the source"
102,Field Level (100s),Field Box VIP,"The Field Box VIP seats are located in Sections 101–106, which sit directly behind home plate."" and ""Sections 101 and 102 provide the most centered home plate perspective among the Field Box sections.",0,behind home plate,8-22,22,"Stairway aisles run along both side edges of the section; rows are not split by a mid-row aisle, so seat numbers run continuously from one side aisle to the other. The entry portal is at row 22.","Facing the field, seat 1 is on your right. That puts seat 1 on the far edge of the section, with no further section beyond it on that side, with seat numbers counting up toward the edge facing section 104. This section is behind home plate, so seat 1 is on its first-base side.",not published,"Own RateYourSeats page (no redirect). ""Rows in Section 102 are labeled 8-22"" and ""An entrance to this section is located at Row 22"". ""Top Pick for Great Views of the Field"", ""Home Plate View"", ""Rows 8-22"". ""For baseball games, we recommend these seats for great views of the field"", ""For baseball games, desirable view from behind home plate"". Fan Feedback ( sole review block on the page): ""Front of sections 101-116 are behind the netting — There is some amount of netting or screening in front of sections 101-116. The height and coverage of netting or screening will vary by section. The netting extends past the dugout and down each line."" (Sec 102 & More • Baseball). Zone from the page's 'RYS Expert Reviews' header ""Field Box VIP""; same block also states ""Field Box seating at Petco Park includes Sections 101 through 112, located along the infield between the bases.""","HIGH - zone, rows, location and seat direction stated by the source"
103,Field Level (100s),Field Box VIP,"The Field Box VIP seats are located in Sections 101–106, which sit directly behind home plate."" ""Home Plate VIP Seats: Sections 101–106 are known as Field Box VIP and sit directly behind home plate.",1,toward first base / right field,8-20,UNKNOWN,"Stairway aisles run along both side edges of the section; rows are not split by a mid-row aisle, so seat numbers run continuously from one side aisle to the other. The entry portal row is not published for this section.","Facing the field, seat 1 is on your left. That puts seat 1 on the edge facing section 101, with seat numbers counting up toward the edge facing section 105. Seat 1 is the end of the row closest to home plate, and higher seat numbers run away from home plate.",not published,"Own RateYourSeats page (no redirect). ""Rows in Section 103 are labeled 8-20"". ""Top Pick for Great Views of the Field"", ""Home Plate View"", ""Rows 8-20"". ""For baseball games, we recommend these seats for great views of the field"", ""For baseball games, desirable view from behind home plate"". Fan Feedback ( sole review block): ""Front of sections 101-116 are behind the netting — There is some amount of netting or screening in front of sections 101-116. The height and coverage of netting or screening will vary by section. The netting extends past the dugout and down each line."" (Sec 103 & More • Baseball). Zone from the page's 'RYS Expert Reviews' header ""Field Box VIP"". CONFLICT NOTE (unresolved, park-wide): section 103 is odd, which discovery places on the first-base side, the half where RateYourSeats' ""lower number seats are on the right"" is contradicted by Petco Park Insider's ""if you are sitting on the 1st base (right field) side, seat number 1 will be the leftmost"".","HIGH - zone, rows, location and seat direction stated by the source"
104,Field Level (100s),Field Box VIP,"The Field Box VIP seats are located in Sections 101–106, which sit directly behind home plate."" ""Home Plate VIP Seats: Sections 101–106 are known as Field Box VIP and sit directly behind home plate.",1,toward third base / left field,8-22,UNKNOWN,"Stairway aisles run along both side edges of the section; rows are not split by a mid-row aisle, so seat numbers run continuously from one side aisle to the other. The entry portal row is not published for this section.","Facing the field, seat 1 is on your right. That puts seat 1 on the edge facing section 102, with seat numbers counting up toward the edge facing section 106. Seat 1 is the end of the row closest to home plate, and higher seat numbers run away from home plate.",not published,"Own RateYourSeats page (no redirect). ""Rows in Section 104 are labeled 8-22"". ""Top Pick for Great Views of the Field"", ""Home Plate View"", ""Rows 8-22"". ""For baseball games, we recommend these seats for great views of the field"", ""For baseball games, desirable view from behind home plate"". Fan Reviews : ""Chicago Cubs at San Diego Padres - Apr 8, 2024 — Very nice view of the field and players."" (Sec 104 / Row 9 • Baseball, 5 star); ""Chicago Cubs at San Diego Padres - Apr 8, 2024"" (Sec 104 / Row 9 • Baseball, 5 star, no body text); Fan Feedback: ""Front of sections 101-116 are behind the netting — There is some amount of netting or screening in front of sections 101-116. The height and coverage of netting or screening will vary by section.""","HIGH - zone, rows, location and seat direction stated by the source"
105,Field Level (100s),Field Box VIP,"The Field Box VIP seats are located in Sections 101–106, which sit directly behind home plate."" ""Home Plate VIP Seats: Sections 101–106 are known as Field Box VIP and sit directly behind home plate.",2,toward first base / right field,8-22,UNKNOWN,"Stairway aisles run along both side edges of the section; rows are not split by a mid-row aisle, so seat numbers run continuously from one side aisle to the other. The entry portal row is not published for this section.","Facing the field, seat 1 is on your left. That puts seat 1 on the edge facing section 103, with seat numbers counting up toward the edge facing section 107. Seat 1 is the end of the row closest to home plate, and higher seat numbers run away from home plate.",not published,"Own RateYourSeats page (no redirect). ""Rows in Section 105 are labeled 8-22"". ""Rows 8-22"". Fan Feedback ( sole review block): ""Front of sections 101-116 are behind the netting — There is some amount of netting or screening in front of sections 101-116. The height and coverage of netting or screening will vary by section. The netting extends past the dugout and down each line."" (Sec 105 & More • Baseball). Zone from the page's 'RYS Expert Reviews' header ""Field Box VIP"". CONFLICT NOTE (unresolved, park-wide): section 105 is odd = first-base side per discovery, the contested half of the seat-1 conflict between RateYourSeats (""lower number seats are on the right"") and Petco Park Insider (""if you are sitting on the 1st base (right field) side, seat number 1 will be the leftmost"").","HIGH - zone, rows, location and seat direction stated by the source"
106,Field Level (100s),Field Box VIP,"The Field Box VIP seats are located in Sections 101–106, which sit directly behind home plate."" ""Home Plate VIP Seats: Sections 101–106 are known as Field Box VIP and sit directly behind home plate.",2,toward third base / left field,8-22,UNKNOWN,"Stairway aisles run along both side edges of the section; rows are not split by a mid-row aisle, so seat numbers run continuously from one side aisle to the other. The entry portal row is not published for this section.","Facing the field, seat 1 is on your right. That puts seat 1 on the edge facing section 104, with seat numbers counting up toward the edge facing section 108. Seat 1 is the end of the row closest to home plate, and higher seat numbers run away from home plate.",not published,"Own RateYourSeats page (no redirect). ""Rows in Section 106 are labeled 8-22"". ""Rows 8-22"". Fan Reviews : ""Colorado Rockies at San Diego Padres - Apr 15, 2019 — My son's(5 months) first game, these were the best seats that I've ever had for a MLB game."" (Sec 106 / Row 14 • Baseball, 5 star); ""Great View — excellent seats"" (Sec 106 / Row 10 • Baseball, 5 star); Fan Feedback: ""Front of sections 101-116 are behind the netting — There is some amount of netting or screening in front of sections 101-116. The height and coverage of netting or screening will vary by section. The netting extends past the dugout and down each line."" (Sec 106 & More • Baseball). Zone from the page's 'RYS Expert Reviews' header ""Field Box VIP"".","HIGH - zone, rows, location and seat direction stated by the source"
107,Field Level (100s),Field Box VIP,"These seats are located behind the Padres dugout"" and ""Near the Dugouts: Sections 107–109 sit closest to the Padres dugout, while Sections 108–110 are near the visitor dugout."" and ""Row 8 in Section 107 sits directly behind the Padres dugout",3,toward first base / right field,"8-22, 26-40",40,"Stairway aisles run along both side edges of the section; rows are not split by a mid-row aisle, so seat numbers run continuously from one side aisle to the other. The entry portal is at row 40.","Facing the field, seat 1 is on your left. That puts seat 1 on the edge facing section 105, with seat numbers counting up toward the edge facing section 109. Seat 1 is the end of the row closest to home plate, and higher seat numbers run away from home plate.",not published,"Own RateYourSeats page (no redirect). ""Rows in Section 107 are labeled 8-22, 26-40"", ""There is a walkway betweeen Rows 22 and 26"" (site's spelling of 'betweeen' preserved), ""An entrance to this section is located at Row 40"". ""Near Padres Dugout"", ""Top Pick for Great Views of the FieldRows 32-40"", ""Rows 32 & Above - Covered"", ""Rows 8-22, 26-40"". ""These seats are located behind the Padres dugout"", ""For baseball games, we recommend rows 32-40 for great views of the field"", ""Rows 32 and above are under cover"", ""See all shaded and covered seating"". Fan Reviews : ""Seats in the sun — If you move back one more row, you will be in shade. Great seats to get a foul ball!"" (Sec 107 / Row 22 • Baseball, 5 star); ""Middle of row"" (Sec 107 / Row 11 • Baseball, 5 star, no body text); ""Chicago Cubs at San Diego Padres - Apr 10, 2024"" (Sec 107 / Row 34 • Baseball, 5 star); ""St.""","HIGH - zone, rows, location and seat direction stated by the source"
108,Field Level (100s),Field Box VIP,"For baseball games, these seats are located behind the visitor dugout"" / ""Near the Dugouts: Sections 107–109 sit closest to the Padres dugout, while Sections 108–110 are near the visitor dugout."" / ""Field Box seating at Petco Park includes Sections 101 through 112, located along the infield between the bases."" / ""Row 8 in Section 108 sits directly behind the visitor dugout",3,toward third base / left field,"8-22, 26-39",39,"Stairway aisles run along both side edges of the section; rows are not split by a mid-row aisle, so seat numbers run continuously from one side aisle to the other. The entry portal is at row 39.","Facing the field, seat 1 is on your right. That puts seat 1 on the edge facing section 106, with seat numbers counting up toward the edge facing section 110. Seat 1 is the end of the row closest to home plate, and higher seat numbers run away from home plate.",not published,"""Rows in Section 108 are labeled 8-22, 26-39""; ""There is a walkway betweeen Rows 22 and 26"" (site's own spelling of 'betweeen'); ""An entrance to this section is located at Row 39"". ""Top Pick for Visiting Team Fans""; ""Top Pick for Great Views of the Field""; ""Rows 32 & Above - Covered""; ""Rows 8-22, 26-39"". ""For baseball games, these seats are located behind the visitor dugout""; ""For baseball games, we recommend these seats for visiting team fans""; ""For baseball games, we recommend these seats for great views of the field""; ""Rows 32 and above are under cover"". Fan Feedback : ""Front of sections 101-116 are behind the netting — There is some amount of netting or screening in front of sections 101-116.""","HIGH - zone, rows, location and seat direction stated by the source"
109,Field Level (100s),Field Box VIP,"Sections 107–109 sit closest to the Padres dugout, while Sections 108–110 are near the visitor dugout."" / ""Field Box seating at Petco Park includes Sections 101 through 112, located along the infield between the bases.",4,toward first base / right field,"5-22, 26-46, DR",46,"Stairway aisles run along both side edges of the section; rows are not split by a mid-row aisle, so seat numbers run continuously from one side aisle to the other. The entry portal is at row 46.","Facing the field, seat 1 is on your left. That puts seat 1 on the edge facing section 107, with seat numbers counting up toward the edge facing section 111. Seat 1 is the end of the row closest to home plate, and higher seat numbers run away from home plate.",not published,"""Rows in Section 109 are labeled 5-22, 26-46, DR""; ""There is a walkway betweeen Rows 22 and 26""; ""An entrance to this section is located at Row 46"". Note the row label 'DR' at the end of the run — the page does not explain it. ""Top Pick for Great Views of the FieldRows 32-40""; ""Rows 32 & Above - Covered""; ""Rows 5-22, 26-46, DR"". (Sec 109 / Row 8). Discovery records 109 as ODD = first base = Padres dugout side; the fan-feedback line disagrees. Both readings recorded, neither adopted. Other Fan Feedback : ""Great seats and a great view. — I have sat in that section 3 times."" (Sec 109); ""Front of sections 101-116 are behind the netting — There is some amount of netting or screening in front of sections 101-116.""","HIGH - zone, rows, location and seat direction stated by the source"
110,Field Level (100s),Field Box VIP,"Sections 108–110 sit closest to the visiting team dugout"" / ""Field Box seating at Petco Park includes Sections 101 through 112, located along the infield between the bases."" / Q&A: ""The third base side of Petco Park will get the shade first and have the sun behind them during late afternoon and evening games. Seats at the top rows of Section 110 will have very good shade for most of the game",4,toward third base / left field,"5-22, 26-46",42,"Stairway aisles run along both side edges of the section; rows are not split by a mid-row aisle, so seat numbers run continuously from one side aisle to the other. The entry portal is at row 42.","Facing the field, seat 1 is on your right. That puts seat 1 on the edge facing section 108, with seat numbers counting up toward the edge facing section 112. Seat 1 is the end of the row closest to home plate, and higher seat numbers run away from home plate.",not published,"Seating and Ticket Q&A, question ""Is Seat 1 closer to home plate or on the other end of Section 110?"", answer ""Seat 1 will be on the aisle at the right side of Section 110 as you face the field, putting you closer to home plate. Higher numbered seats will conversely be closer to the left field wall."" (marked ""Verified Feb 2026""). ""Rows in Section 110 are labeled 5-22, 26-46""; ""There is a walkway betweeen Rows 22 and 26""; ""An entrance to this section is located at Row 42"". ""Top Pick for Visiting Team Fans""; ""Top Pick for Great Views of the Field""; ""Rows 32 & Above - Covered""; ""Rows 5-22, 26-46"". ""For baseball games, we recommend these seats for visiting team fans""; ""For baseball games, we recommend these seats for great views of the field""; ""Rows 32 and above are under cover"".","HIGH - zone, rows, location and seat direction stated by the source"
111,Field Level (100s),Field Box VIP,"Field Box seating at Petco Park includes Sections 101 through 112, located along the infield between the bases."" / ""Lower Level Infield Seating: Located in Sections 101–112 along the infield at Petco Park.",5,toward first base / right field,"5-22, 26-43",43,"Stairway aisles run along both side edges of the section; rows are not split by a mid-row aisle, so seat numbers run continuously from one side aisle to the other. The entry portal is at row 43.","Facing the field, seat 1 is on your left. That puts seat 1 on the edge facing section 109, with seat numbers counting up toward the edge facing section 113. Seat 1 is the end of the row closest to home plate, and higher seat numbers run away from home plate.",not published,"""Rows in Section 111 are labeled 5-22, 26-43""; ""There is a walkway betweeen Rows 22 and 26""; ""An entrance to this section is located at Row 43"". ""Top Pick for Outstanding ConvenienceRows 39-43""; ""Rows 5-22, 26-43"". ""For baseball games, we recommend rows 39-43 for outstanding convenience"". Fan Review : ""San Francisco Giants at San Diego Padres - Jul 31, 2026 — These seats were perfect! You're up really close so you can see the action!"" (Sec 111 / Row 11). Netting Fan Feedback : ""Front of sections 101-116 are behind the netting — There is some amount of netting or screening in front of sections 101-116. The height and coverage of netting or screening will vary by section. The netting extends past the dugout and down each line.""","HIGH - zone, rows, location and seat direction stated by the source"
112,Field Level (100s),Field Box VIP,"Field Box seating at Petco Park includes Sections 101 through 112, located along the infield between the bases."" / ""Lower Level Infield Seating: Located in Sections 101–112 along the infield at Petco Park."" / Section Insight ""Midfield View"" and Seating Note ""For football games, desirable view from near midfield",5,toward third base / left field,"5-22, 26-43",43,"Stairway aisles run along both side edges of the section; rows are not split by a mid-row aisle, so seat numbers run continuously from one side aisle to the other. The entry portal is at row 43.","Facing the field, seat 1 is on your right. That puts seat 1 on the edge facing section 110, with seat numbers counting up toward the edge facing section 114. Seat 1 is the end of the row closest to home plate, and higher seat numbers run away from home plate.","23 (Row 15 only): ""There are 23 seats in section 112, row 15.""","Seating and Ticket Q&A, question ""How many seats are in row 15 section 112 at Petco Park?"", answer ""There are 23 seats in section 112, row 15. As you look towards the field from these seats, seat 1 is on your right closer to home plate."" (marked ""Verified Feb 2026""). ""Rows in Section 112 are labeled 5-22, 26-43""; ""There is a walkway betweeen Rows 22 and 26""; ""An entrance to this section is located at Row 43"". ""Top Pick for Great Views of the Field""; ""Midfield View""; ""Rows 32 & Above - Covered""; ""Rows 5-22, 26-43"". ""For baseball games, we recommend these seats for great views of the field""; ""For football games, desirable view from near midfield""; ""Rows 32 and above are under cover"". Netting Fan Feedback : ""Front of sections 101-116 are behind the netting — There is some amount of netting or screening in front of sections 101-116.""","HIGH - zone, rows, location and seat direction stated by the source"
113,Field Level (100s),Field Level Down the Line,"Fan review : ""These were great seats just up the first base line and right behind the VIP section."" (Sec 113 / Row 5). Zone review : ""Sitting down the lines offers a more affordable option for staying on the field level and close to the action.""",6,toward first base / right field,"1-25, 26-44, DR",44,"Stairway aisles run along both side edges of the section; rows are not split by a mid-row aisle, so seat numbers run continuously from one side aisle to the other. The entry portal is at row 44.","Facing the field, seat 1 is on your left. That puts seat 1 on the edge facing section 111, with seat numbers counting up toward the edge facing section 115. Seat 1 is the end of the row closest to home plate, and higher seat numbers run away from home plate.",not published,"""Rows in Section 113 are labeled 1-25, 26-44, DR""; ""There is a walkway betweeen Rows 25 and 26""; ""An entrance to this section is located at Row 44"". Note the row label 'DR' at the end of the run — the page does not explain it. ""Top Pick for Outstanding ConvenienceRows 40-44""; ""Top Pick for Kids and FamilyRows 32-44""; ""Top Pick for Great Views of the FieldRows 32-40""; ""Rows 32 & Above - Covered""; ""Rows 1-25, 26-44, DR"". ""For baseball games, we recommend rows 40-44 for outstanding convenience""; ""For baseball games, we recommend rows 32-44 for kids and family""; ""For baseball games, we recommend rows 32-40 for great views of the field""; ""Rows 32 and above are under cover"". Fan Review : ""Great seats at a great price — These were great seats just up the first base line and right behind the VIP section.""","HIGH - zone, rows, location and seat direction stated by the source"
114,Field Level (100s),Field Level Down the Line,"Fan review : ""Great seats along the 3rd baseline, just past the visitors dugout. Our view of the game was great."" (Sec 114 / Row 11). Section Insight ""Midfield View"" and Seating Note ""For football games, desirable view from near midfield"".",6,toward third base / left field,"1-25, 27-44, DR",44,"Stairway aisles run along both side edges of the section; rows are not split by a mid-row aisle, so seat numbers run continuously from one side aisle to the other. The entry portal is at row 44.","Facing the field, seat 1 is on your right. That puts seat 1 on the edge facing section 112, with seat numbers counting up toward the edge facing section 116. Seat 1 is the end of the row closest to home plate, and higher seat numbers run away from home plate.",not published,"""Rows in Section 114 are labeled 1-25, 27-44, DR""; ""There is a walkway betweeen Rows 25 and 27""; ""An entrance to this section is located at Row 44"". ""Midfield View""; ""Rows 32 & Above - Covered""; ""Rows 1-25, 27-44, DR"". ""For football games, desirable view from near midfield""; ""Rows 32 and above are under cover"". Fan Reviews : ""Washington Nationals at San Diego Padres - Jun 24, 2024 — These were good seats. They are on the aisle. The only issue we had was our view was obscured as other patrons walked up and down the walkway."" (Sec 114 / Row 37) — an obstruction/traffic note at the walkway; ""Milwaukee Brewers at San Diego Padres - Jun 21, 2024 — Great seats along the 3rd baseline, just past the visitors dugout.""","HIGH - zone, rows, location and seat direction stated by the source"
115,Field Level (100s),Field Level Down the Line,"Zone review ( generic to the zone, does not name a base line for 115 itself): ""Sitting down the lines offers a more affordable option for staying on the field level and close to the action.""",7,toward first base / right field,"1-25, 1D, 27-44",44,"Stairway aisles run along both side edges of the section; rows are not split by a mid-row aisle, so seat numbers run continuously from one side aisle to the other. The entry portal is at row 44.","Facing the field, seat 1 is on your left. That puts seat 1 on the edge facing section 113, with seat numbers counting up toward the edge facing section 117. Seat 1 is the end of the row closest to home plate, and higher seat numbers run away from home plate.",not published,"""Rows in Section 115 are labeled 1-25, 1D, 27-44""; ""There is a walkway betweeen Rows 1D and 27""; ""An entrance to this section is located at Row 44"". ""Top Pick for Outstanding ConvenienceRows 40-44""; ""Top Pick for Kids and FamilyRows 32-44""; ""Rows 32 & Above - Covered""; ""Rows 1-25, 1D, 27-44"". ""For baseball games, we recommend rows 40-44 for outstanding convenience""; ""For baseball games, we recommend rows 32-44 for kids and family""; ""Rows 32 and above are under cover"". Netting Fan Feedback : ""Front of sections 101-116 are behind the netting — There is some amount of netting or screening in front of sections 101-116. The height and coverage of netting or screening will vary by section. The netting extends past the dugout and down each line.""","HIGH - zone, rows, location and seat direction stated by the source"
116,Field Level (100s),Field Level Down the Line,"Section Insight ""Midfield View"" and Seating Note ""For football games, desirable view from near midfield"". Zone review ( generic): ""Sitting down the lines offers a more affordable option for staying on the field level and close to the action.""",7,toward third base / left field,"1-25, 27-44, DR",44,"Stairway aisles run along both side edges of the section; rows are not split by a mid-row aisle, so seat numbers run continuously from one side aisle to the other. The entry portal is at row 44.","Facing the field, seat 1 is on your right. That puts seat 1 on the edge facing section 114, with seat numbers counting up toward the edge facing section 118. Seat 1 is the end of the row closest to home plate, and higher seat numbers run away from home plate.",not published,"""Rows in Section 116 are labeled 1-25, 27-44, DR""; ""There is a walkway betweeen Rows 25 and 27""; ""An entrance to this section is located at Row 44"". ""Midfield View""; ""Rows 32 & Above - Covered""; ""Rows 1-25, 27-44, DR"". ""For football games, desirable view from near midfield""; ""Rows 32 and above are under cover"". Netting Fan Feedback : ""Front of sections 101-116 are behind the netting — There is some amount of netting or screening in front of sections 101-116. The height and coverage of netting or screening will vary by section. The netting extends past the dugout and down each line."" (Sec 116 & More). Official Padres netting page (per discovery) states ""angled net coverage is from ... Sections 112-116 on the 3rd base side"", and the 2019 Padres release says ""Protective netting at the ballpark will be extended to the end of Section 116 in left field"".","HIGH - zone, rows, location and seat direction stated by the source"
117,Field Level (100s),Field Level Down the Line,"Zone review ( generic to the zone, does not name a base line for 117 itself): ""Sitting down the lines offers a more affordable option for staying on the field level and close to the action.""",8,toward first base / right field,"1-25, 1D, 27-44, DR",44,"Stairway aisles run along both side edges of the section; rows are not split by a mid-row aisle, so seat numbers run continuously from one side aisle to the other. The entry portal is at row 44.","Facing the field, seat 1 is on your left. That puts seat 1 on the edge facing section 115, with seat numbers counting up toward the edge facing section 119. Seat 1 is the end of the row closest to home plate, and higher seat numbers run away from home plate.",not published,"""Rows in Section 117 are labeled 1-25, 1D, 27-44, DR""; ""There is a walkway betweeen Rows 1D and 27""; ""An entrance to this section is located at Row 44"". ""Top Pick for Kids and FamilyRows 32-44""; ""Rows 32 & Above - Covered""; ""Rows 1-25, 1D, 27-44, DR"". ""For baseball games, we recommend rows 32-44 for kids and family""; ""Rows 32 and above are under cover"". ""AMAZING SEATS"" (Sec 117 / Row 5) — title only, no body text rendered. The Section 123 Q&A on the same site names 117 as a nearby shade option : ""You can find good shade in nearby Sections 117, 119, and 121 for a mid day (1:10) start in September"" and ""The last two rows in Sections 117, 119 and 121 (Rows 43-44) will be your best options for staying in the shade for most of the game when sitting near Section 123.""","HIGH - zone, rows, location and seat direction stated by the source"
118,Field Level (100s),Field Level Down the Line,"This is the closest parking lot to Section 118, allowing for an easy in and out experience."" Q&A image caption : ""The official Petco Park handicapped parking lot is near Section 118"". Zone review ( generic): ""Sitting down the lines offers a more affordable option for staying on the field level and close to the action.",8,toward third base / left field,"2-25, 27-46, DR",46,"Stairway aisles run along both side edges of the section; rows are not split by a mid-row aisle, so seat numbers run continuously from one side aisle to the other. The entry portal is at row 46.","Facing the field, seat 1 is on your right. That puts seat 1 on the edge facing section 116, with seat numbers counting up toward the edge facing section 120. Seat 1 is the end of the row closest to home plate, and higher seat numbers run away from home plate.",not published,"""Rows in Section 118 are labeled 2-25, 27-46, DR""; ""There is a walkway betweeen Rows 25 and 27""; ""An entrance to this section is located at Row 46"". ""Rows 32 & Above - Covered""; ""Rows 2-25, 27-46, DR"". ""Rows 32 and above are under cover"". ""WORST SEAT OF MY LIFE DO NOT BUY — Giant beam blocking home plate."" (Sec 118 / Row 46). Other Fan Review : ""Great aisle seat with full view — Could see both scoreboards and got some shade without getting obstructed. Just on the edge of overhang."" (Sec 118 / Row 31). Seating and Ticket Q&A, question ""What is the closest handicap parking to Section FR 118 at Petco?"", answer ""All official parking lots at Petco Park accommodate guests with disabilities. Additionally, the Padres offer a parking garage for guests with disabilities and special needs on the west side of the stadium at 6th and K Parkade.""","HIGH - zone, rows, location and seat direction stated by the source"
119,Field Level (100s),Field Level Down the Line,"Fan review title : ""Right Field Seat"" (Sec 119 / Row 35). Zone review ( generic): ""Sitting down the lines offers a more affordable option for staying on the field level and close to the action.""",9,toward first base / right field,"6-24, 27-44, DR",44,"Stairway aisles run along both side edges of the section; rows are not split by a mid-row aisle, so seat numbers run continuously from one side aisle to the other. The entry portal is at row 44.","Facing the field, seat 1 is on your left. That puts seat 1 on the edge facing section 117, with seat numbers counting up toward the edge facing section 121. Seat 1 is the end of the row closest to home plate, and higher seat numbers run away from home plate.",not published,"""Rows in Section 119 are labeled 6-24, 27-44, DR""; ""There is a walkway betweeen Rows 24 and 27""; ""An entrance to this section is located at Row 44"". ""Rows 32 & Above - Covered""; ""Rows 6-24, 27-44, DR"". ""Rows 32 and above are under cover"". Fan Review : ""Right Field Seat — This seat was pretty good. Your in the shade most of the time which is nice if its hot and you can see the entire field. You can see the players pretty clearly, the problem is its not good for taking pictures and its in the middle of a row but its very close to the bathroom."" (Sec 119 / Row 35) — the title places 119 on the right-field side, consistent with discovery (119 is ODD = first base / right field). The Section 123 Q&A on the same site names 119 as a nearby shade option : ""You can find good shade in nearby Sections 117, 119, and 121 for a mid day (1:10) start in September"" and ""The last two rows in Sections 117, 119 and 121 (Rows 43-44) will be your best options for staying in the shade for most of the game when sitting near Section 123.""","HIGH - zone, rows, location and seat direction stated by the source"
120,Field Level (100s),Field Level Down the Line,"Zone review ( generic to the zone, does not name a base line for 120 itself): ""Sitting down the lines offers a more affordable option for staying on the field level and close to the action.""",9,toward third base / left field,"3-25, 27-46, DR",46,"Stairway aisles run along both side edges of the section; rows are not split by a mid-row aisle, so seat numbers run continuously from one side aisle to the other. The entry portal is at row 46.","Facing the field, seat 1 is on your right. That puts seat 1 on the edge facing section 118, with seat numbers counting up toward the edge facing section 122. Seat 1 is the end of the row closest to home plate, and higher seat numbers run away from home plate.",not published,"""Rows in Section 120 are labeled 3-25, 27-46, DR""; ""There is a walkway betweeen Rows 25 and 27""; ""An entrance to this section is located at Row 46"". ""Top Pick for Great Views of the FieldRows 1-20""; ""Rows 32 & Above - Covered""; ""Rows 3-25, 27-46, DR"". ""For baseball games, we recommend rows 1-20 for great views of the field""; ""Rows 32 and above are under cover"". The Section 123 Q&A on the same site names 120 in a third-base shade range : ""Rows 36 and higher in even numbered Sections 114-120 will have very good shade throughout the day and are a good option for staying out of the sun.""","HIGH - zone, rows, location and seat direction stated by the source"
121,Field Level (100s),Field Level Down the Line,"Zone review ( generic to the zone, does not name a base line for 121 itself): ""Sitting down the lines offers a more affordable option for staying on the field level and close to the action.""",10,toward first base / right field,"9-25, 27-44, DR",44,"Stairway aisles run along both side edges of the section; rows are not split by a mid-row aisle, so seat numbers run continuously from one side aisle to the other. The entry portal is at row 44.","Facing the field, seat 1 is on your left. That puts seat 1 on the edge facing section 119, with seat numbers counting up toward the edge facing section 123. Seat 1 is the end of the row closest to home plate, and higher seat numbers run away from home plate.",not published,"""Rows in Section 121 are labeled 9-25, 27-44, DR""; ""There is a walkway betweeen Rows 25 and 27""; ""An entrance to this section is located at Row 44"". ""Rows 32 & Above - Covered""; ""Rows 9-25, 27-44, DR"". ""Rows 32 and above are under cover"". The Section 123 Q&A on the same site names 121 as a nearby shade option : ""You can find good shade in nearby Sections 117, 119, and 121 for a mid day (1:10) start in September, just be sure to avoid the Field Reserved portion of the section (Rows 25 and lower), and opt for the higher seating rows in the Field Pavilion portion of the section (Rows 27 and higher)"" and ""The last two rows in Sections 117, 119 and 121 (Rows 43-44) will be your best options for staying in the shade for most of the game when sitting near Section 123.""","HIGH - zone, rows, location and seat direction stated by the source"
122,Field Level (100s),Field Level Down the Line,"Zone review ( generic to the zone, does not name a base line for 122 itself): ""Sitting down the lines offers a more affordable option for staying on the field level and close to the action.""",10,toward third base / left field,"2-25, 27-44, DR",44,"Stairway aisles run along both side edges of the section; rows are not split by a mid-row aisle, so seat numbers run continuously from one side aisle to the other. The entry portal is at row 44.","Facing the field, seat 1 is on your right. That puts seat 1 on the edge facing section 120, with seat numbers counting up toward the edge facing section 124. Seat 1 is the end of the row closest to home plate, and higher seat numbers run away from home plate.",not published,"""Rows in Section 122 are labeled 2-25, 27-44, DR""; ""There is a walkway betweeen Rows 25 and 27""; ""An entrance to this section is located at Row 44"". ""Top Pick for Great Views of the FieldRows 1-20""; ""Rows 32 & Above - Covered""; ""Rows 2-25, 27-44, DR"". ""For baseball games, we recommend rows 1-20 for great views of the field""; ""Rows 32 and above are under cover"". OBSTRUCTION (CONCERT ONLY) — Fan Review : ""view of stage blocked — They built a handicap area platform adjacent to these seats that blocked the view of the stage. The platform is at a higher elevation than our seats. The seats are also angled toward home plate, which is not the direction of the stage or scoreboard screen. They should not sell these blocked view seats for outfield stage concerts.""","HIGH - zone, rows, location and seat direction stated by the source"
123,Field Level (100s),Field Level Down the Line,"Q&A image caption : ""Seats down the first base line might start in the shade, but will see more sun as the day progresses (photo taken from Section 123)"". Q&A image alt text : ""Sun on the first base side at Petco Park"". Zone review ( generic): ""Sitting down the lines offers a more affordable option for staying on the field level and close to the action.""",11,toward first base / right field,"18-25, 27-44",44,"Stairway aisles run along both side edges of the section; rows are not split by a mid-row aisle, so seat numbers run continuously from one side aisle to the other. The entry portal is at row 44.","Facing the field, seat 1 is on your left. That puts seat 1 on the edge facing section 121, with seat numbers counting up toward the edge facing section 125. Seat 1 is the end of the row closest to home plate, and higher seat numbers run away from home plate.","24 (Row 31 and 'most FP123 rows'): ""There are 24 seats in Row 31 of Section FP123 at Petco Park."" / ""There are 24 seats in most FP123 rows, including Row 31""","Seating and Ticket Q&A, question ""How are the seats numbered in Row 31 of Section FP123 at Petco Park?"", answer ""There are 24 seats in Row 31 of Section FP123 at Petco Park. As you look toward the field, seat 1 is on your left."" (marked ""Verified Feb 2026"", accompanied by a seating-layout diagram image titled ""Petco Park Section 123"" at https://www.rateyourseats.com/assets/images/questions/petco-park-section-123-seating-layout.jpg). *** THIS IS THE PARK-WIDE TIEBREAKER CANDIDATE: Section 123 is ODD = first base / right field half, the exact half where discovery records the unresolved conflict. Both readings recorded ; neither adopted. ""Rows in Section 123 are labeled 18-25, 27-44""; ""There is a walkway betweeen Rows 25 and 27""; ""An entrance to this section is located at Row 44"".","HIGH - zone, rows, location and seat direction stated by the source"
124,Field Level (100s),Field Level Down the Line,"Zone review ( generic to the zone, does not name a base line for 124 itself): ""Sitting down the lines offers a more affordable option for staying on the field level and close to the action.""",11,toward third base / left field,"14-25, 27-34, 37-39",39,"Stairway aisles run along both side edges of the section; rows are not split by a mid-row aisle, so seat numbers run continuously from one side aisle to the other. The entry portal is at row 39.","Facing the field, seat 1 is on your right. That puts seat 1 on the edge facing section 122, with seat numbers counting up toward the edge facing section 126. Seat 1 is the end of the row closest to home plate, and higher seat numbers run away from home plate.",not published,"""Rows in Section 124 are labeled 14-25, 27-34, 37-39""; ""There is a walkway betweeen Rows 25 and 27""; ""There is a walkway betweeen Rows 34 and 37""; ""An entrance to this section is located at Row 39"". This is the only section in the batch with TWO walkways. ""Rows 32 & Above - Covered""; ""Rows 14-25, 27-34, 37-39"". ""Rows 32 and above are under cover"". Fan Reviews : ""Boston Red Sox at San Diego Padres - Aug 10, 2025 — Great view and in the shade!"" (Sec 124 / Row 29); ""San Francisco Giants at San Diego Padres - Aug 18, 2025 — Best seats for the price!"" (Sec 124 / Row 29); ""Philadelphia Phillies at San Diego Padres - Jul 12, 2025 — Shaded, good view."" (Sec 124 / Row 33). Discovery (from Petco Park Insider, not from this page) records ""Section 124 is in the corner near the foul pole, next to Pacifico Porch"" — the RateYourSeats page itself states no such thing.","HIGH - zone, rows, location and seat direction stated by the source"
125,Field Level (100s),Field Level Down the Line,"Zone review ( generic to the zone, does not name a base line for 125 itself): ""Sitting down the lines offers a more affordable option for staying on the field level and close to the action.""",12,toward first base / right field,"18-25, 27-44",44,"Stairway aisles run along both side edges of the section; rows are not split by a mid-row aisle, so seat numbers run continuously from one side aisle to the other. The entry portal is at row 44.","Facing the field, seat 1 is on your left. That puts seat 1 on the edge facing section 123, with seat numbers counting up toward the edge facing section 127. Seat 1 is the end of the row closest to home plate, and higher seat numbers run away from home plate.",not published,"""Rows in Section 125 are labeled 18-25, 27-44""; ""There is a walkway betweeen Rows 25 and 27""; ""An entrance to this section is located at Row 44"". ""Rows 18-25, 27-44"" — this is the ONLY insight on the page; there is no covered-rows insight for 125 even though its immediate neighbours 123 and 127 have none either.","HIGH - zone, rows, location and seat direction stated by the source"
126,Field Level (100s),Lower Level Outfield,"Zone review : ""Head to even numbered sections 126-134 in left field just after gates open and you might be able to grab one during batting practice."" and ""The left field side has a number of other advantages, including being right next to the bullpens near Section 134, and good overhead coverage and protection from the sun in rows 6 and higher.""",12,toward third base / left field,"A-B, 1-11",11,"Stairway aisles run along both side edges of the section; rows are not split by a mid-row aisle, so seat numbers run continuously from one side aisle to the other. The entry portal is at row 11.","Facing the field, seat 1 is on your right. That puts seat 1 on the edge facing section 124, with seat numbers counting up toward the edge facing section 128. Seat 1 is the end of the row closest to home plate, and higher seat numbers run away from home plate.",not published,"""Rows in Section 126 are labeled A-B, 1-11""; ""An entrance to this section is located at Row 11"". NOTE THE LETTERED ROWS A-B SITTING IN FRONT OF NUMBERED ROW 1. ""Rows 6 & Above - Covered""; ""Rows A-B, 1-11"". ""Rows 6 and above are under cover"". ""The one downfall however is the near impossible views of the main videoboard."" Also from the zone review : ""Lower Level Outfield sections are the best baseball seats for catching a home run ball at Petco Park."" and ""If you can handle the sun on the right field side (also known as the Right Field Lower Box and Right Field Lower Reserved) these seats will be very close to the many fun amenities located in the right field corner which include the USS Midway Museum, Fan Photos, Power Alley, Batting Cage, and Pitching Cage.""","HIGH - zone, rows, location and seat direction stated by the source"
127,Field Level (100s),Field Level Down the Line,"Zone review ( generic to the zone, does not name a base line for 127 itself): ""Sitting down the lines offers a more affordable option for staying on the field level and close to the action.""",13,toward first base / right field,"18-24, 27-44",44,"Stairway aisles run along both side edges of the section; rows are not split by a mid-row aisle, so seat numbers run continuously from one side aisle to the other. The entry portal is at row 44.","Facing the field, seat 1 is on your left. That puts seat 1 on the edge facing section 125, with seat numbers counting up toward the edge facing section 129. Seat 1 is the end of the row closest to home plate, and higher seat numbers run away from home plate.",not published,"""Rows in Section 127 are labeled 18-24, 27-44""; ""There is a walkway betweeen Rows 24 and 27""; ""An entrance to this section is located at Row 44"". ""Rows 18-24, 27-44"" — this is the ONLY insight on the page; no covered-rows insight. Fan Feedback : ""No service but super fun."" (Sec 127 • Baseball, no row given).","HIGH - zone, rows, location and seat direction stated by the source"
128,Field Level (100s),Lower Level Outfield,"Head to even numbered sections 126-134 in left field just after gates open and you might be able to grab one during batting practice. The left field side has a number of other advantages, including being right next to the bullpens near Section 134, and good overhead coverage and protection from the sun in rows 6 and higher.",13,toward third base / left field,"A-B, 1-11, BRS",BRS,"Stairway aisles run along both side edges of the section; rows are not split by a mid-row aisle, so seat numbers run continuously from one side aisle to the other. The entry portal is at row BRS.","Facing the field, seat 1 is on your right. That puts seat 1 on the edge facing section 126, with seat numbers counting up toward the edge facing section 130. Seat 1 is the end of the row closest to home plate, and higher seat numbers run away from home plate.",not published,"""Rows in Section 128 are labeled A-B, 1-11, BRS"" / ""An entrance to this section is located at Row BRS"". NOTE the lettered rows A-B in FRONT of numbered row 1 and the row label 'BRS' at the back. ""Top Pick for Kids and FamilyRows 6"", ""Top Pick for Great Views of the FieldRows 1-6"", ""Rows 6 & Above - Covered"", ""Rows A-B, 1-11, BRS"". ""For baseball games, we recommend rows 6 for kids and family"", ""For baseball games, we recommend rows 1-6 for great views of the field"", ""Rows 6 and above are under cover"". The placement quote in 'location' is the zone-level RYS Expert Review ""Lower Level Outfield (Baseball)"", which is printed identically on many Petco lower-outfield section pages; the page itself carries no section-specific location sentence for 128.","HIGH - zone, rows, location and seat direction stated by the source"
129,Field Level (100s),Lower Level Outfield,"If you can handle the sun on the right field side (also known as the Right Field Lower Box and Right Field Lower Reserved) these seats will be very close to the many fun amenities located in the right field corner which include the USS Midway Museum, Fan Photos, Power Alley, Batting Cage, and Pitching Cage.",14,toward first base / right field,"1-6, 7-25",6,"Stairway aisles run along both side edges of the section; rows are not split by a mid-row aisle, so seat numbers run continuously from one side aisle to the other. The entry portal is at row 6.","Facing the field, seat 1 is on your left. That puts seat 1 on the edge facing section 127, with seat numbers counting up toward the edge facing section 131. Seat 1 is the end of the row closest to home plate, and higher seat numbers run away from home plate.",not published,"""Rows in Section 129 are labeled 1-6, 7-25"" / ""There is a walkway betweeen Rows 6 and 7"" / ""An entrance to this section is located at Row 6"". ""Rows 21 & Above - Covered"", ""Rows 1-6, 7-25"". ""Rows 21 and above are under cover"". AND the right-field sentence quoted in 'location'. The review is printed identically on left-field and right-field pages and never names section 129 specifically. Discovery's parity rule (odd = first base / right field) would put 129 in right field; the page itself does not state the side of 129. Fan Feedback : ""Obstructed view of home plate. - Sat in plenty of different seats at Petco and these are the worst by far. Miserable."" (Sec 129 / Row 17 - Baseball).","HIGH - zone, rows, location and seat direction stated by the source"
130,Field Level (100s),Lower Level Outfield,"Head to even numbered sections 126-134 in left field just after gates open and you might be able to grab one during batting practice. The left field side has a number of other advantages, including being right next to the bullpens near Section 134, and good overhead coverage and protection from the sun in rows 6 and higher.",14,toward third base / left field,"A-B, 1-7, BRS",BRS,"Stairway aisles run along both side edges of the section; rows are not split by a mid-row aisle, so seat numbers run continuously from one side aisle to the other. The entry portal is at row BRS.","Facing the field, seat 1 is on your right. That puts seat 1 on the edge facing section 128, with seat numbers counting up toward the edge facing section 132. Seat 1 is the end of the row closest to home plate, and higher seat numbers run away from home plate.",not published,"""Rows in Section 130 are labeled A-B, 1-7, BRS"" / ""An entrance to this section is located at Row BRS"". NOTE lettered rows A-B in front of row 1 and row label 'BRS' at the back. ""Top Pick for Outstanding ConvenienceRows 7-11"", ""Top Pick for Kids and FamilyRows 6"", ""Top Pick for Visiting Team Fans"", ""Top Pick for Great Views of the FieldRows 1-6"", ""Rows 6 & Above - Covered"", ""Rows A-B, 1-7, BRS"", ""Behind/Side Stage (most shows)"". Other ""For baseball games, we recommend rows 6 for kids and family"", ""For baseball games, we recommend these seats for visiting team fans"", ""For baseball games, we recommend rows 1-6 for great views of the field"", ""Rows 6 and above are under cover"". ""130 is behind the stage or to the side of the stage for most concerts.""","HIGH - zone, rows, location and seat direction stated by the source"
131,Field Level (100s),Lower Level Outfield,"If you can handle the sun on the right field side (also known as the Right Field Lower Box and Right Field Lower Reserved) these seats will be very close to the many fun amenities located in the right field corner which include the USS Midway Museum, Fan Photos, Power Alley, Batting Cage, and Pitching Cage.",15,toward first base / right field,"1-5, 7-25",5,"Stairway aisles run along both side edges of the section; rows are not split by a mid-row aisle, so seat numbers run continuously from one side aisle to the other. The entry portal is at row 5.","Facing the field, seat 1 is on your left. That puts seat 1 on the edge facing section 129, with seat numbers counting up toward the edge facing section 133. Seat 1 is the end of the row closest to home plate, and higher seat numbers run away from home plate.",not published,"""Rows in Section 131 are labeled 1-5, 7-25"" / ""There is a walkway betweeen Rows 5 and 7"" / ""An entrance to this section is located at Row 5"". NOTE there is no Row 6. ""Rows 21 & Above - Covered"", ""Rows 1-5, 7-25"". ""Rows 21 and above are under cover"". Discovery's parity rule (odd = first base / right field) would put 131 in right field; the page does not state it. Fan Feedback : ""Great View - Seats are 3 rows from the field. Well worth the price. Great view!"" (Sec 131 / Row 3 - Baseball). A second 5-star review (Sec 131 / Row 1) carries no text.","HIGH - zone, rows, location and seat direction stated by the source"
132,Field Level (100s),Lower Level Outfield,"Head to even numbered sections 126-134 in left field just after gates open and you might be able to grab one during batting practice. The left field side has a number of other advantages, including being right next to the bullpens near Section 134, and good overhead coverage and protection from the sun in rows 6 and higher.",15,toward third base / left field,"A-B, 1-11",11,"Stairway aisles run along both side edges of the section; rows are not split by a mid-row aisle, so seat numbers run continuously from one side aisle to the other. The entry portal is at row 11.","Facing the field, seat 1 is on your right. That puts seat 1 on the edge facing section 130, with seat numbers counting up toward the edge facing section 134. Seat 1 is the end of the row closest to home plate, and higher seat numbers run away from home plate.",not published,"""Rows in Section 132 are labeled A-B, 1-11"" / ""An entrance to this section is located at Row 11"". NOTE lettered rows A-B in front of numbered row 1. ""Top Pick for Outstanding ConvenienceRows 7-11"", ""Top Pick for Kids and FamilyRows 6"", ""Top Pick for Visiting Team Fans"", ""Rows 6 & Above - Covered"", ""Rows A-B, 1-11"", ""Behind/Side Stage (most shows)"". ""For baseball games, we recommend rows 7-11 for outstanding convenience"", ""For baseball games, we recommend rows 6 for kids and family"", ""For baseball games, we recommend these seats for visiting team fans"", ""Rows 6 and above are under cover"". ""132 is behind the stage or to the side of the stage for most concerts. This may restrict or limit your view of the performance."" - concert only.","HIGH - zone, rows, location and seat direction stated by the source"
133,Field Level (100s),Lower Level Outfield,"If you can handle the sun on the right field side (also known as the Right Field Lower Box and Right Field Lower Reserved) these seats will be very close to the many fun amenities located in the right field corner which include the USS Midway Museum, Fan Photos, Power Alley, Batting Cage, and Pitching Cage.",16,toward first base / right field,"1-5, 7-25",5,"Stairway aisles run along both side edges of the section; rows are not split by a mid-row aisle, so seat numbers run continuously from one side aisle to the other. The entry portal is at row 5.","Facing the field, seat 1 is on your left. That puts seat 1 on the edge facing section 131, with seat numbers counting up toward the edge facing section 135. Seat 1 is the end of the row closest to home plate, and higher seat numbers run away from home plate.",not published,"""Rows in Section 133 are labeled 1-5, 7-25"" / ""There is a walkway betweeen Rows 5 and 7"" / ""An entrance to this section is located at Row 5"". NOTE there is no Row 6. ""Rows 21 & Above - Covered"", ""Rows 1-5, 7-25"", ""Behind/Side Stage (most shows)"". ""For football games, these seats are located behind the visitor sideline"", ""Rows 21 and above are under cover"" - the football note is FOOTBALL-ONLY and is not a baseball placement. ""133 is behind the stage or to the side of the stage for most concerts. This may restrict or limit your view of the performance."" Discovery's parity rule (odd = first base / right field) would put 133 in right field; the page does not state it. one 5-star review (Sec 133 / Row 5 - Baseball, San Francisco Giants at San Diego Padres - Sep 7, 2024) with no review text.","HIGH - zone, rows, location and seat direction stated by the source"
134,Field Level (100s),Lower Level Outfield,"Head to even numbered sections 126-134 in left field just after gates open and you might be able to grab one during batting practice. The left field side has a number of other advantages, including being right next to the bullpens near Section 134, and good overhead coverage and protection from the sun in rows 6 and higher.",16,toward third base / left field,1-10,10,"Stairway aisles run along both side edges of the section; rows are not split by a mid-row aisle, so seat numbers run continuously from one side aisle to the other. The entry portal is at row 10.","Facing the field, seat 1 is on your right. That puts seat 1 on the edge facing section 132, with seat numbers counting up toward the far edge of the section, with no further section beyond it on that side. Seat 1 is the end of the row closest to home plate, and higher seat numbers run away from home plate.",not published,"""Rows in Section 134 are labeled 1-10"" / ""An entrance to this section is located at Row 10"". ""Top Pick for Kids and FamilyRows 6"", ""Top Pick for Visiting Team Fans"", ""Rows 6 & Above - Covered"", ""Rows 1-10"", ""Behind/Side Stage (most shows)"". ""For baseball games, we recommend rows 6 for kids and family"", ""For baseball games, we recommend these seats for visiting team fans"", ""Rows 6 and above are under cover"". ""134 is behind the stage or to the side of the stage for most concerts. This may restrict or limit your view of the performance."" Fan Feedback : ""For the price we loved this section! - End of the row and section, right against the fence to the bullpen. Great view of outfield and a TV right above the row.""","HIGH - zone, rows, location and seat direction stated by the source"
135,Field Level (100s),Lower Level Outfield,"If you can handle the sun on the right field side (also known as the Right Field Lower Box and Right Field Lower Reserved) these seats will be very close to the many fun amenities located in the right field corner which include the USS Midway Museum, Fan Photos, Power Alley, Batting Cage, and Pitching Cage.",17,toward first base / right field,"1-5, 7-25",5,"Stairway aisles run along both side edges of the section; rows are not split by a mid-row aisle, so seat numbers run continuously from one side aisle to the other. The entry portal is at row 5.","Facing the field, seat 1 is on your left. That puts seat 1 on the edge facing section 133, with seat numbers counting up toward the edge facing section 137. Seat 1 is the end of the row closest to home plate, and higher seat numbers run away from home plate.",not published,"""Rows in Section 135 are labeled 1-5, 7-25"" / ""There is a walkway betweeen Rows 5 and 7"" / ""An entrance to this section is located at Row 5"". NOTE there is no Row 6. ""Top Pick for Outstanding ConvenienceRows 1-5"", ""Midfield View"", ""Rows 21 & Above - Covered"", ""Rows 1-5, 7-25"", ""Behind/Side Stage (most shows)"". ""For football games, these seats are located behind the visitor sideline"", ""For baseball games, we recommend rows 1-5 for outstanding convenience"", ""For football games, desirable view from near midfield"", ""Rows 21 and above are under cover"". The 'Midfield View' insight and the two football notes are FOOTBALL-ONLY and are NOT baseball placements. ""135 is behind the stage or to the side of the stage for most concerts.""","HIGH - zone, rows, location and seat direction stated by the source"
137,Field Level (100s),Lower Level Outfield,"If you can handle the sun on the right field side (also known as the Right Field Lower Box and Right Field Lower Reserved) these seats will be very close to the many fun amenities located in the right field corner which include the USS Midway Museum, Fan Photos, Power Alley, Batting Cage, and Pitching Cage.",18,toward first base / right field,"1-6, 7-25",6,"Stairway aisles run along both side edges of the section; rows are not split by a mid-row aisle, so seat numbers run continuously from one side aisle to the other. The entry portal is at row 6.","Facing the field, seat 1 is on your left. That puts seat 1 on the edge facing section 135, with seat numbers counting up toward the far edge of the section, with no further section beyond it on that side. Seat 1 is the end of the row closest to home plate, and higher seat numbers run away from home plate.",not published,"""Rows in Section 137 are labeled 1-6, 7-25"" / ""There is a walkway betweeen Rows 6 and 7"" / ""An entrance to this section is located at Row 6"". ""Midfield View"", ""Rows 21 & Above - Covered"", ""Rows 1-6, 7-25"", ""Behind/Side Stage (most shows)"". ""For football games, these seats are located behind the visitor sideline"", ""For football games, desirable view from near midfield"", ""Rows 21 and above are under cover"". The 'Midfield View' insight and both football notes are FOOTBALL-ONLY and are NOT baseball placements. ""137 is behind the stage or to the side of the stage for most concerts. This may restrict or limit your view of the performance."" Discovery's parity rule (odd = first base / right field, 137 outermost with no section 136) would put 137 in right field; the page does not state it.","HIGH - zone, rows, location and seat direction stated by the source"
201,Toyota Terrace and Upper Box Outfield (200s),Toyota Terrace,"Terrace VIP"" / ""Sections 201-204"" / ""Located directly behind home plate"" / ""In-seat wait service during Padres games",0,behind home plate,"1-8, 10",10,"Stairway aisles run along both side edges of the section; rows are not split by a mid-row aisle, so seat numbers run continuously from one side aisle to the other. The entry portal is at row 10.","Facing the field, seat 1 is on your left. That puts seat 1 on the far edge of the section, with no further section beyond it on that side, with seat numbers counting up toward the edge facing section 203. This section is behind home plate, so seat 1 is on its third-base side.",not published,"""Rows in Section 201 are labeled 1-8, 10"" / ""There is a walkway betweeen Rows 8 and 10"" / ""An entrance to this section is located at Row 10"". NOTE there is no Row 9. ""Home Plate View"", ""Rows 1-8, 10"". ""For baseball games, desirable view from behind home plate"". Zone-level RYS Expert Review ""Toyota Terrace"" (2026 Review) extracts: ""200-Level Seating: Located on the Toyota Terrace Level (sections 201-224) at Petco Park."", ""Comfortable Seating: All seats on this level are padded for added comfort."", ""Smaller Sections: Each section has 15 rows or fewer, making it easy to access the concourse."", ""On the seating chart:"" / ""Odd-numbered sections run along the first base side"" / ""Even-numbered sections run along the third base side"", and ""Sections 201 and 203 have little to no overhead coverage, making them more exposed during sunny afternoon games.""","HIGH - zone, rows, location and seat direction stated by the source"
202,Toyota Terrace and Upper Box Outfield (200s),Toyota Terrace,"Terrace VIP"" / ""Sections 201-204"" / ""Located directly behind home plate"" / ""In-seat wait service during Padres games",0,behind home plate,1-9,9,"Stairway aisles run along both side edges of the section; rows are not split by a mid-row aisle, so seat numbers run continuously from one side aisle to the other. The entry portal is at row 9.","Facing the field, seat 1 is on your right. That puts seat 1 on the far edge of the section, with no further section beyond it on that side, with seat numbers counting up toward the edge facing section 204. This section is behind home plate, so seat 1 is on its first-base side.",not published,"""Rows in Section 202 are labeled 1-9"" / ""An entrance to this section is located at Row 9"". ""Home Plate View"", ""Afternoon Shade in Select Rows"", ""Rows 1-9"". ""For baseball games, desirable view from behind home plate"", ""Rows 5 and above are shaded during most day games"". Zone-level RYS Expert Review ""Toyota Terrace"" (2026 Review) states ""Odd-numbered sections run along the first base side"" / ""Even-numbered sections run along the third base side"" and ""The third base side (even-numbered sections) generally receives shade earlier during day games."" and ""Fans looking for the most overhead coverage should consider higher rows in sections 204 through 216, which sit closer to the overhang.""","HIGH - zone, rows, location and seat direction stated by the source"
203,Toyota Terrace and Upper Box Outfield (200s),Toyota Terrace,"Terrace VIP"" / ""Sections 201-204"" / ""Located directly behind home plate"" / ""In-seat wait service during Padres games",1,toward first base / right field,"1-8, 10",10,"Stairway aisles run along both side edges of the section; rows are not split by a mid-row aisle, so seat numbers run continuously from one side aisle to the other. The entry portal is at row 10.","Facing the field, seat 1 is on your left. That puts seat 1 on the edge facing section 201, with seat numbers counting up toward the edge facing section 205. Seat 1 is the end of the row closest to home plate, and higher seat numbers run away from home plate.","Row 7: ""It has a total of 20 seats"" (RateYourSeats Seating and Ticket Q&A, Verified Feb 2026). Not stated for any other row.","""Row 7 is the second row below the handicap seating area located at the back of Section 203, and is the 7th row from the very front of the section. It has a total of 20 seats, with Seat 1 being on the aisle at the left side of the section as you face the field, and Seat 20 being on the right. Seat 15 will be just 5 seats in from the aisle which runs between sections 203 and 205, with the closest entry tunnel located at the top of this aisle."" Section 203 is ODD, i.e. the first-base side per the same page's zone review (""Odd-numbered sections run along the first base side""), which is exactly the half of the ballpark flagged as contested in discovery.seat1_side_verbatim; this Q&A agrees with Petco Park Insider and contradicts the boilerplate RateYourSeats string.","HIGH - zone, rows, location and seat direction stated by the source"
204,Toyota Terrace and Upper Box Outfield (200s),Toyota Terrace,"Terrace VIP"" / ""Sections 201-204"" / ""Located directly behind home plate"" / ""In-seat wait service during Padres games",1,toward third base / left field,1-9,9,"Stairway aisles run along both side edges of the section; rows are not split by a mid-row aisle, so seat numbers run continuously from one side aisle to the other. The entry portal is at row 9.","Facing the field, seat 1 is on your right. That puts seat 1 on the edge facing section 202, with seat numbers counting up toward the edge facing section 206. Seat 1 is the end of the row closest to home plate, and higher seat numbers run away from home plate.",not published,"""Rows in Section 204 are labeled 1-9"" / ""An entrance to this section is located at Row 9"". ""Afternoon Shade in Select Rows"", ""Rows 1-9"". ""Rows 5 and above are shaded during most day games"". Zone review : ""Fans looking for the most overhead coverage should consider higher rows in sections 204 through 216, which sit closer to the overhang."" and ""The third base side (even-numbered sections) generally receives shade earlier during day games."" Fan Feedback : ""In the sun till the 6th inning - Great seats but we were in the sun till 2:45 in the afternoon. Keep this in mind. To be in the shade the entire game in this section sit in at least row 7 or higher.""","HIGH - zone, rows, location and seat direction stated by the source"
205,Toyota Terrace and Upper Box Outfield (200s),Toyota Terrace,"Terrace Infield"" / ""Sections 205-210"" / ""Positioned above the dugouts along the infield"" / ""In-seat wait service during Padres games",2,toward first base / right field,1-15,15,"Stairway aisles run along both side edges of the section; rows are not split by a mid-row aisle, so seat numbers run continuously from one side aisle to the other. The entry portal is at row 15.","Facing the field, seat 1 is on your left. That puts seat 1 on the edge facing section 203, with seat numbers counting up toward the edge facing section 207. Seat 1 is the end of the row closest to home plate, and higher seat numbers run away from home plate.",not published,"""Rows in Section 205 are labeled 1-15"" / ""An entrance to this section is located at Row 15"". ""Top Pick for Outstanding ConvenienceRows 11-15"", ""Rows 11 & Above - Covered"", ""Rows 1-15"". ""For baseball games, we recommend rows 11-15 for outstanding convenience"", ""Rows 11 and above are under cover"". Zone-level RYS Expert Review ""Toyota Terrace"" (2026 Review) states ""Odd-numbered sections run along the first base side"" / ""Even-numbered sections run along the third base side"". The Section 203 Q&A independently mentions ""the aisle which runs between sections 203 and 205"". Fan Feedback : ""Good seats."" (Sec 205 / Row 6 - Baseball).","HIGH - zone, rows, location and seat direction stated by the source"
206,Toyota Terrace and Upper Box Outfield (200s),Toyota Terrace,"Terrace Infield"" / ""Sections 205-210"" / ""Positioned above the dugouts along the infield"" / ""In-seat wait service during Padres games",2,toward third base / left field,1-10,10,"Stairway aisles run along both side edges of the section; rows are not split by a mid-row aisle, so seat numbers run continuously from one side aisle to the other. The entry portal is at row 10.","Facing the field, seat 1 is on your right. That puts seat 1 on the edge facing section 204, with seat numbers counting up toward the edge facing section 208. Seat 1 is the end of the row closest to home plate, and higher seat numbers run away from home plate.",not published,"""Rows in Section 206 are labeled 1-10"" / ""An entrance to this section is located at Row 10"". ""Afternoon Shade in Select Rows"", ""Rows 1-10"". ""Rows 5 and above are shaded during most day games"". Zone review : ""Even-numbered sections run along the third base side"" and ""The third base side (even-numbered sections) generally receives shade earlier during day games."" and ""Fans looking for the most overhead coverage should consider higher rows in sections 204 through 216, which sit closer to the overhang."" Fan Feedback : ""Good seats, beautiful baseball park. You can order food and drink to your seats through an app."" (Sec 206 / Row 4 - Baseball). Two further 5-star reviews (Sec 206 / Row 4 and Sec 206 / Row 10) carry no text.","HIGH - zone, rows, location and seat direction stated by the source"
207,Toyota Terrace and Upper Box Outfield (200s),Toyota Terrace,"Terrace Infield"" / ""Sections 205-210"" / ""Positioned above the dugouts along the infield"" / ""In-seat wait service during Padres games",3,toward first base / right field,1-15,15,"Stairway aisles run along both side edges of the section; rows are not split by a mid-row aisle, so seat numbers run continuously from one side aisle to the other. The entry portal is at row 15.","Facing the field, seat 1 is on your left. That puts seat 1 on the edge facing section 205, with seat numbers counting up toward the edge facing section 209. Seat 1 is the end of the row closest to home plate, and higher seat numbers run away from home plate.","Row 3: ""There are a total of 21 seats in Section 207 Row 3 at Petco Park."" (RateYourSeats Seating and Ticket Q&A, Verified Feb 2026). Not stated for any other row.","""There are a total of 21 seats in Section 207 Row 3 at Petco Park. As you face the field from the section, Seat 1 will be on the aisle at the left side of the row, while Seat 21 is on the aisle at the right side of the row."" (RateYourSeats ""Seating and Ticket Q&A"", question ""How many seats are in Section 207 Row 3 at Petco Park?"", Verified Feb 2026). Section 207 is ODD, i.e. the first-base side per the same page's zone review (""Odd-numbered sections run along the first base side"") - the contested half per discovery.seat1_side_verbatim. ""Rows in Section 207 are labeled 1-15"" / ""An entrance to this section is located at Row 15"". ""Rows 11 & Above - Covered"", ""Rows 1-15"". ""Rows 11 and above are under cover"".","HIGH - zone, rows, location and seat direction stated by the source"
208,Toyota Terrace and Upper Box Outfield (200s),Toyota Terrace,"Terrace Infield"" / ""Sections 205-210"" / ""Positioned above the dugouts along the infield"" / ""In-seat wait service during Padres games",3,toward third base / left field,1-10,10,"Stairway aisles run along both side edges of the section; rows are not split by a mid-row aisle, so seat numbers run continuously from one side aisle to the other. The entry portal is at row 10.","Facing the field, seat 1 is on your right. That puts seat 1 on the edge facing section 206, with seat numbers counting up toward the edge facing section 210. Seat 1 is the end of the row closest to home plate, and higher seat numbers run away from home plate.",not published,"""Rows in Section 208 are labeled 1-10"" / ""An entrance to this section is located at Row 10"". ""Afternoon Shade in Select Rows"", ""Rows 1-10"". ""Rows 5 and above are shaded during most day games"". Zone review : ""Even-numbered sections run along the third base side"" and ""The third base side (even-numbered sections) generally receives shade earlier during day games."" one 5-star review (Sec 208 / Row 3 - Baseball, Boston Red Sox at San Diego Padres - Aug 9, 2025) with no review text. Related, from the Section 209 page : ""Seats were okay. A bit difficult to get a good view of home plate. Rows 1-3 in 208 are much better."" (Sec 209 / Row 11).","HIGH - zone, rows, location and seat direction stated by the source"
209,Toyota Terrace and Upper Box Outfield (200s),Toyota Terrace,"Terrace Infield"" / ""Sections 205-210"" / ""Positioned above the dugouts along the infield"" / ""In-seat wait service during Padres games",4,toward first base / right field,3-15,15,"Stairway aisles run along both side edges of the section; rows are not split by a mid-row aisle, so seat numbers run continuously from one side aisle to the other. The entry portal is at row 15.","Facing the field, seat 1 is on your left. That puts seat 1 on the edge facing section 207, with seat numbers counting up toward the edge facing section 211. Seat 1 is the end of the row closest to home plate, and higher seat numbers run away from home plate.",not published,"""Rows in Section 209 are labeled 3-15"" / ""An entrance to this section is located at Row 15"". NOTE the section starts at Row 3 - there are NO rows 1-2. This page was served in RateYourSeats' alternate/mobile layout (SeatScore template) and has no ""Section Insights"" block. Section 209 ""Related Seating: Toyota Terrace"", ""Rows 11 and above are under cover"". Zone-level RYS Expert Review ""Toyota Terrace"" states ""Odd-numbered sections run along the first base side"" / ""Even-numbered sections run along the third base side"". Fan Feedback : ""Seats were okay. A bit difficult to get a good view of home plate. Rows 1-3 in 208 are much better."" (Section 209, Row 11, Verified Customer, Miami Marlins at San Diego Padres - May 26, 2025).","HIGH - zone, rows, location and seat direction stated by the source"
210,Toyota Terrace and Upper Box Outfield (200s),Toyota Terrace,"Terrace Infield"" / ""Sections 205-210"" / ""Positioned above the dugouts along the infield"" / ""In-seat wait service during Padres games",4,toward third base / left field,1-10,10,"Stairway aisles run along both side edges of the section; rows are not split by a mid-row aisle, so seat numbers run continuously from one side aisle to the other. The entry portal is at row 10.","Facing the field, seat 1 is on your right. That puts seat 1 on the edge facing section 208, with seat numbers counting up toward the edge facing section 212. Seat 1 is the end of the row closest to home plate, and higher seat numbers run away from home plate.",not published,"""Rows in Section 210 are labeled 1-10"" / ""An entrance to this section is located at Row 10"". ""Afternoon Shade in Select Rows"", ""Rows 1-10"". ""Rows 5 and above are shaded during most day games"". Zone review : ""Even-numbered sections run along the third base side"". Fan Feedback : ""Great section of Petco Park. View of the game was awesome. Row 8 and up are in the shade. Covered from the sun. Definitely would purchase tickets again for section 210."" Fan Feedback , independent third-base placement statement AND an overhead-leak obstruction: ""Good view, but wet - Nice view from 2nd level above 3rd base, however pipes from above leaked on us for the whole game."" (Sec 210 / Row 9 - Baseball).","HIGH - zone, rows, location and seat direction stated by the source"
211,Toyota Terrace and Upper Box Outfield (200s),Toyota Terrace,"Terrace Reserved"" / ""Sections 211-217"" / ""Located farther down the baselines"" / ""In-seat wait service during Padres games",5,toward first base / right field,1-13,13,"Stairway aisles run along both side edges of the section; rows are not split by a mid-row aisle, so seat numbers run continuously from one side aisle to the other. The entry portal is at row 13.","Facing the field, seat 1 is on your left. That puts seat 1 on the edge facing section 209, with seat numbers counting up toward the edge facing section 213. Seat 1 is the end of the row closest to home plate, and higher seat numbers run away from home plate.","Row 5: ""There are a total of 12 seats in Section 211 Row 5"" (RateYourSeats Seating and Ticket Q&A, Verified Feb 2026). Not stated for any other row.","""There are a total of 12 seats in Section 211 Row 5, starting with Seat 1 on the aisle at the left side of the row, and ending with Seat 12 on the right side of the row."" Section 211 is ODD, i.e. the first-base side per the same page's zone review (""Odd-numbered sections run along the first base side"") - the contested half per discovery.seat1_side_verbatim. ""Rows in Section 211 are labeled 1-13"" / ""An entrance to this section is located at Row 13"". ""Rows 7 & Above - Covered"", ""Rows 1-13"". ""Rows 7 and above are under cover"".","HIGH - zone, rows, location and seat direction stated by the source"
212,Toyota Terrace and Upper Box Outfield (200s),Toyota Terrace,"""Terrace Reserved"" / ""Sections 211–217"" / ""Located farther down the baselines""; and, from the same page, ""Even-numbered sections run along the third base side"" (212 is even, therefore third-base side)",5,toward third base / left field,1-13,13,"Stairway aisles run along both side edges of the section; rows are not split by a mid-row aisle, so seat numbers run continuously from one side aisle to the other. The entry portal is at row 13.","Facing the field, seat 1 is on your right. That puts seat 1 on the edge facing section 210, with seat numbers counting up toward the edge facing section 214. Seat 1 is the end of the row closest to home plate, and higher seat numbers run away from home plate.",not published,"""Midfield View""; ""Rows 7 & Above - Covered""; ""Rows 1-13"". ""For football games, desirable view from near midfield""; ""Rows 7 and above are under cover"". Fan Feedback : ""San Francisco Giants at San Diego Padres - Aug 18, 2025"" - Sec 212 / Row 4 - Baseball (5 stars, no review text printed). Q&A : ""Is Section 212 Row 8 good for shade at Petco Park?"" - ""During that time of year, the back rows of Section 212 will be a very good option for shade at Petco Park. The third base side will see the shade first, and as the back rows of Section 212 also have good protection above and behind the seats, you will have good relief from the sun for most of the game."" (image caption: ""Good shade on the third base side of Petco Park""; Verified Feb 2026).","HIGH - zone, rows, location and seat direction stated by the source"
213,Toyota Terrace and Upper Box Outfield (200s),Toyota Terrace,"""Terrace Reserved"" / ""Sections 211–217"" / ""Located farther down the baselines""; and, from the same page, ""Odd-numbered sections run along the first base side"" (213 is odd, therefore first-base side)",6,toward first base / right field,1-13,13,"Stairway aisles run along both side edges of the section; rows are not split by a mid-row aisle, so seat numbers run continuously from one side aisle to the other. The entry portal is at row 13.","Facing the field, seat 1 is on your left. That puts seat 1 on the edge facing section 211, with seat numbers counting up toward the edge facing section 215. Seat 1 is the end of the row closest to home plate, and higher seat numbers run away from home plate.",not published,"""Top Pick for Great Views of the Field""; ""Rows 7 & Above - Covered""; ""Rows 1-13"". ""For baseball games, we recommend these seats for great views of the field""; ""Rows 7 and above are under cover"". Fan Feedback : ""Boston Red Sox at San Diego Padres - Aug 23, 2019 — The seats were perfect! It was my first real experience at a game and I was able to see everything!"" - Sec 213 / Row 3 - Baseball. So, if you are sitting on the 1st base (right field) side, seat number 1 will be the leftmost. If seated on the 3rd base / left field side, seat number 1 will be the rightmost."" For odd/first-base-side sections such as 213 the two are exactly opposite.""","HIGH - zone, rows, location and seat direction stated by the source"
214,Toyota Terrace and Upper Box Outfield (200s),Toyota Terrace,"""Terrace Reserved"" / ""Sections 211–217"" / ""Located farther down the baselines""; and, from the same page, ""Even-numbered sections run along the third base side"" (214 is even, therefore third-base side)",6,toward third base / left field,1-13,13,"Stairway aisles run along both side edges of the section; rows are not split by a mid-row aisle, so seat numbers run continuously from one side aisle to the other. The entry portal is at row 13.","Facing the field, seat 1 is on your right. That puts seat 1 on the edge facing section 212, with seat numbers counting up toward the edge facing section 216. Seat 1 is the end of the row closest to home plate, and higher seat numbers run away from home plate.",not published,"""Top Pick for Great Views of the Field""; ""Midfield View""; ""Rows 7 & Above - Covered""; ""Rows 1-13"". ""For baseball games, we recommend these seats for great views of the field""; ""For football games, desirable view from near midfield""; ""Rows 7 and above are under cover"". Zone page shade line ( shown on this page): ""Fans looking for the most overhead coverage should consider higher rows in sections 204 through 216, which sit closer to the overhang."" for even/third-base-side sections the two park-wide rules AGREE - RateYourSeats ""lower number seats are on the right"" and Petco Park Insider ""If seated on the 3rd base / left field side, seat number 1 will be the rightmost.""","HIGH - zone, rows, location and seat direction stated by the source"
215,Toyota Terrace and Upper Box Outfield (200s),Toyota Terrace,"""Terrace Reserved"" / ""Sections 211–217"" / ""Located farther down the baselines""; and, from the same page, ""Odd-numbered sections run along the first base side"" (215 is odd, therefore first-base side)",7,toward first base / right field,1-13,13,"Stairway aisles run along both side edges of the section; rows are not split by a mid-row aisle, so seat numbers run continuously from one side aisle to the other. The entry portal is at row 13.","Facing the field, seat 1 is on your left. That puts seat 1 on the edge facing section 213, with seat numbers counting up toward the edge facing section 217. Seat 1 is the end of the row closest to home plate, and higher seat numbers run away from home plate.",not published,"""Top Pick for Great Views of the Field""; ""Rows 7 & Above - Covered""; ""Rows 1-13"". ""For baseball games, we recommend these seats for great views of the field""; ""Rows 7 and above are under cover"". For odd/first-base-side sections such as 215 the two are exactly opposite.","HIGH - zone, rows, location and seat direction stated by the source"
216,Toyota Terrace and Upper Box Outfield (200s),Toyota Terrace,"""Terrace Reserved"" / ""Sections 211–217"" / ""Located farther down the baselines""; and, from the same page, ""Even-numbered sections run along the third base side"" (216 is even, therefore third-base side)",7,toward third base / left field,1-13,13,"Stairway aisles run along both side edges of the section; rows are not split by a mid-row aisle, so seat numbers run continuously from one side aisle to the other. The entry portal is at row 13.","Facing the field, seat 1 is on your right. That puts seat 1 on the edge facing section 214, with seat numbers counting up toward the edge facing section 218. Seat 1 is the end of the row closest to home plate, and higher seat numbers run away from home plate.",not published,"""Top Pick for Great Views of the Field""; ""Rows 7 & Above - Covered""; ""Rows 1-13"". ""For baseball games, we recommend these seats for great views of the field""; ""Rows 7 and above are under cover"". Zone page shade line ( shown on this page): ""Fans looking for the most overhead coverage should consider higher rows in sections 204 through 216, which sit closer to the overhang."" for even/third-base-side sections the two park-wide rules AGREE.","HIGH - zone, rows, location and seat direction stated by the source"
217,Toyota Terrace and Upper Box Outfield (200s),Toyota Terrace,"""Terrace Reserved"" / ""Sections 211–217"" / ""Located farther down the baselines""; and, from the same page, ""Odd-numbered sections run along the first base side"" (217 is odd, therefore first-base side)",8,toward first base / right field,1-13,13,"Stairway aisles run along both side edges of the section; rows are not split by a mid-row aisle, so seat numbers run continuously from one side aisle to the other. The entry portal is at row 13.","Facing the field, seat 1 is on your left. That puts seat 1 on the edge facing section 215, with seat numbers counting up toward the edge facing section 219. Seat 1 is the end of the row closest to home plate, and higher seat numbers run away from home plate.",not published,"""Rows 7 & Above - Covered""; ""Rows 1-13"". ""Rows 7 and above are under cover"". For odd/first-base-side sections such as 217 the two are exactly opposite.","HIGH - zone, rows, location and seat direction stated by the source"
218,Toyota Terrace and Upper Box Outfield (200s),Toyota Terrace,"""Terrace Pavilion"" / ""Sections 218–224"" / ""Located closer to the outfield corners""; and, from the same page, ""Even-numbered sections run along the third base side"" (218 is even, therefore third-base side)",8,toward third base / left field,1-13,13,"Stairway aisles run along both side edges of the section; rows are not split by a mid-row aisle, so seat numbers run continuously from one side aisle to the other. The entry portal is at row 13.","Facing the field, seat 1 is on your right. That puts seat 1 on the edge facing section 216, with seat numbers counting up toward the edge facing section 220. Seat 1 is the end of the row closest to home plate, and higher seat numbers run away from home plate.",not published,"""Rows 7 & Above - Covered""; ""Rows 1-13"". ""Rows 7 and above are under cover"". Zone page also states ""Typically more affordable than the infield Terrace sections"". for even/third-base-side sections the two park-wide rules AGREE.","HIGH - zone, rows, location and seat direction stated by the source"
219,Toyota Terrace and Upper Box Outfield (200s),Toyota Terrace,"Terrace Pavilion"" / ""Sections 218–224"" / ""Located closer to the outfield corners""; and, from the same page, ""Odd-numbered sections run along the first base side"" (219 is odd, therefore first-base side). ""Some the best seats in Petco Park for viewing a Sunset will be located down the first base line near the right field foul pole."" ... ""We recommend sections 219, 221, and 223 for the best combined views of the sunset and the city",9,toward first base / right field,1-13,13,"Stairway aisles run along both side edges of the section; rows are not split by a mid-row aisle, so seat numbers run continuously from one side aisle to the other. The entry portal is at row 13.","Facing the field, seat 1 is on your left. That puts seat 1 on the edge facing section 217, with seat numbers counting up toward the edge facing section 221. Seat 1 is the end of the row closest to home plate, and higher seat numbers run away from home plate.",not published,"""Rows 7 & Above - Covered""; ""Rows 1-13"". ""Rows 7 and above are under cover"". Fan Feedback : ""San Francisco Giants at San Diego Padres - Mar 30, 2024 — Good seats fully covered, but make sure to wear a hat or bring glasses for a late afternoon game to block the sunlight."" - Sec 219 / Row 11 - Baseball. Q&A : ""Which sections have the best City and Sunset Views at Petco Park?"" - ""Some the best seats in Petco Park for viewing a Sunset will be located down the first base line near the right field foul pole. These seats face towards the west and will have a great viewing position to the setting sun, as well as the Skyline above the left field seats."" / ""We recommend sections 219, 221, and 223 for the best combined views of the sunset and the city, as well as a comfortable viewing experience from the smaller Terrace Level sections which feature less than 15 rows of seating and a good viewing height down to the field.""","HIGH - zone, rows, location and seat direction stated by the source"
220,Toyota Terrace and Upper Box Outfield (200s),Toyota Terrace,"""Terrace Pavilion"" / ""Sections 218–224"" / ""Located closer to the outfield corners""; and, from the same page, ""Even-numbered sections run along the third base side"" (220 is even, therefore third-base side)",9,toward third base / left field,1-13,13,"Stairway aisles run along both side edges of the section; rows are not split by a mid-row aisle, so seat numbers run continuously from one side aisle to the other. The entry portal is at row 13.","Facing the field, seat 1 is on your right. That puts seat 1 on the edge facing section 218, with seat numbers counting up toward the edge facing section 222. Seat 1 is the end of the row closest to home plate, and higher seat numbers run away from home plate.",not published,"""Rows 7 & Above - Covered""; ""Rows 1-13"". ""Rows 7 and above are under cover"". for even/third-base-side sections the two park-wide rules AGREE.","HIGH - zone, rows, location and seat direction stated by the source"
221,Toyota Terrace and Upper Box Outfield (200s),Toyota Terrace,"Terrace Pavilion"" / ""Sections 218–224"" / ""Located closer to the outfield corners""; and, from the same page, ""Odd-numbered sections run along the first base side"" (221 is odd, therefore first-base side).""",10,toward first base / right field,1-13,13,"Stairway aisles run along both side edges of the section; rows are not split by a mid-row aisle, so seat numbers run continuously from one side aisle to the other. The entry portal is at row 13.","Facing the field, seat 1 is on your left. That puts seat 1 on the edge facing section 219, with seat numbers counting up toward the edge facing section 223. Seat 1 is the end of the row closest to home plate, and higher seat numbers run away from home plate.",not published,"""Rows 7 & Above - Covered""; ""Rows 1-13"". ""Rows 7 and above are under cover"". Fan Feedback : ""Good Views — Great seats for foul balls!"" - Sec 221 / Row 7 - Baseball. For odd/first-base-side sections such as 221 the two are exactly opposite.","HIGH - zone, rows, location and seat direction stated by the source"
222,Toyota Terrace and Upper Box Outfield (200s),Toyota Terrace,"""Terrace Pavilion"" / ""Sections 218–224"" / ""Located closer to the outfield corners""; and, from the same page, ""Even-numbered sections run along the third base side"" (222 is even, therefore third-base side)",10,toward third base / left field,1-13,13,"Stairway aisles run along both side edges of the section; rows are not split by a mid-row aisle, so seat numbers run continuously from one side aisle to the other. The entry portal is at row 13.","Facing the field, seat 1 is on your right. That puts seat 1 on the edge facing section 220, with seat numbers counting up toward the edge facing section 224. Seat 1 is the end of the row closest to home plate, and higher seat numbers run away from home plate.",not published,"""Rows 7 & Above - Covered""; ""Rows 1-13"". ""Rows 7 and above are under cover"". Adjacency note from the Section 224 page's fan review : ""in order to get to the you have to go across section 222 to get to them now - this means you have to disrupt entire row of people every time you want to get food or go to the bathroom."" for even/third-base-side sections the two park-wide rules AGREE.","HIGH - zone, rows, location and seat direction stated by the source"
223,Toyota Terrace and Upper Box Outfield (200s),Toyota Terrace,"Terrace Pavilion"" / ""Sections 218–224"" / ""Located closer to the outfield corners""; and, from the same page, ""Odd-numbered sections run along the first base side"" (223 is odd, therefore first-base side).""",11,toward first base / right field,1-13,13,"Stairway aisles run along both side edges of the section; rows are not split by a mid-row aisle, so seat numbers run continuously from one side aisle to the other. The entry portal is at row 13.","Facing the field, seat 1 is on your left. That puts seat 1 on the edge facing section 221, with seat numbers counting up toward the edge facing section 227. Seat 1 is the end of the row closest to home plate, and higher seat numbers run away from home plate.",not published,"""Rows 7 & Above - Covered""; ""Rows 1-13"". ""Rows 7 and above are under cover"". For odd/first-base-side sections such as 223 the two are exactly opposite.","HIGH - zone, rows, location and seat direction stated by the source"
224,Toyota Terrace and Upper Box Outfield (200s),Toyota Terrace,"""Terrace Pavilion"" / ""Sections 218–224"" / ""Located closer to the outfield corners""; and, from the same page, ""Even-numbered sections run along the third base side"" (224 is even, therefore third-base side)",11,toward third base / left field,UNKNOWN,UNKNOWN,"Stairway aisles run along both side edges of the section; rows are not split by a mid-row aisle, so seat numbers run continuously from one side aisle to the other. The entry portal row is not published for this section.","Facing the field, seat 1 is on your right. That puts seat 1 on the edge facing section 222, with seat numbers counting up toward the edge facing section 226. Seat 1 is the end of the row closest to home plate, and higher seat numbers run away from home plate.",not published,"The RateYourSeats page for Section 224 loaded as a real section page but is INCOMPLETE: it has no ""Section Insights"" block, no ""Seating Notes"" block, and the ""Row Numbers"" heading is present but EMPTY - no row-label line, no entrance-row line and no seat-direction line. Rows, entrance row and seat direction are therefore recorded as UNKNOWN rather than inferred. Also no seat food service as other reviews have indicated."" - Sec 224 / Row A - Baseball (i.e. a LETTERED row A); (2) ""Amazing Seats — Only 1 row in this section and right next to a bar open until 30 minutes past the last out of the game."" - Sec 224 / Row 1 - Baseball (i.e. a NUMBERED row 1, and a claim of a single row). RateYourSeats' zone page says ""Sections 218–224"" while Petco Park Insider lists ""Toyota Terrace Pavillion - Sections TP 218, 219, 220, 221, 222, 223, 225"".""",LOW - no row data published for this section
226,Toyota Terrace and Upper Box Outfield (200s),Upper Level Outfield,"Petco Park Insider : ""Section 226, 228, 230 - Upper Box Left Field"" / ""Left field beneath the main video scoreboard, sandwiched between hospitality spaces The Point and The Landing. Section 226 is at the foul pole and Western Metal Bldg"". On-page fan review corroborates left field : ""You're really close to the left-fielder, which is pretty cool.""",12,toward third base / left field,"1-2, 5-21",1,"Stairway aisles run along both side edges of the section; rows are not split by a mid-row aisle, so seat numbers run continuously from one side aisle to the other. The entry portal is at row 1.","Facing the field, seat 1 is on your right. That puts seat 1 on the edge facing section 224, with seat numbers counting up toward the edge facing section 228. Seat 1 is the end of the row closest to home plate, and higher seat numbers run away from home plate.",not published,"""Rows 17 & Above - Covered""; ""Rows 1-2, 5-21""; ""Behind/Side Stage (most shows)"". Row Numbers also state : ""There is a walkway betweeen Rows 2 and 5"" (typo 'betweeen' as printed). ""Rows 17 and above are under cover"". OBSTRUCTION / SIGHTLINE, Fan Feedback : ""Not bad for upper deck outfield seats — The view from these seats wasn't as bad as I was expecting. It's not great, by any means, but it also wasn't horrible. You can see the infield really well, but can't see deep left field and parts of deep center field. If a home run is hit into the seats below you, you'd have no clue. You're really close to the left-fielder, which is pretty cool. And if you like being on TV, there is a camera in this corner that is always filming these seats.""","HIGH - zone, rows, location and seat direction stated by the source"
227,Toyota Terrace and Upper Box Outfield (200s),Upper Level Outfield,"On-page Q&A : ""The Budweiser Patio is located behind section 227 in right field (near the right field foul pole)."" Petco Park Insider : ""Section 227, 229, 231, 233, 235 - Upper Box Right Field"" / ""For orientation, Section 227 is at the Right Field foul pole, 235 closest to the center.""",12,toward first base / right field,1-25,9,"Stairway aisles run along both side edges of the section; rows are not split by a mid-row aisle, so seat numbers run continuously from one side aisle to the other. The entry portal is at row 9.","Facing the field, seat 1 is on your left. That puts seat 1 on the edge facing section 223, with seat numbers counting up toward the edge facing section 229. Seat 1 is the end of the row closest to home plate, and higher seat numbers run away from home plate.",not published,"""Rows 23 & Above - Covered""; ""Rows 1-25"". ""Rows 23 and above are under cover"". Q&A : ""Where is the the Budweiser Patio area at Petco Park?"" - ""The Budweiser Patio is located behind section 227 in right field (near the right field foul pole). The Budweiser Patio is a socializing area available to all ticket holders, and also features numerous concessions available for purchase."" (image caption: ""The Budweiser Patio is found in right field underneath the Budweiser sign near Section 227""; Verified Feb 2026). For odd/right-field sections such as 227 the two are exactly opposite.","HIGH - zone, rows, location and seat direction stated by the source"
228,Toyota Terrace and Upper Box Outfield (200s),Upper Level Outfield,"Petco Park Insider : ""Section 226, 228, 230 - Upper Box Left Field"" / ""Left field beneath the main video scoreboard, sandwiched between hospitality spaces The Point and The Landing."" RateYourSeats venue photo caption : ""The left field scoreboard at Petco Park is located right above sections 226-230.""",13,toward third base / left field,"1-2, 5-21",1,"Stairway aisles run along both side edges of the section; rows are not split by a mid-row aisle, so seat numbers run continuously from one side aisle to the other. The entry portal is at row 1.","Facing the field, seat 1 is on your right. That puts seat 1 on the edge facing section 226, with seat numbers counting up toward the edge facing section 230. Seat 1 is the end of the row closest to home plate, and higher seat numbers run away from home plate.",not published,"""Rows 17 & Above - Covered""; ""Rows 1-2, 5-21""; ""Behind/Side Stage (most shows)"". Row Numbers also state : ""There is a walkway betweeen Rows 2 and 5"" (typo 'betweeen' as printed). ""Rows 17 and above are under cover"". Fan Feedback : ""Arizona Diamondbacks at San Diego Padres - Jul 7, 2025"" - Sec 228 / Row 8 - Baseball (5 stars, no review text printed). ""Behind/Side Stage (most shows)"" is a CONCERT-ONLY note and does not apply to baseball. for even/third-base/left-field sections the two park-wide rules AGREE.","HIGH - zone, rows, location and seat direction stated by the source"
229,Toyota Terrace and Upper Box Outfield (200s),Upper Level Outfield,"Petco Park Insider : ""Section 227, 229, 231, 233, 235 - Upper Box Right Field"" / ""For orientation, Section 227 is at the Right Field foul pole, 235 closest to the center."" RateYourSeats venue photo caption : ""The scoreboard in right field is located just above sections 227-235 at Petco Park.""",13,toward first base / right field,"1-7, 10-25",9,"Stairway aisles run along both side edges of the section; rows are not split by a mid-row aisle, so seat numbers run continuously from one side aisle to the other. The entry portal is at row 9.","Facing the field, seat 1 is on your left. That puts seat 1 on the edge facing section 227, with seat numbers counting up toward the edge facing section 231. Seat 1 is the end of the row closest to home plate, and higher seat numbers run away from home plate.",not published,"""Top Pick for Outstanding ConvenienceRows 5-9""; ""Rows 23 & Above - Covered""; ""Rows 1-7, 10-25"" (the first insight is printed run-together exactly as shown). Row Numbers also state : ""There is open space betweeen Rows 7 and 10"" (typo 'betweeen' as printed). ""For baseball games, we recommend rows 5-9 for outstanding convenience""; ""Rows 23 and above are under cover"".","HIGH - zone, rows, location and seat direction stated by the source"
230,Toyota Terrace and Upper Box Outfield (200s),Upper Level Outfield,"Petco Park Insider : ""Section 226, 228, 230 - Upper Box Left Field"" / ""Left field beneath the main video scoreboard, sandwiched between hospitality spaces The Point and The Landing. Section 226 is at the foul pole and Western Metal Bldg, Section 230 is near the bullpen""",14,toward third base / left field,1-21,1,"Stairway aisles run along both side edges of the section; rows are not split by a mid-row aisle, so seat numbers run continuously from one side aisle to the other. The entry portal is at row 1.","Facing the field, seat 1 is on your right. That puts seat 1 on the edge facing section 228, with seat numbers counting up toward the far edge of the section, with no further section beyond it on that side. Seat 1 is the end of the row closest to home plate, and higher seat numbers run away from home plate.",not published,"""Rows 17 & Above - Covered""; ""Rows 1-21""; ""Behind/Side Stage (most shows)"". ""Rows 17 and above are under cover"". ""Behind/Side Stage (most shows)"" is a CONCERT-ONLY note and does not apply to baseball. unlike its neighbours 226 and 228 (both labelled ""1-2, 5-21"" with a walkway between Rows 2 and 5), Section 230 is labelled as a single unbroken run ""1-21"" with no walkway line. for even/third-base/left-field sections the two park-wide rules AGREE.","HIGH - zone, rows, location and seat direction stated by the source"
231,Toyota Terrace and Upper Box Outfield (200s),Upper Level Outfield,"Petco Park Insider : ""Section 227, 229, 231, 233, 235 - Upper Box Right Field"" / ""For orientation, Section 227 is at the Right Field foul pole, 235 closest to the center.""",14,toward first base / right field,"1-7, 10-25",9,"Stairway aisles run along both side edges of the section; rows are not split by a mid-row aisle, so seat numbers run continuously from one side aisle to the other. The entry portal is at row 9.","Facing the field, seat 1 is on your left. That puts seat 1 on the edge facing section 229, with seat numbers counting up toward the edge facing section 233. Seat 1 is the end of the row closest to home plate, and higher seat numbers run away from home plate.",not published,"""Rows 23 & Above - Covered""; ""Rows 1-7, 10-25""; ""Behind/Side Stage (most shows)"". Row Numbers also state : ""There is open space betweeen Rows 7 and 10"" (typo 'betweeen' as printed). ""Rows 23 and above are under cover"". ""Behind/Side Stage (most shows)"" is a CONCERT-ONLY note and does not apply to baseball.","HIGH - zone, rows, location and seat direction stated by the source"
233,Toyota Terrace and Upper Box Outfield (200s),Upper Level Outfield,"Petco Park Insider : ""Section 227, 229, 231, 233, 235 - Upper Box Right Field"" / ""For orientation, Section 227 is at the Right Field foul pole, 235 closest to the center."" On-page fan review corroborates right field : ""Sitting down, you can't see the warning track in right field, but if you stand, you actually can.""",15,toward first base / right field,1-25,9,"Stairway aisles run along both side edges of the section; rows are not split by a mid-row aisle, so seat numbers run continuously from one side aisle to the other. The entry portal is at row 9.","Facing the field, seat 1 is on your left. That puts seat 1 on the edge facing section 231, with seat numbers counting up toward the edge facing section 235. Seat 1 is the end of the row closest to home plate, and higher seat numbers run away from home plate.",not published,"""Midfield View""; ""Rows 1-25""; ""Behind/Side Stage (most shows)"". ""For football games, desirable view from near midfield"" - NOTE this page carries NO covered-rows insight and no covered-rows seating note, unlike neighbouring 227/229/231 which all state ""Rows 23 and above are under cover"". OBSTRUCTION / SIGHTLINE, Fan Feedback : ""Far, far away — I moved to these seats after sitting in a closer row in the left field upper deck. It is a huge difference being in the upper and lower parts of the outfield upper deck. The field is really, really small from up here. Sitting down, you can't see the warning track in right field, but if you stand, you actually can. This is pretty rare for higher-up outfield seats at a baseball stadium.""","HIGH - zone, rows, location and seat direction stated by the source"
235,Toyota Terrace and Upper Box Outfield (200s),Upper Level Outfield,"""Upper Level Outfield sections are the furthest of any outfield seating option and will also see some of the least amount of shade at Petco Park (avoid the right field side if you're wanting to stay out of the sun)."" ""Behind/Side Stage (most shows)"".",16,toward first base / right field,1-25,9,"Stairway aisles run along both side edges of the section; rows are not split by a mid-row aisle, so seat numbers run continuously from one side aisle to the other. The entry portal is at row 9.","Facing the field, seat 1 is on your left. That puts seat 1 on the edge facing section 233, with seat numbers counting up toward the far edge of the section, with no further section beyond it on that side. Seat 1 is the end of the row closest to home plate, and higher seat numbers run away from home plate.",not published,"""Rows in Section 235 are labeled 1-25"" / ""An entrance to this section is located at Row 9"" / ""When looking towards the field/field/stage, lower number seats are on the right"" (note the doubled token 'field/field' is as printed). ""For Concerts, Section 235 May Have a Limited View"" / ""235 is behind the stage or to the side of the stage for most concerts. This may restrict or limit your view of the performance."" - this is CONCERT-ONLY and does not apply to baseball. RateYourSeats says on this page ""When looking towards the field/field/stage, lower number seats are on the right"", while Petco Park Insider says ""In each section, Petco seat number 1 will be the closest to home plate. So, if you are sitting on the 1st base (right field) side, seat number 1 will be the leftmost.""","HIGH - zone, rows, location and seat direction stated by the source"
300,Upper Deck (300s),Upper Box and Reserved,"""For baseball games, desirable view from behind home plate"". ""Home Plate View"". ""Upper Deck Seating: Located in sections numbered in the 300s on the highest tier at Petco Park."" and ""These sections stretch across the entire upper deck, running from the right field corner across home plate to the left field corner.""",0,behind home plate,"5-6, 7-27",6,"Stairway aisles run along both side edges of the section; rows are not split by a mid-row aisle, so seat numbers run continuously from one side aisle to the other. The entry portal is at row 6.","Facing the field, seat 1 is on your right. That puts seat 1 on the far edge of the section, with no further section beyond it on that side, with seat numbers counting up toward the edge facing section 302. This section is behind home plate, so seat 1 is on its first-base side.",not published,"""Rows in Section 300 are labeled 5-6, 7-27"" / ""There is a walkway betweeen Rows 6 and 7"" (typo 'betweeen' is ) / ""An entrance to this section is located at Row 6"". Section Insights list ""Rows 5-6, 7-27"" and ""Rows 19 & Above - Covered"". Fan Reviews : ""San Francisco Giants at San Diego Padres - Jul 28, 2019 - A picture is worth a thousand words. What a spectacular view of the field and of San Diego!"" (Sec 300 / Row 21 - Baseball). ""Rows 19 and above are under cover"".","HIGH - zone, rows, location and seat direction stated by the source"
301,Upper Deck (300s),Upper Box and Reserved,"""For baseball games, desirable view from behind home plate"". ""Home Plate View"". ""These sections stretch across the entire upper deck, running from the right field corner across home plate to the left field corner.""",0,behind home plate,"3-4, 9-27",4,"Stairway aisles run along both side edges of the section; rows are not split by a mid-row aisle, so seat numbers run continuously from one side aisle to the other. The entry portal is at row 4.","Facing the field, seat 1 is on your left. That puts seat 1 on the far edge of the section, with no further section beyond it on that side, with seat numbers counting up toward the edge facing section 303. This section is behind home plate, so seat 1 is on its third-base side.",not published,"""Rows in Section 301 are labeled 3-4, 9-27"" / ""There is a walkway betweeen Rows 4 and 9"" / ""An entrance to this section is located at Row 4"". ""Home Plate View"", ""Rows 19 & Above - Covered"", ""Rows 3-4, 9-27"". ""Rows 19 and above are under cover"". RateYourSeats prints ""When looking towards the field/field/stage, lower number seats are on the right""; Petco Park Insider says ""if you are sitting on the 1st base (right field) side, seat number 1 will be the leftmost.""","HIGH - zone, rows, location and seat direction stated by the source"
302,Upper Deck (300s),Upper Box and Reserved,"""For baseball games, desirable view from behind home plate"". ""Home Plate View"". ""These sections stretch across the entire upper deck, running from the right field corner across home plate to the left field corner.""",1,toward third base / left field,"3-4, 9-27",4,"Stairway aisles run along both side edges of the section; rows are not split by a mid-row aisle, so seat numbers run continuously from one side aisle to the other. The entry portal is at row 4.","Facing the field, seat 1 is on your right. That puts seat 1 on the edge facing section 300, with seat numbers counting up toward the edge facing section 304. Seat 1 is the end of the row closest to home plate, and higher seat numbers run away from home plate.",not published,"""Rows in Section 302 are labeled 3-4, 9-27"" / ""There is a walkway betweeen Rows 4 and 9"" / ""An entrance to this section is located at Row 4"". ""Home Plate View"", ""Rows 19 & Above - Covered"", ""Rows 3-4, 9-27"". ""Rows 19 and above are under cover"".","HIGH - zone, rows, location and seat direction stated by the source"
303,Upper Deck (300s),Upper Box and Reserved,"""For baseball games, desirable view from behind home plate"". ""Home Plate View"". ""These sections stretch across the entire upper deck, running from the right field corner across home plate to the left field corner.""",1,toward first base / right field,"3-6, 7-27",6,"Stairway aisles run along both side edges of the section; rows are not split by a mid-row aisle, so seat numbers run continuously from one side aisle to the other. The entry portal is at row 6.","Facing the field, seat 1 is on your left. That puts seat 1 on the edge facing section 301, with seat numbers counting up toward the edge facing section 305. Seat 1 is the end of the row closest to home plate, and higher seat numbers run away from home plate.",not published,"""Rows in Section 303 are labeled 3-6, 7-27"" / ""There is a walkway betweeen Rows 6 and 7"" / ""An entrance to this section is located at Row 6"". ""Home Plate View"", ""Rows 19 & Above - Covered"", ""Rows 3-6, 7-27"". ""Rows 19 and above are under cover"". RateYourSeats prints ""When looking towards the field/field/stage, lower number seats are on the right""; Petco Park Insider says ""if you are sitting on the 1st base (right field) side, seat number 1 will be the leftmost.""","HIGH - zone, rows, location and seat direction stated by the source"
304,Upper Deck (300s),Upper Box and Reserved,"""For baseball games, desirable view from behind home plate"". ""Home Plate View"". ""These sections stretch across the entire upper deck, running from the right field corner across home plate to the left field corner.""",2,toward third base / left field,"3-6, 7-27",6,"Stairway aisles run along both side edges of the section; rows are not split by a mid-row aisle, so seat numbers run continuously from one side aisle to the other. The entry portal is at row 6.","Facing the field, seat 1 is on your right. That puts seat 1 on the edge facing section 302, with seat numbers counting up toward the edge facing section 306. Seat 1 is the end of the row closest to home plate, and higher seat numbers run away from home plate.",not published,"""Rows in Section 304 are labeled 3-6, 7-27"" / ""There is a walkway betweeen Rows 6 and 7"" / ""An entrance to this section is located at Row 6"". ""Home Plate View"", ""Rows 19 & Above - Covered"", ""Rows 3-6, 7-27"". ""Rows 19 and above are under cover"".","HIGH - zone, rows, location and seat direction stated by the source"
305,Upper Deck (300s),Upper Box and Reserved,"""For baseball games, desirable view from behind home plate"". ""Home Plate View"". ""These sections stretch across the entire upper deck, running from the right field corner across home plate to the left field corner.""",2,toward first base / right field,"3-4, 9-27",4,"Stairway aisles run along both side edges of the section; rows are not split by a mid-row aisle, so seat numbers run continuously from one side aisle to the other. The entry portal is at row 4.","Facing the field, seat 1 is on your left. That puts seat 1 on the edge facing section 303, with seat numbers counting up toward the edge facing section 307. Seat 1 is the end of the row closest to home plate, and higher seat numbers run away from home plate.",not published,"""Rows in Section 305 are labeled 3-4, 9-27"" / ""There is a walkway betweeen Rows 4 and 9"" / ""An entrance to this section is located at Row 4"". ""Top Pick for Outstanding ConvenienceRows 1-4"" (printed exactly like that, run together), ""Home Plate View"", ""Rows 19 & Above - Covered"", ""Rows 3-4, 9-27"". Fan Reviews : ""Fan Feedback - Great seats for the price!!"" (Sec 305 - Baseball). ""Rows 19 and above are under cover"".","HIGH - zone, rows, location and seat direction stated by the source"
306,Upper Deck (300s),Upper Box and Reserved,"""For baseball games, desirable view from behind home plate"". ""Home Plate View"". ""These sections stretch across the entire upper deck, running from the right field corner across home plate to the left field corner.""",3,toward third base / left field,"3-4, 9-27",4,"Stairway aisles run along both side edges of the section; rows are not split by a mid-row aisle, so seat numbers run continuously from one side aisle to the other. The entry portal is at row 4.","Facing the field, seat 1 is on your right. That puts seat 1 on the edge facing section 304, with seat numbers counting up toward the edge facing section 308. Seat 1 is the end of the row closest to home plate, and higher seat numbers run away from home plate.",not published,"""Rows in Section 306 are labeled 3-4, 9-27"" / ""There is a walkway betweeen Rows 4 and 9"" / ""An entrance to this section is located at Row 4"". ""Home Plate View"", ""Rows 19 & Above - Covered"", ""Rows 3-4, 9-27"". These sections have beautiful city views and a head-on look at the diamond and main scoreboard."") and separately listing ""Even sections 306-328: Rows 20 and above"" under the heading ""Shaded Seats Are More Prevalent on the Third Base Side"" - i.e. the same site places 306 in the third-base/left-field even run, not in the behind-home-plate group. ""Rows 19 and above are under cover"".""","HIGH - zone, rows, location and seat direction stated by the source"
307,Upper Deck (300s),Upper Box and Reserved,"""Upper Deck Seating: Located in sections numbered in the 300s on the highest tier at Petco Park."" and ""These sections stretch across the entire upper deck, running from the right field corner across home plate to the left field corner.""",3,toward first base / right field,"1-6, 7-27",6,"Stairway aisles run along both side edges of the section; rows are not split by a mid-row aisle, so seat numbers run continuously from one side aisle to the other. The entry portal is at row 6.","Facing the field, seat 1 is on your left. That puts seat 1 on the edge facing section 305, with seat numbers counting up toward the edge facing section 309. Seat 1 is the end of the row closest to home plate, and higher seat numbers run away from home plate.",not published,"""Rows in Section 307 are labeled 1-6, 7-27"" / ""There is a walkway betweeen Rows 6 and 7"" / ""An entrance to this section is located at Row 6"". ""Rows 19 & Above - Covered"", ""Rows 1-6, 7-27"" (note: NO ""Home Plate View"" insight on this page, unlike 300-306). Fan Reviews : ""St Louis Cardinals at San Diego Padres - Aug 2, 2025 - Good view, but a little far."" (Sec 307 / Row 12 - Baseball). ""Rows 19 and above are under cover"". RateYourSeats prints ""When looking towards the field/field/stage, lower number seats are on the right""; Petco Park Insider says ""In each section, Petco seat number 1 will be the closest to home plate. So, if you are sitting on the 1st base (right field) side, seat number 1 will be the leftmost.""","HIGH - zone, rows, location and seat direction stated by the source"
308,Upper Deck (300s),Upper Box and Reserved,"""Upper Deck Seating: Located in sections numbered in the 300s on the highest tier at Petco Park."" and ""These sections stretch across the entire upper deck, running from the right field corner across home plate to the left field corner.""",4,toward third base / left field,"1-6, 7-27",6,"Stairway aisles run along both side edges of the section; rows are not split by a mid-row aisle, so seat numbers run continuously from one side aisle to the other. The entry portal is at row 6.","Facing the field, seat 1 is on your right. That puts seat 1 on the edge facing section 306, with seat numbers counting up toward the edge facing section 310. Seat 1 is the end of the row closest to home plate, and higher seat numbers run away from home plate.",not published,"""Rows in Section 308 are labeled 1-6, 7-27"" / ""There is a walkway betweeen Rows 6 and 7"" / ""An entrance to this section is located at Row 6"". ""Rows 19 & Above - Covered"", ""Rows 1-6, 7-27"". ""Rows 19 and above are under cover"".","HIGH - zone, rows, location and seat direction stated by the source"
309,Upper Deck (300s),Upper Box and Reserved,"Landmark placement, zone review ""One popular spot is the Stone Brewing Beer Garden, located just outside Section 309, where fans can grab craft beer while enjoying views of the stadium.""",4,toward first base / right field,"1-4, 9-27",4,"Stairway aisles run along both side edges of the section; rows are not split by a mid-row aisle, so seat numbers run continuously from one side aisle to the other. The entry portal is at row 4.","Facing the field, seat 1 is on your left. That puts seat 1 on the edge facing section 307, with seat numbers counting up toward the edge facing section 311. Seat 1 is the end of the row closest to home plate, and higher seat numbers run away from home plate.",not published,"""Rows in Section 309 are labeled 1-4, 9-27"" / ""There is a walkway betweeen Rows 4 and 9"" / ""An entrance to this section is located at Row 4"". ""Top Pick for Outstanding ConvenienceRows 1-4"", ""Rows 19 & Above - Covered"", ""Rows 1-4, 9-27"". ""For baseball games, we recommend rows 1-4 for outstanding convenience"". ""Rows 19 and above are under cover"".","HIGH - zone, rows, location and seat direction stated by the source"
310,Upper Deck (300s),Upper Box and Reserved,"""Upper Deck Seating: Located in sections numbered in the 300s on the highest tier at Petco Park."" and ""These sections stretch across the entire upper deck, running from the right field corner across home plate to the left field corner.""",5,toward third base / left field,"1-4, 9-27",4,"Stairway aisles run along both side edges of the section; rows are not split by a mid-row aisle, so seat numbers run continuously from one side aisle to the other. The entry portal is at row 4.","Facing the field, seat 1 is on your right. That puts seat 1 on the edge facing section 308, with seat numbers counting up toward the edge facing section 312. Seat 1 is the end of the row closest to home plate, and higher seat numbers run away from home plate.",24,"Seating and Ticket Q&A, question ""How many seats are in Section 310 at Petco Park?"", answer ""Most rows in Section 310 will have 24 seats, with Seat 1 being on the aisle at the right side of the row as you face the field."" (photo caption on the same Q&A: ""Seating rows in Section 310 typically have 24 seats in each""; marked ""Verified Feb 2026""). Section 310 is EVEN, i.e. the third-base / left-field half per the discovery file, which is the half on which RateYourSeats and Petco Park Insider ALREADY AGREE (both put seat 1 on the fan's right there). This quote therefore corroborates the agreed half and does NOT by itself settle the odd/first-base half. ""Rows in Section 310 are labeled 1-4, 9-27"" / ""There is a walkway betweeen Rows 4 and 9"" / ""An entrance to this section is located at Row 4"".","HIGH - zone, rows, location and seat direction stated by the source"
311,Upper Deck (300s),Upper Box and Reserved,"""Upper Deck Seating: Located in sections numbered in the 300s on the highest tier at Petco Park."" and ""These sections stretch across the entire upper deck, running from the right field corner across home plate to the left field corner.""",5,toward first base / right field,"1-4, 9-27",4,"Stairway aisles run along both side edges of the section; rows are not split by a mid-row aisle, so seat numbers run continuously from one side aisle to the other. The entry portal is at row 4.","Facing the field, seat 1 is on your left. That puts seat 1 on the edge facing section 309, with seat numbers counting up toward the edge facing section 313. Seat 1 is the end of the row closest to home plate, and higher seat numbers run away from home plate.",not published,"""Rows in Section 311 are labeled 1-4, 9-27"" / ""There is a walkway betweeen Rows 4 and 9"" / ""An entrance to this section is located at Row 4"". ""Rows 19 & Above - Covered"", ""Rows 1-4, 9-27"". ""Rows 19 and above are under cover"".","HIGH - zone, rows, location and seat direction stated by the source"
312,Upper Deck (300s),Upper Box and Reserved,"""Pittsburgh Pirates at San Diego Padres - Jul 25, 2023 - Very high up on the third base side of the field but adequate viewing of the game."" (Sec 312 / Row 11 - Baseball). No expert/editorial placement for this section beyond the zone-level ""These sections stretch across the entire upper deck, running from the right field corner across home plate to the left field corner.""",6,toward third base / left field,"1-4, 9-27",4,"Stairway aisles run along both side edges of the section; rows are not split by a mid-row aisle, so seat numbers run continuously from one side aisle to the other. The entry portal is at row 4.","Facing the field, seat 1 is on your right. That puts seat 1 on the edge facing section 310, with seat numbers counting up toward the edge facing section 316. Seat 1 is the end of the row closest to home plate, and higher seat numbers run away from home plate.",not published,"""Rows in Section 312 are labeled 1-4, 9-27"" / ""There is a walkway betweeen Rows 4 and 9"" / ""An entrance to this section is located at Row 4"". ""Top Pick for Outstanding ConvenienceRows 1-4"", ""Rows 19 & Above - Covered"", ""Rows 1-4, 9-27"". ""For baseball games, we recommend rows 1-4 for outstanding convenience"". OBSTRUCTION - Seating and Ticket Q&A, question ""Is the view from Section 312, Row 25 Seat 6 at Petco Park obstructed?"", answer ""In the highest rows of the 300 level at Petco Park, there are beams supporting the roof. In most cases, these beams are on the aisle and do not affect sitelines."" / ""In select sections, including Section 312, there are additional beams that support the light structure above the section.""","HIGH - zone, rows, location and seat direction stated by the source"
313,Upper Deck (300s),Upper Box and Reserved,"""Upper Deck Seating: Located in sections numbered in the 300s on the highest tier at Petco Park."" and ""These sections stretch across the entire upper deck, running from the right field corner across home plate to the left field corner.""",6,toward first base / right field,1-3,3,"Stairway aisles run along both side edges of the section; rows are not split by a mid-row aisle, so seat numbers run continuously from one side aisle to the other. The entry portal is at row 3.","Facing the field, seat 1 is on your left. That puts seat 1 on the edge facing section 311, with seat numbers counting up toward the edge facing section 315. Seat 1 is the end of the row closest to home plate, and higher seat numbers run away from home plate.",not published,"""Rows in Section 313 are labeled 1-3"" / ""An entrance to this section is located at Row 3"". Only three rows; no walkway note. Section Insights list only ""Rows 1-3"" - there is NO ""Rows 19 & Above - Covered"" insight and NO Seating Notes block on this page.","HIGH - zone, rows, location and seat direction stated by the source"
315,Upper Deck (300s),Upper Box and Reserved,"""Upper Deck Seating: Located in sections numbered in the 300s on the highest tier at Petco Park."" and ""These sections stretch across the entire upper deck, running from the right field corner across home plate to the left field corner.""",7,toward first base / right field,"1-4, 9-27",4,"Stairway aisles run along both side edges of the section; rows are not split by a mid-row aisle, so seat numbers run continuously from one side aisle to the other. The entry portal is at row 4.","Facing the field, seat 1 is on your left. That puts seat 1 on the edge facing section 313, with seat numbers counting up toward the edge facing section 317. Seat 1 is the end of the row closest to home plate, and higher seat numbers run away from home plate.",not published,"""Rows in Section 315 are labeled 1-4, 9-27"" / ""There is a walkway betweeen Rows 4 and 9"" / ""An entrance to this section is located at Row 4"". ""Rows 19 & Above - Covered"", ""Rows 1-4, 9-27"". ""Rows 19 and above are under cover"". UNRESOLVED PARK-WIDE SEAT-1 CONFLICT applies (315 is ODD; the discovery file records the RateYourSeats shade guide listing ""Upper Deck in Right Field: Odd sections 315-329"", so 315 is in the right-field run where the two sources disagree): RateYourSeats prints ""When looking towards the field/field/stage, lower number seats are on the right""; Petco Park Insider says ""if you are sitting on the 1st base (right field) side, seat number 1 will be the leftmost.""","HIGH - zone, rows, location and seat direction stated by the source"
316,Upper Deck (300s),Upper Box and Reserved,"""Great view, but a long way up. - Sitting in the first row of section 316 was pretty good because there was a nice view. With that said, it took a long time to get there because I had to walk around multiple ramps. But sitting in left field at a 7 pm start time was nice because the sun was already going down."" (Sec 316 / Row 1 - Baseball). Also Section Insight ""Midfield View"" and Seating Note ""For football games, desirable view from near midfield"" (FOOTBALL-only wording).",7,toward third base / left field,"1-4, 9-27",4,"Stairway aisles run along both side edges of the section; rows are not split by a mid-row aisle, so seat numbers run continuously from one side aisle to the other. The entry portal is at row 4.","Facing the field, seat 1 is on your right. That puts seat 1 on the edge facing section 312, with seat numbers counting up toward the edge facing section 318. Seat 1 is the end of the row closest to home plate, and higher seat numbers run away from home plate.",not published,"""Rows in Section 316 are labeled 1-4, 9-27"" / ""There is a walkway betweeen Rows 4 and 9"" / ""An entrance to this section is located at Row 4"". ""Top Pick for Great Views of the FieldRows 1-6"" (printed run together), ""Midfield View"", ""Rows 19 & Above - Covered"", ""Rows 1-4, 9-27"". Fan Feedback is quoted in the location field above. ""Rows 19 and above are under cover"".","HIGH - zone, rows, location and seat direction stated by the source"
317,Upper Deck (300s),Upper Box and Reserved,"""Upper Deck Seating: Located in sections numbered in the 300s on the highest tier at Petco Park."" and ""These sections stretch across the entire upper deck, running from the right field corner across home plate to the left field corner.""",8,toward first base / right field,"1-6, 7-27",6,"Stairway aisles run along both side edges of the section; rows are not split by a mid-row aisle, so seat numbers run continuously from one side aisle to the other. The entry portal is at row 6.","Facing the field, seat 1 is on your left. That puts seat 1 on the edge facing section 315, with seat numbers counting up toward the edge facing section 319. Seat 1 is the end of the row closest to home plate, and higher seat numbers run away from home plate.",not published,"""Rows in Section 317 are labeled 1-6, 7-27"" / ""There is a walkway betweeen Rows 6 and 7"" / ""An entrance to this section is located at Row 6"". ""Rows 19 & Above - Covered"", ""Rows 1-6, 7-27"". ""Rows 19 and above are under cover"".","HIGH - zone, rows, location and seat direction stated by the source"
318,Upper Deck (300s),Upper Box and Reserved,"Section Insight ""Midfield View"" and Seating Note ""For football games, desirable view from near midfield"" (FOOTBALL-only wording; no baseball-side placement is given). ""These sections stretch across the entire upper deck, running from the right field corner across home plate to the left field corner.""",8,toward third base / left field,"1-6, 7-27",6,"Stairway aisles run along both side edges of the section; rows are not split by a mid-row aisle, so seat numbers run continuously from one side aisle to the other. The entry portal is at row 6.","Facing the field, seat 1 is on your right. That puts seat 1 on the edge facing section 316, with seat numbers counting up toward the edge facing section 320. Seat 1 is the end of the row closest to home plate, and higher seat numbers run away from home plate.",not published,"""Rows in Section 318 are labeled 1-6, 7-27"" / ""There is a walkway betweeen Rows 6 and 7"" / ""An entrance to this section is located at Row 6"". ""Top Pick for Great Views of the FieldRows 1-6"", ""Midfield View"", ""Rows 19 & Above - Covered"", ""Rows 1-6, 7-27"". ""For baseball games, we recommend rows 1-6 for great views of the field"". ""Rows 19 and above are under cover"".","HIGH - zone, rows, location and seat direction stated by the source"
319,Upper Deck (300s),Upper Box and Reserved,"""Upper Deck Seating: Located in sections numbered in the 300s on the highest tier at Petco Park."" and ""These sections stretch across the entire upper deck, running from the right field corner across home plate to the left field corner.""",9,toward first base / right field,"1-4, 9-27",4,"Stairway aisles run along both side edges of the section; rows are not split by a mid-row aisle, so seat numbers run continuously from one side aisle to the other. The entry portal is at row 4.","Facing the field, seat 1 is on your left. That puts seat 1 on the edge facing section 317, with seat numbers counting up toward the edge facing section 321. Seat 1 is the end of the row closest to home plate, and higher seat numbers run away from home plate.",not published,"""Rows in Section 319 are labeled 1-4, 9-27"" / ""There is a walkway betweeen Rows 4 and 9"" / ""An entrance to this section is located at Row 4"". ""Rows 19 & Above - Covered"", ""Rows 1-4, 9-27"". Fan Feedback : ""good value - Nice view of the entire field and sunset behind downtown. A bit far from the action but the panorama is nice. No concessions open upstairs."" (Sec 319 / Row 1 - Baseball). ""Rows 19 and above are under cover"".","HIGH - zone, rows, location and seat direction stated by the source"
320,Upper Deck (300s),Upper Box and Reserved,"Upper Box and Upper Reserved seating is located on the highest seating tier at Petco Park, with sections numbered in the 300s."" / ""These sections stretch across the entire upper deck, running from the right field corner across home plate to the left field corner.",9,toward third base / left field,"1-4, 9-27",4,"Stairway aisles run along both side edges of the section; rows are not split by a mid-row aisle, so seat numbers run continuously from one side aisle to the other. The entry portal is at row 4.","Facing the field, seat 1 is on your right. That puts seat 1 on the edge facing section 318, with seat numbers counting up toward the edge facing section 322. Seat 1 is the end of the row closest to home plate, and higher seat numbers run away from home plate.",not published,"""Rows in Section 320 are labeled 1-4, 9-27""; ""There is a walkway betweeen Rows 4 and 9""; ""An entrance to this section is located at Row 4"". ""Rows 19 & Above - Covered"" / ""Rows 1-4, 9-27"". ""Rows 19 and above are under cover"". Fan Feedback : ""The row may be ok, but these seats are rough, lots of traffic."" - ""My seats were 1, 2, 3, and 4. The isle seats. Lots of people walking in and out, blocking the view. I missed most of the game. Maybe further down would be ok, but not here. The glass barrier also blocks the view. Maybe if your tall the glass barrier wouldn’t block so much, but the people still will. Also, shade after 130pm."" (Sec 320 / Row 11 - Baseball). people walking in the aisle and a glass barrier.","HIGH - zone, rows, location and seat direction stated by the source"
321,Upper Deck (300s),Upper Box and Reserved,"Upper Box and Upper Reserved seating is located on the highest seating tier at Petco Park, with sections numbered in the 300s."" / ""These sections stretch across the entire upper deck, running from the right field corner across home plate to the left field corner.",10,toward first base / right field,7-27,UNKNOWN,"Stairway aisles run along both side edges of the section; rows are not split by a mid-row aisle, so seat numbers run continuously from one side aisle to the other. The entry portal row is not published for this section.","Facing the field, seat 1 is on your left. That puts seat 1 on the edge facing section 319, with seat numbers counting up toward the edge facing section 323. Seat 1 is the end of the row closest to home plate, and higher seat numbers run away from home plate.",not published,"""Rows in Section 321 are labeled 7-27"". ""Rows 19 & Above - Covered"" / ""Rows 7-27"". ""Rows 19 and above are under cover"". INTERNAL TENSION, both readings recorded: the RYS zone review states ""Upper Box vs Upper Reserved: Rows 1-6 are Upper Box, while rows above Row 6 are Upper Reserved"", yet this section's labelled rows start at 7 and contain no rows 1-6.","HIGH - zone, rows, location and seat direction stated by the source"
322,Upper Deck (300s),Upper Box and Reserved,"Upper Box and Upper Reserved seating is located on the highest seating tier at Petco Park, with sections numbered in the 300s."" / ""These sections stretch across the entire upper deck, running from the right field corner across home plate to the left field corner.",10,toward third base / left field,9-27,UNKNOWN,"Stairway aisles run along both side edges of the section; rows are not split by a mid-row aisle, so seat numbers run continuously from one side aisle to the other. The entry portal row is not published for this section.","Facing the field, seat 1 is on your right. That puts seat 1 on the edge facing section 320, with seat numbers counting up toward the edge facing section 324. Seat 1 is the end of the row closest to home plate, and higher seat numbers run away from home plate.",not published,"""Rows in Section 322 are labeled 9-27"". ""Rows 19 & Above - Covered"" / ""Rows 9-27"". ""Rows 19 and above are under cover"". INTERNAL TENSION, both readings recorded: the RYS zone review states ""Upper Box vs Upper Reserved: Rows 1-6 are Upper Box, while rows above Row 6 are Upper Reserved"", yet this section's labelled rows start at 9 and contain no rows 1-6.","HIGH - zone, rows, location and seat direction stated by the source"
323,Upper Deck (300s),Upper Box and Reserved,"Upper Box and Upper Reserved seating is located on the highest seating tier at Petco Park, with sections numbered in the 300s."" / ""These sections stretch across the entire upper deck, running from the right field corner across home plate to the left field corner.",11,toward first base / right field,"1-6, 9-27",6,"Stairway aisles run along both side edges of the section; rows are not split by a mid-row aisle, so seat numbers run continuously from one side aisle to the other. The entry portal is at row 6.","Facing the field, seat 1 is on your left. That puts seat 1 on the edge facing section 321, with seat numbers counting up toward the edge facing section 325. Seat 1 is the end of the row closest to home plate, and higher seat numbers run away from home plate.",not published,"""Rows in Section 323 are labeled 1-6, 9-27""; ""There is a walkway betweeen Rows 6 and 9""; ""An entrance to this section is located at Row 6"". ""Rows 19 & Above - Covered"" / ""Rows 1-6, 9-27"". ""Rows 19 and above are under cover"". Rows 7 and 8 are not labelled in this section.","HIGH - zone, rows, location and seat direction stated by the source"
324,Upper Deck (300s),Upper Box and Reserved,"Upper Box and Upper Reserved seating is located on the highest seating tier at Petco Park, with sections numbered in the 300s."" / ""These sections stretch across the entire upper deck, running from the right field corner across home plate to the left field corner.",11,toward third base / left field,"1-4, 9-27",3,"Stairway aisles run along both side edges of the section; rows are not split by a mid-row aisle, so seat numbers run continuously from one side aisle to the other. The entry portal is at row 3.","Facing the field, seat 1 is on your right. That puts seat 1 on the edge facing section 322, with seat numbers counting up toward the edge facing section 326. Seat 1 is the end of the row closest to home plate, and higher seat numbers run away from home plate.",not published,"""Rows in Section 324 are labeled 1-4, 9-27""; ""There is a walkway betweeen Rows 4 and 9""; ""An entrance to this section is located at Row 3"". ""Top Pick for Outstanding ConvenienceRows 1-4"" / ""Rows 19 & Above - Covered"" / ""Rows 1-4, 9-27"". ""For baseball games, we recommend rows 1-4 for outstanding convenience"" and ""Rows 19 and above are under cover"". INTERNAL TENSION, both readings recorded: the RYS zone review states ""Upper Box vs Upper Reserved: Rows 1-6 are Upper Box, while rows above Row 6 are Upper Reserved"", yet this section's row labels are ""1-4, 9-27"" and contain no rows 5-8.","HIGH - zone, rows, location and seat direction stated by the source"
325,Upper Deck (300s),Upper Box and Reserved,"Upper Box and Upper Reserved seating is located on the highest seating tier at Petco Park, with sections numbered in the 300s."" / ""These sections stretch across the entire upper deck, running from the right field corner across home plate to the left field corner.",12,toward first base / right field,"1-4, 9-27",4,"Stairway aisles run along both side edges of the section; rows are not split by a mid-row aisle, so seat numbers run continuously from one side aisle to the other. The entry portal is at row 4.","Facing the field, seat 1 is on your left. That puts seat 1 on the edge facing section 323, with seat numbers counting up toward the edge facing section 327. Seat 1 is the end of the row closest to home plate, and higher seat numbers run away from home plate.",not published,"""Rows in Section 325 are labeled 1-4, 9-27""; ""There is a walkway betweeen Rows 4 and 9""; ""An entrance to this section is located at Row 4"". ""Rows 19 & Above - Covered"" / ""Rows 1-4, 9-27"". ""Rows 19 and above are under cover"". INTERNAL TENSION, both readings recorded: the RYS zone review states ""Upper Box vs Upper Reserved: Rows 1-6 are Upper Box, while rows above Row 6 are Upper Reserved"", yet this section's row labels are ""1-4, 9-27"" and contain no rows 5-8. RYS' shade guide (not this page) lists ""Upper Deck in Right Field: Odd sections 315-329"" under seats in the sun - recorded here only as a cross-reference, not as a statement on this section page.","HIGH - zone, rows, location and seat direction stated by the source"
326,Upper Deck (300s),Upper Box and Reserved,"Upper Box and Upper Reserved seating is located on the highest seating tier at Petco Park, with sections numbered in the 300s."" / ""These sections stretch across the entire upper deck, running from the right field corner across home plate to the left field corner.",12,toward third base / left field,"1-6, 7-27",6,"Stairway aisles run along both side edges of the section; rows are not split by a mid-row aisle, so seat numbers run continuously from one side aisle to the other. The entry portal is at row 6.","Facing the field, seat 1 is on your right. That puts seat 1 on the edge facing section 324, with seat numbers counting up toward the edge facing section 328. Seat 1 is the end of the row closest to home plate, and higher seat numbers run away from home plate.",not published,"""Rows in Section 326 are labeled 1-6, 7-27""; ""There is a walkway betweeen Rows 6 and 7""; ""An entrance to this section is located at Row 6"". ""Rows 19 & Above - Covered"" / ""Rows 1-6, 7-27"". ""Rows 19 and above are under cover"". This is the only section in this batch whose two row runs are contiguous (1-6 then 7-27) yet still separated by a stated walkway.","HIGH - zone, rows, location and seat direction stated by the source"
327,Upper Deck (300s),Upper Box and Reserved,"Upper Box and Upper Reserved seating is located on the highest seating tier at Petco Park, with sections numbered in the 300s."" / ""These sections stretch across the entire upper deck, running from the right field corner across home plate to the left field corner.",13,toward first base / right field,"1-6, 9-27",6,"Stairway aisles run along both side edges of the section; rows are not split by a mid-row aisle, so seat numbers run continuously from one side aisle to the other. The entry portal is at row 6.","Facing the field, seat 1 is on your left. That puts seat 1 on the edge facing section 325, with seat numbers counting up toward the edge facing section 329. Seat 1 is the end of the row closest to home plate, and higher seat numbers run away from home plate.",not published,"""Rows in Section 327 are labeled 1-6, 9-27""; ""There is a walkway betweeen Rows 6 and 9""; ""An entrance to this section is located at Row 6"". ""Rows 19 & Above - Covered"" / ""Rows 1-6, 9-27"". ""Rows 19 and above are under cover"". Rows 7 and 8 are not labelled in this section.","HIGH - zone, rows, location and seat direction stated by the source"
328,Upper Deck (300s),Upper Box and Reserved,"""For a unique ballpark setting, consider sitting near Section 328, which sits beside the historic Western Metal Supply building, one of the most recognizable architectural features at Petco Park."" (also ""Upper Box and Upper Reserved seating is located on the highest seating tier at Petco Park, with sections numbered in the 300s."")",13,toward third base / left field,"1-4, 9-27",4,"Stairway aisles run along both side edges of the section; rows are not split by a mid-row aisle, so seat numbers run continuously from one side aisle to the other. The entry portal is at row 4.","Facing the field, seat 1 is on your right. That puts seat 1 on the edge facing section 326, with seat numbers counting up toward the far edge of the section, with no further section beyond it on that side. Seat 1 is the end of the row closest to home plate, and higher seat numbers run away from home plate.",not published,"""Rows in Section 328 are labeled 1-4, 9-27""; ""There is a walkway betweeen Rows 4 and 9""; ""An entrance to this section is located at Row 4"". ""Rows 19 & Above - Covered"" / ""Rows 1-4, 9-27"". ""Rows 19 and above are under cover"". This is the ONLY section in this batch that the RYS ""For a unique ballpark setting, consider sitting near Section 328, which sits beside the historic Western Metal Supply building, one of the most recognizable architectural features at Petco Park."" The page does not itself say the Western Metal building is in left field. INTERNAL TENSION, both readings recorded: the RYS zone review states ""Upper Box vs Upper Reserved: Rows 1-6 are Upper Box, while rows above Row 6 are Upper Reserved"", yet this section's row labels are ""1-4, 9-27"" and contain no rows 5-8.","HIGH - zone, rows, location and seat direction stated by the source"
329,Upper Deck (300s),Upper Box and Reserved,"Upper Box and Upper Reserved seating is located on the highest seating tier at Petco Park, with sections numbered in the 300s."" / ""These sections stretch across the entire upper deck, running from the right field corner across home plate to the left field corner.",14,toward first base / right field,1-1,1,"Stairway aisles run along both side edges of the section; rows are not split by a mid-row aisle, so seat numbers run continuously from one side aisle to the other. The entry portal is at row 1.","Facing the field, seat 1 is on your left. That puts seat 1 on the edge facing section 327, with seat numbers counting up toward the far edge of the section, with no further section beyond it on that side. Seat 1 is the end of the row closest to home plate, and higher seat numbers run away from home plate.",not published,"""Rows in Section 329 are labeled 1-1"" and ""An entrance to this section is located at Row 1"" - i.e. a SINGLE row. ""Rows 1-1"" (no covered-rows insight and no Seating Notes block at all on this page, unlike every other section in this batch). Only one seat view exists (""Baseball Seat View From Section 329, Row 1"") and no price is listed.","HIGH - zone, rows, location and seat direction stated by the source"
A,"Clubs, suites and other named areas",Premier Club,"Located behind home plate in the only lettered sections at Petco Park."" ""Located between the dugouts at Petco Park, positioned just behind the Home Plate Club and Field Box VIP seats."" ""Sections A and B sit closer to the visitor dugout.",,not part of the numbered seating bowl,1-10,UNKNOWN,"The source describes this as a named area rather than a numbered section, so it publishes no aisle layout for it.","Facing the field, seat 1 is on your right. That is stated on this area's own page. It sits outside the numbered seating bowl, so there is no neighbouring section to describe it against.",not published,"Premium seating area as part of the Premier Club. ""Wider padded seats designed for added comfort."" ""Includes access to the Compass Premier Club lounge just steps from the seating sections."" ""In-Seat Wait Service (Padres Games)."" ""Rows 9 & Above - Covered"" and ""Rows 9 and above will be fully under the overhang."" Per-section page with row detail. ""Rows 3 and higher typically receive some shade during games.""","MEDIUM - rows confirmed, no seat numbering published for this section"
Agave Club,"Clubs, suites and other named areas",Clubs and suites,"Located at the end of the Terrace Level on the third base side."" ""The Agave Club is located at the end of the Toyota Terrace Level on the third base side of Petco Park.",,not part of the numbered seating bowl,Standard stadium seating (Rows 1-12),UNKNOWN,"The source describes this as a named area rather than a numbered section, so it publishes no aisle layout for it.","This area sits outside the numbered seating bowl and no seat numbering is published for it. Check the seat numbers printed on your own ticket, or ask the ticket office.",not published,"Zone/area description page rather than a per-section page; no entrance row or seat-numbering detail is published. A premium space that debuted in 2024, spanning several seating types: standard stadium seats, table seating (TR1-TR3) and drink rail seating (BR). Includes semi-inclusive food and beverage, exclusive club lounge access, cushioned seating and consistent shade. No obstructions mentioned.","MEDIUM - rows confirmed, no seat numbering published for this section"
B,"Clubs, suites and other named areas",Premier Clu,"Located behind home plate in the only lettered sections at Petco Park."" ""Located between the dugouts at Petco Park, positioned just behind the Home Plate Club and Field Box VIP seats."" ""Sections A and B sit closer to the visitor dugout.",,not part of the numbered seating bowl,1-10,UNKNOWN,"The source describes this as a named area rather than a numbered section, so it publishes no aisle layout for it.","Facing the field, seat 1 is on your right. That is stated on this area's own page. It sits outside the numbered seating bowl, so there is no neighbouring section to describe it against.",not published,"Premium seating area as part of the Premier Club. ""Wider padded seats designed for added comfort."" ""Includes access to the Compass Premier Club lounge just steps from the seating sections."" ""In-Seat Wait Service (Padres Games)."" ""Rows 9 & Above - Covered"" and ""Rows 9 and above will be fully under the overhang."" Per-section page with row detail.","MEDIUM - rows confirmed, no seat numbering published for this section"
C,"Clubs, suites and other named areas",Premier Club,"Located behind home plate in the only lettered sections at Petco Park."" ""Located between the dugouts at Petco Park, positioned just behind the Home Plate Club and Field Box VIP seats.",,not part of the numbered seating bowl,1-12,UNKNOWN,"The source describes this as a named area rather than a numbered section, so it publishes no aisle layout for it.","Facing the field, seat 1 is on your right. That is stated on this area's own page. It sits outside the numbered seating bowl, so there is no neighbouring section to describe it against.",not published,"Premium seating area as part of the Premier Club. ""Wider padded seats designed for added comfort."" ""Includes access to the Compass Premier Club lounge just steps from the seating sections."" ""In-Seat Wait Service (Padres Games)."" ""Rows 9 & Above - Covered"" and ""Rows 9 and above will be fully under the overhang."" Per-section page with row detail.","MEDIUM - rows confirmed, no seat numbering published for this section"
Coronado Club 206,"Clubs, suites and other named areas",Clubs and suites,"Located on the 200 Level between home plate and third base."" The club is ""located on the Terrace Level (200 Level) at Petco Park, positioned between home plate and third base,"" comprising ""Sections TCL 206, TCL 208, and TCL 210, which sit directly above the Toyota Terrace sections 206-210.",,not part of the numbered seating bowl,UNKNOWN,UNKNOWN,"The source describes this as a named area rather than a numbered section, so it publishes no aisle layout for it.","This area sits outside the numbered seating bowl and no seat numbering is published for it. Check the seat numbers printed on your own ticket, or ask the ticket office.",not published,"Zone page covering the whole Coronado Club rather than a per-section page, so no row labels, entrance row or seat-numbering detail is published for this identifier. The page states ""Each section features just two rows of cushioned, theater-style seats"" and describes ""fully cushioned, movie-theater-style chairs,"" an open-air club space with a private lounge and cash bar, all-inclusive dining with non-alcoholic beverages for Padres games, in-seat service, and unobstructed sightlines above the lower bowl. Sold as an exclusive hospitality experience.",LOW - no row data published for this section
Coronado Club 208,"Clubs, suites and other named areas",Clubs and suites,"Located on the 200 Level between home plate and third base."" The club is ""located on the Terrace Level (200 Level) at Petco Park, positioned between home plate and third base,"" comprising ""Sections TCL 206, TCL 208, and TCL 210, which sit directly above the Toyota Terrace sections 206-210.",,not part of the numbered seating bowl,UNKNOWN,UNKNOWN,"The source describes this as a named area rather than a numbered section, so it publishes no aisle layout for it.","This area sits outside the numbered seating bowl and no seat numbering is published for it. Check the seat numbers printed on your own ticket, or ask the ticket office.",not published,"Zone page covering the whole Coronado Club rather than a per-section page, so no row labels, entrance row or seat-numbering detail is published for this identifier. The page states ""Each section features just two rows of cushioned, theater-style seats"" and describes ""fully cushioned, movie-theater-style chairs,"" an open-air club space with a private lounge and cash bar, all-inclusive dining with non-alcoholic beverages for Padres games, in-seat service, and unobstructed sightlines above the lower bowl. Sold as an exclusive hospitality experience.",LOW - no row data published for this section
Coronado Club 210,"Clubs, suites and other named areas",Clubs and suites,"Located on the 200 Level between home plate and third base."" The club is ""located on the Terrace Level (200 Level) at Petco Park, positioned between home plate and third base,"" comprising ""Sections TCL 206, TCL 208, and TCL 210, which sit directly above the Toyota Terrace sections 206-210.",,not part of the numbered seating bowl,UNKNOWN,UNKNOWN,"The source describes this as a named area rather than a numbered section, so it publishes no aisle layout for it.","This area sits outside the numbered seating bowl and no seat numbering is published for it. Check the seat numbers printed on your own ticket, or ask the ticket office.",not published,"Zone page covering the whole Coronado Club rather than a per-section page, so no row labels, entrance row or seat-numbering detail is published for this identifier. The page states ""Each section features just two rows of cushioned, theater-style seats"" and describes ""fully cushioned, movie-theater-style chairs,"" an open-air club space with a private lounge and cash bar, all-inclusive dining with non-alcoholic beverages for Padres games, in-seat service, and unobstructed sightlines above the lower bowl. Sold as an exclusive hospitality experience.",LOW - no row data published for this section
D,"Clubs, suites and other named areas",Premier Club,"Located behind home plate in the only lettered sections at Petco Park."" ""Located behind home plate, these seats allow fans to clearly track every pitch, defensive alignment, and play across the entire field.",,not part of the numbered seating bowl,1-15,UNKNOWN,"The source describes this as a named area rather than a numbered section, so it publishes no aisle layout for it.","Facing the field, seat 1 is on your right. That is stated on this area's own page. It sits outside the numbered seating bowl, so there is no neighbouring section to describe it against.",not published,"Premium seating area as part of the Premier Club. ""Wider padded seats designed for added comfort."" ""Includes access to the Compass Premier Club lounge just steps from the seating sections."" ""In-Seat Wait Service (Padres Games)."" ""Rows 9 & Above - Covered"" and ""Rows 9 and above will be fully under the overhang."" Per-section page with row detail.","MEDIUM - rows confirmed, no seat numbering published for this section"
E,"Clubs, suites and other named areas",Premier Club,"Located behind home plate in the only lettered sections at Petco Park."" ""Located between the dugouts at Petco Park, positioned just behind the Home Plate Club and Field Box VIP seats.",,not part of the numbered seating bowl,1-15,UNKNOWN,"The source describes this as a named area rather than a numbered section, so it publishes no aisle layout for it.","Facing the field, seat 1 is on your right. That is stated on this area's own page. It sits outside the numbered seating bowl, so there is no neighbouring section to describe it against.",not published,"Premium seating area as part of the Premier Club. ""Wider padded seats designed for added comfort."" ""Includes access to the Compass Premier Club lounge just steps from the seating sections."" ""In-Seat Wait Service (Padres Games)."" ""Rows 9 & Above - Covered"" and ""Rows 9 and above will be fully under the overhang."" Per-section page with row detail.","MEDIUM - rows confirmed, no seat numbering published for this section"
F,"Clubs, suites and other named areas",Premier Club,"Located behind home plate in the only lettered sections at Petco Park."" ""Located between the dugouts at Petco Park, positioned just behind the Home Plate Club and Field Box VIP seats.",,not part of the numbered seating bowl,"1-20, DR",1,"The source describes this as a named area rather than a numbered section, so it publishes no aisle layout for it. The entry portal is at row 1.","Facing the field, seat 1 is on your right. That is stated on this area's own page. It sits outside the numbered seating bowl, so there is no neighbouring section to describe it against.",not published,"Premium seating area as part of the Premier Club. ""Wider padded seats designed for added comfort."" ""Includes access to the Compass Premier Club lounge just steps from the seating sections."" ""In-Seat Wait Service (Padres Games)."" ""Rows 9 & Above - Covered"" and ""Rows 9 and above will be fully under the overhang."" Per-section page with row detail.","MEDIUM - rows confirmed, no seat numbering published for this section"
G,"Clubs, suites and other named areas",Premier Club,"Located behind home plate in the only lettered sections at Petco Park."" ""Located directly behind home plate between sections 107 and 108.",,not part of the numbered seating bowl,"1-20, DR",1,"The source describes this as a named area rather than a numbered section, so it publishes no aisle layout for it. The entry portal is at row 1.","Facing the field, seat 1 is on your right. That is stated on this area's own page. It sits outside the numbered seating bowl, so there is no neighbouring section to describe it against.",not published,"Premium seating area as part of the Premier Club. ""Wider padded seats designed for added comfort."" ""Includes access to the Compass Premier Club lounge just steps from the seating sections."" ""In-Seat Wait Service (Padres Games)."" ""Rows 9 & Above - Covered"" and ""Rows 9 and above will be fully under the overhang."" Per-section page with row detail. The page also cites access to ""the Lexus Club, an upscale lounge.""","MEDIUM - rows confirmed, no seat numbering published for this section"
Gallagher Square,"Clubs, suites and other named areas",General admission,"Located beyond the outfield at Petco Park."" ""Nearly three acres of grass, trees, and open park space beyond the outfield.",,not part of the numbered seating bowl,UNKNOWN,UNKNOWN,"The source describes this as a named area rather than a numbered section, so it publishes no aisle layout for it.","This area sits outside the numbered seating bowl and no seat numbering is published for it. Check the seat numbers printed on your own ticket, or ask the ticket office.",not published,"Zone/area description page rather than a per-section page, so there are no rows, entrance row or seat numbers for this identifier. A ""General Admission Area"" with ""no assigned seats and fans can set up anywhere within the designated area."" Formerly known as Park at the Park. Includes open green space, trees and a small baseball field where kids can play during the game; described as family-friendly and budget-friendly. ""Views of the game from Gallagher Square are limited compared to traditional seating sections.""",LOW - no row data published for this section
Gallaghers Club A,"Clubs, suites and other named areas",Clubs and suites,"Located on the Toyota Terrace Level (200 Level) directly behind home plate,"" ""positioned near the Padres Ownership Suite."" The club consists of ""two exclusive sections labeled GC A and GC B.",,not part of the numbered seating bowl,UNKNOWN,UNKNOWN,"The source describes this as a named area rather than a numbered section, so it publishes no aisle layout for it.","This area sits outside the numbered seating bowl and no seat numbering is published for it. Check the seat numbers printed on your own ticket, or ask the ticket office.",not published,"Zone page for the Gallagher Chairman's Club rather than a per-section page, so no row labels, entrance row or seat-numbering detail is published for this identifier. Ultra-premium area with ""fully cushioned theater-style seats with personal tray tables""; Padres tickets ""typically include food, beverages, and bar service"" plus ""access to the exclusive Chairman's Club Lounge"" with upscale seating areas and large-screen televisions, and in-seat wait service. Aimed at ""VIP guests, corporate entertaining, or fans celebrating special occasions."" No obstructions mentioned.",LOW - no row data published for this section
Gallaghers Club B,"Clubs, suites and other named areas",Clubs and suites,"Located on the Toyota Terrace Level (200 Level) directly behind home plate,"" ""positioned near the Padres Ownership Suite."" The club consists of ""two exclusive sections labeled GC A and GC B.",,not part of the numbered seating bowl,UNKNOWN,UNKNOWN,"The source describes this as a named area rather than a numbered section, so it publishes no aisle layout for it.","This area sits outside the numbered seating bowl and no seat numbering is published for it. Check the seat numbers printed on your own ticket, or ask the ticket office.",not published,"Zone page for the Gallagher Chairman's Club rather than a per-section page, so no row labels, entrance row or seat-numbering detail is published for this identifier. Ultra-premium area with ""fully cushioned theater-style seats with personal tray tables""; Padres tickets ""typically include food, beverages, and bar service"" plus ""access to the exclusive Chairman's Club Lounge"" with upscale seating areas and large-screen televisions, and in-seat wait service. Aimed at ""VIP guests, corporate entertaining, or fans celebrating special occasions."" No obstructions mentioned.",LOW - no row data published for this section
H,"Clubs, suites and other named areas",Premier Club,"Located behind home plate in the only lettered sections at Petco Park."" ""Located behind home plate, these seats allow fans to clearly track every pitch, defensive alignment, and play across the entire field.",,not part of the numbered seating bowl,1-15,UNKNOWN,"The source describes this as a named area rather than a numbered section, so it publishes no aisle layout for it.","Facing the field, seat 1 is on your right. That is stated on this area's own page. It sits outside the numbered seating bowl, so there is no neighbouring section to describe it against.",not published,"Premium seating area as part of the Premier Club. ""Wider padded seats designed for added comfort."" ""Includes access to the Compass Premier Club lounge just steps from the seating sections."" ""In-Seat Wait Service (Padres Games)."" ""Rows 9 & Above - Covered"" and ""Rows 9 and above will be fully under the overhang."" Per-section page with row detail.","MEDIUM - rows confirmed, no seat numbering published for this section"
I,"Clubs, suites and other named areas",Premier Club,"Located behind home plate in the only lettered sections at Petco Park."" ""Located between the dugouts at Petco Park, positioned just behind the Home Plate Club and Field Box VIP seats.",,not part of the numbered seating bowl,1-15,UNKNOWN,"The source describes this as a named area rather than a numbered section, so it publishes no aisle layout for it.","Facing the field, seat 1 is on your right. That is stated on this area's own page. It sits outside the numbered seating bowl, so there is no neighbouring section to describe it against.",not published,"Premium seating area as part of the Premier Club. ""Wider padded seats designed for added comfort."" ""Includes access to the Compass Premier Club lounge just steps from the seating sections."" ""In-Seat Wait Service (Padres Games)."" ""Rows 9 & Above - Covered"" and ""Rows 9 and above will be fully under the overhang."" Per-section page with row detail. ""Rows 3 and higher typically receive some shade during games.""","MEDIUM - rows confirmed, no seat numbering published for this section"
J,"Clubs, suites and other named areas",Premier Club,"Located behind home plate in the only lettered sections at Petco Park."" ""Located between the dugouts at Petco Park, positioned just behind the Home Plate Club and Field Box VIP seats.",,not part of the numbered seating bowl,1-15,UNKNOWN,"The source describes this as a named area rather than a numbered section, so it publishes no aisle layout for it.","Facing the field, seat 1 is on your right. That is stated on this area's own page. It sits outside the numbered seating bowl, so there is no neighbouring section to describe it against.",not published,"Premium seating area as part of the Premier Club. ""Wider padded seats designed for added comfort."" ""Includes access to the Compass Premier Club lounge just steps from the seating sections."" ""In-Seat Wait Service (Padres Games)."" ""Rows 9 & Above - Covered"" and ""Rows 9 and above will be fully under the overhang."" Per-section page with row detail.","MEDIUM - rows confirmed, no seat numbering published for this section"
K,"Clubs, suites and other named areas",Premier Club,"Located behind home plate in the only lettered sections at Petco Park."" ""Located between the dugouts at Petco Park, positioned just behind the Home Plate Club and Field Box VIP seats."" ""Sections L and K will be closest to the Padres dugout.",,not part of the numbered seating bowl,1-16,UNKNOWN,"The source describes this as a named area rather than a numbered section, so it publishes no aisle layout for it.","Facing the field, seat 1 is on your right. That is stated on this area's own page. It sits outside the numbered seating bowl, so there is no neighbouring section to describe it against.",not published,"Premium seating area as part of the Premier Club. ""Wider padded seats designed for added comfort."" ""Includes access to the Compass Premier Club lounge just steps from the seating sections."" ""In-Seat Wait Service (Padres Games)."" ""Rows 9 & Above - Covered"" and ""Rows 9 and above will be fully under the overhang."" Per-section page with row detail. ""Rows 3 and higher typically receive some shade during games.""","MEDIUM - rows confirmed, no seat numbering published for this section"
L,"Clubs, suites and other named areas",Premier Club,"Located behind home plate in the only lettered sections at Petco Park."" ""Sections L and K will be closest to the Padres dugout.",,not part of the numbered seating bowl,1-16,UNKNOWN,"The source describes this as a named area rather than a numbered section, so it publishes no aisle layout for it.","Facing the field, seat 1 is on your right. That is stated on this area's own page. It sits outside the numbered seating bowl, so there is no neighbouring section to describe it against.",not published,"Premium seating area as part of the Premier Club. ""Wider padded seats designed for added comfort."" ""Includes access to the Compass Premier Club lounge just steps from the seating sections."" ""In-Seat Wait Service (Padres Games)."" ""Rows 9 & Above - Covered"" and ""Rows 9 and above will be fully under the overhang."" Per-section page with row detail. ""Rows 3 and higher typically receive some shade during games.""","MEDIUM - rows confirmed, no seat numbering published for this section"
Rail Seats,"Clubs, suites and other named areas",Drink rail,"Down the left field line inside the Western Metal Building."" ""Located down the left field line with views toward the infield and outfield.",,not part of the numbered seating bowl,UNKNOWN,UNKNOWN,"The source describes this as a named area rather than a numbered section, so it publishes no aisle layout for it.","This area sits outside the numbered seating bowl and no seat numbering is published for it. Check the seat numbers printed on your own ticket, or ask the ticket office.",not published,"Zone/area description page (The Rail) rather than a per-section page, so no row labels, entrance row or seat-numbering detail is published. ""Pub-style seating located along a drink rail inside the Western Metal Building,"" with ""swivel chairs at a rail"" and a ""landing area for mingling"" behind the seats. Includes ""access to the Hall of Fame Bar & Grill patio""; food and beverage may be included depending on ticket plan. Suited to groups who want to sit, stand and mingle rather than use traditional stadium seating.",LOW - no row data published for this section
The Landing,"Clubs, suites and other named areas",General admission,"For concerts the page states ""Behind/Side Stage (most shows)"" and ""The Landing is behind the stage or to the side of the stage for most concerts.""",,not part of the numbered seating bowl,"This is a general admission seating area. Seats and rows are not assigned and are first-come, first-serve.",UNKNOWN,"The source describes this as a named area rather than a numbered section, so it publishes no aisle layout for it.","This area sits outside the numbered seating bowl and no seat numbering is published for it. Check the seat numbers printed on your own ticket, or ask the ticket office.",not published,"Zone/area description page without row detail. seats and rows are not assigned and are first-come, first-serve. For concerts the area may have restricted or limited sightlines because of its position relative to the stage.","MEDIUM - rows confirmed, no seat numbering published for this section"
The Point,"Clubs, suites and other named areas",Upper Level Outfield,"The page categorises The Point as ""Upper Level Outfield (Baseball)"" but does not state which field side it occupies. For concerts it states ""Behind/Side Stage (most shows)"" and ""The Point is behind the stage or to the side of the stage for most concerts.""",,not part of the numbered seating bowl,"1, SRO",SRO,"The source describes this as a named area rather than a numbered section, so it publishes no aisle layout for it. The entry portal is at row SRO.","Facing the field, seat 1 is on your right. That is stated on this area's own page. It sits outside the numbered seating bowl, so there is no neighbouring section to describe it against.",not published,"""An area named Standing is located behind Row 1."" ""Upper Level Outfield sections are the furthest of any outfield seating option and will also see some of the least amount of shade at Petco Park (avoid the right field side if you're wanting to stay out of the sun)."" For concerts the view is limited or restricted because the area sits behind or to the side of the stage.","MEDIUM - rows confirmed, no seat numbering published for this section"
