section,level,zone,location_in_stadium,sections_from_home_plate,direction_from_home_plate,rows_in_section,entrance_row,aisle_and_walkway_locations,seat_numbering,seats_per_row,notes,confidence
11,Clover Home Plate Club (11-19),Clover Home Plate Club,"""The Clover Home Plate Club is located in Sections 11–19 directly behind home plate at Citi Field, positioned just behind the field-level Delta Sky360 Club seats."" (from RYS Expert Review on this page)",0,behind home plate,1-11,11,"Stairway aisles run along both side edges of the section; rows are not split by a mid-row aisle, so seat numbers run continuously from one side aisle to the other. The entry portal is at row 11.","Facing the field, seat 1 is on your left. That puts seat 1 on the edge facing section 12, with seat numbers counting up toward the far edge of the section, with no further section beyond it on that side. This section is behind home plate, so seat 1 is on its third-base side.",not published,"Premium seating area as part of the Clover Home Plate Club. Clover Gold Rows 1-6, Clover Silver Rows 7 and higher. Fan Feedback item on this page reads 'Front of sections 107-128 are behind the netting or fencing — There is some amount of netting or screening in front of sections 107-128... The netting extends from sections 111-124, and there is a protective fence that extends down the right and left field lines until sections 107 and 128.'","HIGH - zone, rows, location and seat direction stated by the source"
12,Clover Home Plate Club (11-19),Clover Home Plate Club,"""The Clover Home Plate Club is located in Sections 11–19 directly behind home plate at Citi Field, positioned just behind the field-level Delta Sky360 Club seats."" (from RYS Expert Review on this page)",0,behind home plate,1-12,12,"Stairway aisles run along both side edges of the section; rows are not split by a mid-row aisle, so seat numbers run continuously from one side aisle to the other. The entry portal is at row 12.","Facing the field, seat 1 is on your left. That puts seat 1 on the edge facing section 13, with seat numbers counting up toward the edge facing section 11. This section is behind home plate, so seat 1 is on its third-base side.",not published,"Premium seating area as part of the Clover Home Plate Club. Fan Feedback item on this page reads 'Front of sections 107-128 are behind the netting or fencing — ...The netting extends from sections 111-124, and there is a protective fence that extends down the right and left field lines until sections 107 and 128.'","HIGH - zone, rows, location and seat direction stated by the source"
13,Clover Home Plate Club (11-19),Clover Home Plate Club,"""The Clover Home Plate Club is located in Sections 11–19 directly behind home plate at Citi Field, positioned just behind the field-level Delta Sky360 Club seats."" (from RYS Expert Review on this page)",0,behind home plate,1-12,12,"Stairway aisles run along both side edges of the section; rows are not split by a mid-row aisle, so seat numbers run continuously from one side aisle to the other. The entry portal is at row 12.","Facing the field, seat 1 is on your left. That puts seat 1 on the edge facing section 14, with seat numbers counting up toward the edge facing section 12. This section is behind home plate, so seat 1 is on its third-base side.",not published,"Section Insights list 'Top Pick for Great Views of the Field' and 'Home Plate View'. 'For baseball games, we recommend these seats for great views of the field' and 'For baseball games, desirable view from behind home plate.' Fan Feedback item on this page : 'Front of sections 107-128 are behind the netting or fencing — ...The netting extends from sections 111-124, and there is a protective fence that extends down the right and left field lines until sections 107 and 128.'","HIGH - zone, rows, location and seat direction stated by the source"
14,Clover Home Plate Club (11-19),Clover Home Plate Club,"""The Clover Home Plate Club is located in Sections 11–19 directly behind home plate at Citi Field, positioned just behind the field-level Delta Sky360 Club seats."" (from RYS Expert Review on this page)",0,behind home plate,1-12,12,"Stairway aisles run along both side edges of the section; rows are not split by a mid-row aisle, so seat numbers run continuously from one side aisle to the other. The entry portal is at row 12.","Facing the field, seat 1 is on your left. That puts seat 1 on the edge facing section 15, with seat numbers counting up toward the edge facing section 13. This section is behind home plate, so seat 1 is on its third-base side.",not published,"Section Insights list 'Top Pick for Great Views of the Field' and 'Home Plate View'. 'For baseball games, we recommend these seats for great views of the field' and 'For baseball games, desirable view from behind home plate.' Fan Feedback item on this page : 'Front of sections 107-128 are behind the netting or fencing — ...The netting extends from sections 111-124, and there is a protective fence that extends down the right and left field lines until sections 107 and 128.'","HIGH - zone, rows, location and seat direction stated by the source"
15,Clover Home Plate Club (11-19),Clover Home Plate Club,"""The Clover Home Plate Club is located in Sections 11–19 directly behind home plate at Citi Field, positioned just behind the field-level Delta Sky360 Club seats."" (from RYS Expert Review on this page)",0,behind home plate,1-12,12,"Stairway aisles run along both side edges of the section; rows are not split by a mid-row aisle, so seat numbers run continuously from one side aisle to the other. The entry portal is at row 12.","Facing the field, seat 1 is on your left. That puts seat 1 on the edge facing section 16, with seat numbers counting up toward the edge facing section 14. This section is behind home plate, so seat 1 is on its third-base side.",not published,"Section Insights list 'Top Pick for Great Views of the Field' and 'Home Plate View'. 'For baseball games, we recommend these seats for great views of the field' and 'For baseball games, desirable view from behind home plate.' Fan review (Row 9): 'Right behind home plate, great views. Row 9 is the first row in the box section, just the wall in front of you.' Another fan review (Row 1) mentions 'access to Clover Fiserv Club.' Fan Feedback item on this page : 'Front of sections 107-128 are behind the netting or fencing — ...The netting extends from sections 111-124...'","HIGH - zone, rows, location and seat direction stated by the source"
16,Clover Home Plate Club (11-19),Clover Home Plate Club,"""The Clover Home Plate Club is located in Sections 11–19 directly behind home plate at Citi Field, positioned just behind the field-level Delta Sky360 Club seats."" (from RYS Expert Review on this page)",0,behind home plate,"1-9, 10WC",10WC,"Stairway aisles run along both side edges of the section; rows are not split by a mid-row aisle, so seat numbers run continuously from one side aisle to the other. The entry portal is at row 10WC.","Facing the field, seat 1 is on your left. That puts seat 1 on the edge facing section 17, with seat numbers counting up toward the edge facing section 15. This section is behind home plate, so seat 1 is on its third-base side.",not published,"'Wheelchair seating is available behind Row 9' and 'An entrance to this section is located at Row 10WC' — indicates a designated wheelchair (WC) row at the back of the section. Section Insights list 'Top Pick for Great Views of the Field' and 'Home Plate View'. 'For baseball games, we recommend these seats for great views of the field' and 'For baseball games, desirable view from behind home plate.' Fan Feedback item on this page : 'Front of sections 107-128 are behind the netting or fencing — ...The netting extends from sections 111-124...'","HIGH - zone, rows, location and seat direction stated by the source"
17,Clover Home Plate Club (11-19),Clover Home Plate Club,"""The Clover Home Plate Club is located in Sections 11–19 directly behind home plate at Citi Field, positioned just behind the field-level Delta Sky360 Club seats."" (from RYS Expert Review on this page)",0,behind home plate,1-12,12,"Stairway aisles run along both side edges of the section; rows are not split by a mid-row aisle, so seat numbers run continuously from one side aisle to the other. The entry portal is at row 12.","Facing the field, seat 1 is on your left. That puts seat 1 on the edge facing section 18, with seat numbers counting up toward the edge facing section 16. This section is behind home plate, so seat 1 is on its third-base side.",not published,"Section Insights list 'Top Pick for Great Views of the Field' and 'Home Plate View'. 'For baseball games, we recommend these seats for great views of the field' and 'For baseball games, desirable view from behind home plate.' Fan Feedback item on this page : 'Front of sections 107-128 are behind the netting or fencing — ...The netting extends from sections 111-124...'","HIGH - zone, rows, location and seat direction stated by the source"
18,Clover Home Plate Club (11-19),Clover Home Plate Club,"""The Clover Home Plate Club is located in Sections 11–19 directly behind home plate at Citi Field, positioned just behind the field-level Delta Sky360 Club seats."" (from RYS Expert Review on this page)",0,behind home plate,1-12,12,"Stairway aisles run along both side edges of the section; rows are not split by a mid-row aisle, so seat numbers run continuously from one side aisle to the other. The entry portal is at row 12.","Facing the field, seat 1 is on your left. That puts seat 1 on the edge facing section 19, with seat numbers counting up toward the edge facing section 17. This section is behind home plate, so seat 1 is on its third-base side.",not published,"Fan review notes a 'Row 1-WC' seat, implying a wheelchair-designated row exists at Row 1 for this section (Section Insights/Row Numbers text itself did not spell out a WC row, but the fan review location field reads 'Sec 18 / Row 1-WC'). Fan Feedback item on this page : 'Front of sections 107-128 are behind the netting or fencing — ...The netting extends from sections 111-124...'","HIGH - zone, rows, location and seat direction stated by the source"
19,Clover Home Plate Club (11-19),Clover Home Plate Club,"""The Clover Home Plate Club is located in Sections 11–19 directly behind home plate at Citi Field, positioned just behind the field-level Delta Sky360 Club seats."" (from RYS Expert Review on this page)",0,behind home plate,1-11,11,"Stairway aisles run along both side edges of the section; rows are not split by a mid-row aisle, so seat numbers run continuously from one side aisle to the other. The entry portal is at row 11.","Facing the field, seat 1 is on your left. That puts seat 1 on the far edge of the section, with no further section beyond it on that side, with seat numbers counting up toward the edge facing section 18. This section is behind home plate, so seat 1 is on its third-base side.",not published,Fan review (Row 1): 'Best seats for fans of the visiting team. Right next to the on deck circle.' — places Section 19 at the visiting-team/on-deck-circle end of the 11-19 run. Fan Feedback item on this page : 'Front of sections 107-128 are behind the netting or fencing — ...The netting extends from sections 111-124...',"HIGH - zone, rows, location and seat direction stated by the source"
101,Field Level (100s),not named by the source,not stated by the source,16,toward first base / right field,5-15,15,"Stairway aisles run along both side edges of the section; rows are not split by a mid-row aisle, so seat numbers run continuously from one side aisle to the other. The entry portal is at row 15.","Facing the field, seat 1 is on your left. That puts seat 1 on the edge facing section 102, with seat numbers counting up toward the far edge of the section, with no further section beyond it on that side. Seat 1 is the end of the row closest to home plate, and higher seat numbers run away from home plate.",not published,"'Top Pick for Visiting Team Fans', 'Rows 11 & Above - Covered', 'Rows 5-15', 'Behind/Side Stage (most shows)'. 'For baseball games, we recommend these seats for visiting team fans'; 'Rows 11 and above are under cover.' '101 is behind the stage or to the side of the stage for most concerts. This may restrict or limit your view of the performance.'","MEDIUM - rows confirmed, ticket zone not named by the source"
102,Field Level (100s),not named by the source,not stated by the source,15,toward first base / right field,4-13,13,"Stairway aisles run along both side edges of the section; rows are not split by a mid-row aisle, so seat numbers run continuously from one side aisle to the other. The entry portal is at row 13.","Facing the field, seat 1 is on your left. That puts seat 1 on the edge facing section 103, with seat numbers counting up toward the edge facing section 101. Seat 1 is the end of the row closest to home plate, and higher seat numbers run away from home plate.",not published,"'Top Pick for Visiting Team Fans', 'Rows 11 & Above - Covered', 'Rows 4-13', 'Behind/Side Stage (most shows)'. 'For baseball games, we recommend these seats for visiting team fans'; 'Rows 11 and above are under cover.' '102 is behind the stage or to the side of the stage for most concerts.' Fan review (Row 8): 'I highly recommend these seats and this section. We were in the shade on a hot day.'","MEDIUM - rows confirmed, ticket zone not named by the source"
103,Field Level (100s),not named by the source,"'Right field, the section just inside in fair territory behind the home run wall.' (fan-review-sourced, not an official RateYourSeats description sentence)",14,toward first base / right field,1-15,15,"Stairway aisles run along both side edges of the section; rows are not split by a mid-row aisle, so seat numbers run continuously from one side aisle to the other. The entry portal is at row 15.","Facing the field, seat 1 is on your left. That puts seat 1 on the edge facing section 104, with seat numbers counting up toward the edge facing section 102. Seat 1 is the end of the row closest to home plate, and higher seat numbers run away from home plate.",not published,"'Top Pick for Outstanding Convenience Rows 11-15', 'Top Pick for Visiting Team Fans', 'Rows 11 & Above - Covered', 'Rows 1-15'. 'For baseball games, we recommend rows 11-15 for outstanding convenience'; 'For baseball games, we recommend these seats for visiting team fans'; 'Rows 11 and above are under cover.' Fan review (Row 15): 'Best reasonably priced seats in the house!... The last row so you can stand whenever you want without blocking anyone's seats. Four seats with the aisle. Concessions and restrooms directly behind seats. 2-minute walk to center field fanfest as well as an exit... Completely covered, no rain and no sun.'","MEDIUM - rows confirmed, ticket zone not named by the source"
104,Field Level (100s),Baseline Club,"""Baseline Box seats are located in Sections 104–106 and 129–132, positioned farther down the lines toward the outfield corners."" 'Fans seated in Sections 104 and 132 will have an excellent view of balls hit down the line and into the corner, making it easy to track whether a ball lands fair or foul.'",13,toward first base / right field,26-37,37,"Stairway aisles run along both side edges of the section; rows are not split by a mid-row aisle, so seat numbers run continuously from one side aisle to the other. The entry portal is at row 37.","Facing the field, seat 1 is on your left. That puts seat 1 on the edge facing section 105, with seat numbers counting up toward the edge facing section 103. Seat 1 is the end of the row closest to home plate, and higher seat numbers run away from home plate.",not published,"'Rows 33 and above are under cover.' Fan review (Row 26): 'We loved the view, and section!! Only issue was that it had rained the day prior and there was a large puddle we had to sit in the entire time... Other than that, it was amazing! Great value, great view, great time!'","HIGH - zone, rows, location and seat direction stated by the source"
105,Field Level (100s),Baseline Club,"""Baseline Box seats are located in Sections 104–106 and 129–132, positioned farther down the lines toward the outfield corners."" (from Baseline Club review shown on this page)",12,toward first base / right field,12-37,37,"Stairway aisles run along both side edges of the section; rows are not split by a mid-row aisle, so seat numbers run continuously from one side aisle to the other. The entry portal is at row 37.","Facing the field, seat 1 is on your left. That puts seat 1 on the edge facing section 106, with seat numbers counting up toward the edge facing section 104. Seat 1 is the end of the row closest to home plate, and higher seat numbers run away from home plate.",not published,,"HIGH - zone, rows, location and seat direction stated by the source"
106,Field Level (100s),Baseline Club,"""Baseline Box seats are located in Sections 104–106 and 129–132, positioned farther down the lines toward the outfield corners."" (from Baseline Club review shown on this page)",11,toward first base / right field,5-39,39,"Stairway aisles run along both side edges of the section; rows are not split by a mid-row aisle, so seat numbers run continuously from one side aisle to the other. The entry portal is at row 39.","Facing the field, seat 1 is on your left. That puts seat 1 on the edge facing section 107, with seat numbers counting up toward the edge facing section 105. Seat 1 is the end of the row closest to home plate, and higher seat numbers run away from home plate.",not published,'Rows 5-39' only; no cover note stated on this page.,"HIGH - zone, rows, location and seat direction stated by the source"
107,Field Level (100s),Baseline Club,"""Baseline Gold & Baseline Silver: These seats are located in Sections 107, 108, 127, and 128."" 'The first few rows of Sections 107 and 128 offer the closest vantage point to the field and provide some of the stronger sightlines within this seating area.'",10,toward first base / right field,"D-E, 1-33",33,"Stairway aisles run along both side edges of the section; rows are not split by a mid-row aisle, so seat numbers run continuously from one side aisle to the other. The entry portal is at row 33.","Facing the field, seat 1 is on your left. That puts seat 1 on the edge facing section 108, with seat numbers counting up toward the edge facing section 106. Seat 1 is the end of the row closest to home plate, and higher seat numbers run away from home plate.",not published,"'Rows 30 and above are under cover.' Fan Feedback item on this page : 'Front of sections 107-128 are behind the netting or fencing — There is some amount of netting or screening in front of sections 107-128. The height and coverage of netting or screening will vary by section. The netting extends from sections 111-124, and there is a protective fence that extends down the right and left field lines until sections 107 and 128.' — Section 107 sits at the right-field-line end of the protective-fence range.","HIGH - zone, rows, location and seat direction stated by the source"
108,Field Level (100s),Baseline Club,"These seats are located in Sections 107, 108, 127, and 128.",9,toward first base / right field,24-34,34,"Stairway aisles run along both side edges of the section; rows are not split by a mid-row aisle, so seat numbers run continuously from one side aisle to the other. The entry portal is at row 34.","Facing the field, seat 1 is on your left. That puts seat 1 on the edge facing section 109, with seat numbers counting up toward the edge facing section 107. Seat 1 is the end of the row closest to home plate, and higher seat numbers run away from home plate.",not published,"'Rows 30 & Above - Covered', 'Rows 24-34.' 'Rows 30 and above are under cover.' Fan Feedback item on this page : 'Front of sections 107-128 are behind the netting or fencing — ...The netting extends from sections 111-124, and there is a protective fence that extends down the right and left field lines until sections 107 and 128.'","HIGH - zone, rows, location and seat direction stated by the source"
109,Field Level (100s),not named by the source,not stated by the source,8,toward first base / right field,"A, D-E, 1-34",34,"Stairway aisles run along both side edges of the section; rows are not split by a mid-row aisle, so seat numbers run continuously from one side aisle to the other. The entry portal is at row 34.","Facing the field, seat 1 is on your left. That puts seat 1 on the edge facing section 110, with seat numbers counting up toward the edge facing section 108. Seat 1 is the end of the row closest to home plate, and higher seat numbers run away from home plate.",not published,"'There is open space between Rows A and D.' 'Rows 30 and above are under cover.' Fan review (Row A): 'Awesome seats. We were on tv!!' Another fan review (Row A): 'Amazing, best seats!' Fan Feedback item on this page : 'Front of sections 107-128 are behind the netting or fencing — ...The netting extends from sections 111-124, and there is a protective fence that extends down the right and left field lines until sections 107 and 128.'","MEDIUM - rows confirmed, ticket zone not named by the source"
110,Field Level (100s),not named by the source,not stated by the source,7,toward first base / right field,"A-E, 1-32",32,"Stairway aisles run along both side edges of the section; rows are not split by a mid-row aisle, so seat numbers run continuously from one side aisle to the other. The entry portal is at row 32.","Facing the field, seat 1 is on your left. That puts seat 1 on the edge facing section 111, with seat numbers counting up toward the edge facing section 109. Seat 1 is the end of the row closest to home plate, and higher seat numbers run away from home plate.",not published,"'Rows 29 & Above - Covered', 'Rows A-E, 1-32.' 'Rows 29 and above are under cover.' Fan review (Row 23): 'Tough to beat row 23 in any 100 level section. This row is elevated over the low rows for a more comfortable view. Section 110 is beyond the infield, but this section is angled toward home plate... though you do have to turn to see scoreboard clearly.' 'With Section 110 on the first base side of the stadium, Lot G on Roosevelt Ave and 126th St. is the closest handicapped parking to your seats.' Fan Feedback item on this page : 'Front of sections 107-128 are behind the netting or fencing — ...The netting extends from sections 111-124...'","MEDIUM - rows confirmed, ticket zone not named by the source"
111,Field Level (100s),Metropolitan Club,Sections 111–114 sit on the first base side directly behind the Mets dugout.,6,toward first base / right field,1-32,32,"Stairway aisles run along both side edges of the section; rows are not split by a mid-row aisle, so seat numbers run continuously from one side aisle to the other. The entry portal is at row 32.","Facing the field, seat 1 is on your left. That puts seat 1 on the edge facing section 112, with seat numbers counting up toward the edge facing section 110. Seat 1 is the end of the row closest to home plate, and higher seat numbers run away from home plate.",not published,"'Top Pick for Great Views of the Field Rows 23-32', 'Rows 27 & Above - Covered', 'Rows 1-32.' 'For baseball games, we recommend rows 23-32 for great views of the field'; 'Rows 27 and above are under cover.' Metropolitan Club tiers per RYS Platinum & Diamond Rows 1-2, Gold Rows 3-6, Silver Rows 7-12, Bronze Rows 13-22, Box Rows 22+; 'Entry tunnels are located at the very top of the sections.' Fan Feedback item on this page : 'Front of sections 107-128 are behind the netting or fencing — ...The netting extends from sections 111-124, and there is a protective fence that extends down the right and left field lines until sections 107 and 128.' — Section 111 sits at the start of the stated netting range (111-124).","HIGH - zone, rows, location and seat direction stated by the source"
112,Field Level (100s),Metropolitan Club,"First base side, near Mets Dugout. 'Sections 111–114 sit on the first base side directly behind the Mets dugout.'",5,toward first base / right field,1-32,32,"Stairway aisles run along both side edges of the section; rows are not split by a mid-row aisle, so seat numbers run continuously from one side aisle to the other. The entry portal is at row 32.","Facing the field, seat 1 is on your left. That puts seat 1 on the edge facing section 113, with seat numbers counting up toward the edge facing section 111. Seat 1 is the end of the row closest to home plate, and higher seat numbers run away from home plate.",not published,"'Near Mets Dugout'; Top Pick for Great Views of the Field, Rows 23-32; Rows 27 & Above - Covered. 'Row 1 is the first row behind the Mets dugout in Section 112.' 'Front of sections 107-128 are behind the netting or fencing... The netting extends from sections 111-124, and there is a protective fence that extends down the right and left field lines until sections 107 and 128.' Platinum/Diamond Rows 1-2, Gold 3-6, Silver 7-12, Bronze 13-22, Box 22+.","HIGH - zone, rows, location and seat direction stated by the source"
113,Field Level (100s),Metropolitan Club,"First base side, near Mets Dugout. 'Sections 111–114 sit on the first base side directly behind the Mets dugout.'",4,toward first base / right field,1-32,32,"Stairway aisles run along both side edges of the section; rows are not split by a mid-row aisle, so seat numbers run continuously from one side aisle to the other. The entry portal is at row 32.","Facing the field, seat 1 is on your left. That puts seat 1 on the edge facing section 114, with seat numbers counting up toward the edge facing section 112. Seat 1 is the end of the row closest to home plate, and higher seat numbers run away from home plate.",not published,"'Near Mets Dugout'; Top Pick for Outstanding Convenience Rows 28-32; Top Pick for Impressing a Guest Rows 1-5; Top Pick for Great Views of the Field Rows 23-32; Rows 27 & Above - Covered. 'Row 1 is the first row behind the Mets dugout in Section 113.' front of sections 107-128 behind netting/fencing, netting extends 111-124, fence continues to 107 and 128.","HIGH - zone, rows, location and seat direction stated by the source"
114,Field Level (100s),Metropolitan Club,"First base side, near Mets Dugout. 'Sections 111–114 sit on the first base side directly behind the Mets dugout.'",3,toward first base / right field,1-32,32,"Stairway aisles run along both side edges of the section; rows are not split by a mid-row aisle, so seat numbers run continuously from one side aisle to the other. The entry portal is at row 32.","Facing the field, seat 1 is on your left. That puts seat 1 on the edge facing section 115, with seat numbers counting up toward the edge facing section 113. Seat 1 is the end of the row closest to home plate, and higher seat numbers run away from home plate.",not published,"'Near Mets Dugout'; Top Pick for Outstanding Convenience Rows 28-32; Top Pick for Impressing a Guest Rows 1-5; Rows 27 & Above - Covered. 'Row 1 is the first row behind the Mets dugout in Section 114.' front of sections 107-128 behind netting/fencing, netting extends 111-124, fence continues to 107 and 128.","HIGH - zone, rows, location and seat direction stated by the source"
115,Field Level (100s),Hyundai Club,"First base side. 'First Base Side: Sections 115, 116, and 117 run down the first base line... These sections sit nearest to the Mets dugout.' Section 115 described as an 'Infield View' section extending slightly down the baseline.",2,toward first base / right field,1-8,1,"Stairway aisles run along both side edges of the section; rows are not split by a mid-row aisle, so seat numbers run continuously from one side aisle to the other. The entry portal is at row 1.","Facing the field, seat 1 is on your left. That puts seat 1 on the edge facing section 116, with seat numbers counting up toward the edge facing section 114. Seat 1 is the end of the row closest to home plate, and higher seat numbers run away from home plate.",not published,"'Top Pick for Impressing a Guest'. front of sections 107-128 behind netting/fencing, netting extends 111-124. 'Seat 1 in section 115 is closest to section 116... The greatest numbered seats in section 115 are closest to section 114.' Part of Hyundai Club premium tier, eight rows per section, extra-padded seats.","HIGH - zone, rows, location and seat direction stated by the source"
116,Field Level (100s),Hyundai Club,"First base side. 'First Base Side: Sections 115, 116, and 117 run down the first base line... These sections sit nearest to the Mets dugout.' Section 116 described as an 'Infield View' section extending slightly down the baseline.",1,toward first base / right field,"1, 4-8",1,"Stairway aisles run along both side edges of the section; rows are not split by a mid-row aisle, so seat numbers run continuously from one side aisle to the other. The entry portal is at row 1.","Facing the field, seat 1 is on your left. That puts seat 1 on the edge facing section 117, with seat numbers counting up toward the edge facing section 115. Seat 1 is the end of the row closest to home plate, and higher seat numbers run away from home plate.",not published,"'There is open space betweeen Rows 1 and 4.' 'Top Pick for Impressing a Guest'. front of sections 107-128 behind netting/fencing, netting extends 111-124.","HIGH - zone, rows, location and seat direction stated by the source"
117,Field Level (100s),Hyundai Club,"First base side, closest to home plate. 'First Base Side: Sections 115, 116, and 117 run down the first base line, with Section 117 positioned closest to home plate.' 'Home Plate Views: Sections 117 and 118 sit closest to home plate and offer the most centered views within the Hyundai Club.'",0,behind home plate,1-8,1,"Stairway aisles run along both side edges of the section; rows are not split by a mid-row aisle, so seat numbers run continuously from one side aisle to the other. The entry portal is at row 1.","Facing the field, seat 1 is on your left. That puts seat 1 on the edge facing section 118, with seat numbers counting up toward the edge facing section 116. This section is behind home plate, so seat 1 is on its third-base side.",not published,"'Top Pick for Impressing a Guest'; 'Home Plate View'. 'For baseball games, desirable view from behind home plate.' front of sections 107-128 behind netting/fencing, netting extends 111-124.","HIGH - zone, rows, location and seat direction stated by the source"
118,Field Level (100s),Hyundai Club,"Third base side, closest to home plate. 'Third Base Side: Sections 118, 119, and 120 extend down the third base line, with Section 118 located closest to home plate. These seats are positioned on the visitor dugout side of the field.' 'Home Plate Views: Sections 117 and 118 sit closest to home plate.'",0,behind home plate,1-8,1,"Stairway aisles run along both side edges of the section; rows are not split by a mid-row aisle, so seat numbers run continuously from one side aisle to the other. The entry portal is at row 1.","Facing the field, seat 1 is on your left. That puts seat 1 on the edge facing section 119, with seat numbers counting up toward the edge facing section 117. This section is behind home plate, so seat 1 is on its third-base side.",not published,"'Top Pick for Impressing a Guest'; 'Home Plate View'. 'For baseball games, desirable view from behind home plate.' front of sections 107-128 behind netting/fencing, netting extends 111-124.","HIGH - zone, rows, location and seat direction stated by the source"
119,Field Level (100s),Hyundai Club,"Third base side. 'Third Base Side: Sections 118, 119, and 120 extend down the third base line... These seats are positioned on the visitor dugout side of the field.' Section 119 described as an 'Infield View' section extending slightly down the baseline.",1,toward third base / left field,"1, 4-8",1,"Stairway aisles run along both side edges of the section; rows are not split by a mid-row aisle, so seat numbers run continuously from one side aisle to the other. The entry portal is at row 1.","Facing the field, seat 1 is on your left. That puts seat 1 on the edge facing section 120, with seat numbers counting up toward the edge facing section 118. Seat 1 is the end of the row farthest from home plate, and higher seat numbers run back toward home plate.",not published,"'There is open space betweeen Rows 1 and 4.' 'Top Pick for Impressing a Guest'. 'These seats were on the third base line. Excellent!' front of sections 107-128 behind netting/fencing, netting extends 111-124.","HIGH - zone, rows, location and seat direction stated by the source"
120,Field Level (100s),Hyundai Club,"Third base side. 'Third Base Side: Sections 118, 119, and 120 extend down the third base line... These seats are positioned on the visitor dugout side of the field.' Section 120 described as an 'Infield View' section extending slightly down the baseline.",2,toward third base / left field,1-8,1,"Stairway aisles run along both side edges of the section; rows are not split by a mid-row aisle, so seat numbers run continuously from one side aisle to the other. The entry portal is at row 1.","Facing the field, seat 1 is on your left. That puts seat 1 on the edge facing section 121, with seat numbers counting up toward the edge facing section 119. Seat 1 is the end of the row farthest from home plate, and higher seat numbers run back toward home plate.",not published,"'Top Pick for Impressing a Guest'. front of sections 107-128 behind netting/fencing, netting extends 111-124.","HIGH - zone, rows, location and seat direction stated by the source"
121,Field Level (100s),Metropolitan Club,"Third base side, behind visiting team dugout. 'Sections 121–124 are positioned on the third base side directly behind the visiting team dugout.'",3,toward third base / left field,1-32,32,"Stairway aisles run along both side edges of the section; rows are not split by a mid-row aisle, so seat numbers run continuously from one side aisle to the other. The entry portal is at row 32.","Facing the field, seat 1 is on your left. That puts seat 1 on the edge facing section 122, with seat numbers counting up toward the edge facing section 120. Seat 1 is the end of the row farthest from home plate, and higher seat numbers run back toward home plate.",not published,"'these seats are located behind the visitor dugout'; Top Pick for Outstanding Convenience Rows 28-32; Top Pick for Visiting Team Fans Rows 1-10; Rows 27 & Above - Covered. 'Row 1 is the first row behind the visitor's dugout in Section 121.' Fan review notes 'seats below (Rows 22 and lower) have a shallower angle to the field, and then the seats begin to elevate more right at Row 23' with more legroom higher up. front of sections 107-128 behind netting/fencing, netting extends 111-124.","HIGH - zone, rows, location and seat direction stated by the source"
122,Field Level (100s),Metropolitan Club,"Third base side, behind visiting team dugout. 'Sections 121–124 are positioned on the third base side directly behind the visiting team dugout.'",4,toward third base / left field,1-32,32,"Stairway aisles run along both side edges of the section; rows are not split by a mid-row aisle, so seat numbers run continuously from one side aisle to the other. The entry portal is at row 32.","Facing the field, seat 1 is on your left. That puts seat 1 on the edge facing section 123, with seat numbers counting up toward the edge facing section 121. Seat 1 is the end of the row farthest from home plate, and higher seat numbers run back toward home plate.",not published,"'these seats are located behind the visitor dugout'; Top Pick for Outstanding Convenience Rows 28-32; Top Pick for Visiting Team Fans Rows 1-10; Top Pick for Great Views of the Field Rows 23-32; Rows 27 & Above - Covered. 'Row 1 is the first row behind the visitor's dugout in Section 122.' front of sections 107-128 behind netting/fencing, netting extends 111-124.","HIGH - zone, rows, location and seat direction stated by the source"
123,Field Level (100s),Metropolitan Club,"Third base side, behind visiting team dugout. 'Sections 121–124 are positioned on the third base side directly behind the visiting team dugout.'",5,toward third base / left field,1-32,32,"Stairway aisles run along both side edges of the section; rows are not split by a mid-row aisle, so seat numbers run continuously from one side aisle to the other. The entry portal is at row 32.","Facing the field, seat 1 is on your left. That puts seat 1 on the edge facing section 124, with seat numbers counting up toward the edge facing section 122. Seat 1 is the end of the row farthest from home plate, and higher seat numbers run back toward home plate.",not published,"'these seats are located behind the visitor dugout'; Top Pick for Visiting Team Fans Rows 1-10; Top Pick for Great Views of the Field Rows 23-32; Rows 27 & Above - Covered. 'Row 1 is the first row behind the visitor's dugout in Section 123.' front of sections 107-128 behind netting/fencing, netting extends 111-124.","HIGH - zone, rows, location and seat direction stated by the source"
124,Field Level (100s),Metropolitan Club,"Third base side, behind visiting team dugout. 'Sections 121–124 are positioned on the third base side directly behind the visiting team dugout.'",6,toward third base / left field,1-32,32,"Stairway aisles run along both side edges of the section; rows are not split by a mid-row aisle, so seat numbers run continuously from one side aisle to the other. The entry portal is at row 32.","Facing the field, seat 1 is on your left. That puts seat 1 on the edge facing section 125, with seat numbers counting up toward the edge facing section 123. Seat 1 is the end of the row farthest from home plate, and higher seat numbers run back toward home plate.",not published,"Top Pick for Great Views of the Field Rows 23-32; Rows 27 & Above - Covered. front of sections 107-128 behind netting/fencing, netting extends 111-124 (this is the last section in that netting range per fan feedback text).","HIGH - zone, rows, location and seat direction stated by the source"
125,Field Level (100s),not named by the source,not stated by the source,7,toward third base / left field,"A, D-E, 1-32",32,"Stairway aisles run along both side edges of the section; rows are not split by a mid-row aisle, so seat numbers run continuously from one side aisle to the other. The entry portal is at row 32.","Facing the field, seat 1 is on your left. That puts seat 1 on the edge facing section 126, with seat numbers counting up toward the edge facing section 124. Seat 1 is the end of the row farthest from home plate, and higher seat numbers run back toward home plate.",not published,"'There is open space betweeen Rows A and D.' 'Top Pick for Visiting Team Fans Rows A-E'; Rows 27 & Above - Covered. 'For baseball games, we recommend rows A-E for visiting team fans.' front of sections 107-128 behind netting/fencing, netting extends 111-124 (125 falls outside the stated 111-124 netting range but page repeats the general fan-feedback note anyway).","MEDIUM - rows confirmed, ticket zone not named by the source"
126,Field Level (100s),not named by the source,not stated by the source,8,toward third base / left field,"A-E, 1-34",34,"Stairway aisles run along both side edges of the section; rows are not split by a mid-row aisle, so seat numbers run continuously from one side aisle to the other. The entry portal is at row 34.","Facing the field, seat 1 is on your left. That puts seat 1 on the edge facing section 127, with seat numbers counting up toward the edge facing section 125. Seat 1 is the end of the row farthest from home plate, and higher seat numbers run back toward home plate.",not published,"'Top Pick for Visiting Team Fans Rows A-E'; Rows 27 & Above - Covered. 'For baseball games, we recommend rows A-E for visiting team fans.' Netting note (fan feedback repeated ): 'Front of sections 107-128 are behind the netting or fencing... The netting extends from sections 111-124, and there is a protective fence that extends down the right and left field lines until sections 107 and 128.'","MEDIUM - rows confirmed, ticket zone not named by the source"
127,Field Level (100s),Baseline Club,"Near foul poles, lower level corner area. 'Baseline Gold & Baseline Silver: These seats are located in Sections 107, 108, 127, and 128.'",9,toward third base / left field,24-34,34,"Stairway aisles run along both side edges of the section; rows are not split by a mid-row aisle, so seat numbers run continuously from one side aisle to the other. The entry portal is at row 34.","Facing the field, seat 1 is on your left. That puts seat 1 on the edge facing section 128, with seat numbers counting up toward the edge facing section 126. Seat 1 is the end of the row farthest from home plate, and higher seat numbers run back toward home plate.",not published,"'Rows 27 & Above - Covered'. front of sections 107-128 behind netting/fencing, netting extends 111-124, protective fence extends to 107 and 128 (127 is within the fenced-not-netted end of the range per the general note).","HIGH - zone, rows, location and seat direction stated by the source"
128,Field Level (100s),Baseline Club,"Near foul poles, lower level corner area. 'Baseline Gold & Baseline Silver: These seats are located in Sections 107, 108, 127, and 128.'",10,toward third base / left field,"A-E, 1-33",33,"Stairway aisles run along both side edges of the section; rows are not split by a mid-row aisle, so seat numbers run continuously from one side aisle to the other. The entry portal is at row 33.","Facing the field, seat 1 is on your left. That puts seat 1 on the edge facing section 129, with seat numbers counting up toward the edge facing section 127. Seat 1 is the end of the row farthest from home plate, and higher seat numbers run back toward home plate.",not published,"'Top Pick for Visiting Team Fans Rows A-E'; Rows 27 & Above - Covered. Fan review, Row 27: 'At Seat 9 I was right up against a wall in Section 128 Row 27... I could not see the visitors dugout or deep in the left field corner... only one aisle to use, located to the left of Seat 1... seats were just barely under cover from the deck above.' 'We had the net post in front of us and just one of the seats had a good visual of the pitcher.' front of sections 107-128 behind netting/fencing, protective fence extends down lines to 107 and 128 (128 is the third-base-side end of that fenced range).","HIGH - zone, rows, location and seat direction stated by the source"
129,Field Level (100s),Baseline Club,not stated by the source,11,toward third base / left field,5-37,37,"Stairway aisles run along both side edges of the section; rows are not split by a mid-row aisle, so seat numbers run continuously from one side aisle to the other. The entry portal is at row 37.","Facing the field, seat 1 is on your left. That puts seat 1 on the edge facing section 130, with seat numbers counting up toward the edge facing section 128. Seat 1 is the end of the row farthest from home plate, and higher seat numbers run back toward home plate.",not published,'Rows 33 & Above - Covered'.,"MEDIUM - rows and zone confirmed, the source does not place this section"
130,Field Level (100s),Baseline Club,not stated by the source,12,toward third base / left field,14-37,37,"Stairway aisles run along both side edges of the section; rows are not split by a mid-row aisle, so seat numbers run continuously from one side aisle to the other. The entry portal is at row 37.","Facing the field, seat 1 is on your left. That puts seat 1 on the edge facing section 131, with seat numbers counting up toward the edge facing section 129. Seat 1 is the end of the row farthest from home plate, and higher seat numbers run back toward home plate.",not published,'Top Pick for Outstanding Convenience Rows 33-37'; 'Rows 33 & Above - Covered'.,"MEDIUM - rows and zone confirmed, the source does not place this section"
131,Field Level (100s),Baseline Club,not stated by the source,13,toward third base / left field,14-37,37,"Stairway aisles run along both side edges of the section; rows are not split by a mid-row aisle, so seat numbers run continuously from one side aisle to the other. The entry portal is at row 37.","Facing the field, seat 1 is on your left. That puts seat 1 on the edge facing section 132, with seat numbers counting up toward the edge facing section 130. Seat 1 is the end of the row farthest from home plate, and higher seat numbers run back toward home plate.",not published,'Top Pick for Outstanding Convenience Rows 33-37'; 'Rows 33 & Above - Covered'.,"MEDIUM - rows and zone confirmed, the source does not place this section"
132,Field Level (100s),not named by the source,not stated by the source,14,toward third base / left field,24-37,37,"Stairway aisles run along both side edges of the section; rows are not split by a mid-row aisle, so seat numbers run continuously from one side aisle to the other. The entry portal is at row 37.","Facing the field, seat 1 is on your left. That puts seat 1 on the edge facing section 133, with seat numbers counting up toward the edge facing section 131. Seat 1 is the end of the row farthest from home plate, and higher seat numbers run back toward home plate.",not published,'Rows 33 & Above - Covered'. 'Rows 33 and above are under cover'. RYS Baseline Club review notes 'Sections 104 and 132 will have an excellent view of balls hit down the line and into the corner.',"MEDIUM - rows confirmed, ticket zone not named by the source"
133,Field Level (100s),not named by the source,not stated by the source,15,toward third base / left field,A-E,E,"Stairway aisles run along both side edges of the section; rows are not split by a mid-row aisle, so seat numbers run continuously from one side aisle to the other. The entry portal is at row E.","Facing the field, seat 1 is on your left. That puts seat 1 on the edge facing section 134, with seat numbers counting up toward the edge facing section 132. Seat 1 is the end of the row farthest from home plate, and higher seat numbers run back toward home plate.",not published,"Section Insights lists 'Rows A-E'. 'Great seats. Feels like your on the field, bring your glove.' (Sec 133 / Row B)","MEDIUM - rows confirmed, ticket zone not named by the source"
134,Field Level (100s),not named by the source,not stated by the source,16,toward third base / left field,"C-H, 1-16",16,"Stairway aisles run along both side edges of the section; rows are not split by a mid-row aisle, so seat numbers run continuously from one side aisle to the other. The entry portal is at row 16.","Facing the field, seat 1 is on your left. That puts seat 1 on the edge facing section 135, with seat numbers counting up toward the edge facing section 133. Seat 1 is the end of the row farthest from home plate, and higher seat numbers run back toward home plate.",not published,"'Top Pick for Kids and Family Rows 7-19', 'Rows 7 & Above - Covered', 'Rows C-H, 1-16', 'Behind/Side Stage (most shows)'. 'For baseball games, we recommend rows 7-19 for kids and family'; 'Rows 7 and above are under cover'. '134 is behind the stage or to the side of the stage for most concerts.' 'Close to the action and home runs! Section 134, full views close enough to the action to satisfy and in the low rows you can not beat the opportunity to catch a home run!... Close to the Acela Club, fanfest, shake shack, parking.'","MEDIUM - rows confirmed, ticket zone not named by the source"
135,Field Level (100s),not named by the source,not stated by the source,17,toward third base / left field,1-16,16,"Stairway aisles run along both side edges of the section; rows are not split by a mid-row aisle, so seat numbers run continuously from one side aisle to the other. The entry portal is at row 16.","Facing the field, seat 1 is on your left. That puts seat 1 on the edge facing section 136, with seat numbers counting up toward the edge facing section 134. Seat 1 is the end of the row farthest from home plate, and higher seat numbers run back toward home plate.",not published,"'Top Pick for Kids and Family Rows 7-19', 'Rows 7 & Above - Covered', 'Rows 1-16', 'Behind/Side Stage (most shows)'. 'Where is row 16 WC in section 135? ... In section 135, the last row (row 16) is wheelchair-accessible and is often labeled 16WC. This row is located underneath the overhang on the concourse level.' 'Is there any covered seating in Section 135 at Citi Field? ... rows 13-16, these will be the best options for staying covered in left field' with caption 'Overhang covering the back rows in the lower left field reserve sections'.","MEDIUM - rows confirmed, ticket zone not named by the source"
136,Field Level (100s),not named by the source,not stated by the source,18,toward third base / left field,1-16,16,"Stairway aisles run along both side edges of the section; rows are not split by a mid-row aisle, so seat numbers run continuously from one side aisle to the other. The entry portal is at row 16.","Facing the field, seat 1 is on your left. That puts seat 1 on the edge facing section 137, with seat numbers counting up toward the edge facing section 135. Seat 1 is the end of the row farthest from home plate, and higher seat numbers run back toward home plate.",not published,"'Top Pick for Kids and Family Rows 7-19', 'Rows 7 & Above - Covered', 'Rows 1-16', 'Behind/Side Stage (most shows)'. 'For baseball games, we recommend rows 7-19 for kids and family'; 'Rows 7 and above are under cover'. '136 is behind the stage or to the side of the stage for most concerts.'","MEDIUM - rows confirmed, ticket zone not named by the source"
137,Field Level (100s),not named by the source,not stated by the source,19,toward third base / left field,1-19,19,"Stairway aisles run along both side edges of the section; rows are not split by a mid-row aisle, so seat numbers run continuously from one side aisle to the other. The entry portal is at row 19.","Facing the field, seat 1 is on your left. That puts seat 1 on the edge facing section 138, with seat numbers counting up toward the edge facing section 136. Seat 1 is the end of the row farthest from home plate, and higher seat numbers run back toward home plate.",not published,"'Top Pick for Kids and Family Rows 7-19', 'Rows 7 & Above - Covered', 'Rows 1-19', 'Behind/Side Stage (most shows)'. 'For baseball games, we recommend rows 7-19 for kids and family'; 'Rows 7 and above are under cover'. '137 is behind the stage or to the side of the stage for most concerts.'","MEDIUM - rows confirmed, ticket zone not named by the source"
138,Field Level (100s),not named by the source,not stated by the source,20,toward third base / left field,1-19,19,"Stairway aisles run along both side edges of the section; rows are not split by a mid-row aisle, so seat numbers run continuously from one side aisle to the other. The entry portal is at row 19.","Facing the field, seat 1 is on your left. That puts seat 1 on the edge facing section 139, with seat numbers counting up toward the edge facing section 137. Seat 1 is the end of the row farthest from home plate, and higher seat numbers run back toward home plate.",not published,"'Top Pick for Kids and Family Rows 7-19', 'Rows 7 & Above - Covered', 'Rows 1-19', 'Behind/Side Stage (most shows)'. 'For baseball games, we recommend rows 7-19 for kids and family'; 'Rows 7 and above are under cover'. '138 is behind the stage or to the side of the stage for most concerts.' 'Great seats. As described, under shelter from light rain that was expected. Other people had to flee their seats but as the game continued, we were dry.' (Sec 138 / Row 16)","MEDIUM - rows confirmed, ticket zone not named by the source"
139,Field Level (100s),not named by the source,not stated by the source,21,toward third base / left field,1-19,19,"Stairway aisles run along both side edges of the section; rows are not split by a mid-row aisle, so seat numbers run continuously from one side aisle to the other. The entry portal is at row 19.","Facing the field, seat 1 is on your left. That puts seat 1 on the edge facing section 140, with seat numbers counting up toward the edge facing section 138. Seat 1 is the end of the row farthest from home plate, and higher seat numbers run back toward home plate.",not published,"'Top Pick for Kids and Family Rows 7-19', 'Rows 7 & Above - Covered', 'Rows 1-19', 'Behind/Side Stage (most shows)'. 'For baseball games, we recommend rows 7-19 for kids and family'; 'Rows 7 and above are under cover'. '139 is behind the stage or to the side of the stage for most concerts.' 'In center field almost directly behind pitcher, right next to the batters eye.' (Sec 139 / Row 9) - this fan-review sentence is the only positional statement on this page and places 139 near center field.","MEDIUM - rows confirmed, ticket zone not named by the source"
140,Field Level (100s),Big Apple Reserved,"Center field just to the right of the Home Run Apple, beyond the outfield wall (per Big Apple Reserved review text attached to this page): 'The Big Apple Reserved seating area is located in center field just to the right of the famous Home Run Apple at Citi Field.'",22,toward third base / left field,1-20,20,"Stairway aisles run along both side edges of the section; rows are not split by a mid-row aisle, so seat numbers run continuously from one side aisle to the other. The entry portal is at row 20.","Facing the field, seat 1 is on your left. That puts seat 1 on the edge facing section 141, with seat numbers counting up toward the edge facing section 139. Seat 1 is the end of the row farthest from home plate, and higher seat numbers run back toward home plate.",not published,"'Rows 1-20', 'Behind/Side Stage (most shows)'. RYS 'Large Group Seating Area: Designed for parties of 100 guests or more', 'Close to Bullpens: Easy access to Bullpen Plaza with up-close views of pitchers warming up', 'FanFest Access: Located near the Mets FanFest entertainment area'. '140 is behind the stage or to the side of the stage for most concerts.'","HIGH - zone, rows, location and seat direction stated by the source"
141,Field Level (100s),Big Apple Reserved,"Center field just to the right of the Home Run Apple, beyond the outfield wall (per Big Apple Reserved review text attached to this page)",23,toward third base / left field,1-23,23,"Stairway aisles run along both side edges of the section; rows are not split by a mid-row aisle, so seat numbers run continuously from one side aisle to the other. The entry portal is at row 23.","Facing the field, seat 1 is on your left. That puts seat 1 on the edge facing section 142, with seat numbers counting up toward the edge facing section 140. Seat 1 is the end of the row farthest from home plate, and higher seat numbers run back toward home plate.",not published,"'Rows 1-23', 'Behind/Side Stage (most shows)'. RYS Expert Review (Big Apple Reserved) as for 140. '141 is behind the stage or to the side of the stage for most concerts.' 'Good seats - The seats were great and so were the fireworks.' (Row 13); 'Mets game - Seats were good I saw a lot.' (Row 14)","HIGH - zone, rows, location and seat direction stated by the source"
142,Field Level (100s),Big Apple Reserved,"Center field just to the right of the Home Run Apple, beyond the outfield wall (per Big Apple Reserved review text attached to this page)",24,toward third base / left field,1-20,20,"Stairway aisles run along both side edges of the section; rows are not split by a mid-row aisle, so seat numbers run continuously from one side aisle to the other. The entry portal is at row 20.","Facing the field, seat 1 is on your left. That puts seat 1 on the edge facing section 143, with seat numbers counting up toward the edge facing section 141. Seat 1 is the end of the row farthest from home plate, and higher seat numbers run back toward home plate.",not published,"'Rows 1-20', 'Behind/Side Stage (most shows)'. RYS Expert Review (Big Apple Reserved) as for 140. '142 is behind the stage or to the side of the stage for most concerts.'","HIGH - zone, rows, location and seat direction stated by the source"
143,Field Level (100s),Citi Pavilion,"Right-center field, just beyond the outfield wall near Shea Bridge, directly behind the Mets bullpens (per Citi Pavilion review text on this page): 'The Citi Pavilion at Shea Bridge is located in right-center field just beyond the outfield wall, positioned near the iconic Shea Bridge walkway and directly behind the bullpens.'",25,toward third base / left field,1-3,3,"Stairway aisles run along both side edges of the section; rows are not split by a mid-row aisle, so seat numbers run continuously from one side aisle to the other. The entry portal is at row 3.","Facing the field, seat 1 is on your left. That puts seat 1 on the far edge of the section, with no further section beyond it on that side, with seat numbers counting up toward the edge facing section 142. Seat 1 is the end of the row farthest from home plate, and higher seat numbers run back toward home plate.",not published,'Seats are for groups only.' 'Group Seating Area: Designed for parties of approximately 16–72 people.' 'Table-Style Seating: Semi-circle tables designed for groups and social gatherings.' '143 is behind the stage or to the side of the stage for most concerts.',"HIGH - zone, rows, location and seat direction stated by the source"
301,Excelsior Level (300s),Coca-Cola Corner,"Right field, upper deck beyond the right-field wall (per Coca-Cola Corner review text on this page): 'The Coca-Cola Corner is located in Sections 301–305 in right field at Citi Field, positioned beyond the outfield wall on the upper deck.'",16,toward first base / right field,1-16,16,"Stairway aisles run along both side edges of the section; rows are not split by a mid-row aisle, so seat numbers run continuously from one side aisle to the other. The entry portal is at row 16.","Facing the field, seat 1 is on your left. That puts seat 1 on the edge facing section 302, with seat numbers counting up toward the far edge of the section, with no further section beyond it on that side. Seat 1 is the end of the row closest to home plate, and higher seat numbers run away from home plate.",not published,"'Top Pick for Kids and Family Rows 12-16', 'Rows 1-16', 'Behind/Side Stage (most shows)'. 'For baseball games, we recommend rows 12-16 for kids and family'. 'These sections are fully exposed to sun, wind, and rain, especially during day games' and 'Sections here feature up to 16 rows of seating'. '301 is behind the stage or to the side of the stage for most concerts.'","HIGH - zone, rows, location and seat direction stated by the source"
302,Excelsior Level (300s),Coca-Cola Corner,"Right field, upper deck beyond the right-field wall (per Coca-Cola Corner review text on this page, sections 301-305)",15,toward first base / right field,1-16,16,"Stairway aisles run along both side edges of the section; rows are not split by a mid-row aisle, so seat numbers run continuously from one side aisle to the other. The entry portal is at row 16.","Facing the field, seat 1 is on your left. That puts seat 1 on the edge facing section 303, with seat numbers counting up toward the edge facing section 301. Seat 1 is the end of the row closest to home plate, and higher seat numbers run away from home plate.",not published,"'Top Pick for Kids and Family Rows 12-16', 'Rows 1-16', 'Behind/Side Stage (most shows)'. 'For baseball games, we recommend rows 12-16 for kids and family'. fully exposed to sun/wind/rain. '302 is behind the stage or to the side of the stage for most concerts.' 'Seats in hr section few sections from foul pole' (Sec 302 / Row 2)","HIGH - zone, rows, location and seat direction stated by the source"
303,Excelsior Level (300s),Coca-Cola Corner,"Right field, upper deck beyond the right-field wall (per Coca-Cola Corner review text on this page, sections 301-305)",14,toward first base / right field,1-14,14,"Stairway aisles run along both side edges of the section; rows are not split by a mid-row aisle, so seat numbers run continuously from one side aisle to the other. The entry portal is at row 14.","Facing the field, seat 1 is on your left. That puts seat 1 on the edge facing section 304, with seat numbers counting up toward the edge facing section 302. Seat 1 is the end of the row closest to home plate, and higher seat numbers run away from home plate.",not published,"'Top Pick for Kids and Family Rows 12-16', 'Rows 1-14', 'Behind/Side Stage (most shows)'. Coca-Cola Corner review as for 301. '303 is behind the stage or to the side of the stage for most concerts.'","HIGH - zone, rows, location and seat direction stated by the source"
304,Excelsior Level (300s),Coca-Cola Corner,"Right field, upper deck beyond the right-field wall (per Coca-Cola Corner review text on this page, sections 301-305)",13,toward first base / right field,1-14,14,"Stairway aisles run along both side edges of the section; rows are not split by a mid-row aisle, so seat numbers run continuously from one side aisle to the other. The entry portal is at row 14.","Facing the field, seat 1 is on your left. That puts seat 1 on the edge facing section 305, with seat numbers counting up toward the edge facing section 303. Seat 1 is the end of the row closest to home plate, and higher seat numbers run away from home plate.",not published,"'Top Pick for Kids and Family Rows 12-16', 'Rows 1-14' (no 'Behind/Side Stage' insight listed for this section, unlike 301-303). 'For baseball games, we recommend rows 12-16 for kids and family' (again exceeds stated row range 1-14; recorded ). Coca-Cola Corner review as for 301.","HIGH - zone, rows, location and seat direction stated by the source"
305,Excelsior Level (300s),Coca-Cola Corner,"Right field, upper deck beyond the right-field wall (per Coca-Cola Corner review text on this page, sections 301-305)",12,toward first base / right field,1-14,14,"Stairway aisles run along both side edges of the section; rows are not split by a mid-row aisle, so seat numbers run continuously from one side aisle to the other. The entry portal is at row 14.","Facing the field, seat 1 is on your left. That puts seat 1 on the edge facing section 306, with seat numbers counting up toward the edge facing section 304. Seat 1 is the end of the row closest to home plate, and higher seat numbers run away from home plate.",not published,"'Top Pick for Kids and Family Rows 12-16', 'Rows 1-14'. 'For baseball games, we recommend rows 12-16 for kids and family' (again exceeds stated row range 1-14; recorded ). Coca-Cola Corner review as for 301.","HIGH - zone, rows, location and seat direction stated by the source"
306,Excelsior Level (300s),Excelsior Gold,not stated by the source,11,toward first base / right field,1-12,12,"Stairway aisles run along both side edges of the section; rows are not split by a mid-row aisle, so seat numbers run continuously from one side aisle to the other. The entry portal is at row 12.","Facing the field, seat 1 is on your left. That puts seat 1 on the edge facing section 307, with seat numbers counting up toward the edge facing section 305. Seat 1 is the end of the row closest to home plate, and higher seat numbers run away from home plate.",not published,"'Rows 5 & Above - Covered', 'Rows 1-12'. 'Rows 5 and above are under cover'. Excelsior Gold review (attached to this page) states Gold seats are 'Row 1 of Sections 313–325' but also notes 'In addition to Sections 313–325, the first row of the entire Excelsior Level (306-333) may also carry the Gold designation' - 306 falls within that broader 306-333 range for Row 1 Gold designation.","MEDIUM - rows and zone confirmed, the source does not place this section"
307,Excelsior Level (300s),Excelsior Gold,not stated by the source,10,toward first base / right field,1-12,12,"Stairway aisles run along both side edges of the section; rows are not split by a mid-row aisle, so seat numbers run continuously from one side aisle to the other. The entry portal is at row 12.","Facing the field, seat 1 is on your left. That puts seat 1 on the edge facing section 308, with seat numbers counting up toward the edge facing section 306. Seat 1 is the end of the row closest to home plate, and higher seat numbers run away from home plate.",not published,"'Rows 5 & Above - Covered', 'Rows 1-12'. 'Rows 5 and above are under cover'. Excelsior Gold review as for 306. 'Great view for a concert, fully covered in case of rain.' (Sec 307 / Row 10, Concert)","MEDIUM - rows and zone confirmed, the source does not place this section"
308,Excelsior Level (300s),Excelsior Gold,not stated by the source,9,toward first base / right field,1-10,10,"Stairway aisles run along both side edges of the section; rows are not split by a mid-row aisle, so seat numbers run continuously from one side aisle to the other. The entry portal is at row 10.","Facing the field, seat 1 is on your left. That puts seat 1 on the edge facing section 309, with seat numbers counting up toward the edge facing section 307. Seat 1 is the end of the row closest to home plate, and higher seat numbers run away from home plate.",not published,"'Related Seating: Excelsior Gold (Rows 1)'; 'Rows 5 and above are under cover'. Excelsior Gold review as for 306/307. Ratings from similar seats cited (Section 333, Section 330) are for different sections, not 308 itself.","MEDIUM - rows and zone confirmed, the source does not place this section"
309,Excelsior Level (300s),Excelsior Box,"""Second Level Seating: Located on the Excelsior Level along the infield."" ""Infield Location: Sections 309–312 (first base side) and 326–329 (third base side).""",8,toward first base / right field,1-12,12,"Stairway aisles run along both side edges of the section; rows are not split by a mid-row aisle, so seat numbers run continuously from one side aisle to the other. The entry portal is at row 12.","Facing the field, seat 1 is on your left. That puts seat 1 on the edge facing section 310, with seat numbers counting up toward the edge facing section 308. Seat 1 is the end of the row closest to home plate, and higher seat numbers run away from home plate.",not published,"""Top Pick for Outstanding Convenience, Rows 8-12""; ""Rows 5 & Above - Covered"". ""For baseball games, we recommend rows 8-12 for outstanding convenience""; ""Rows 5 and above are under cover"". club access includes Porsche Grill, Jim Beam Highball, and Foxwoods club lounges; no complimentary food or drinks but climate-controlled viewing area.","HIGH - zone, rows, location and seat direction stated by the source"
310,Excelsior Level (300s),Excelsior Box,"""Second Level Seating: Located on the Excelsior Level along the infield."" ""Infield Location: Sections 309–312 (first base side) and 326–329 (third base side).""",7,toward first base / right field,1-12,12,"Stairway aisles run along both side edges of the section; rows are not split by a mid-row aisle, so seat numbers run continuously from one side aisle to the other. The entry portal is at row 12.","Facing the field, seat 1 is on your left. That puts seat 1 on the edge facing section 311, with seat numbers counting up toward the edge facing section 309. Seat 1 is the end of the row closest to home plate, and higher seat numbers run away from home plate.",not published,"""Top Pick for Great Views of the Field, Rows 7-10""; ""Rows 5 & Above - Covered"". ""For baseball games, we recommend rows 7-10 for great views of the field""; ""Rows 5 and above are under cover"". Fan review (Row 1): ""Railings obstructs view and in sun - Section 310 itself is great but viewing from the first couple of rows is obstructed because of the railing. Also, it's first base side and gets sun in afternoon.""","HIGH - zone, rows, location and seat direction stated by the source"
311,Excelsior Level (300s),Excelsior Box,"""Second Level Seating: Located on the Excelsior Level along the infield."" ""Infield Location: Sections 309–312 (first base side) and 326–329 (third base side).""",6,toward first base / right field,1-12,12,"Stairway aisles run along both side edges of the section; rows are not split by a mid-row aisle, so seat numbers run continuously from one side aisle to the other. The entry portal is at row 12.","Facing the field, seat 1 is on your left. That puts seat 1 on the edge facing section 312, with seat numbers counting up toward the edge facing section 310. Seat 1 is the end of the row closest to home plate, and higher seat numbers run away from home plate.",not published,"""Top Pick for Great Views of the Field, Rows 7-10""; ""Rows 5 & Above - Covered"". ""For baseball games, we recommend rows 7-10 for great views of the field""; ""Rows 5 and above are under cover"". ""The view is great at a low price.""","HIGH - zone, rows, location and seat direction stated by the source"
312,Excelsior Level (300s),Excelsior Box,"""Second Level Seating: Located on the Excelsior Level along the infield."" ""Infield Location: Sections 309–312 (first base side) and 326–329 (third base side).""",5,toward first base / right field,1-10,10,"Stairway aisles run along both side edges of the section; rows are not split by a mid-row aisle, so seat numbers run continuously from one side aisle to the other. The entry portal is at row 10.","Facing the field, seat 1 is on your left. That puts seat 1 on the edge facing section 313, with seat numbers counting up toward the edge facing section 311. Seat 1 is the end of the row closest to home plate, and higher seat numbers run away from home plate.",not published,"""Top Pick for Great Views of the Field, Rows 7-10""; ""Rows 5 & Above - Covered"". ""For baseball games, we recommend rows 7-10 for great views of the field""; ""Rows 5 and above are under cover"". Fan review (Row 8): ""Great seats. Out of the sun. Great view of home plate and pitcher. Clubs were also spacious and had plenty of seats.""","HIGH - zone, rows, location and seat direction stated by the source"
313,Excelsior Level (300s),Excelsior Gold,"""Located in Row 1 of Sections 313–325 on the second seating tier."" ""This level represents the second seating tier of the stadium, positioned above the lower-level sections.""",4,toward first base / right field,1-6,6,"Stairway aisles run along both side edges of the section; rows are not split by a mid-row aisle, so seat numbers run continuously from one side aisle to the other. The entry portal is at row 6.","Facing the field, seat 1 is on your left. That puts seat 1 on the edge facing section 314, with seat numbers counting up toward the edge facing section 312. Seat 1 is the end of the row closest to home plate, and higher seat numbers run away from home plate.",not published,"""Rows 5 & Above - Covered"" (no Home Plate View or Top Pick tag on this page). ""Rows 5 and above are under cover"". Fan review (Row 1): ""This section is the last of the Excelsior Gold Club seats ie Foxwoods, Porche Grill, Jim Bean bar. These seats are first row aisle. There are only 6 seats in this section with exits on either side... This section is in front of the newscaster station. BUT you will be in FULL sun if you go in July... The glass in the aisle did not get in our way at all.""","HIGH - zone, rows, location and seat direction stated by the source"
314,Excelsior Level (300s),Excelsior Gold,"""Located in Row 1 of Sections 313–325 on the second seating tier.""",3,toward first base / right field,1-6,UNKNOWN,"Stairway aisles run along both side edges of the section; rows are not split by a mid-row aisle, so seat numbers run continuously from one side aisle to the other. The entry portal row is not published for this section.","Facing the field, seat 1 is on your left. That puts seat 1 on the edge facing section 315, with seat numbers counting up toward the edge facing section 313. Seat 1 is the end of the row closest to home plate, and higher seat numbers run away from home plate.",not published,"""Rows 5 & Above - Covered"" (no Home Plate View or Top Pick tag, no entrance-row line, and no fan reviews on this page). ""Rows 5 and above are under cover"".","HIGH - zone, rows, location and seat direction stated by the source"
315,Excelsior Level (300s),Excelsior Gold,"""Located in Row 1 of Sections 313–325 on the second seating tier.""",2,toward first base / right field,1-6,UNKNOWN,"Stairway aisles run along both side edges of the section; rows are not split by a mid-row aisle, so seat numbers run continuously from one side aisle to the other. The entry portal row is not published for this section.","Facing the field, seat 1 is on your left. That puts seat 1 on the edge facing section 316, with seat numbers counting up toward the edge facing section 314. Seat 1 is the end of the row closest to home plate, and higher seat numbers run away from home plate.",not published,"""Rows 5 & Above - Covered"" (no Home Plate View or Top Pick tag, no entrance-row line, no fan reviews on this page). ""Rows 5 and above are under cover"".","HIGH - zone, rows, location and seat direction stated by the source"
316,Excelsior Level (300s),Excelsior Gold,"""Located in Row 1 of Sections 313–325 on the second seating tier.""",1,toward first base / right field,1-6,UNKNOWN,"Stairway aisles run along both side edges of the section; rows are not split by a mid-row aisle, so seat numbers run continuously from one side aisle to the other. The entry portal row is not published for this section.","Facing the field, seat 1 is on your left. That puts seat 1 on the edge facing section 317, with seat numbers counting up toward the edge facing section 315. Seat 1 is the end of the row closest to home plate, and higher seat numbers run away from home plate.",not published,"""Rows 5 & Above - Covered"" (no Home Plate View or Top Pick tag, no entrance-row line). ""Rows 5 and above are under cover"". Fan review (Row 1): ""Great seats — Amazing view.""","HIGH - zone, rows, location and seat direction stated by the source"
317,Excelsior Level (300s),Excelsior Gold,"""Home Plate View"". ""Located in Row 1 of Sections 313–325 on the second seating tier.""",0,behind home plate,1-5,UNKNOWN,"Stairway aisles run along both side edges of the section; rows are not split by a mid-row aisle, so seat numbers run continuously from one side aisle to the other. The entry portal row is not published for this section.","Facing the field, seat 1 is on your left. That puts seat 1 on the edge facing section 318, with seat numbers counting up toward the edge facing section 316. This section is behind home plate, so seat 1 is on its third-base side.",not published,"""Home Plate View""; ""Rows 5 & Above - Covered"" (no entrance-row line, no fan reviews on this page). ""For baseball games, desirable view from behind home plate""; ""Rows 5 and above are under cover"".","HIGH - zone, rows, location and seat direction stated by the source"
318,Excelsior Level (300s),Excelsior Gold,"""Home Plate View"". ""Located in Row 1 of Sections 313–325 on the second seating tier.""",0,behind home plate,1-6,6,"Stairway aisles run along both side edges of the section; rows are not split by a mid-row aisle, so seat numbers run continuously from one side aisle to the other. The entry portal is at row 6.","Facing the field, seat 1 is on your left. That puts seat 1 on the edge facing section 319, with seat numbers counting up toward the edge facing section 317. This section is behind home plate, so seat 1 is on its third-base side.",not published,"""Top Pick for Great Views of the Field""; ""Home Plate View""; ""Rows 5 & Above - Covered"". ""For baseball games, we recommend these seats for great views of the field""; ""For baseball games, desirable view from behind home plate""; ""Rows 5 and above are under cover"".","HIGH - zone, rows, location and seat direction stated by the source"
319,Excelsior Level (300s),Excelsior Gold,"""Home Plate View"". ""Located in Row 1 of Sections 313–325 on the second seating tier.""",0,behind home plate,1-6,6,"Stairway aisles run along both side edges of the section; rows are not split by a mid-row aisle, so seat numbers run continuously from one side aisle to the other. The entry portal is at row 6.","Facing the field, seat 1 is on your left. That puts seat 1 on the edge facing section 320, with seat numbers counting up toward the edge facing section 318. This section is behind home plate, so seat 1 is on its third-base side.",not published,"""Top Pick for Great Views of the Field""; ""Home Plate View""; ""Rows 5 & Above - Covered"". ""For baseball games, we recommend these seats for great views of the field""; ""For baseball games, desirable view from behind home plate""; ""Rows 5 and above are under cover"". Fan review (Row 4): ""Section 319 is right in the center behind home plate and beneath the sportscasters' booths. Excellent view of the game. Very quick access to Piazza 31 Club. There was a rain delay at the beginning of the game. Rows 1 and 2 got rain, row 3 some mist, row 4 and above were dry. Most excellent seats.""","HIGH - zone, rows, location and seat direction stated by the source"
320,Excelsior Level (300s),Excelsior Gold,"""Home Plate View"". ""Located in Row 1 of Sections 313–325 on the second seating tier.""",0,behind home plate,1-6,6,"Stairway aisles run along both side edges of the section; rows are not split by a mid-row aisle, so seat numbers run continuously from one side aisle to the other. The entry portal is at row 6.","Facing the field, seat 1 is on your left. That puts seat 1 on the edge facing section 321, with seat numbers counting up toward the edge facing section 319. This section is behind home plate, so seat 1 is on its third-base side.",not published,"""Top Pick for Great Views of the Field""; ""Home Plate View""; ""Rows 5 & Above - Covered"". ""For baseball games, we recommend these seats for great views of the field""; ""For baseball games, desirable view from behind home plate""; ""Rows 5 and above are under cover"".","HIGH - zone, rows, location and seat direction stated by the source"
321,Excelsior Level (300s),Excelsior Gold,"""Home Plate View"". ""Located in Row 1 of Sections 313–325 on the second seating tier.""",0,behind home plate,1-5,UNKNOWN,"Stairway aisles run along both side edges of the section; rows are not split by a mid-row aisle, so seat numbers run continuously from one side aisle to the other. The entry portal row is not published for this section.","Facing the field, seat 1 is on your left. That puts seat 1 on the edge facing section 322, with seat numbers counting up toward the edge facing section 320. This section is behind home plate, so seat 1 is on its third-base side.",not published,"""Home Plate View""; ""Rows 5 & Above - Covered"" (no entrance-row line). ""For baseball games, desirable view from behind home plate""; ""Rows 5 and above are under cover"". Fan review (Row 3): ""Excellent view of game.""","HIGH - zone, rows, location and seat direction stated by the source"
322,Excelsior Level (300s),Excelsior Gold,"""Located in Row 1 of Sections 313–325 on the second seating tier.""",1,toward third base / left field,1-6,UNKNOWN,"Stairway aisles run along both side edges of the section; rows are not split by a mid-row aisle, so seat numbers run continuously from one side aisle to the other. The entry portal row is not published for this section.","Facing the field, seat 1 is on your left. That puts seat 1 on the edge facing section 323, with seat numbers counting up toward the edge facing section 321. Seat 1 is the end of the row farthest from home plate, and higher seat numbers run back toward home plate.",not published,"""Rows 5 & Above - Covered"" (no Home Plate View or Top Pick tag, no entrance-row line, no fan reviews on this page). ""Rows 5 and above are under cover"".","HIGH - zone, rows, location and seat direction stated by the source"
323,Excelsior Level (300s),Excelsior Gold,"""Located in Row 1 of Sections 313–325 on the second seating tier.""",2,toward third base / left field,1-6,UNKNOWN,"Stairway aisles run along both side edges of the section; rows are not split by a mid-row aisle, so seat numbers run continuously from one side aisle to the other. The entry portal row is not published for this section.","Facing the field, seat 1 is on your left. That puts seat 1 on the edge facing section 324, with seat numbers counting up toward the edge facing section 322. Seat 1 is the end of the row farthest from home plate, and higher seat numbers run back toward home plate.",not published,"""Rows 5 & Above - Covered"" (no Home Plate View or Top Pick tag, no entrance-row line). ""Rows 5 and above are under cover"". Fan review (Row 3): ""Great location to see all of the action. Plus access via the VIP entrance and more private lounges. Would definitely buy them again!""","HIGH - zone, rows, location and seat direction stated by the source"
324,Excelsior Level (300s),Excelsior Gold,"""Located in Row 1 of Sections 313–325 on the second seating tier.""",3,toward third base / left field,1-6,UNKNOWN,"Stairway aisles run along both side edges of the section; rows are not split by a mid-row aisle, so seat numbers run continuously from one side aisle to the other. The entry portal row is not published for this section.","Facing the field, seat 1 is on your left. That puts seat 1 on the edge facing section 325, with seat numbers counting up toward the edge facing section 323. Seat 1 is the end of the row farthest from home plate, and higher seat numbers run back toward home plate.",not published,"""Rows 5 & Above - Covered"" (no Home Plate View or Top Pick tag, no entrance-row line, no fan reviews on this page). ""Rows 5 and above are under cover"".","HIGH - zone, rows, location and seat direction stated by the source"
325,Excelsior Level (300s),Excelsior Gold,"""Located in Row 1 of Sections 313–325 on the second seating tier.""",4,toward third base / left field,1-6,6,"Stairway aisles run along both side edges of the section; rows are not split by a mid-row aisle, so seat numbers run continuously from one side aisle to the other. The entry portal is at row 6.","Facing the field, seat 1 is on your left. That puts seat 1 on the edge facing section 326, with seat numbers counting up toward the edge facing section 324. Seat 1 is the end of the row farthest from home plate, and higher seat numbers run back toward home plate.",not published,"""Rows 5 & Above - Covered"" (no Home Plate View or Top Pick tag, no fan reviews on this page). ""Rows 5 and above are under cover"".","HIGH - zone, rows, location and seat direction stated by the source"
326,Excelsior Level (300s),Excelsior Box,"""Second Level Seating: Located on the Excelsior Level along the infield."" ""Infield Location: Sections 309–312 (first base side) and 326–329 (third base side).""",5,toward third base / left field,1-10,10,"Stairway aisles run along both side edges of the section; rows are not split by a mid-row aisle, so seat numbers run continuously from one side aisle to the other. The entry portal is at row 10.","Facing the field, seat 1 is on your left. That puts seat 1 on the edge facing section 327, with seat numbers counting up toward the edge facing section 325. Seat 1 is the end of the row farthest from home plate, and higher seat numbers run back toward home plate.",not published,"""Top Pick for Great Views of the Field, Rows 2-10""; ""Rows 5 & Above - Covered"". ""For baseball games, we recommend rows 2-10 for great views of the field""; ""Rows 5 and above are under cover"". Fan review (Row 7): ""Great seats and perfect view! If it's a hot sunny day, you're in the shade and could have a nice breeze.""","HIGH - zone, rows, location and seat direction stated by the source"
327,Excelsior Level (300s),Excelsior Box,"""Second Level Seating: Located on the Excelsior Level along the infield."" ""Infield Location: Sections 309–312 (first base side) and 326–329 (third base side).""",6,toward third base / left field,1-12,12,"Stairway aisles run along both side edges of the section; rows are not split by a mid-row aisle, so seat numbers run continuously from one side aisle to the other. The entry portal is at row 12.","Facing the field, seat 1 is on your left. That puts seat 1 on the edge facing section 328, with seat numbers counting up toward the edge facing section 326. Seat 1 is the end of the row farthest from home plate, and higher seat numbers run back toward home plate.",not published,"""Top Pick for Great Views of the Field, Rows 2-10""; ""Rows 5 & Above - Covered"". ""For baseball games, we recommend rows 2-10 for great views of the field""; ""Rows 5 and above are under cover"". Fan review (Row 12): ""Row 12 is the last row on this section and I would assume all the excelsior box sections. This creates a restricted view due the overhang of the upper deck. Fly balls will disappear from view and the scoreboard can not be seen. Across the concourse is a well appointed bar which is nice except the patrons watch the game with their drinks precariously perched on the rail directly behind the 12th row. Excelsior box sections are great seats just don't go higher than row eight."" ""Favorite Seats: Section: 327 Row: 1 Seat(s): 24.""","HIGH - zone, rows, location and seat direction stated by the source"
328,Excelsior Level (300s),Excelsior Box,"""Second Level Seating: Located on the Excelsior Level along the infield."" ""Infield Location: Sections 309–312 (first base side) and 326–329 (third base side).""",7,toward third base / left field,1-12,12,"Stairway aisles run along both side edges of the section; rows are not split by a mid-row aisle, so seat numbers run continuously from one side aisle to the other. The entry portal is at row 12.","Facing the field, seat 1 is on your left. That puts seat 1 on the edge facing section 329, with seat numbers counting up toward the edge facing section 327. Seat 1 is the end of the row farthest from home plate, and higher seat numbers run back toward home plate.","Row 2 has 24 seats, per Seating and Ticket Q&A: ""There are 24 seats in row 2 of section 328. Seats 13 and 14 in row 2 of section 328 are in the middle of the section. And when you are walking down the steps the seats start at #1 on your left, and the end of the row will be on your right when walking down the steps."" (Not stated for other rows.)","""Top Pick for Great Views of the Field, Rows 2-10""; ""Rows 5 & Above - Covered"". ""For baseball games, we recommend rows 2-10 for great views of the field""; ""Rows 5 and above are under cover"". Fan review (Row 1): ""Loved our seat and we had club access with these seats to three different clubs. Metro-Heineken-Hudson Club."" Fan review (Row 1): ""Great seats in shade, good view.""","HIGH - zone, rows, location and seat direction stated by the source"
329,Excelsior Level (300s),Excelsior Box,"""Second Level Seating: Located on the Excelsior Level along the infield."" ""Third Base Side: Sections 326–329."" (from the Excelsior Box RYS Expert Review shown on this section's page)",8,toward third base / left field,1-12,12,"Stairway aisles run along both side edges of the section; rows are not split by a mid-row aisle, so seat numbers run continuously from one side aisle to the other. The entry portal is at row 12.","Facing the field, seat 1 is on your left. That puts seat 1 on the edge facing section 330, with seat numbers counting up toward the edge facing section 328. Seat 1 is the end of the row farthest from home plate, and higher seat numbers run back toward home plate.",not published,"'Top Pick for Outstanding Convenience — Rows 8-12', 'Rows 5 & Above - Covered', 'Rows 1-12'. 'For baseball games, we recommend rows 8-12 for outstanding convenience'; 'Rows 5 and above are under cover'. 'Other good covered seating higher in the stadium can be found on the 300 Caesars Level, in Rows 9 and higher in Sections 306-312 and 326-333.' '3rd baseline heaven — Really good side-on perspective of the pitcher. Almost all the ground is visible.' (Sec 329 / Row 6)","HIGH - zone, rows, location and seat direction stated by the source"
330,Excelsior Level (300s),not named by the source,not stated by the source,9,toward third base / left field,1-10,10,"Stairway aisles run along both side edges of the section; rows are not split by a mid-row aisle, so seat numbers run continuously from one side aisle to the other. The entry portal is at row 10.","Facing the field, seat 1 is on your left. That puts seat 1 on the edge facing section 331, with seat numbers counting up toward the edge facing section 329. Seat 1 is the end of the row farthest from home plate, and higher seat numbers run back toward home plate.",not published,"'Top Pick for Impressing a Guest', 'Rows 5 & Above - Covered', 'Rows 1-10'. 'For baseball games, we recommend these seats for impressing a guest'; 'Rows 5 and above are under cover'. 'Excellent view totally in the shade — On a 90+ degree day at Citi Field we were very comfortable in these totally shaded seats.' (Sec 330 / Row 9)","MEDIUM - rows confirmed, ticket zone not named by the source"
331,Excelsior Level (300s),not named by the source,not stated by the source,10,toward third base / left field,1-12,12,"Stairway aisles run along both side edges of the section; rows are not split by a mid-row aisle, so seat numbers run continuously from one side aisle to the other. The entry portal is at row 12.","Facing the field, seat 1 is on your left. That puts seat 1 on the edge facing section 332, with seat numbers counting up toward the edge facing section 330. Seat 1 is the end of the row farthest from home plate, and higher seat numbers run back toward home plate.",not published,"'Top Pick for Impressing a Guest', 'Rows 5 & Above - Covered', 'Rows 1-12'. 'For baseball games, we recommend these seats for impressing a guest'; 'Rows 5 and above are under cover'.","MEDIUM - rows confirmed, ticket zone not named by the source"
332,Excelsior Level (300s),not named by the source,not stated by the source,11,toward third base / left field,1-12,12,"Stairway aisles run along both side edges of the section; rows are not split by a mid-row aisle, so seat numbers run continuously from one side aisle to the other. The entry portal is at row 12.","Facing the field, seat 1 is on your left. That puts seat 1 on the edge facing section 333, with seat numbers counting up toward the edge facing section 331. Seat 1 is the end of the row farthest from home plate, and higher seat numbers run back toward home plate.",not published,"'Top Pick for Impressing a Guest', 'Rows 5 & Above - Covered', 'Rows 1-12'. 'For baseball games, we recommend these seats for impressing a guest'; 'Rows 5 and above are under cover'.","MEDIUM - rows confirmed, ticket zone not named by the source"
333,Excelsior Level (300s),not named by the source,not stated by the source,12,toward third base / left field,1-12,12,"Stairway aisles run along both side edges of the section; rows are not split by a mid-row aisle, so seat numbers run continuously from one side aisle to the other. The entry portal is at row 12.","Facing the field, seat 1 is on your left. That puts seat 1 on the edge facing section 334, with seat numbers counting up toward the edge facing section 332. Seat 1 is the end of the row farthest from home plate, and higher seat numbers run back toward home plate.",not published,"'Top Pick for Impressing a Guest', 'Rows 5 & Above - Covered', 'Rows 1-12'. 'For baseball games, we recommend these seats for impressing a guest'; 'Rows 5 and above are under cover'. 'ATEEZ - Jul 14, 2025 — Attended Ateez In Your Fantasy concert. Seats didn't offer the best audio experience but were covered in case of rain.' (Sec 333 / Row 12, Concert)","MEDIUM - rows confirmed, ticket zone not named by the source"
334,Excelsior Level (300s),The Porch,"The Porch is made up of Sections 334–339 in left field at Citi Field. This area has been known by several names over the years, including Thomas Tew, Budweiser Landing, and Left Field Landing."" ""These sections are located above and slightly behind the Outfield Reserved seating, giving fans a higher vantage point over the left-field corner.",13,toward third base / left field,1-14,14,"Stairway aisles run along both side edges of the section; rows are not split by a mid-row aisle, so seat numbers run continuously from one side aisle to the other. The entry portal is at row 14.","Facing the field, seat 1 is on your left. That puts seat 1 on the edge facing section 335, with seat numbers counting up toward the edge facing section 333. Seat 1 is the end of the row farthest from home plate, and higher seat numbers run back toward home plate.",not published,"'Top Pick for Kids and Family — Rows 6-14', 'Rows 6 & Above - Covered', 'Rows 1-14', 'Behind/Side Stage (most shows)'. 'For Concerts, Section 334 May Have a Limited View — 334 is behind the stage or to the side of the stage for most concerts.' 'Fans sitting in the last few rows may benefit from partial shade provided by the overhanging Promenade Deck located directly above the seating area.'","HIGH - zone, rows, location and seat direction stated by the source"
335,Excelsior Level (300s),The Porch,"The Porch is made up of Sections 334–339 in left field at Citi Field. This area has been known by several names over the years, including Thomas Tew, Budweiser Landing, and Left Field Landing."" ""These sections are located above and slightly behind the Outfield Reserved seating, giving fans a higher vantage point over the left-field corner.",14,toward third base / left field,1-14,14,"Stairway aisles run along both side edges of the section; rows are not split by a mid-row aisle, so seat numbers run continuously from one side aisle to the other. The entry portal is at row 14.","Facing the field, seat 1 is on your left. That puts seat 1 on the edge facing section 336, with seat numbers counting up toward the edge facing section 334. Seat 1 is the end of the row farthest from home plate, and higher seat numbers run back toward home plate.",not published,"'Top Pick for Kids and Family — Rows 6-14', 'Rows 6 & Above - Covered', 'Rows 1-14', 'Behind/Side Stage (most shows)'. 'For Concerts, Section 335 May Have a Limited View.' 'Great view for a great price, the shade made the difference and saved us from the heat so we could enjoy the game!' (Sec 335 / Row 9)","HIGH - zone, rows, location and seat direction stated by the source"
336,Excelsior Level (300s),The Porch,"The Porch is made up of Sections 334–339 in left field at Citi Field. This area has been known by several names over the years, including Thomas Tew, Budweiser Landing, and Left Field Landing."" ""These sections are located above and slightly behind the Outfield Reserved seating, giving fans a higher vantage point over the left-field corner.",15,toward third base / left field,1-12,12,"Stairway aisles run along both side edges of the section; rows are not split by a mid-row aisle, so seat numbers run continuously from one side aisle to the other. The entry portal is at row 12.","Facing the field, seat 1 is on your left. That puts seat 1 on the edge facing section 337, with seat numbers counting up toward the edge facing section 335. Seat 1 is the end of the row farthest from home plate, and higher seat numbers run back toward home plate.",not published,"'Top Pick for Kids and Family — Rows 6-14' (label text, though this section's own rows are labeled 1-12), 'Rows 6 & Above - Covered', 'Rows 1-12', 'Behind/Side Stage (most shows)'. 'For Concerts, Section 336 May Have a Limited View.'","HIGH - zone, rows, location and seat direction stated by the source"
337,Excelsior Level (300s),The Porch,"The Porch is made up of Sections 334–339 in left field at Citi Field. This area has been known by several names over the years, including Thomas Tew, Budweiser Landing, and Left Field Landing."" ""These sections are located above and slightly behind the Outfield Reserved seating, giving fans a higher vantage point over the left-field corner.",16,toward third base / left field,1-12,12,"Stairway aisles run along both side edges of the section; rows are not split by a mid-row aisle, so seat numbers run continuously from one side aisle to the other. The entry portal is at row 12.","Facing the field, seat 1 is on your left. That puts seat 1 on the edge facing section 338, with seat numbers counting up toward the edge facing section 336. Seat 1 is the end of the row farthest from home plate, and higher seat numbers run back toward home plate.",not published,"'Top Pick for Kids and Family — Rows 6-14' (label text, though this section's own rows are labeled 1-12), 'Rows 6 & Above - Covered', 'Rows 1-12', 'Behind/Side Stage (most shows)'. 'For Concerts, Section 337 May Have a Limited View.'","HIGH - zone, rows, location and seat direction stated by the source"
338,Excelsior Level (300s),The Porch,"The Porch is made up of Sections 334–339 in left field at Citi Field. This area has been known by several names over the years, including Thomas Tew, Budweiser Landing, and Left Field Landing."" ""These sections are located above and slightly behind the Outfield Reserved seating, giving fans a higher vantage point over the left-field corner.",17,toward third base / left field,1-14,14,"Stairway aisles run along both side edges of the section; rows are not split by a mid-row aisle, so seat numbers run continuously from one side aisle to the other. The entry portal is at row 14.","Facing the field, seat 1 is on your left. That puts seat 1 on the edge facing section 339, with seat numbers counting up toward the edge facing section 337. Seat 1 is the end of the row farthest from home plate, and higher seat numbers run back toward home plate.",not published,"'Top Pick for Kids and Family — Rows 6-14', 'Rows 6 & Above - Covered', 'Rows 1-14', 'Behind/Side Stage (most shows)'. 'For Concerts, Section 338 May Have a Limited View.' Fan review ('Awful Railing, Good Legroom'): 'After sitting in the front row of Section 338, I decided I would never sit in the front row of Citi Field's 300 level again. The railing blocks a good portion of the outfield when sitting normally in the seats... It was near impossible to see anything up against the left field wall below, and that continued from the left field foul pole to deep center. The one redemption for these seats was the nice amount of legroom.' (Sec 338 / Row 1)","HIGH - zone, rows, location and seat direction stated by the source"
339,Excelsior Level (300s),The Porch,"""The Porch is made up of Sections 334–339 in left field at Citi Field."" ""These sections are located above and slightly behind the Outfield Reserved seating, giving fans a higher vantage point over the left-field corner."" 'The Left Field Landing sections are where fans can buy Family Pack tickets... The Left Field Landing consists of Sections 334-339, which are also located close to the Fan Fest Family Area on the concourse level behind Center Field.'",18,toward third base / left field,1-14,14,"Stairway aisles run along both side edges of the section; rows are not split by a mid-row aisle, so seat numbers run continuously from one side aisle to the other. The entry portal is at row 14.","Facing the field, seat 1 is on your left. That puts seat 1 on the far edge of the section, with no further section beyond it on that side, with seat numbers counting up toward the edge facing section 338. Seat 1 is the end of the row farthest from home plate, and higher seat numbers run back toward home plate.",not published,"Section Insights for this section list only 'Rows 1-14' and 'Behind/Side Stage (most shows)' — unlike sibling sections 334-338, this page does NOT include a 'Top Pick' or 'Rows X & Above - Covered' bullet, consistent with the fan review below. 'For Concerts, Section 339 May Have a Limited View.' Fan review ('Terribly Sunny and No Scoreboard Views'): 'The roof of the 500 level provides excellent cover and shade for all the 300 level sections in left field, except for Section 339! I was in the sun for the entire day, while the seats just to my right in Section 338 looked ridiculously comfortable in the shade. Its impossible to see the center field videoboard, and don't expect to follow anything up against the left field wall. ...","HIGH - zone, rows, location and seat direction stated by the source"
401,Promenade Level (400s),Promenade Baseline,"Per the Promenade Level review shown on this page: ""Promenade Baseline: Sections 401–410 and 419–428."" ""The 400 level sections are the lower tier of the Promenade Level and include Promenade Baseline and Promenade Box seating... Because these sections sit lower than the 500 level, they provide closer views of the field while still maintaining an elevated perspective of the game.""",12,toward first base / right field,1-7,7,"Stairway aisles run along both side edges of the section; rows are not split by a mid-row aisle, so seat numbers run continuously from one side aisle to the other. The entry portal is at row 7.","Facing the field, seat 1 is on your left. That puts seat 1 on the edge facing section 402, with seat numbers counting up toward the far edge of the section, with no further section beyond it on that side. Seat 1 is the end of the row closest to home plate, and higher seat numbers run away from home plate.",not published,"'Rows 1-7'. 'Sections on this level are relatively small, typically containing no more than eight rows'; 'Fans should note that weather protection is extremely limited on the Promenade Level, and most seats are exposed to sun, wind, and rain.' '400-level sections are relatively small and typically contain between five and seven rows of seating.'","HIGH - zone, rows, location and seat direction stated by the source"
402,Promenade Level (400s),Promenade Baseline,"Per the Promenade Level review shown on this page: ""Promenade Baseline: Sections 401–410 and 419–428."" ""The 400 level sections are the lower tier of the Promenade Level and include Promenade Baseline and Promenade Box seating... Because these sections sit lower than the 500 level, they provide closer views of the field while still maintaining an elevated perspective of the game.""",11,toward first base / right field,1-7,7,"Stairway aisles run along both side edges of the section; rows are not split by a mid-row aisle, so seat numbers run continuously from one side aisle to the other. The entry portal is at row 7.","Facing the field, seat 1 is on your left. That puts seat 1 on the edge facing section 403, with seat numbers counting up toward the edge facing section 401. Seat 1 is the end of the row closest to home plate, and higher seat numbers run away from home plate.",not published,"'Rows 1-7'. 'Sections on this level are relatively small, typically containing no more than eight rows'; 'weather protection is extremely limited on the Promenade Level, and most seats are exposed to sun, wind, and rain.'","HIGH - zone, rows, location and seat direction stated by the source"
403,Promenade Level (400s),Promenade Baseline,"Per the Promenade Level review shown on this page: ""Promenade Baseline: Sections 401–410 and 419–428."" ""The 400 level sections are the lower tier of the Promenade Level and include Promenade Baseline and Promenade Box seating... Because these sections sit lower than the 500 level, they provide closer views of the field while still maintaining an elevated perspective of the game.""",10,toward first base / right field,1-5,5,"Stairway aisles run along both side edges of the section; rows are not split by a mid-row aisle, so seat numbers run continuously from one side aisle to the other. The entry portal is at row 5.","Facing the field, seat 1 is on your left. That puts seat 1 on the edge facing section 404, with seat numbers counting up toward the edge facing section 402. Seat 1 is the end of the row closest to home plate, and higher seat numbers run away from home plate.",not published,"'Rows 1-5'. 'Sections on this level are relatively small, typically containing no more than eight rows'; 'weather protection is extremely limited on the Promenade Level, and most seats are exposed to sun, wind, and rain.'","HIGH - zone, rows, location and seat direction stated by the source"
404,Promenade Level (400s),Promenade Baseline,"Per the Promenade Level review shown on this page: ""Promenade Baseline: Sections 401–410 and 419–428."" ""The 400 level sections are the lower tier of the Promenade Level and include Promenade Baseline and Promenade Box seating... Because these sections sit lower than the 500 level, they provide closer views of the field while still maintaining an elevated perspective of the game.""",9,toward first base / right field,1-5,5,"Stairway aisles run along both side edges of the section; rows are not split by a mid-row aisle, so seat numbers run continuously from one side aisle to the other. The entry portal is at row 5.","Facing the field, seat 1 is on your left. That puts seat 1 on the edge facing section 405, with seat numbers counting up toward the edge facing section 403. Seat 1 is the end of the row closest to home plate, and higher seat numbers run away from home plate.",not published,"'Rows 1-5'. 'Sections on this level are relatively small, typically containing no more than eight rows'; 'weather protection is extremely limited on the Promenade Level, and most seats are exposed to sun, wind, and rain.'","HIGH - zone, rows, location and seat direction stated by the source"
405,Promenade Level (400s),Promenade Baseline,"Per the Promenade Level review shown on this page: ""Promenade Baseline: Sections 401–410 and 419–428."" ""The 400 level sections are the lower tier of the Promenade Level and include Promenade Baseline and Promenade Box seating... Because these sections sit lower than the 500 level, they provide closer views of the field while still maintaining an elevated perspective of the game.""",8,toward first base / right field,1-8,8,"Stairway aisles run along both side edges of the section; rows are not split by a mid-row aisle, so seat numbers run continuously from one side aisle to the other. The entry portal is at row 8.","Facing the field, seat 1 is on your left. That puts seat 1 on the edge facing section 406, with seat numbers counting up toward the edge facing section 404. Seat 1 is the end of the row closest to home plate, and higher seat numbers run away from home plate.",not published,"'Rows 1-8'. 'Sections on this level are relatively small, typically containing no more than eight rows'; 'weather protection is extremely limited on the Promenade Level, and most seats are exposed to sun, wind, and rain.' 'For an inexpensive set of seats, the view was great. Right against the wall of the section above and someone accidentally knocked their beer off the floor there and some spilled on me. Could see everything going on in the game, save for a little part of right field.' (Sec 405 / Row 4)","HIGH - zone, rows, location and seat direction stated by the source"
406,Promenade Level (400s),Promenade Baseline,"Per the Promenade Level review shown on this page: ""Promenade Baseline: Sections 401–410 and 419–428."" ""The 400 level sections are the lower tier of the Promenade Level and include Promenade Baseline and Promenade Box seating... Because these sections sit lower than the 500 level, they provide closer views of the field while still maintaining an elevated perspective of the game.""",7,toward first base / right field,1-5,5,"Stairway aisles run along both side edges of the section; rows are not split by a mid-row aisle, so seat numbers run continuously from one side aisle to the other. The entry portal is at row 5.","Facing the field, seat 1 is on your left. That puts seat 1 on the edge facing section 407, with seat numbers counting up toward the edge facing section 405. Seat 1 is the end of the row closest to home plate, and higher seat numbers run away from home plate.",not published,"'Rows 1-5'. 'Sections on this level are relatively small, typically containing no more than eight rows'; 'weather protection is extremely limited on the Promenade Level, and most seats are exposed to sun, wind, and rain.'","HIGH - zone, rows, location and seat direction stated by the source"
407,Promenade Level (400s),Promenade Baseline,"Per the Promenade Level review shown on this page: ""Promenade Baseline: Sections 401–410 and 419–428."" ""The 400 level sections are the lower tier of the Promenade Level and include Promenade Baseline and Promenade Box seating... Because these sections sit lower than the 500 level, they provide closer views of the field while still maintaining an elevated perspective of the game.""",6,toward first base / right field,1-5,5,"Stairway aisles run along both side edges of the section; rows are not split by a mid-row aisle, so seat numbers run continuously from one side aisle to the other. The entry portal is at row 5.","Facing the field, seat 1 is on your left. That puts seat 1 on the edge facing section 408, with seat numbers counting up toward the edge facing section 406. Seat 1 is the end of the row closest to home plate, and higher seat numbers run away from home plate.",not published,"'Top Pick for Outstanding Convenience — Rows 1-5', 'Rows 1-5'. 'For baseball games, we recommend rows 1-5 for outstanding convenience'. 'weather protection is extremely limited on the Promenade Level, and most seats are exposed to sun, wind, and rain.'","HIGH - zone, rows, location and seat direction stated by the source"
408,Promenade Level (400s),Promenade Baseline,"Per the Promenade Level review shown on this page: ""Promenade Baseline: Sections 401–410 and 419–428."" ""The 400 level sections are the lower tier of the Promenade Level and include Promenade Baseline and Promenade Box seating... Because these sections sit lower than the 500 level, they provide closer views of the field while still maintaining an elevated perspective of the game.""",5,toward first base / right field,1-5,5,"Stairway aisles run along both side edges of the section; rows are not split by a mid-row aisle, so seat numbers run continuously from one side aisle to the other. The entry portal is at row 5.","Facing the field, seat 1 is on your left. That puts seat 1 on the edge facing section 409, with seat numbers counting up toward the edge facing section 407. Seat 1 is the end of the row closest to home plate, and higher seat numbers run away from home plate.",not published,"'Rows 1-5'. 'Sections on this level are relatively small, typically containing no more than eight rows'; 'weather protection is extremely limited on the Promenade Level, and most seats are exposed to sun, wind, and rain.'","HIGH - zone, rows, location and seat direction stated by the source"
409,Promenade Level (400s),Promenade Baseline,"Per the Promenade Level review shown on this page: ""Promenade Baseline: Sections 401–410 and 419–428."" ""The 400 level sections are the lower tier of the Promenade Level and include Promenade Baseline and Promenade Box seating... Because these sections sit lower than the 500 level, they provide closer views of the field while still maintaining an elevated perspective of the game.""",4,toward first base / right field,1-5,5,"Stairway aisles run along both side edges of the section; rows are not split by a mid-row aisle, so seat numbers run continuously from one side aisle to the other. The entry portal is at row 5.","Facing the field, seat 1 is on your left. That puts seat 1 on the edge facing section 410, with seat numbers counting up toward the edge facing section 408. Seat 1 is the end of the row closest to home plate, and higher seat numbers run away from home plate.",not published,"'Rows 1-5'. 'weather protection is extremely limited on the Promenade Level, and most seats are exposed to sun, wind, and rain.' Fan review ('A Different Kind of Feel'): 'The seats ended up being the row at the top of the section that is not necessarily a part of any real section (only one row with big spaces in between for wheelchair accessibility). They brought out a padded, fold-out chair for my friend. The spacing between the fence and the seat provides with plenty of leg room, but obstructs the view a tiny bit... Right near the section is the practical food court of Citi Field... HANDICAP ACCESSIBLE.' (Sec 409 / Row 5)","HIGH - zone, rows, location and seat direction stated by the source"
410,Promenade Level (400s),Promenade Baseline,"Promenade Level, 400 level. Per Promenade Level review, Promenade Silver is Sections 411-418 (behind home plate); Promenade Baseline is Sections 401-410 and 419-428.",3,toward first base / right field,"1-4, 5WC",5WC,"Stairway aisles run along both side edges of the section; rows are not split by a mid-row aisle, so seat numbers run continuously from one side aisle to the other. The entry portal is at row 5WC.","Facing the field, seat 1 is on your left. That puts seat 1 on the edge facing section 411, with seat numbers counting up toward the edge facing section 409. Seat 1 is the end of the row closest to home plate, and higher seat numbers run away from home plate.",not published,"Section Insights list 'Rows 1-4, 5WC' (WC likely indicates a wheelchair/accessible row label at the entrance). 'Row 2 is great. You can look into visitors dugout. There is a railing in front of section. If everyone sits back in chair, not an issue at all for sure. Only issue would be if the person directly in front of you sits forward, but even if that happens you have room to look to the side.' 400-level sections typically contain no more than eight rows per the Promenade Level review; weather protection is extremely limited on the Promenade Level.","HIGH - zone, rows, location and seat direction stated by the source"
411,Promenade Level (400s),Promenade Silver,"Promenade Level, 400 level, behind home plate per Promenade Level review: 'Promenade Silver: Sections 411-418 (behind home plate)'.",2,toward first base / right field,"1-4, 5WC",5WC,"Stairway aisles run along both side edges of the section; rows are not split by a mid-row aisle, so seat numbers run continuously from one side aisle to the other. The entry portal is at row 5WC.","Facing the field, seat 1 is on your left. That puts seat 1 on the edge facing section 412, with seat numbers counting up toward the edge facing section 410. Seat 1 is the end of the row closest to home plate, and higher seat numbers run away from home plate.",not published,"Rows labeled 1-4, 5WC (WC likely an accessible row designation at entrance).","HIGH - zone, rows, location and seat direction stated by the source"
412,Promenade Level (400s),Promenade Silver,"Promenade Level, 400 level, behind home plate.",1,toward first base / right field,1-7,7,"Stairway aisles run along both side edges of the section; rows are not split by a mid-row aisle, so seat numbers run continuously from one side aisle to the other. The entry portal is at row 7.","Facing the field, seat 1 is on your left. That puts seat 1 on the edge facing section 413, with seat numbers counting up toward the edge facing section 411. Seat 1 is the end of the row closest to home plate, and higher seat numbers run away from home plate.",not published,'Rows 1-7'.,"HIGH - zone, rows, location and seat direction stated by the source"
413,Promenade Level (400s),Promenade Silver / Promenade Gold,"Promenade Level, 400 level, behind home plate.",0,behind home plate,1-5,5,"Stairway aisles run along both side edges of the section; rows are not split by a mid-row aisle, so seat numbers run continuously from one side aisle to the other. The entry portal is at row 5.","Facing the field, seat 1 is on your left. That puts seat 1 on the edge facing section 414, with seat numbers counting up toward the edge facing section 412. This section is behind home plate, so seat 1 is on its third-base side.",not published,"'For baseball games, we recommend rows 1-5 for outstanding convenience' and 'For baseball games, desirable view from behind home plate'. Promenade Gold (Rows 1), Promenade Level. Also flagged 'Recommended For Outstanding Convenience' - 'within five rows of the concourse (fewer stairs)' with a men's restroom, women's restroom and concessions near this section.","HIGH - zone, rows, location and seat direction stated by the source"
414,Promenade Level (400s),Promenade Silver / Promenade Gold,"Promenade Level, 400 level, behind home plate.",0,behind home plate,1-7,7,"Stairway aisles run along both side edges of the section; rows are not split by a mid-row aisle, so seat numbers run continuously from one side aisle to the other. The entry portal is at row 7.","Facing the field, seat 1 is on your left. That puts seat 1 on the edge facing section 415, with seat numbers counting up toward the edge facing section 413. This section is behind home plate, so seat 1 is on its third-base side.",not published,"'Top Pick for Outstanding Convenience Rows 1-5', 'Home Plate View', 'Rows 1-7'. 'For baseball games, we recommend rows 1-5 for outstanding convenience' and 'For baseball games, desirable view from behind home plate'. Fan review (Row 1): 'Great view behind home plate. Love the extra leg room and access to Hudson Whiskey NY.'","HIGH - zone, rows, location and seat direction stated by the source"
415,Promenade Level (400s),Promenade Silver / Promenade Gold,"Promenade Level, 400 level, behind home plate.",0,behind home plate,1-5,5,"Stairway aisles run along both side edges of the section; rows are not split by a mid-row aisle, so seat numbers run continuously from one side aisle to the other. The entry portal is at row 5.","Facing the field, seat 1 is on your left. That puts seat 1 on the edge facing section 416, with seat numbers counting up toward the edge facing section 414. This section is behind home plate, so seat 1 is on its third-base side.",not published,"'Home Plate View', 'Rows 1-5'. 'For baseball games, desirable view from behind home plate'.","HIGH - zone, rows, location and seat direction stated by the source"
416,Promenade Level (400s),Promenade Silver / Promenade Gold,"Promenade Level, 400 level, behind home plate.",0,behind home plate,1-5,5,"Stairway aisles run along both side edges of the section; rows are not split by a mid-row aisle, so seat numbers run continuously from one side aisle to the other. The entry portal is at row 5.","Facing the field, seat 1 is on your left. That puts seat 1 on the edge facing section 417, with seat numbers counting up toward the edge facing section 415. This section is behind home plate, so seat 1 is on its third-base side.",not published,"'Top Pick for Outstanding Convenience Rows 1-5', 'Home Plate View', 'Rows 1-5'. 'For baseball games, we recommend rows 1-5 for outstanding convenience' and 'For baseball games, desirable view from behind home plate'.","HIGH - zone, rows, location and seat direction stated by the source"
417,Promenade Level (400s),Promenade Silver / Promenade Gold,"Promenade Level, 400 level, behind home plate.",0,behind home plate,1-5,5,"Stairway aisles run along both side edges of the section; rows are not split by a mid-row aisle, so seat numbers run continuously from one side aisle to the other. The entry portal is at row 5.","Facing the field, seat 1 is on your left. That puts seat 1 on the edge facing section 418, with seat numbers counting up toward the edge facing section 416. This section is behind home plate, so seat 1 is on its third-base side.",not published,"'Top Pick for Outstanding Convenience Rows 1-5', 'Home Plate View', 'Rows 1-5'. 'For baseball games, we recommend rows 1-5 for outstanding convenience' and 'For baseball games, desirable view from behind home plate'. Fan review (Row 1): 'Beautiful view from this section. This level is so close to the field, It feels like you are looking down over home plate... Seats have access to 3 clubs.' Fan review (Row 3): 'Good location just to the left of home with a clear view of the entire field.'","HIGH - zone, rows, location and seat direction stated by the source"
418,Promenade Level (400s),Promenade Silver,"Promenade Level, 400 level, behind home plate; third-base end of the 411-418 run.",1,toward third base / left field,1-7,7,"Stairway aisles run along both side edges of the section; rows are not split by a mid-row aisle, so seat numbers run continuously from one side aisle to the other. The entry portal is at row 7.","Facing the field, seat 1 is on your left. That puts seat 1 on the edge facing section 419, with seat numbers counting up toward the edge facing section 417. Seat 1 is the end of the row farthest from home plate, and higher seat numbers run back toward home plate.",not published,'Rows 1-7'.,"HIGH - zone, rows, location and seat direction stated by the source"
419,Promenade Level (400s),Promenade Baseline,"Promenade Level, 400 level, third-base side of the Promenade Silver block.",2,toward third base / left field,1-5,5,"Stairway aisles run along both side edges of the section; rows are not split by a mid-row aisle, so seat numbers run continuously from one side aisle to the other. The entry portal is at row 5.","Facing the field, seat 1 is on your left. That puts seat 1 on the edge facing section 420, with seat numbers counting up toward the edge facing section 418. Seat 1 is the end of the row farthest from home plate, and higher seat numbers run back toward home plate.",not published,'Rows 1-5'. Fan review (Row 3): 'Overall pretty good seats for the value! Good view of all the action. Not too far away.',"HIGH - zone, rows, location and seat direction stated by the source"
420,Promenade Level (400s),Promenade Baseline,"Promenade Level, 400 level, third-base side.",3,toward third base / left field,1-5,5,"Stairway aisles run along both side edges of the section; rows are not split by a mid-row aisle, so seat numbers run continuously from one side aisle to the other. The entry portal is at row 5.","Facing the field, seat 1 is on your left. That puts seat 1 on the edge facing section 421, with seat numbers counting up toward the edge facing section 419. Seat 1 is the end of the row farthest from home plate, and higher seat numbers run back toward home plate.",not published,"'Top Pick for Outstanding Convenience Rows 1-5', 'Rows 1-5'. 'For baseball games, we recommend rows 1-5 for outstanding convenience'. Fan review (Row 3): 'Great seats.'","HIGH - zone, rows, location and seat direction stated by the source"
421,Promenade Level (400s),Promenade Baseline,"Promenade Level, 400 level, third-base side.",4,toward third base / left field,1-5,5,"Stairway aisles run along both side edges of the section; rows are not split by a mid-row aisle, so seat numbers run continuously from one side aisle to the other. The entry portal is at row 5.","Facing the field, seat 1 is on your left. That puts seat 1 on the edge facing section 422, with seat numbers counting up toward the edge facing section 420. Seat 1 is the end of the row farthest from home plate, and higher seat numbers run back toward home plate.",not published,"'Top Pick for Outstanding Convenience Rows 1-5', 'Top Pick for Great Views of the Field Rows 2-5', 'Rows 1-5'. 'For baseball games, we recommend rows 1-5 for outstanding convenience' and 'For baseball games, we recommend rows 2-5 for great views of the field'.","HIGH - zone, rows, location and seat direction stated by the source"
422,Promenade Level (400s),Promenade Baseline,"Promenade Level, 400 level, third-base side.",5,toward third base / left field,1-5,5,"Stairway aisles run along both side edges of the section; rows are not split by a mid-row aisle, so seat numbers run continuously from one side aisle to the other. The entry portal is at row 5.","Facing the field, seat 1 is on your left. That puts seat 1 on the edge facing section 423, with seat numbers counting up toward the edge facing section 421. Seat 1 is the end of the row farthest from home plate, and higher seat numbers run back toward home plate.",not published,"'Top Pick for Great Views of the Field Rows 2-5', 'Rows 1-5'. 'For baseball games, we recommend rows 2-5 for great views of the field'. Fan review (Row 1): 'It felt exponentially more intimate than the top level, without having to pay for a lower level seat. The only downside is if you lean back in the chair there is a rail obstructing the view, you have to sit pretty straight to see everything, and I'm tall. The second row is probably way better honestly.'","HIGH - zone, rows, location and seat direction stated by the source"
423,Promenade Level (400s),Promenade Baseline,"Promenade Level, 400 level, third-base side.",6,toward third base / left field,1-5,5,"Stairway aisles run along both side edges of the section; rows are not split by a mid-row aisle, so seat numbers run continuously from one side aisle to the other. The entry portal is at row 5.","Facing the field, seat 1 is on your left. That puts seat 1 on the edge facing section 424, with seat numbers counting up toward the edge facing section 422. Seat 1 is the end of the row farthest from home plate, and higher seat numbers run back toward home plate.",not published,"'Top Pick for Great Views of the Field Rows 2-5', 'Rows 1-5'. 'For baseball games, we recommend rows 2-5 for great views of the field'.","HIGH - zone, rows, location and seat direction stated by the source"
424,Promenade Level (400s),Promenade Baseline,"Promenade Level, 400 level, third-base side.",7,toward third base / left field,1-8,8,"Stairway aisles run along both side edges of the section; rows are not split by a mid-row aisle, so seat numbers run continuously from one side aisle to the other. The entry portal is at row 8.","Facing the field, seat 1 is on your left. That puts seat 1 on the edge facing section 425, with seat numbers counting up toward the edge facing section 423. Seat 1 is the end of the row farthest from home plate, and higher seat numbers run back toward home plate.",not published,"'Rows 1-8'. Fan review (Row 4): 'Really like the view of home plate. Great angle. Seeing left field is tricky - you can't see balls hit deep down the line. The row is about a million seats long. Liked having the aisle, but you will have to get up for other guests. Otherwise, you're about 6 seconds from concessions and the men's room.'","HIGH - zone, rows, location and seat direction stated by the source"
425,Promenade Level (400s),Promenade Baseline,"Promenade Level, 400 level, third-base side.",8,toward third base / left field,1-5,5,"Stairway aisles run along both side edges of the section; rows are not split by a mid-row aisle, so seat numbers run continuously from one side aisle to the other. The entry portal is at row 5.","Facing the field, seat 1 is on your left. That puts seat 1 on the edge facing section 426, with seat numbers counting up toward the edge facing section 424. Seat 1 is the end of the row farthest from home plate, and higher seat numbers run back toward home plate.",not published,'Rows 1-5'.,"HIGH - zone, rows, location and seat direction stated by the source"
426,Promenade Level (400s),Promenade Baseline,"Promenade Level, 400 level, third-base side.",9,toward third base / left field,1-7,7,"Stairway aisles run along both side edges of the section; rows are not split by a mid-row aisle, so seat numbers run continuously from one side aisle to the other. The entry portal is at row 7.","Facing the field, seat 1 is on your left. That puts seat 1 on the edge facing section 427, with seat numbers counting up toward the edge facing section 425. Seat 1 is the end of the row farthest from home plate, and higher seat numbers run back toward home plate.",not published,'Rows 1-7'.,"HIGH - zone, rows, location and seat direction stated by the source"
427,Promenade Level (400s),Promenade Baseline,"Promenade Level, 400 level, third-base side.",10,toward third base / left field,1-7,7,"Stairway aisles run along both side edges of the section; rows are not split by a mid-row aisle, so seat numbers run continuously from one side aisle to the other. The entry portal is at row 7.","Facing the field, seat 1 is on your left. That puts seat 1 on the edge facing section 428, with seat numbers counting up toward the edge facing section 426. Seat 1 is the end of the row farthest from home plate, and higher seat numbers run back toward home plate.",not published,'Rows 1-7'.,"HIGH - zone, rows, location and seat direction stated by the source"
428,Promenade Level (400s),Promenade Baseline,"Promenade Level, 400 level, third-base side, adjacent to the left-field corner (Promenade Box begins at 429).",11,toward third base / left field,1-5,5,"Stairway aisles run along both side edges of the section; rows are not split by a mid-row aisle, so seat numbers run continuously from one side aisle to the other. The entry portal is at row 5.","Facing the field, seat 1 is on your left. That puts seat 1 on the edge facing section 429, with seat numbers counting up toward the edge facing section 427. Seat 1 is the end of the row farthest from home plate, and higher seat numbers run back toward home plate.",not published,"'Rows 1-5'. This section's 'What It's Like to Sit' tab order is reversed on the page (Concert listed before Baseball) compared to other 400-level sections, but content itself is otherwise the same format.","HIGH - zone, rows, location and seat direction stated by the source"
429,Promenade Level (400s),Promenade Box,"Promenade Level, 400 level, left-field corner.",12,toward third base / left field,1-5,5,"Stairway aisles run along both side edges of the section; rows are not split by a mid-row aisle, so seat numbers run continuously from one side aisle to the other. The entry portal is at row 5.","Facing the field, seat 1 is on your left. That puts seat 1 on the edge facing section 430, with seat numbers counting up toward the edge facing section 428. Seat 1 is the end of the row farthest from home plate, and higher seat numbers run back toward home plate.",not published,"'Top Pick for Outstanding Convenience Rows 1-5', 'Rows 1-5', 'Behind/Side Stage (most shows)'. 'For baseball games, we recommend rows 1-5 for outstanding convenience'. 'For Concerts, Section 429 May Have a Limited View - 429 is behind the stage or to the side of the stage for most concerts. This may restrict or limit your view of the performance.' Fan review (Row 3): 'View way better than I thought. Slight angle of the seats gives comfortable sight line to all parts of Citi Field. Decent view of scoreboard and lineups. Only problem is I'm getting destroyed by the sun for this day game.'","HIGH - zone, rows, location and seat direction stated by the source"
430,Promenade Level (400s),Promenade Box,not stated by the source,13,toward third base / left field,1-5,5,"Stairway aisles run along both side edges of the section; rows are not split by a mid-row aisle, so seat numbers run continuously from one side aisle to the other. The entry portal is at row 5.","Facing the field, seat 1 is on your left. That puts seat 1 on the edge facing section 431, with seat numbers counting up toward the edge facing section 429. Seat 1 is the end of the row farthest from home plate, and higher seat numbers run back toward home plate.",not published,"""Top Pick for Outstanding Convenience"", ""Rows 1-5"", ""Behind/Side Stage (most shows)"". ""For baseball games, we recommend rows 1-5 for outstanding convenience."" ""430 is behind the stage or to the side of the stage for most concerts. This may restrict or limit your view of the performance.""","MEDIUM - rows and zone confirmed, the source does not place this section"
431,Promenade Level (400s),Promenade Box,not stated by the source,14,toward third base / left field,1-5,5,"Stairway aisles run along both side edges of the section; rows are not split by a mid-row aisle, so seat numbers run continuously from one side aisle to the other. The entry portal is at row 5.","Facing the field, seat 1 is on your left. That puts seat 1 on the edge facing section 432, with seat numbers counting up toward the edge facing section 430. Seat 1 is the end of the row farthest from home plate, and higher seat numbers run back toward home plate.",not published,"""Rows 1-5"", ""Behind/Side Stage (most shows)"". ""431 is behind the stage or to the side of the stage for most concerts. This may restrict or limit your view of the performance.""","MEDIUM - rows and zone confirmed, the source does not place this section"
432,Promenade Level (400s),Promenade Box,not stated by the source,15,toward third base / left field,1-5,5,"Stairway aisles run along both side edges of the section; rows are not split by a mid-row aisle, so seat numbers run continuously from one side aisle to the other. The entry portal is at row 5.","Facing the field, seat 1 is on your left. That puts seat 1 on the edge facing section 433, with seat numbers counting up toward the edge facing section 431. Seat 1 is the end of the row farthest from home plate, and higher seat numbers run back toward home plate.",not published,"""Rows 1-5"", ""Behind/Side Stage (most shows)"". ""432 is behind the stage or to the side of the stage for most concerts. This may restrict or limit your view of the performance.""","MEDIUM - rows and zone confirmed, the source does not place this section"
433,Promenade Level (400s),Promenade Box,not stated by the source,16,toward third base / left field,1-5,5,"Stairway aisles run along both side edges of the section; rows are not split by a mid-row aisle, so seat numbers run continuously from one side aisle to the other. The entry portal is at row 5.","Facing the field, seat 1 is on your left. That puts seat 1 on the edge facing section 434, with seat numbers counting up toward the edge facing section 432. Seat 1 is the end of the row farthest from home plate, and higher seat numbers run back toward home plate.",not published,"""Rows 1-5"", ""Behind/Side Stage (most shows)"". ""433 is behind the stage or to the side of the stage for most concerts. This may restrict or limit your view of the performance.""","MEDIUM - rows and zone confirmed, the source does not place this section"
434,Promenade Level (400s),Promenade Box,not stated by the source,17,toward third base / left field,1-5,5,"Stairway aisles run along both side edges of the section; rows are not split by a mid-row aisle, so seat numbers run continuously from one side aisle to the other. The entry portal is at row 5.","Facing the field, seat 1 is on your left. That puts seat 1 on the edge facing section 435, with seat numbers counting up toward the edge facing section 433. Seat 1 is the end of the row farthest from home plate, and higher seat numbers run back toward home plate.",not published,"""Rows 1-5"", ""Behind/Side Stage (most shows)"". ""434 is behind the stage or to the side of the stage for most concerts. This may restrict or limit your view of the performance.""","MEDIUM - rows and zone confirmed, the source does not place this section"
435,Promenade Level (400s),Promenade Box,not stated by the source,18,toward third base / left field,1-8,8,"Stairway aisles run along both side edges of the section; rows are not split by a mid-row aisle, so seat numbers run continuously from one side aisle to the other. The entry portal is at row 8.","Facing the field, seat 1 is on your left. That puts seat 1 on the edge facing section 436, with seat numbers counting up toward the edge facing section 434. Seat 1 is the end of the row farthest from home plate, and higher seat numbers run back toward home plate.",not published,"""Rows 1-8"", ""Behind/Side Stage (most shows)"". ""435 is behind the stage or to the side of the stage for most concerts. This may restrict or limit your view of the performance.""","MEDIUM - rows and zone confirmed, the source does not place this section"
436,Promenade Level (400s),Promenade Box,not stated by the source,19,toward third base / left field,1-7,7,"Stairway aisles run along both side edges of the section; rows are not split by a mid-row aisle, so seat numbers run continuously from one side aisle to the other. The entry portal is at row 7.","Facing the field, seat 1 is on your left. That puts seat 1 on the edge facing section 437, with seat numbers counting up toward the edge facing section 435. Seat 1 is the end of the row farthest from home plate, and higher seat numbers run back toward home plate.",not published,"""Rows 1-7"", ""Behind/Side Stage (most shows)"". ""Favorite Seats: Section 436 Row 4 Seats 1-2."" ""436 is behind the stage or to the side of the stage for most concerts. This may restrict or limit your view of the performance.""","MEDIUM - rows and zone confirmed, the source does not place this section"
437,Promenade Level (400s),Promenade Box,not stated by the source,20,toward third base / left field,1-7,7,"Stairway aisles run along both side edges of the section; rows are not split by a mid-row aisle, so seat numbers run continuously from one side aisle to the other. The entry portal is at row 7.","Facing the field, seat 1 is on your left. That puts seat 1 on the far edge of the section, with no further section beyond it on that side, with seat numbers counting up toward the edge facing section 436. Seat 1 is the end of the row farthest from home plate, and higher seat numbers run back toward home plate.",not published,"""Rows 1-7"", ""Behind/Side Stage (most shows)"". ""437 is behind the stage or to the side of the stage for most concerts. This may restrict or limit your view of the performance.""","MEDIUM - rows and zone confirmed, the source does not place this section"
501,Promenade Level (500s),Promenade Outfield,not stated by the source,11,toward first base / right field,1-17,1,"Stairway aisles run along both side edges of the section; rows are not split by a mid-row aisle, so seat numbers run continuously from one side aisle to the other. The entry portal is at row 1.","Facing the field, seat 1 is on your left. That puts seat 1 on the edge facing section 502, with seat numbers counting up toward the far edge of the section, with no further section beyond it on that side. Seat 1 is the end of the row closest to home plate, and higher seat numbers run away from home plate.",not published,"""Rows 11 & Above - Covered"", ""Rows 1-17"". ""Rows 11 and above are under cover."" Embedded review ""Upper Promenade Down the Line"": highest/furthest views, no premium club access, avoid first-base side during day games (sun in eyes), small roof at top covers back rows. Fan review (Row 1, aisle seat): ""Railing Nightmare"" - double railings (main railing plus walkway railing up to 500 level) obstruct view except left-field corner and center-field scoreboard; recommends Row 6 or higher on the aisle for a manageable view.","MEDIUM - rows and zone confirmed, the source does not place this section"
502,Promenade Level (500s),Promenade Outfield,not stated by the source,10,toward first base / right field,1-17,1,"Stairway aisles run along both side edges of the section; rows are not split by a mid-row aisle, so seat numbers run continuously from one side aisle to the other. The entry portal is at row 1.","Facing the field, seat 1 is on your left. That puts seat 1 on the edge facing section 503, with seat numbers counting up toward the edge facing section 501. Seat 1 is the end of the row closest to home plate, and higher seat numbers run away from home plate.",not published,"""Rows 11 & Above - Covered"", ""Rows 1-17"". ""Rows 11 and above are under cover."" Embedded review ""Upper Promenade Down the Line"": highest/furthest views in ballpark, no premium club access, avoid first-base side during day games (sun in eyes), small roof at top covers back rows.","MEDIUM - rows and zone confirmed, the source does not place this section"
503,Promenade Level (500s),Promenade Outfield,not stated by the source,9,toward first base / right field,1-17,1,"Stairway aisles run along both side edges of the section; rows are not split by a mid-row aisle, so seat numbers run continuously from one side aisle to the other. The entry portal is at row 1.","Facing the field, seat 1 is on your left. That puts seat 1 on the edge facing section 504, with seat numbers counting up toward the edge facing section 502. Seat 1 is the end of the row closest to home plate, and higher seat numbers run away from home plate.",not published,"""Rows 11 & Above - Covered"", ""Rows 1-17"". ""Rows 11 and above are under cover."" Embedded review ""Upper Promenade Down the Line"": highest/furthest views, no premium club access, avoid first-base side during day games.","MEDIUM - rows and zone confirmed, the source does not place this section"
504,Promenade Level (500s),Promenade Outfield,not stated by the source,8,toward first base / right field,1-17,1,"Stairway aisles run along both side edges of the section; rows are not split by a mid-row aisle, so seat numbers run continuously from one side aisle to the other. The entry portal is at row 1.","Facing the field, seat 1 is on your left. That puts seat 1 on the edge facing section 505, with seat numbers counting up toward the edge facing section 503. Seat 1 is the end of the row closest to home plate, and higher seat numbers run away from home plate.",not published,"""Rows 11 & Above - Covered"", ""Rows 1-17"". ""Rows 11 and above are under cover."" Fan Feedback (Row 8): ""Good view.""","MEDIUM - rows and zone confirmed, the source does not place this section"
505,Promenade Level (500s),Promenade Outfield,not stated by the source,7,toward first base / right field,1-17,1,"Stairway aisles run along both side edges of the section; rows are not split by a mid-row aisle, so seat numbers run continuously from one side aisle to the other. The entry portal is at row 1.","Facing the field, seat 1 is on your left. That puts seat 1 on the edge facing section 506, with seat numbers counting up toward the edge facing section 504. Seat 1 is the end of the row closest to home plate, and higher seat numbers run away from home plate.",not published,"""Top Pick for Visiting Team Fans"", ""Rows 11 & Above - Covered"", ""Rows 1-17"". ""For baseball games, we recommend these seats for visiting team fans""; ""Rows 11 and above are under cover.""","MEDIUM - rows and zone confirmed, the source does not place this section"
506,Promenade Level (500s),Promenade Reserved,not stated by the source,6,toward first base / right field,1-17,1,"Stairway aisles run along both side edges of the section; rows are not split by a mid-row aisle, so seat numbers run continuously from one side aisle to the other. The entry portal is at row 1.","Facing the field, seat 1 is on your left. That puts seat 1 on the edge facing section 507, with seat numbers counting up toward the edge facing section 505. Seat 1 is the end of the row closest to home plate, and higher seat numbers run away from home plate.","Rows 1-16 have 24 seats per row; Row 17 has 27 seats (per Seating and Ticket Q&A, verified Feb 2026)","""Top Pick for Visiting Team Fans"", ""Rows 11 & Above - Covered"", ""Rows 1-17"". ""For baseball games, we recommend these seats for visiting team fans""; ""Rows 11 and above are under cover."" Embedded review ""Upper Promenade Infield"": most sections have 17 rows with entry tunnels below the front row; limited coverage in last few rows; no club-area access. Fan reviews (Row 11): shade begins at Row 11 on hot day games; good field/videoboard/Flushing Bay views from up high.","MEDIUM - rows and zone confirmed, the source does not place this section"
507,Promenade Level (500s),Promenade Reserved,not stated by the source,5,toward first base / right field,1-17,1,"Stairway aisles run along both side edges of the section; rows are not split by a mid-row aisle, so seat numbers run continuously from one side aisle to the other. The entry portal is at row 1.","Facing the field, seat 1 is on your left. That puts seat 1 on the edge facing section 508, with seat numbers counting up toward the edge facing section 506. Seat 1 is the end of the row closest to home plate, and higher seat numbers run away from home plate.",not published,"""Top Pick for Outstanding Convenience Rows 1-5"", ""Top Pick for Visiting Team Fans"", ""Rows 11 & Above - Covered"", ""Rows 1-17"". ""For baseball games, we recommend rows 1-5 for outstanding convenience""; ""For baseball games, we recommend these seats for visiting team fans""; ""Rows 11 and above are under cover."" Embedded review ""Upper Promenade Infield"": 17 rows typical, entry tunnels below front row, limited coverage, no club access.","MEDIUM - rows and zone confirmed, the source does not place this section"
508,Promenade Level (500s),Promenade Reserved,not stated by the source,4,toward first base / right field,1-17,1,"Stairway aisles run along both side edges of the section; rows are not split by a mid-row aisle, so seat numbers run continuously from one side aisle to the other. The entry portal is at row 1.","Facing the field, seat 1 is on your left. That puts seat 1 on the edge facing section 509, with seat numbers counting up toward the edge facing section 507. Seat 1 is the end of the row closest to home plate, and higher seat numbers run away from home plate.",not published,"""Top Pick for Visiting Team Fans"", ""Rows 11 & Above - Covered"", ""Rows 1-17"". ""For baseball games, we recommend these seats for visiting team fans""; ""Rows 11 and above are under cover."" ""Wonderful view"" (Row 9); event review (Row 11).","MEDIUM - rows and zone confirmed, the source does not place this section"
509,Promenade Level (500s),Promenade Reserved,not stated by the source,3,toward first base / right field,1-17,1,"Stairway aisles run along both side edges of the section; rows are not split by a mid-row aisle, so seat numbers run continuously from one side aisle to the other. The entry portal is at row 1.","Facing the field, seat 1 is on your left. That puts seat 1 on the edge facing section 510, with seat numbers counting up toward the edge facing section 508. Seat 1 is the end of the row closest to home plate, and higher seat numbers run away from home plate.",not published,"""Rows 11 & Above - Covered"", ""Rows 1-17"". ""Rows 11 and above are under cover."" Fan review (Row 16, near last row): view isn't the best, some walk to concessions, but inexpensive.","MEDIUM - rows and zone confirmed, the source does not place this section"
510,Promenade Level (500s),Promenade Infield,not stated by the source,2,toward first base / right field,1-17,1,"Stairway aisles run along both side edges of the section; rows are not split by a mid-row aisle, so seat numbers run continuously from one side aisle to the other. The entry portal is at row 1.","Facing the field, seat 1 is on your left. That puts seat 1 on the edge facing section 511, with seat numbers counting up toward the edge facing section 509. Seat 1 is the end of the row closest to home plate, and higher seat numbers run away from home plate.",not published,"""Rows 11 & Above - Covered"", ""Rows 1-17"". ""Rows 11 and above are under cover."" Fan review (Row 4, Concert): section is fine for baseball since the game is right in front, but bad for concerts - stage light obstructions and recommends bringing binoculars.","MEDIUM - rows and zone confirmed, the source does not place this section"
511,Promenade Level (500s),Promenade Infield,not stated by the source,1,toward first base / right field,1-17,5,"Stairway aisles run along both side edges of the section; rows are not split by a mid-row aisle, so seat numbers run continuously from one side aisle to the other. The entry portal is at row 5.","Facing the field, seat 1 is on your left. That puts seat 1 on the edge facing section 512, with seat numbers counting up toward the edge facing section 510. Seat 1 is the end of the row closest to home plate, and higher seat numbers run away from home plate.",not published,"""Rows 11 & Above - Covered"", ""Rows 1-17"". ""Rows 11 and above are under cover.""","MEDIUM - rows and zone confirmed, the source does not place this section"
512,Promenade Level (500s),Promenade Infield,"Behind home plate. ""Home Plate View"". ""For baseball games, desirable view from behind home plate.""",0,behind home plate,1-17,5,"Stairway aisles run along both side edges of the section; rows are not split by a mid-row aisle, so seat numbers run continuously from one side aisle to the other. The entry portal is at row 5.","Facing the field, seat 1 is on your left. That puts seat 1 on the edge facing section 513, with seat numbers counting up toward the edge facing section 511. This section is behind home plate, so seat 1 is on its third-base side.",not published,"""Home Plate View"", ""Rows 11 & Above - Covered"", ""Rows 1-17"". ""Rows 11 and above are under cover."" Row 9 Seats 17-20 sit directly above the entry tunnel behind a safety railing that obstructs the view unless leaning forward; also heavy aisle foot traffic on both sides of the tunnel at that row.","HIGH - zone, rows, location and seat direction stated by the source"
513,Promenade Level (500s),Promenade Infield,"Section Insights list ""Home Plate View""; ""For baseball games, desirable view from behind home plate""",0,behind home plate,1-17,5,"Stairway aisles run along both side edges of the section; rows are not split by a mid-row aisle, so seat numbers run continuously from one side aisle to the other. The entry portal is at row 5.","Facing the field, seat 1 is on your left. That puts seat 1 on the edge facing section 514, with seat numbers counting up toward the edge facing section 512. This section is behind home plate, so seat 1 is on its third-base side.",not published,"Section Insights also list ""Top Pick for Outstanding Convenience Rows 1-5"" and ""Rows 11 & Above - Covered""; ""For baseball games, we recommend rows 1-5 for outstanding convenience"" and ""Rows 11 and above are under cover"". RYS Expert Review (Upper Promenade Infield, applies to 510-518 generally): ""Most sections feature 17 rows of seating with entry tunnels below the very front row... There aren't many seating areas at Citi Field which don't have access to a Club area, but these are some of those few which do not.""","HIGH - zone, rows, location and seat direction stated by the source"
514,Promenade Level (500s),Promenade Infield,"Section Insights list ""Home Plate View""; ""For baseball games, desirable view from behind home plate""",0,behind home plate,1-17,5,"Stairway aisles run along both side edges of the section; rows are not split by a mid-row aisle, so seat numbers run continuously from one side aisle to the other. The entry portal is at row 5.","Facing the field, seat 1 is on your left. That puts seat 1 on the edge facing section 515, with seat numbers counting up toward the edge facing section 513. This section is behind home plate, so seat 1 is on its third-base side.",not published,"Section Insights also list ""Rows 11 & Above - Covered"" (no ""Top Pick"" badge on this section). ""Rows 11 and above are under cover"". Fan review, Sec 514/Row 12: ""seats were amazing""; Sec 514/Row 14: ""Decent and able to see.""","HIGH - zone, rows, location and seat direction stated by the source"
515,Promenade Level (500s),Promenade Infield,"Section Insights list ""Home Plate View""; ""For baseball games, desirable view from behind home plate""",0,behind home plate,1-17,5,"Stairway aisles run along both side edges of the section; rows are not split by a mid-row aisle, so seat numbers run continuously from one side aisle to the other. The entry portal is at row 5.","Facing the field, seat 1 is on your left. That puts seat 1 on the edge facing section 516, with seat numbers counting up toward the edge facing section 514. This section is behind home plate, so seat 1 is on its third-base side.",not published,"Section Insights also list ""Rows 11 & Above - Covered"" (no ""Top Pick"" badge). ""Rows 11 and above are under cover"". Fan review, Sec 515/Row 10: seat was ""one of 4 directly above the entry tunnel... the railing just in front of the seats really limits how much I could enjoy the game... straight away views of the videoboard in center were pretty awesome"". Fan review, Sec 515/Row 2: ""Even though we were at the top we were able to see the field perfectly"" (row 2 described as ""at the top"" by this reviewer, an apparent inconsistency with row numbering but recorded ).","HIGH - zone, rows, location and seat direction stated by the source"
516,Promenade Level (500s),Promenade Infield,"Section Insights list ""Home Plate View""; ""For baseball games, desirable view from behind home plate""",0,behind home plate,1-17,5,"Stairway aisles run along both side edges of the section; rows are not split by a mid-row aisle, so seat numbers run continuously from one side aisle to the other. The entry portal is at row 5.","Facing the field, seat 1 is on your left. That puts seat 1 on the edge facing section 517, with seat numbers counting up toward the edge facing section 515. This section is behind home plate, so seat 1 is on its third-base side.",not published,"Section Insights also list ""Top Pick for Outstanding Convenience Rows 1-5"" and ""Rows 11 & Above - Covered"". ""For baseball games, we recommend rows 1-5 for outstanding convenience"" and ""Rows 11 and above are under cover"".","HIGH - zone, rows, location and seat direction stated by the source"
517,Promenade Level (500s),Promenade Infield,"Section Insights list ""Home Plate View""; ""For baseball games, desirable view from behind home plate""",0,behind home plate,1-17,5,"Stairway aisles run along both side edges of the section; rows are not split by a mid-row aisle, so seat numbers run continuously from one side aisle to the other. The entry portal is at row 5.","Facing the field, seat 1 is on your left. That puts seat 1 on the edge facing section 518, with seat numbers counting up toward the edge facing section 516. This section is behind home plate, so seat 1 is on its third-base side.",not published,"Section Insights also list ""Rows 11 & Above - Covered"" (no ""Top Pick"" badge). ""Rows 11 and above are under cover"". Fan review, Sec 517/Row 12: ""Great seats and access to an air-conditioned lounge.""","HIGH - zone, rows, location and seat direction stated by the source"
518,Promenade Level (500s),Promenade Infield,not stated by the source,1,toward third base / left field,1-17,1,"Stairway aisles run along both side edges of the section; rows are not split by a mid-row aisle, so seat numbers run continuously from one side aisle to the other. The entry portal is at row 1.","Facing the field, seat 1 is on your left. That puts seat 1 on the edge facing section 519, with seat numbers counting up toward the edge facing section 517. Seat 1 is the end of the row farthest from home plate, and higher seat numbers run back toward home plate.",not published,"Seating Notes only state ""Rows 11 and above are under cover"".","MEDIUM - rows and zone confirmed, the source does not place this section"
519,Promenade Level (500s),Promenade Reserved,"RYS Seating and Ticket Q&A ""Rows 5 and 6 in section 519 are on the third base side of the field, about in line with the home plate side edge of the visitors' dugout."" ""The third base side of the field is much better for shade coverage but rows 5 and 6 will most likely not see full shade until mid afternoon due to their location near the front of this section.""",2,toward third base / left field,1-17,1,"Stairway aisles run along both side edges of the section; rows are not split by a mid-row aisle, so seat numbers run continuously from one side aisle to the other. The entry portal is at row 1.","Facing the field, seat 1 is on your left. That puts seat 1 on the edge facing section 520, with seat numbers counting up toward the edge facing section 518. Seat 1 is the end of the row farthest from home plate, and higher seat numbers run back toward home plate.",not published,"""Rows 11 & Above - Covered"", ""Rows 1-17"" (no Home Plate View or Top Pick badge). ""Rows 11 and above are under cover"". The only potential problem with this section is the possible inability to see the action in the left field corner but that is an issue that almost all seats on the third base side of the field face."" Fan review complains seats were ""in the direct sunlight on a 90 deg day"" (Row 9); another fan review calls it ""a great cheap way to see a ballgame"" (Row 5); another (Row 15, under cover) says ""under the cover and I believe it's the third last row from the roof... enjoyed being in the shade and shield from the rain"".""","HIGH - zone, rows, location and seat direction stated by the source"
520,Promenade Level (500s),Promenade Reserved,not stated by the source,3,toward third base / left field,1-17,1,"Stairway aisles run along both side edges of the section; rows are not split by a mid-row aisle, so seat numbers run continuously from one side aisle to the other. The entry portal is at row 1.","Facing the field, seat 1 is on your left. That puts seat 1 on the edge facing section 521, with seat numbers counting up toward the edge facing section 519. Seat 1 is the end of the row farthest from home plate, and higher seat numbers run back toward home plate.",not published,"""Top Pick for Outstanding Convenience Rows 1-5"", ""Rows 11 & Above - Covered"", ""Rows 1-17"". ""For baseball games, we recommend rows 1-5 for outstanding convenience"" and ""Rows 11 and above are under cover"".","MEDIUM - rows and zone confirmed, the source does not place this section"
521,Promenade Level (500s),Promenade Reserved,not stated by the source,4,toward third base / left field,1-17,1,"Stairway aisles run along both side edges of the section; rows are not split by a mid-row aisle, so seat numbers run continuously from one side aisle to the other. The entry portal is at row 1.","Facing the field, seat 1 is on your left. That puts seat 1 on the edge facing section 522, with seat numbers counting up toward the edge facing section 520. Seat 1 is the end of the row farthest from home plate, and higher seat numbers run back toward home plate.",not published,"""Rows 11 & Above - Covered"", ""Rows 1-17"" (no Top Pick badge). ""Rows 11 and above are under cover"". Fan review, Sec 521/Row 13: no text, 5 stars.","MEDIUM - rows and zone confirmed, the source does not place this section"
522,Promenade Level (500s),Promenade Reserved,not stated by the source,5,toward third base / left field,1-17,1,"Stairway aisles run along both side edges of the section; rows are not split by a mid-row aisle, so seat numbers run continuously from one side aisle to the other. The entry portal is at row 1.","Facing the field, seat 1 is on your left. That puts seat 1 on the edge facing section 523, with seat numbers counting up toward the edge facing section 521. Seat 1 is the end of the row farthest from home plate, and higher seat numbers run back toward home plate.",not published,"""Rows 11 & Above - Covered"", ""Rows 1-17"" (no Top Pick badge). ""Rows 11 and above are under cover"".","MEDIUM - rows and zone confirmed, the source does not place this section"
523,Promenade Level (500s),Promenade Reserved,not stated by the source,6,toward third base / left field,1-17,1,"Stairway aisles run along both side edges of the section; rows are not split by a mid-row aisle, so seat numbers run continuously from one side aisle to the other. The entry portal is at row 1.","Facing the field, seat 1 is on your left. That puts seat 1 on the edge facing section 524, with seat numbers counting up toward the edge facing section 522. Seat 1 is the end of the row farthest from home plate, and higher seat numbers run back toward home plate.",not published,"""Top Pick for Partying and Socializing"", ""Rows 11 & Above - Covered"", ""Rows 1-17"". ""For baseball games, we recommend these seats for partying and socializing"" and ""Rows 11 and above are under cover"". RYS Expert Review ""Upper Promenade Down the Line"" ""With some of the highest and furthest views in the ballpark, no premium club access, and further positioning from the infield... If you're looking to stay out of the sun during a day game, we recommend avoiding the first base side where the sun will be in your eyes the longest. Unique food and beverage options are more easily found behind home plate on this upper deck.""","MEDIUM - rows and zone confirmed, the source does not place this section"
524,Promenade Level (500s),Promenade Reserved,not stated by the source,7,toward third base / left field,1-17,1,"Stairway aisles run along both side edges of the section; rows are not split by a mid-row aisle, so seat numbers run continuously from one side aisle to the other. The entry portal is at row 1.","Facing the field, seat 1 is on your left. That puts seat 1 on the edge facing section 525, with seat numbers counting up toward the edge facing section 523. Seat 1 is the end of the row farthest from home plate, and higher seat numbers run back toward home plate.",not published,"""Top Pick for Partying and Socializing"", ""Rows 11 & Above - Covered"", ""Rows 1-17"". ""For baseball games, we recommend these seats for partying and socializing"" and ""Rows 11 and above are under cover"". RYS Expert Review ""Upper Promenade Down the Line"" present (same generic text as 523).","MEDIUM - rows and zone confirmed, the source does not place this section"
525,Promenade Level (500s),Promenade Reserved,not stated by the source,8,toward third base / left field,1-17,1,"Stairway aisles run along both side edges of the section; rows are not split by a mid-row aisle, so seat numbers run continuously from one side aisle to the other. The entry portal is at row 1.","Facing the field, seat 1 is on your left. That puts seat 1 on the edge facing section 526, with seat numbers counting up toward the edge facing section 524. Seat 1 is the end of the row farthest from home plate, and higher seat numbers run back toward home plate.",not published,"""Top Pick for Partying and Socializing"", ""Rows 11 & Above - Covered"", ""Rows 1-17"". ""For baseball games, we recommend these seats for partying and socializing"" and ""Rows 11 and above are under cover"". RYS Expert Review ""Upper Promenade Down the Line"" present (same generic text as 523).","MEDIUM - rows and zone confirmed, the source does not place this section"
526,Promenade Level (500s),Promenade Reserved,not stated by the source,9,toward third base / left field,1-17,1,"Stairway aisles run along both side edges of the section; rows are not split by a mid-row aisle, so seat numbers run continuously from one side aisle to the other. The entry portal is at row 1.","Facing the field, seat 1 is on your left. That puts seat 1 on the edge facing section 527, with seat numbers counting up toward the edge facing section 525. Seat 1 is the end of the row farthest from home plate, and higher seat numbers run back toward home plate.",not published,"""Top Pick for Partying and Socializing"", ""Rows 11 & Above - Covered"", ""Rows 1-17"". ""For baseball games, we recommend these seats for partying and socializing"" and ""Rows 11 and above are under cover"". Fan review, Sec 526/Row 1 ""Avoid the first row. The railing is directly in your sightline to home plate. It's nice that you walk up the stairs and the row is right there, but a higher row would be way better.""","MEDIUM - rows and zone confirmed, the source does not place this section"
527,Promenade Level (500s),Promenade Reserved,not stated by the source,10,toward third base / left field,1-17,1,"Stairway aisles run along both side edges of the section; rows are not split by a mid-row aisle, so seat numbers run continuously from one side aisle to the other. The entry portal is at row 1.","Facing the field, seat 1 is on your left. That puts seat 1 on the edge facing section 528, with seat numbers counting up toward the edge facing section 526. Seat 1 is the end of the row farthest from home plate, and higher seat numbers run back toward home plate.",not published,"""Top Pick for Partying and Socializing"", ""Rows 11 & Above - Covered"", ""Rows 1-17"". ""For baseball games, we recommend these seats for partying and socializing"" and ""Rows 11 and above are under cover"". RYS Expert Review ""Upper Promenade Down the Line"" present (same generic text as 523).","MEDIUM - rows and zone confirmed, the source does not place this section"
528,Promenade Level (500s),Promenade Reserved,not stated by the source,11,toward third base / left field,1-17,1,"Stairway aisles run along both side edges of the section; rows are not split by a mid-row aisle, so seat numbers run continuously from one side aisle to the other. The entry portal is at row 1.","Facing the field, seat 1 is on your left. That puts seat 1 on the edge facing section 529, with seat numbers counting up toward the edge facing section 527. Seat 1 is the end of the row farthest from home plate, and higher seat numbers run back toward home plate.",not published,"""Rows 11 & Above - Covered"", ""Rows 1-17"", ""Behind/Side Stage (most shows)"" (no ""Top Pick for Partying"" badge here, unlike 523-527). ""Rows 11 and above are under cover"". ""For Concerts, Section 528 May Have a Limited View — 528 is behind the stage or to the side of the stage for most concerts. This may restrict or limit your view of the performance.""","MEDIUM - rows and zone confirmed, the source does not place this section"
529,Promenade Level (500s),Promenade Reserved,not stated by the source,12,toward third base / left field,1-17,1,"Stairway aisles run along both side edges of the section; rows are not split by a mid-row aisle, so seat numbers run continuously from one side aisle to the other. The entry portal is at row 1.","Facing the field, seat 1 is on your left. That puts seat 1 on the edge facing section 530, with seat numbers counting up toward the edge facing section 528. Seat 1 is the end of the row farthest from home plate, and higher seat numbers run back toward home plate.",not published,"""Top Pick for Outstanding Convenience Rows 1-5"", ""Rows 11 & Above - Covered"", ""Rows 1-17"", ""Behind/Side Stage (most shows)"". ""For baseball games, we recommend rows 1-5 for outstanding convenience"" and ""Rows 11 and above are under cover"". Concert-specific limited-view note (same wording as 528, section-number-substituted).","MEDIUM - rows and zone confirmed, the source does not place this section"
530,Promenade Level (500s),Promenade Reserved,not stated by the source,13,toward third base / left field,1-17,1,"Stairway aisles run along both side edges of the section; rows are not split by a mid-row aisle, so seat numbers run continuously from one side aisle to the other. The entry portal is at row 1.","Facing the field, seat 1 is on your left. That puts seat 1 on the edge facing section 531, with seat numbers counting up toward the edge facing section 529. Seat 1 is the end of the row farthest from home plate, and higher seat numbers run back toward home plate.",not published,"""Rows 11 & Above - Covered"", ""Rows 1-17"", ""Behind/Side Stage (most shows)"" (no Top Pick badge). ""Rows 11 and above are under cover"". Concert-specific limited-view note (same wording as 528/529, section-number-substituted).","MEDIUM - rows and zone confirmed, the source does not place this section"
531,Promenade Level (500s),Promenade Reserved,not stated by the source,14,toward third base / left field,1-17,1,"Stairway aisles run along both side edges of the section; rows are not split by a mid-row aisle, so seat numbers run continuously from one side aisle to the other. The entry portal is at row 1.","Facing the field, seat 1 is on your left. That puts seat 1 on the edge facing section 532, with seat numbers counting up toward the edge facing section 530. Seat 1 is the end of the row farthest from home plate, and higher seat numbers run back toward home plate.",not published,"""Rows 11 & Above - Covered"", ""Rows 1-17"", ""Behind/Side Stage (most shows)"" (no Top Pick badge). ""Rows 11 and above are under cover"". Concert-specific limited-view note present (same wording as 528-530). Fan reviews, both Sec 531/Row 1: ""Yes, a small part of left field is obstructed, but that's to be expected sitting in left field... Food is nearby, bathrooms were nearby with no lines"" and ""No matter where you sit, it is always a good seat here. Yes, you can't see a small part of left field, but they were spacious by stadium standards, and had cupholders."" (Both reviews independently place 531 near/at left field and note a partial left-field obstruction.)","MEDIUM - rows and zone confirmed, the source does not place this section"
532,Promenade Level (500s),Promenade Outfield,"RYS Expert Review ""Upper Promenade Outfield"" ""Outfield views do not get any further than in the Upper Promenade Outfield sections. Exclusive to the left field side and located on the highest tier of seating beyond the outfield wall, these seats will not only have a difficult time following the action, but also have a tough angle to the center field videoboard.""",15,toward third base / left field,1-17,1,"Stairway aisles run along both side edges of the section; rows are not split by a mid-row aisle, so seat numbers run continuously from one side aisle to the other. The entry portal is at row 1.","Facing the field, seat 1 is on your left. That puts seat 1 on the edge facing section 533, with seat numbers counting up toward the edge facing section 531. Seat 1 is the end of the row farthest from home plate, and higher seat numbers run back toward home plate.",not published,"""Rows 11 & Above - Covered"", ""Rows 1-17"", ""Behind/Side Stage (most shows)"" (no Top Pick badge). ""Rows 11 and above are under cover"". RYS ""Entry tunnels are located at the front of these 17 row sections, and if you don't mind sitting almost as far as possible you can find some overhead coverage in the very last rows."" Concert-specific limited-view note present (same wording as 528-531). Fan feedback ""Poor view of the game.""","HIGH - zone, rows, location and seat direction stated by the source"
533,Promenade Level (500s),Promenade Outfield,"Left field side, highest tier of seating beyond the outfield wall (RateYourSeats 'Upper Promenade Outfield' review: ""Exclusive to the left field side and located on the highest tier of seating beyond the outfield wall"")",16,toward third base / left field,1-17,1,"Stairway aisles run along both side edges of the section; rows are not split by a mid-row aisle, so seat numbers run continuously from one side aisle to the other. The entry portal is at row 1.","Facing the field, seat 1 is on your left. That puts seat 1 on the edge facing section 534, with seat numbers counting up toward the edge facing section 532. Seat 1 is the end of the row farthest from home plate, and higher seat numbers run back toward home plate.",not published,"""Rows 11 & Above - Covered""; ""Behind/Side Stage (most shows)"" for concerts. ""Outfield views do not get any further than in the Upper Promenade Outfield sections. Exclusive to the left field side and located on the highest tier of seating beyond the outfield wall, these seats will not only have a difficult time following the action, but also have a tough angle to the center field videoboard. Entry tunnels are located at the front of these 17 row sections, and if you don't mind sitting almost as far as possible you can find some overhead coverage in the very last rows."" ""Rows 11 and above are under cover."" ""533 is behind the stage or to the side of the stage for most concerts. This may restrict or limit your view of the performance.""","HIGH - zone, rows, location and seat direction stated by the source"
534,Promenade Level (500s),Promenade Outfield,"Left field side, highest tier of seating beyond the outfield wall (RateYourSeats 'Upper Promenade Outfield' review: ""Exclusive to the left field side and located on the highest tier of seating beyond the outfield wall"")",17,toward third base / left field,1-17,1,"Stairway aisles run along both side edges of the section; rows are not split by a mid-row aisle, so seat numbers run continuously from one side aisle to the other. The entry portal is at row 1.","Facing the field, seat 1 is on your left. That puts seat 1 on the edge facing section 535, with seat numbers counting up toward the edge facing section 533. Seat 1 is the end of the row farthest from home plate, and higher seat numbers run back toward home plate.",not published,"""Rows 11 & Above - Covered""; ""Behind/Side Stage (most shows)"" for concerts. ""Outfield views do not get any further than in the Upper Promenade Outfield sections... a tough angle to the center field videoboard. Entry tunnels are located at the front of these 17 row sections... overhead coverage in the very last rows."" ""Rows 11 and above are under cover."" Fan review (Sec 534, Row 1, Baseball, 5 stars, titled ""Avoid the front row on the 500 level""): ""Both the safety railing and walkway hand rail were right in my view of the infield, making for a very frustrating view at the ballpark. Left field corner or deep on the left field wall - no chance of seeing anything there. Scoreboard views are incredibly difficult, and be prepared with sunscreen during a day game as you see a healthy amount of sun.""","HIGH - zone, rows, location and seat direction stated by the source"
535,Promenade Level (500s),Promenade Outfield,"Left field side, highest tier of seating beyond the outfield wall (RateYourSeats 'Upper Promenade Outfield' review: ""Exclusive to the left field side and located on the highest tier of seating beyond the outfield wall"")",18,toward third base / left field,1-17,1,"Stairway aisles run along both side edges of the section; rows are not split by a mid-row aisle, so seat numbers run continuously from one side aisle to the other. The entry portal is at row 1.","Facing the field, seat 1 is on your left. That puts seat 1 on the edge facing section 536, with seat numbers counting up toward the edge facing section 534. Seat 1 is the end of the row farthest from home plate, and higher seat numbers run back toward home plate.",not published,"""Rows 11 & Above - Covered""; ""Behind/Side Stage (most shows)"" for concerts. ""Outfield views do not get any further than in the Upper Promenade Outfield sections... a tough angle to the center field videoboard. Entry tunnels are located at the front of these 17 row sections... overhead coverage in the very last rows."" ""Rows 11 and above are under cover."" A photo is captioned 'seats near section 535' showing 'Row 12' cover. ""535 is behind the stage or to the side of the stage for most concerts. This may restrict or limit your view of the performance.""","HIGH - zone, rows, location and seat direction stated by the source"
536,Promenade Level (500s),Promenade Outfield,"Left field side, highest tier of seating beyond the outfield wall (RateYourSeats 'Upper Promenade Outfield' review: ""Exclusive to the left field side and located on the highest tier of seating beyond the outfield wall"")",19,toward third base / left field,1-17,1,"Stairway aisles run along both side edges of the section; rows are not split by a mid-row aisle, so seat numbers run continuously from one side aisle to the other. The entry portal is at row 1.","Facing the field, seat 1 is on your left. That puts seat 1 on the edge facing section 537, with seat numbers counting up toward the edge facing section 535. Seat 1 is the end of the row farthest from home plate, and higher seat numbers run back toward home plate.",not published,"""Rows 11 & Above - Covered""; ""Behind/Side Stage (most shows)"" for concerts. ""Outfield views do not get any further than in the Upper Promenade Outfield sections... a tough angle to the center field videoboard. Entry tunnels are located at the front of these 17 row sections... overhead coverage in the very last rows."" ""Rows 11 and above are under cover."" ""536 is behind the stage or to the side of the stage for most concerts. This may restrict or limit your view of the performance.""","HIGH - zone, rows, location and seat direction stated by the source"
537,Promenade Level (500s),Promenade Outfield,"Left field side, highest tier of seating beyond the outfield wall (RateYourSeats 'Upper Promenade Outfield' review: ""Exclusive to the left field side and located on the highest tier of seating beyond the outfield wall"")",20,toward third base / left field,1-17,1,"Stairway aisles run along both side edges of the section; rows are not split by a mid-row aisle, so seat numbers run continuously from one side aisle to the other. The entry portal is at row 1.","Facing the field, seat 1 is on your left. That puts seat 1 on the edge facing section 538, with seat numbers counting up toward the edge facing section 536. Seat 1 is the end of the row farthest from home plate, and higher seat numbers run back toward home plate.",not published,"""Rows 11 & Above - Covered""; ""Behind/Side Stage (most shows)"" for concerts. ""Outfield views do not get any further than in the Upper Promenade Outfield sections... a tough angle to the center field videoboard. Entry tunnels are located at the front of these 17 row sections... overhead coverage in the very last rows."" ""Rows 11 and above are under cover."" ""537 is behind the stage or to the side of the stage for most concerts. This may restrict or limit your view of the performance.""","HIGH - zone, rows, location and seat direction stated by the source"
538,Promenade Level (500s),Promenade Outfield,"Left field side, highest tier of seating beyond the outfield wall (RateYourSeats 'Upper Promenade Outfield' review: ""Exclusive to the left field side and located on the highest tier of seating beyond the outfield wall"")",21,toward third base / left field,1-17,1,"Stairway aisles run along both side edges of the section; rows are not split by a mid-row aisle, so seat numbers run continuously from one side aisle to the other. The entry portal is at row 1.","Facing the field, seat 1 is on your left. That puts seat 1 on the far edge of the section, with no further section beyond it on that side, with seat numbers counting up toward the edge facing section 537. Seat 1 is the end of the row farthest from home plate, and higher seat numbers run back toward home plate.",not published,"""Rows 11 & Above - Covered""; ""Behind/Side Stage (most shows)"" for concerts. ""Outfield views do not get any further than in the Upper Promenade Outfield sections... a tough angle to the center field videoboard. Entry tunnels are located at the front of these 17 row sections... overhead coverage in the very last rows."" ""Rows 11 and above are under cover."" Photos captioned 'videoboard from 538' (Row 11) and 'seats near section 538' (Row 11, cover). ""538 is behind the stage or to the side of the stage for most concerts. This may restrict or limit your view of the performance.""","HIGH - zone, rows, location and seat direction stated by the source"
A,"Clubs, suites and other named areas",Home Plate Club,"Located in the first 8 rows directly behind home plate."" The club spans ""Sections A–H as well as sections AA and HH."" ""Sections AA & A are closest to the Mets dugout.",,not part of the numbered seating bowl,1-8,UNKNOWN,"The source describes this as a named area rather than a numbered section, so it publishes no aisle layout for it.","Facing the field, seat 1 is on your left. That is stated on this area's own page. It sits outside the numbered seating bowl, so there is no neighbouring section to describe it against.",not published,"Premium seating area that is part of the Delta Sky360 Club behind home plate. Page states an ""All-Inclusive Experience: Food, beer, wine, and spirits included for Mets games"", ""Access to a 7,000-square-foot Delta Sky360 Club lounge"", and ""In-Seat Service: Food and drinks delivered directly to your seat."" Sold as a premium/club ticket. This was a per-section page, not a zone page. Listed in the venue index under the heading Home Plate Club as ""Club A"".","HIGH - zone, rows, location and seat direction stated by the source"
AA,"Clubs, suites and other named areas",Home Plate Club,"Located in the first 8 rows directly behind home plate."" The club spans ""Sections A–H as well as sections AA and HH."" ""Sections AA & A are closest to the Mets dugout.",,not part of the numbered seating bowl,1-6,UNKNOWN,"The source describes this as a named area rather than a numbered section, so it publishes no aisle layout for it.","Facing the field, seat 1 is on your left. That is stated on this area's own page. It sits outside the numbered seating bowl, so there is no neighbouring section to describe it against.",not published,"Premium seating area that is part of the Delta Sky360 Club behind home plate. Page states an ""All-Inclusive Experience: Food, beer, wine, and spirits included for Mets games"", ""Access to a 7,000-square-foot Delta Sky360 Club lounge"", and ""In-Seat Service: Food and drinks delivered directly to your seat."" Sold as a premium/club ticket. This was a per-section page, not a zone page. Listed in the venue index under the heading Home Plate Club as ""Club AA"".","HIGH - zone, rows, location and seat direction stated by the source"
B,"Clubs, suites and other named areas",Home Plate Clu,"Located in the first 8 rows directly behind home plate."" The club spans ""Sections A–H as well as sections AA and HH.",,not part of the numbered seating bowl,1-6,UNKNOWN,"The source describes this as a named area rather than a numbered section, so it publishes no aisle layout for it.","Facing the field, seat 1 is on your left. That is stated on this area's own page. It sits outside the numbered seating bowl, so there is no neighbouring section to describe it against.",not published,"Premium seating area that is part of the Delta Sky360 Club behind home plate. Page states an ""All-Inclusive Experience: Food, beer, wine, and spirits included for Mets games"", ""Access to a 7,000-square-foot Delta Sky360 Club lounge"", and ""In-Seat Service: Food and drinks delivered directly to your seat."" Sold as a premium/club ticket. This was a per-section page, not a zone page. Listed in the venue index under the heading Home Plate Club as ""Club B"".","HIGH - zone, rows, location and seat direction stated by the source"
C,"Clubs, suites and other named areas",Home Plate Club,"Located in the first 8 rows directly behind home plate."" The club spans ""Sections A–H as well as sections AA and HH."" ""Sections C & E are centered directly behind the plate.",,not part of the numbered seating bowl,1-6,UNKNOWN,"The source describes this as a named area rather than a numbered section, so it publishes no aisle layout for it.","Facing the field, seat 1 is on your left. That is stated on this area's own page. It sits outside the numbered seating bowl, so there is no neighbouring section to describe it against.",not published,"Premium seating area that is part of the Delta Sky360 Club behind home plate. Page states an ""All-Inclusive Experience: Food, beer, wine, and spirits included for Mets games"", ""Access to a 7,000-square-foot Delta Sky360 Club lounge"", and ""In-Seat Service: Food and drinks delivered directly to your seat."" Sold as a premium/club ticket. This was a per-section page, not a zone page. Listed in the venue index under the heading Home Plate Club as ""Club C"".","HIGH - zone, rows, location and seat direction stated by the source"
D,"Clubs, suites and other named areas",Home Plate Club,"Located in the first 8 rows directly behind home plate."" The club spans ""Sections A–H as well as sections AA and HH.",,not part of the numbered seating bowl,1-6,UNKNOWN,"The source describes this as a named area rather than a numbered section, so it publishes no aisle layout for it.","Facing the field, seat 1 is on your left. That is stated on this area's own page. It sits outside the numbered seating bowl, so there is no neighbouring section to describe it against.",not published,"Premium seating area that is part of the Delta Sky360 Club behind home plate. Page states an ""All-Inclusive Experience: Food, beer, wine, and spirits included for Mets games"", ""Access to a 7,000-square-foot Delta Sky360 Club lounge"", and ""In-Seat Service: Food and drinks delivered directly to your seat."" Sold as a premium/club ticket. This was a per-section page, not a zone page. Listed in the venue index under the heading Home Plate Club as ""Club D"".","HIGH - zone, rows, location and seat direction stated by the source"
E,"Clubs, suites and other named areas",Home Plate Club,"Located in the first 8 rows directly behind home plate."" The club spans ""Sections A–H as well as sections AA and HH."" ""Sections C & E are centered directly behind the plate.",,not part of the numbered seating bowl,1-6,UNKNOWN,"The source describes this as a named area rather than a numbered section, so it publishes no aisle layout for it.","Facing the field, seat 1 is on your left. That is stated on this area's own page. It sits outside the numbered seating bowl, so there is no neighbouring section to describe it against.",not published,"Premium seating area that is part of the Delta Sky360 Club behind home plate. Page states an ""All-Inclusive Experience: Food, beer, wine, and spirits included for Mets games"", ""Access to a 7,000-square-foot Delta Sky360 Club lounge"", and ""In-Seat Service: Food and drinks delivered directly to your seat."" Sold as a premium/club ticket. This was a per-section page, not a zone page. Listed in the venue index under the heading Home Plate Club as ""Club E"".","HIGH - zone, rows, location and seat direction stated by the source"
F,"Clubs, suites and other named areas",Home Plate Club,"Located in the first 8 rows directly behind home plate."" The club spans ""Sections A–H as well as sections AA and HH.",,not part of the numbered seating bowl,"1WC, 2-3, 4-6",UNKNOWN,"The source describes this as a named area rather than a numbered section, so it publishes no aisle layout for it.","Facing the field, seat 1 is on your left. That is stated on this area's own page. It sits outside the numbered seating bowl, so there is no neighbouring section to describe it against.",not published,"Premium seating area that is part of the Delta Sky360 Club behind home plate. Page states an ""All-Inclusive Experience: Food, beer, wine, and spirits included for Mets games"", ""Access to a 7,000-square-foot Delta Sky360 Club lounge"", and ""In-Seat Service: Food and drinks delivered directly to your seat."" Sold as a premium/club ticket. This was a per-section page, not a zone page. Listed in the venue index under the heading Home Plate Club as ""Club F"".","HIGH - zone, rows, location and seat direction stated by the source"
G,"Clubs, suites and other named areas",Home Plate Club,"Located in the first 8 rows directly behind home plate."" The club spans ""Sections A–H as well as sections AA and HH.",,not part of the numbered seating bowl,"1WC, 2-3, 4-6",UNKNOWN,"The source describes this as a named area rather than a numbered section, so it publishes no aisle layout for it.","Facing the field, seat 1 is on your left. That is stated on this area's own page. It sits outside the numbered seating bowl, so there is no neighbouring section to describe it against.",not published,"Premium seating area that is part of the Delta Sky360 Club behind home plate. Page states an ""All-Inclusive Experience: Food, beer, wine, and spirits included for Mets games"", ""Access to a 7,000-square-foot Delta Sky360 Club lounge"", and ""In-Seat Service: Food and drinks delivered directly to your seat."" Sold as a premium/club ticket. This was a per-section page, not a zone page. Listed in the venue index under the heading Home Plate Club as ""Club G"".","HIGH - zone, rows, location and seat direction stated by the source"
H,"Clubs, suites and other named areas",Home Plate Club,"Located in the first 8 rows directly behind home plate."" The club spans ""Sections A–H as well as sections AA and HH."" ""Sections H & HH are closest to the visitor dugout.",,not part of the numbered seating bowl,1-8,UNKNOWN,"The source describes this as a named area rather than a numbered section, so it publishes no aisle layout for it.","Facing the field, seat 1 is on your left. That is stated on this area's own page. It sits outside the numbered seating bowl, so there is no neighbouring section to describe it against.",not published,"Premium seating area that is part of the Delta Sky360 Club behind home plate. Page states an ""All-Inclusive Experience: Food, beer, wine, and spirits included for Mets games"", ""Access to a 7,000-square-foot Delta Sky360 Club lounge"", and ""In-Seat Service: Food and drinks delivered directly to your seat."" Sold as a premium/club ticket. This was a per-section page, not a zone page. Listed in the venue index under the heading Home Plate Club as ""Club H"".","HIGH - zone, rows, location and seat direction stated by the source"
HH,"Clubs, suites and other named areas",Home Plate Club,"Located in the first 8 rows directly behind home plate."" The club spans ""Sections A–H as well as sections AA and HH."" ""Sections H & HH are closest to the visitor dugout.",,not part of the numbered seating bowl,1-6,UNKNOWN,"The source describes this as a named area rather than a numbered section, so it publishes no aisle layout for it.","Facing the field, seat 1 is on your left. That is stated on this area's own page. It sits outside the numbered seating bowl, so there is no neighbouring section to describe it against.",not published,"Premium seating area that is part of the Delta Sky360 Club behind home plate. Page states an ""All-Inclusive Experience: Food, beer, wine, and spirits included for Mets games"", ""Access to a 7,000-square-foot Delta Sky360 Club lounge"", and ""In-Seat Service: Food and drinks delivered directly to your seat."" Sold as a premium/club ticket. This was a per-section page, not a zone page. Listed in the venue index under the heading Home Plate Club as ""Club HH"".","HIGH - zone, rows, location and seat direction stated by the source"
