section,level,zone,location_in_stadium,sections_from_home_plate,direction_from_home_plate,rows_in_section,entrance_row,aisle_and_walkway_locations,seat_numbering,seats_per_row,notes,confidence
1,Lower Level (1-33),Corner Boxes,Located near the foul poles on the lowest seating level at Globe Life Field; Sections 1-4 make up the third base corner,11,toward third base / left field,1-16,UNKNOWN,"Stairway aisles run along both side edges of the section; rows are not split by a mid-row aisle, so seat numbers run continuously from one side aisle to the other. The entry portal row is not published for this section.","Facing the field, seat 1 is on your left. That puts seat 1 on the far edge of the section, with no further section beyond it on that side, with seat numbers counting up toward the edge facing section 2. Seat 1 is the end of the row farthest from home plate, and higher seat numbers run back toward home plate.",not published,"""Seats in these sections sit behind the extended protective netting""; fans should ""expect protective netting to be visible, though it is designed to minimize obstruction"". Dugout adjacency Roof coverage Accessible/wheelchair rows","HIGH - zone, rows, location and seat direction stated by the source"
2,Lower Level (1-33),Corner Boxes,Located near the foul poles on the lowest seating level at Globe Life Field; Sections 1-4 make up the third base corner,10,toward third base / left field,1-16,UNKNOWN,"Stairway aisles run along both side edges of the section; rows are not split by a mid-row aisle, so seat numbers run continuously from one side aisle to the other. The entry portal row is not published for this section.","Facing the field, seat 1 is on your left. That puts seat 1 on the edge facing section 1, with seat numbers counting up toward the edge facing section 3. Seat 1 is the end of the row farthest from home plate, and higher seat numbers run back toward home plate.",not published,"""Seats in these sections sit behind the extended protective netting""; fans should ""expect protective netting to be visible"". Dugout adjacency Roof coverage Accessible/wheelchair rows","HIGH - zone, rows, location and seat direction stated by the source"
3,Lower Level (1-33),Corner Boxes,Located near the foul poles on the lowest seating level at Globe Life Field; Sections 1-4 make up the third base corner,9,toward third base / left field,1-16,UNKNOWN,"Stairway aisles run along both side edges of the section; rows are not split by a mid-row aisle, so seat numbers run continuously from one side aisle to the other. The entry portal row is not published for this section.","Facing the field, seat 1 is on your left. That puts seat 1 on the edge facing section 2, with seat numbers counting up toward the edge facing section 4. Seat 1 is the end of the row farthest from home plate, and higher seat numbers run back toward home plate.",not published,"""Seats in these sections sit behind the extended protective netting"" and ""Fans should also expect protective netting to be visible, though it is designed to minimize obstruction"". Dugout adjacency Roof coverage Accessible/wheelchair rows","HIGH - zone, rows, location and seat direction stated by the source"
4,Lower Level (1-33),Corner Boxes,Located near the foul poles on the lowest seating level at Globe Life Field; Sections 1-4 sit along the third base side,8,toward third base / left field,1-16,UNKNOWN,"Stairway aisles run along both side edges of the section; rows are not split by a mid-row aisle, so seat numbers run continuously from one side aisle to the other. The entry portal row is not published for this section.","Facing the field, seat 1 is on your left. That puts seat 1 on the edge facing section 3, with seat numbers counting up toward the edge facing section 5. Seat 1 is the end of the row farthest from home plate, and higher seat numbers run back toward home plate.",not published,"""Seats in these sections sit behind the extended protective netting""; fans should ""expect protective netting to be visible"". Dugout adjacency Roof coverage Accessible/wheelchair rows","HIGH - zone, rows, location and seat direction stated by the source"
5,Lower Level (1-33),not named by the source,not stated by the source,7,toward third base / left field,1-16,UNKNOWN,"Stairway aisles run along both side edges of the section; rows are not split by a mid-row aisle, so seat numbers run continuously from one side aisle to the other. The entry portal row is not published for this section.","Facing the field, seat 1 is on your left. That puts seat 1 on the edge facing section 4, with seat numbers counting up toward the edge facing section 6. Seat 1 is the end of the row farthest from home plate, and higher seat numbers run back toward home plate.",not published,,"MEDIUM - rows confirmed, ticket zone not named by the source"
6,Lower Level (1-33),not named by the source,"""Behind visitor dugout"" (stated in a fan review on the page)",6,toward third base / left field,1-16,UNKNOWN,"Stairway aisles run along both side edges of the section; rows are not split by a mid-row aisle, so seat numbers run continuously from one side aisle to the other. The entry portal row is not published for this section.","Facing the field, seat 1 is on your left. That puts seat 1 on the edge facing section 5, with seat numbers counting up toward the edge facing section 7. Seat 1 is the end of the row farthest from home plate, and higher seat numbers run back toward home plate.",not published,"fan review describes an ""awesome view behind visitor dugout"". Obstructed views Netting Roof coverage Accessible/wheelchair rows","MEDIUM - rows confirmed, ticket zone not named by the source"
7,Lower Level (1-33),not named by the source,"For baseball games, these seats are located behind the visitor dugout",5,toward third base / left field,3-16,UNKNOWN,"Stairway aisles run along both side edges of the section; rows are not split by a mid-row aisle, so seat numbers run continuously from one side aisle to the other. The entry portal row is not published for this section.","Facing the field, seat 1 is on your left. That puts seat 1 on the edge facing section 6, with seat numbers counting up toward the edge facing section 8. Seat 1 is the end of the row farthest from home plate, and higher seat numbers run back toward home plate.",not published,"""Literally on top of the dugout. Easily the best legroom in the seating bowl."" Obstructed views Netting Roof coverage Accessible/wheelchair rows","MEDIUM - rows confirmed, ticket zone not named by the source"
8,Lower Level (1-33),Lexus Club Seats,"Located in the first eight rows of sections 8-19, placing fans extremely close to the field; located behind the visitor dugout",4,toward third base / left field,3-16,UNKNOWN,"Stairway aisles run along both side edges of the section; rows are not split by a mid-row aisle, so seat numbers run continuously from one side aisle to the other. The entry portal row is not published for this section.","Facing the field, seat 1 is on your left. That puts seat 1 on the edge facing section 7, with seat numbers counting up toward the edge facing section 9. Seat 1 is the end of the row farthest from home plate, and higher seat numbers run back toward home plate.",not published,"""All seats are located behind the protective netting that runs along the infield for fan safety"". ""Sections 18-19 sit closest to the Rangers dugout, while sections 8-9 are nearest the visitor dugout"". Roof coverage Accessible/wheelchair rows","HIGH - zone, rows, location and seat direction stated by the source"
9,Lower Level (1-33),Lexus Club Seats,"Located in the first eight rows of sections 8-19, placing fans extremely close to the field; located behind the visitor dugout",3,toward third base / left field,1-16,UNKNOWN,"Stairway aisles run along both side edges of the section; rows are not split by a mid-row aisle, so seat numbers run continuously from one side aisle to the other. The entry portal row is not published for this section.","Facing the field, seat 1 is on your left. That puts seat 1 on the edge facing section 8, with seat numbers counting up toward the edge facing section 10. Seat 1 is the end of the row farthest from home plate, and higher seat numbers run back toward home plate.",not published,"""All seats are located behind the protective netting that runs along the infield for fan safety"". sections 8-9 are ""nearest the visitor dugout"". Roof coverage Accessible/wheelchair rows","HIGH - zone, rows, location and seat direction stated by the source"
10,Lower Level (1-33),Lexus Club Seats,"Located in the first eight rows of sections 8-19, placing fans extremely close to the field.",2,toward third base / left field,1-16,UNKNOWN,"Stairway aisles run along both side edges of the section; rows are not split by a mid-row aisle, so seat numbers run continuously from one side aisle to the other. The entry portal row is not published for this section.","Facing the field, seat 1 is on your left. That puts seat 1 on the edge facing section 9, with seat numbers counting up toward the edge facing section 11. Seat 1 is the end of the row farthest from home plate, and higher seat numbers run back toward home plate.",not published,"""All seats are located behind the protective netting that runs along the infield for fan safety."" ""Sections 18-19 sit closest to the Rangers dugout, while sections 8-9 are nearest the visitor dugout."" Roof coverage Accessible/wheelchair rows","HIGH - zone, rows, location and seat direction stated by the source"
11,Lower Level (1-33),Lexus Club Seats,"Located in the first eight rows of sections 8-19, placing fans extremely close to the field.",1,toward third base / left field,1-16,UNKNOWN,"Stairway aisles run along both side edges of the section; rows are not split by a mid-row aisle, so seat numbers run continuously from one side aisle to the other. The entry portal row is not published for this section.","Facing the field, seat 1 is on your left. That puts seat 1 on the edge facing section 10, with seat numbers counting up toward the edge facing section 12. Seat 1 is the end of the row farthest from home plate, and higher seat numbers run back toward home plate.",not published,"""All seats are located behind the protective netting that runs along the infield for fan safety."" ""Sections 18-19 sit closest to the Rangers dugout, while sections 8-9 are nearest the visitor dugout."" Roof coverage Accessible/wheelchair rows","HIGH - zone, rows, location and seat direction stated by the source"
12,Lower Level (1-33),Lexus Club Seats,"Located in the first eight rows of sections 8-19, placing fans extremely close to the field.",0,behind home plate,1-16,UNKNOWN,"Stairway aisles run along both side edges of the section; rows are not split by a mid-row aisle, so seat numbers run continuously from one side aisle to the other. The entry portal row is not published for this section.","Facing the field, seat 1 is on your left. That puts seat 1 on the edge facing section 11, with seat numbers counting up toward the edge facing section 13. This section is behind home plate, so seat 1 is on its third-base side.",not published,"""All seats are located behind the protective netting that runs along the infield for fan safety."" Dugout adjacency not stated for Section 12 specifically. Roof coverage Accessible/wheelchair rows","HIGH - zone, rows, location and seat direction stated by the source"
13,Lower Level (1-33),Lexus Club Seats,"Directly behind home plate; provides a ""Home Plate View""",0,behind home plate,1-16,UNKNOWN,"Stairway aisles run along both side edges of the section; rows are not split by a mid-row aisle, so seat numbers run continuously from one side aisle to the other. The entry portal row is not published for this section.","Facing the field, seat 1 is on your left. That puts seat 1 on the edge facing section 12, with seat numbers counting up toward the edge facing section 14. This section is behind home plate, so seat 1 is on its third-base side.",not published,"""All seats are located behind the protective netting that runs along the infield for fan safety"" (applies to Lexus Club rows 1-8). Dugout adjacency not stated for Section 13 specifically. Roof coverage Accessible/wheelchair rows","HIGH - zone, rows, location and seat direction stated by the source"
14,Lower Level (1-33),Lexus Club Seats,Directly behind home plate,0,behind home plate,1-16,UNKNOWN,"Stairway aisles run along both side edges of the section; rows are not split by a mid-row aisle, so seat numbers run continuously from one side aisle to the other. The entry portal row is not published for this section.","Facing the field, seat 1 is on your left. That puts seat 1 on the edge facing section 13, with seat numbers counting up toward the edge facing section 15. This section is behind home plate, so seat 1 is on its third-base side.",not published,"""all seats are located behind the protective netting that runs along the infield for fan safety"" (applies to rows 1-8). Dugout adjacency not stated for Section 14 specifically. Roof coverage Accessible/wheelchair rows","HIGH - zone, rows, location and seat direction stated by the source"
15,Lower Level (1-33),Lexus Club Seats,"Located in the first eight rows of sections 8-19, placing fans extremely close to the field (Lexus Club); Located on the Rangers side of the field in sections 15-19 and section 20 along the infield (Shift4 Club)",0,behind home plate,1-16,UNKNOWN,"Stairway aisles run along both side edges of the section; rows are not split by a mid-row aisle, so seat numbers run continuously from one side aisle to the other. The entry portal row is not published for this section.","Facing the field, seat 1 is on your left. That puts seat 1 on the edge facing section 14, with seat numbers counting up toward the edge facing section 16. This section is behind home plate, so seat 1 is on its third-base side.",not published,"""all seats are located behind the protective netting that runs along the infield for fan safety"". ""Sections 18-19 sit closest to the Rangers dugout, while sections 8-9 are nearest the visitor dugout"". Roof coverage Accessible/wheelchair rows","HIGH - zone, rows, location and seat direction stated by the source"
16,Lower Level (1-33),Lexus Club Seats,"Located in the first eight rows of sections 8-19, placing fans extremely close to the field (Lexus Club); Located on the Rangers side of the field in sections 15-19 and section 20 along the infield (Shift4 Club)",1,toward first base / right field,1-16,UNKNOWN,"Stairway aisles run along both side edges of the section; rows are not split by a mid-row aisle, so seat numbers run continuously from one side aisle to the other. The entry portal row is not published for this section.","Facing the field, seat 1 is on your left. That puts seat 1 on the edge facing section 15, with seat numbers counting up toward the edge facing section 17. Seat 1 is the end of the row closest to home plate, and higher seat numbers run away from home plate.",not published,"""All seats are located behind the protective netting that runs along the infield for fan safety"". ""Sections 18-19 sit closest to the Rangers dugout, while sections 8-9 are nearest the visitor dugout"". Roof coverage Accessible/wheelchair rows","HIGH - zone, rows, location and seat direction stated by the source"
17,Lower Level (1-33),Lexus Club Seats,"Located in the first eight rows of sections 8-19, placing fans extremely close to the field (Lexus Club); Shift4 Club sits ""on the Rangers side of the field""",2,toward first base / right field,1-16,UNKNOWN,"Stairway aisles run along both side edges of the section; rows are not split by a mid-row aisle, so seat numbers run continuously from one side aisle to the other. The entry portal row is not published for this section.","Facing the field, seat 1 is on your left. That puts seat 1 on the edge facing section 16, with seat numbers counting up toward the edge facing section 18. Seat 1 is the end of the row closest to home plate, and higher seat numbers run away from home plate.",not published,"""All seats are located behind the protective netting that runs along the infield for fan safety"". ""Sections 18-19 sit closest to the Rangers dugout, while sections 8-9 are nearest the visitor dugout"". Roof coverage Accessible/wheelchair rows","HIGH - zone, rows, location and seat direction stated by the source"
18,Lower Level (1-33),Lexus Club Seats,"Near Rangers Dugout; ""These seats are located behind the Rangers dugout""",3,toward first base / right field,1-16,UNKNOWN,"Stairway aisles run along both side edges of the section; rows are not split by a mid-row aisle, so seat numbers run continuously from one side aisle to the other. The entry portal row is not published for this section.","Facing the field, seat 1 is on your left. That puts seat 1 on the edge facing section 17, with seat numbers counting up toward the edge facing section 19. Seat 1 is the end of the row closest to home plate, and higher seat numbers run away from home plate.",not published,"""All seats are located behind the protective netting that runs along the infield for fan safety."" ""Sections 18-19 sit closest to the Rangers dugout"". Roof coverage Accessible/wheelchair rows","HIGH - zone, rows, location and seat direction stated by the source"
19,Lower Level (1-33),Lexus Club Seats,"Near Rangers Dugout; ""These seats are located behind the Rangers dugout""",4,toward first base / right field,3-16,UNKNOWN,"Stairway aisles run along both side edges of the section; rows are not split by a mid-row aisle, so seat numbers run continuously from one side aisle to the other. The entry portal row is not published for this section.","Facing the field, seat 1 is on your left. That puts seat 1 on the edge facing section 18, with seat numbers counting up toward the edge facing section 20. Seat 1 is the end of the row closest to home plate, and higher seat numbers run away from home plate.",not published,"""All seats are located behind the protective netting that runs along the infield"". ""Sections 18-19 sit closest to the Rangers dugout"". Roof coverage Accessible/wheelchair rows","HIGH - zone, rows, location and seat direction stated by the source"
20,Lower Level (1-33),Shift4 Club Seats,"Near Rangers Dugout; ""Located on the Rangers side of the field in sections 15-19 and section 20 along the infield""; ""These seats are located behind the Rangers dugout""",5,toward first base / right field,3-16,UNKNOWN,"Stairway aisles run along both side edges of the section; rows are not split by a mid-row aisle, so seat numbers run continuously from one side aisle to the other. The entry portal row is not published for this section.","Facing the field, seat 1 is on your left. That puts seat 1 on the edge facing section 19, with seat numbers counting up toward the edge facing section 21. Seat 1 is the end of the row closest to home plate, and higher seat numbers run away from home plate.",not published,"Netting (fan review): ""with the netting and the huge dugouts at Globe Life Field you feel a bit disconnected from the players"". Roof coverage (fan review): ""If it's an afternoon game and they have the roof open, you will burn baby burn"". ""All seats are located within roughly 20 rows of the field"". Accessible/wheelchair rows","HIGH - zone, rows, location and seat direction stated by the source"
21,Lower Level (1-33),not named by the source,not stated by the source,6,toward first base / right field,"1-16"" (rateyourseats.com)",UNKNOWN,"Stairway aisles run along both side edges of the section; rows are not split by a mid-row aisle, so seat numbers run continuously from one side aisle to the other. The entry portal row is not published for this section.","Facing the field, seat 1 is on your left. That puts seat 1 on the edge facing section 20, with seat numbers counting up toward the edge facing section 22. Seat 1 is the end of the row closest to home plate, and higher seat numbers run away from home plate.",not published,"aviewfrommyseat.com shows a wheelchair-accessibility icon on rows in this section. Reviewer comments on that site (not site labels): ""The net was up for the entire show"" (concert), ""the railing could get in the way sometimes you'd have to crane your head to get around it"", ""Overhead speakers occasionally in the way"".","MEDIUM - rows confirmed, ticket zone not named by the source"
22,Lower Level (1-33),Corner Boxes,"""Located near the foul poles on the lowest seating level at Globe Life Field""; page places sections 22-26 ""along the first base corner"". aviewfrommyseat.com location tag: ""along the 1st base line"".",7,toward first base / right field,1-16,UNKNOWN,"Stairway aisles run along both side edges of the section; rows are not split by a mid-row aisle, so seat numbers run continuously from one side aisle to the other. The entry portal row is not published for this section.","Facing the field, seat 1 is on your left. That puts seat 1 on the edge facing section 21, with seat numbers counting up toward the edge facing section 23. Seat 1 is the end of the row closest to home plate, and higher seat numbers run away from home plate.",not published,"""Seats in these sections sit behind the extended protective netting""; page states the netting ""extends from sections 1 through 25"" and fans should ""expect protective netting to be visible, though it is designed to minimize obstruction"". aviewfrommyseat.com seat tag ""is near the home team dugout"". Other aviewfrommyseat.com seat tags: ""has extra leg room"", ""is on the aisle"", ""is padded"". ""You spend most of the game looking to the left to see the mound and home plate"".","HIGH - zone, rows, location and seat direction stated by the source"
23,Lower Level (1-33),Corner Boxes,"""Located near the foul poles on the lowest seating level at Globe Life Field""; sections 22-26 ""sit along the first base corner"". aviewfrommyseat.com location tag: ""along the 1st base line"".",8,toward first base / right field,1-16,UNKNOWN,"Stairway aisles run along both side edges of the section; rows are not split by a mid-row aisle, so seat numbers run continuously from one side aisle to the other. The entry portal row is not published for this section.","Facing the field, seat 1 is on your left. That puts seat 1 on the edge facing section 22, with seat numbers counting up toward the edge facing section 24. Seat 1 is the end of the row closest to home plate, and higher seat numbers run away from home plate.",not published,"""Seats in these sections sit behind the extended protective netting"", which ""extends from sections 1 through 25""; ""should also expect protective netting to be visible, though it is designed to minimize obstruction"". aviewfrommyseat.com seat tags: ""can be in the shade during a day game"", ""has an obstructed view of the stage"", ""is near the home team dugout"", ""is on the aisle"", ""is padded"", ""has great sound"".","HIGH - zone, rows, location and seat direction stated by the source"
24,Lower Level (1-33),Corner Boxes,"""Located near the foul poles on the lowest seating level at Globe Life Field""; positioned along the first base side (sections 22-26). aviewfrommyseat.com location tag: ""along the 1st base line"".",9,toward first base / right field,1-16,UNKNOWN,"Stairway aisles run along both side edges of the section; rows are not split by a mid-row aisle, so seat numbers run continuously from one side aisle to the other. The entry portal row is not published for this section.","Facing the field, seat 1 is on your left. That puts seat 1 on the edge facing section 23, with seat numbers counting up toward the edge facing section 25. Seat 1 is the end of the row closest to home plate, and higher seat numbers run away from home plate.",not published,"""Seats in these sections sit behind the extended protective netting"", which extends from sections 1 through 25; fan review says the netting ""extends all the way down the line which makes these seats a little less desirable"". aviewfrommyseat.com marks certain rows with a wheelchair icon (""is accessible""); specific row numbers not stated. aviewfrommyseat.com seat tags include ""can be in the shade during a day game"", ""has extra leg room"", ""is a folding chair"", ""is near the home team dugout"", ""is on the aisle"", ""is padded"".","HIGH - zone, rows, location and seat direction stated by the source"
25,Lower Level (1-33),Corner Boxes,"""Located near the foul poles on the lowest seating level at Globe Life Field""; positioned ""along the first base side"" (sections 22-26). aviewfrommyseat.com location tag: ""along the 1st base line"".",10,toward first base / right field,1-16,UNKNOWN,"Stairway aisles run along both side edges of the section; rows are not split by a mid-row aisle, so seat numbers run continuously from one side aisle to the other. The entry portal row is not published for this section.","Facing the field, seat 1 is on your left. That puts seat 1 on the edge facing section 24, with seat numbers counting up toward the edge facing section 26. Seat 1 is the end of the row closest to home plate, and higher seat numbers run away from home plate.",not published,"""Seats in these sections sit behind the extended protective netting""; netting ""extends from sections 1 through 25"" (section 25 is the last section stated to be behind the extended netting). rateyourseats.com notes the roof was closed during one visitor's experience and that when open this side expects sun exposure; aviewfrommyseat.com seat tag ""is under an overhang"". Reviewer noted difficulty seeing ""all of right field"" from row 15. Other aviewfrommyseat.com tags: ""club seat"", ""has an obstructed view of the stage"", ""has extra leg room"", ""is a folding chair"", ""is near the home team dugout"", ""is on the aisle"", ""is padded"".","HIGH - zone, rows, location and seat direction stated by the source"
26,Lower Level (1-33),Corner Boxes,"""Located near the foul poles on the lowest seating level at Globe Life Field""; sections 22-26 ""sit along the first base corner"". aviewfrommyseat.com location tag: ""along the 1st base line"".",11,toward first base / right field,9-16,UNKNOWN,"Stairway aisles run along both side edges of the section; rows are not split by a mid-row aisle, so seat numbers run continuously from one side aisle to the other. The entry portal row is not published for this section.","Facing the field, seat 1 is on your left. That puts seat 1 on the edge facing section 25, with seat numbers counting up toward the edge facing section 27. Seat 1 is the end of the row closest to home plate, and higher seat numbers run away from home plate.",not published,"rateyourseats.com describes the section as ""smaller and only features 8 rows"", consistent with the stated Rows 9-16 label. ""Seats in these sections sit behind the extended protective netting""; fans ""should also expect protective netting to be visible, though it is designed to minimize obstruction while helping protect fans from foul balls"" (note: the page also states the extended netting runs sections 1 through 25). aviewfrommyseat.com tag ""is near the home team dugout"". ""can be in the shade during a day game"", ""is a folding chair"", ""is padded"".","HIGH - zone, rows, location and seat direction stated by the source"
27,Lower Level (1-33),All You Can Eat Seats,"""Located in sections 27-33 in left field at Globe Life Field""; ""Sections 27 and 28 sit directly above the visitor bullpen"". aviewfrommyseat.com location tags: ""by bullpen"" and ""outfield"".",,in left field - the Lower Level numbering breaks here rather than continuing round from the first-base side,1-6,6,"Stairway aisles run along both side edges of the section; rows are not split by a mid-row aisle, so seat numbers run continuously from one side aisle to the other. The entry portal is at row 6.","Facing the field, seat 1 is on your left. That puts seat 1 on the edge facing section 26, with seat numbers counting up toward the edge facing section 28.",not published,"sits directly above the visitor bullpen (""Unique Bullpen Views""); aviewfrommyseat.com tags ""is near the bullpen"". Obstruction (fan comments on rateyourseats.com): ""There's a wall to your left that blocks view of center and right field"", ""Can't see the video screens or deep right/center field"", ""Can't see whole playing field or jumbotron"", ""so far under/back from the level above you can't see the jumbotron"". aviewfrommyseat.com tags ""has an obstructed view of the scoreboard"", ""is under an overhang"", ""can be in the shade during a day game"", ""is a folding chair"". ""Section 27 is behind the stage or to the side of the stage for most concerts"".","HIGH - zone, rows, location and seat direction stated by the source"
28,Lower Level (1-33),All You Can Eat Seats,"""Located in sections 27-33 in left field at Globe Life Field""; ""Sections 27 and 28 sit directly above the visitor bullpen"". aviewfrommyseat.com location tags: ""by bullpen"" and ""outfield"".",,in left field - the Lower Level numbering breaks here rather than continuing round from the first-base side,1-6,6,"Stairway aisles run along both side edges of the section; rows are not split by a mid-row aisle, so seat numbers run continuously from one side aisle to the other. The entry portal is at row 6.","Facing the field, seat 1 is on your left. That puts seat 1 on the edge facing section 27, with seat numbers counting up toward the edge facing section 29.",not published,"""Sections 27-28 overlook the visitor bullpen""; aviewfrommyseat.com tag ""is near the bullpen"". aviewfrommyseat.com tag ""is under an overhang"". aviewfrommyseat.com tag ""has an obstructed view of the scoreboard""; for concerts ""Section 28 May Have a Limited View"" because it is ""behind the stage or to the side of the stage for most concerts"". aviewfrommyseat.com shows a wheelchair-accessibility icon on rows in this section. private concourse with benches for dining away from seats. ""These seats were tricky to find""; ""Outfield isn't the best view but since it's close to the field it's a hidden gem"".","HIGH - zone, rows, location and seat direction stated by the source"
29,Lower Level (1-33),All You Can Eat Seats,"""Located in sections 27-33 in left field at Globe Life Field""; sections ""sit just beyond the infield and near the outfield wall"". aviewfrommyseat.com location tags: ""by bullpen"" and ""outfield"".",,in left field - the Lower Level numbering breaks here rather than continuing round from the first-base side,1-14,14,"Stairway aisles run along both side edges of the section; rows are not split by a mid-row aisle, so seat numbers run continuously from one side aisle to the other. The entry portal is at row 14.","Facing the field, seat 1 is on your left. That puts seat 1 on the edge facing section 28, with seat numbers counting up toward the edge facing section 30.",not published,"Ticket includes ""complimentary ballpark food, soft drinks, and water throughout the game""; described as ""prime home run territory"". ""For Concerts, Section 29 May Have a Limited View"" as it is ""behind the stage or to the side of the stage for most concerts"". aviewfrommyseat.com seat tags ""is near the bullpen"" and ""is near the visitor's dugout"". ""can be in the shade during a day game"", ""has extra leg room"", ""is a folding chair"", ""is on the aisle"". Obstructed view, netting, roof coverage and accessible rows","HIGH - zone, rows, location and seat direction stated by the source"
30,Lower Level (1-33),All You Can Eat Seats,"rateyourseats.com places section 30 within ""sections 27-33 in left field"", ""just beyond the infield and near the outfield wall"" / ""prime home run territory"". aviewfrommyseat.com location tag: ""outfield"".",,in left field - the Lower Level numbering breaks here rather than continuing round from the first-base side,1-14,14,"Stairway aisles run along both side edges of the section; rows are not split by a mid-row aisle, so seat numbers run continuously from one side aisle to the other. The entry portal is at row 14.","Facing the field, seat 1 is on your left. That puts seat 1 on the edge facing section 29, with seat numbers counting up toward the edge facing section 31.",not published,"Includes complimentary ballpark food, soft drinks and water; dedicated cafeteria-style dining area for ticketholders. ""Section 30 May Have a Limited View"" as it is ""behind the stage or to the side of the stage for most concerts"". aviewfrommyseat.com tag ""is under an overhang""; also ""has extra leg room"". Obstructed view, netting, dugout adjacency and accessible rows","HIGH - zone, rows, location and seat direction stated by the source"
31,Lower Level (1-33),All You Can Eat Seats,"rateyourseats.com states no baseball location sentence naming section 31; it states only the concert descriptor ""Behind/Side Stage (most shows)"" and the zone sentence ""sections 27-33 in left field"". aviewfrommyseat.com location tag: ""outfield"".",,in left field - the Lower Level numbering breaks here rather than continuing round from the first-base side,1-14,14,"Stairway aisles run along both side edges of the section; rows are not split by a mid-row aisle, so seat numbers run continuously from one side aisle to the other. The entry portal is at row 14.","Facing the field, seat 1 is on your left. That puts seat 1 on the edge facing section 30, with seat numbers counting up toward the edge facing section 32.",not published,"""Section 31 May Have a Limited View"" as it is ""behind the stage or to the side of the stage for most concerts"". aviewfrommyseat.com states this section ""is accessible"" (wheelchair accessible rows available). aviewfrommyseat.com tags ""is under an overhang"" and ""can be in shade during day games"". tag ""near the bullpen"". ""folding chair seating"", ""on the aisle"".","HIGH - zone, rows, location and seat direction stated by the source"
32,Lower Level (1-33),All You Can Eat Seats,"rateyourseats.com places it in left field, part of ""sections 27-33"" that sit ""just beyond the infield and near the outfield wall"". aviewfrommyseat.com location tag: ""outfield"".",,in left field - the Lower Level numbering breaks here rather than continuing round from the first-base side,1-14,14,"Stairway aisles run along both side edges of the section; rows are not split by a mid-row aisle, so seat numbers run continuously from one side aisle to the other. The entry portal is at row 14.","Facing the field, seat 1 is on your left. That puts seat 1 on the edge facing section 31, with seat numbers counting up toward the edge facing section 33.",not published,"rateyourseats.com review ""If you are under 5 ft the rails will be in your line of sight""; aviewfrommyseat.com tags ""has an obstructed view of the scoreboard"" and ""has a foul pole in view"". aviewfrommyseat.com tag ""is under an overhang""; also ""can be in the shade during a day game"". tag ""is near the bullpen"". ""is a folding chair"", ""is on the aisle"". rateyourseats.com notes sections 27-28 (not 32) offer the ""Unique Bullpen Views"" of the visitor bullpen. Netting, roof coverage detail and accessible rows","HIGH - zone, rows, location and seat direction stated by the source"
33,Lower Level (1-33),All You Can Eat Seats,"""Located in sections 27-33 in left field at Globe Life Field"". aviewfrommyseat.com location tag: ""outfield"".",,in left field - the Lower Level numbering breaks here rather than continuing round from the first-base side,1-14,14,"Stairway aisles run along both side edges of the section; rows are not split by a mid-row aisle, so seat numbers run continuously from one side aisle to the other. The entry portal is at row 14.","Facing the field, seat 1 is on your left. That puts seat 1 on the edge facing section 32, with seat numbers counting up toward the far edge of the section, with no further section beyond it on that side.",not published,"""The seats in the 1st row have an obstructed view due to safety railing"". Positioned in prime home run territory near the outfield wall; dedicated all-you-can-eat dining area with complimentary food and beverages included. aviewfrommyseat.com seat tag: ""has extra leg room"". Netting, dugout adjacency, roof coverage and accessible rows","HIGH - zone, rows, location and seat direction stated by the source"
101,Mezzanine Level (100s),Mezzanine Level,"Part of the Mezzanine Level that ""wraps around the entire stadium from foul pole to foul pole"", including infield seating areas. aviewfrommyseat.com location tag: ""along the 3rd base line"".",11,toward third base / left field,1-20,20,"Stairway aisles run along both side edges of the section; rows are not split by a mid-row aisle, so seat numbers run continuously from one side aisle to the other. The entry portal is at row 20.","Facing the field, seat 1 is on your left. That puts seat 1 on the far edge of the section, with no further section beyond it on that side, with seat numbers counting up toward the edge facing section 102. Seat 1 is the end of the row farthest from home plate, and higher seat numbers run back toward home plate.",not published,"many Mezzanine sections ""feature a railing at the front row, which can slightly impact views for fans seated directly behind it""; aviewfrommyseat.com tags ""has an obstructed view of the scoreboard"", ""has an obstructed view of the stage"", ""has a foul pole in view"". aviewfrommyseat.com tags ""is under an overhang"" and ""can be in the shade during a day game"". aviewfrommyseat.com marks rows here with an accessibility icon (""is accessible""). ""is a bleacher seat"", ""is on the aisle"".","HIGH - zone, rows, location and seat direction stated by the source"
102,Mezzanine Level (100s),Mezzanine Level,"Part of the 100-level sections that comprise the Mezzanine Level, wrapping around the stadium from foul pole to foul pole. aviewfrommyseat.com location tag: ""along the 3rd base line"".",10,toward third base / left field,1-19,19,"Stairway aisles run along both side edges of the section; rows are not split by a mid-row aisle, so seat numbers run continuously from one side aisle to the other. The entry portal is at row 19.","Facing the field, seat 1 is on your left. That puts seat 1 on the edge facing section 101, with seat numbers counting up toward the edge facing section 103. Seat 1 is the end of the row farthest from home plate, and higher seat numbers run back toward home plate.",not published,"Obstructed views, netting, dugout adjacency, roof coverage and accessible rows: UNKNOWN on both sources. aviewfrommyseat.com seat tags: ""has awesome sound"", ""has great sound"", ""is a folding chair"", ""is on the aisle"".","HIGH - zone, rows, location and seat direction stated by the source"
103,Mezzanine Level (100s),Mezzanine Level,"Part of the 100-level sections that comprise the Mezzanine Level, wrapping around the entire stadium from foul pole to foul pole, including infield seating areas. aviewfrommyseat.com location tag: ""along the 3rd base line"".",9,toward third base / left field,1-20,20,"Stairway aisles run along both side edges of the section; rows are not split by a mid-row aisle, so seat numbers run continuously from one side aisle to the other. The entry portal is at row 20.","Facing the field, seat 1 is on your left. That puts seat 1 on the edge facing section 102, with seat numbers counting up toward the edge facing section 104. Seat 1 is the end of the row farthest from home plate, and higher seat numbers run back toward home plate.",not published,"Netting, dugout adjacency, roof coverage and accessible rows","HIGH - zone, rows, location and seat direction stated by the source"
104,Mezzanine Level (100s),Mezzanine Level,"Part of the 100-level sections that ""wrap around the entire stadium from foul pole to foul pole"" and include ""infield and outfield seating areas"". aviewfrommyseat.com location tag: ""along the 3rd base line"".",8,toward third base / left field,1-20,20,"Stairway aisles run along both side edges of the section; rows are not split by a mid-row aisle, so seat numbers run continuously from one side aisle to the other. The entry portal is at row 20.","Facing the field, seat 1 is on your left. That puts seat 1 on the edge facing section 103, with seat numbers counting up toward the edge facing section 105. Seat 1 is the end of the row farthest from home plate, and higher seat numbers run back toward home plate.",not published,"""Many sections feature a railing at the front row, which can slightly impact views for fans seated directly behind it."" aviewfrommyseat.com seat tag ""is near the visitor's dugout"". aviewfrommyseat.com tags ""is under an overhang"" and ""can be in the shade during a day game"". ""is on the aisle"".","HIGH - zone, rows, location and seat direction stated by the source"
105,Mezzanine Level (100s),Mezzanine Level,"Part of the 100-level sections that comprise the Mezzanine Level, wrapping around the stadium from foul pole to foul pole. aviewfrommyseat.com location tag: ""along the 3rd base line"".",7,toward third base / left field,1-17,17,"Stairway aisles run along both side edges of the section; rows are not split by a mid-row aisle, so seat numbers run continuously from one side aisle to the other. The entry portal is at row 17.","Facing the field, seat 1 is on your left. That puts seat 1 on the edge facing section 104, with seat numbers counting up toward the edge facing section 106. Seat 1 is the end of the row farthest from home plate, and higher seat numbers run back toward home plate.",not published,"""Many sections feature a railing at the front row, which can slightly impact views for fans seated directly behind it""; aviewfrommyseat.com tags ""has an obstructed view of the scoreboard"" and ""has an obstructed view of the stage"". aviewfrommyseat.com tags ""is under an overhang"" and ""can be in the shade during a day game"". ""has extra leg room"", ""is a bleacher seat"", ""is a folding chair"", ""is on the aisle"". Netting, dugout adjacency and accessible rows","HIGH - zone, rows, location and seat direction stated by the source"
106,Mezzanine Level (100s),Mezzanine Level,"""Home Plate and Infield Mezzanine"", comprising sections 106-122 that provide infield seating behind home plate. aviewfrommyseat.com location tag: ""along the 3rd base line"".",6,toward third base / left field,"1-20"" (rateyourseats.com)",20,"Stairway aisles run along both side edges of the section; rows are not split by a mid-row aisle, so seat numbers run continuously from one side aisle to the other. The entry portal is at row 20.","Facing the field, seat 1 is on your left. That puts seat 1 on the edge facing section 105, with seat numbers counting up toward the edge facing section 107. Seat 1 is the end of the row farthest from home plate, and higher seat numbers run back toward home plate.",not published,"many Mezzanine sections feature ""a railing at the front row, which can slightly impact views for fans seated directly behind it"". rateyourseats.com notes roughly 20 rows with a significant height advantage over the upper levels. aviewfrommyseat.com seat tags: ""has awesome sound"", ""has extra leg room"", ""has great sound"", ""is a folding chair"", ""is on the aisle"". Netting, dugout adjacency, roof coverage and accessible rows","HIGH - zone, rows, location and seat direction stated by the source"
107,Mezzanine Level (100s),Mezzanine Level,"Part of the 100-level sections that ""wraps around the entire stadium from foul pole to foul pole"" and includes ""infield and outfield seating areas"". aviewfrommyseat.com location tags: ""along the 3rd base line"" and ""behind away team dugout"".",5,toward third base / left field,1-20,20,"Stairway aisles run along both side edges of the section; rows are not split by a mid-row aisle, so seat numbers run continuously from one side aisle to the other. The entry portal is at row 20.","Facing the field, seat 1 is on your left. That puts seat 1 on the edge facing section 106, with seat numbers counting up toward the edge facing section 108. Seat 1 is the end of the row farthest from home plate, and higher seat numbers run back toward home plate.",not published,"""Many sections feature a railing at the front row, which can slightly impact views for fans seated directly behind it""; aviewfrommyseat.com tag ""has an obstructed view of the stage"". aviewfrommyseat.com tags ""behind away team dugout"" and ""is near the visitor's dugout"". aviewfrommyseat.com tags ""is under an overhang"" and ""can be in the shade during a day game"". ""has extra leg room"", ""is a bleacher seat"", ""is a folding chair"", ""is on the aisle"".","HIGH - zone, rows, location and seat direction stated by the source"
108,Mezzanine Level (100s),Mezzanine Level,"All 100-level sections make up the Mezzanine Level at Globe Life Field""; part of the level that ""Wraps Around the Stadium",4,toward third base / left field,1-20,20,"Stairway aisles run along both side edges of the section; rows are not split by a mid-row aisle, so seat numbers run continuously from one side aisle to the other. The entry portal is at row 20.","Facing the field, seat 1 is on your left. That puts seat 1 on the edge facing section 107, with seat numbers counting up toward the edge facing section 109. Seat 1 is the end of the row farthest from home plate, and higher seat numbers run back toward home plate.",not published,"""Many sections feature a railing at the front row, which can slightly impact views for fans seated directly behind it"". Netting, roof coverage and accessible/wheelchair rows","HIGH - zone, rows, location and seat direction stated by the source"
109,Mezzanine Level (100s),Mezzanine Level,"All 100-level sections make up the Mezzanine Level at Globe Life Field""; part of the level that ""Wraps Around the Stadium",3,toward third base / left field,1-17,17,"Stairway aisles run along both side edges of the section; rows are not split by a mid-row aisle, so seat numbers run continuously from one side aisle to the other. The entry portal is at row 17.","Facing the field, seat 1 is on your left. That puts seat 1 on the edge facing section 108, with seat numbers counting up toward the edge facing section 110. Seat 1 is the end of the row farthest from home plate, and higher seat numbers run back toward home plate.",not published,"Fan review reports railing obstruction in low rows: ""the railing blocks your view of home plate"" and ""I wouldn't sit below row 5 in any of these sections"". Netting, roof coverage and accessible/wheelchair rows","HIGH - zone, rows, location and seat direction stated by the source"
110,Mezzanine Level (100s),Mezzanine Level,All 100-level sections make up the Mezzanine Level at Globe Life Field,2,toward third base / left field,1-20,20,"Stairway aisles run along both side edges of the section; rows are not split by a mid-row aisle, so seat numbers run continuously from one side aisle to the other. The entry portal is at row 20.","Facing the field, seat 1 is on your left. That puts seat 1 on the edge facing section 109, with seat numbers counting up toward the edge facing section 111. Seat 1 is the end of the row farthest from home plate, and higher seat numbers run back toward home plate.",not published,"""Many sections feature a railing at the front row, which can slightly impact views for fans seated directly behind it"". Netting, roof coverage and accessible/wheelchair rows","HIGH - zone, rows, location and seat direction stated by the source"
111,Mezzanine Level (100s),Mezzanine Level,"All 100-level sections make up the Mezzanine Level at Globe Life Field""; within ""sections 106-122, which are often labeled Home Plate Mezzanine or Infield Mezzanine",1,toward third base / left field,1-17,17,"Stairway aisles run along both side edges of the section; rows are not split by a mid-row aisle, so seat numbers run continuously from one side aisle to the other. The entry portal is at row 17.","Facing the field, seat 1 is on your left. That puts seat 1 on the edge facing section 110, with seat numbers counting up toward the edge facing section 112. Seat 1 is the end of the row farthest from home plate, and higher seat numbers run back toward home plate.",not published,,"HIGH - zone, rows, location and seat direction stated by the source"
112,Mezzanine Level (100s),Mezzanine Level,"Home Plate and Infield Mezzanine""; ""Sections closest to home plate such as 112-115 provide the best overall views of the field",0,behind home plate,1-20,20,"Stairway aisles run along both side edges of the section; rows are not split by a mid-row aisle, so seat numbers run continuously from one side aisle to the other. The entry portal is at row 20.","Facing the field, seat 1 is on your left. That puts seat 1 on the edge facing section 111, with seat numbers counting up toward the edge facing section 113. This section is behind home plate, so seat 1 is on its third-base side.",not published,,"HIGH - zone, rows, location and seat direction stated by the source"
113,Mezzanine Level (100s),Mezzanine Level,"Home Plate View""; within ""sections 106-122, which are often labeled Home Plate Mezzanine or Infield Mezzanine",0,behind home plate,1-20,20,"Stairway aisles run along both side edges of the section; rows are not split by a mid-row aisle, so seat numbers run continuously from one side aisle to the other. The entry portal is at row 20.","Facing the field, seat 1 is on your left. That puts seat 1 on the edge facing section 112, with seat numbers counting up toward the edge facing section 114. This section is behind home plate, so seat 1 is on its third-base side.",not published,"""many sections feature a railing at the front row, which can slightly impact views for fans seated directly behind it"". Netting, roof coverage and accessible/wheelchair rows","HIGH - zone, rows, location and seat direction stated by the source"
114,Mezzanine Level (100s),Mezzanine Level,Home Plate View,0,behind home plate,1-18,18,"Stairway aisles run along both side edges of the section; rows are not split by a mid-row aisle, so seat numbers run continuously from one side aisle to the other. The entry portal is at row 18.","Facing the field, seat 1 is on your left. That puts seat 1 on the edge facing section 113, with seat numbers counting up toward the edge facing section 115. This section is behind home plate, so seat 1 is on its third-base side.",not published,"""many sections feature a railing at the front row, which can slightly impact views for fans seated directly behind it"". ""the railing extends really high here"", causing obstruction. Padded seats with cupholders noted. Netting, roof coverage and accessible/wheelchair rows","HIGH - zone, rows, location and seat direction stated by the source"
115,Mezzanine Level (100s),Mezzanine Level,"""Home Plate View""; part of the ""Home Plate and Infield Mezzanine"" sections",0,behind home plate,1-17,17,"Stairway aisles run along both side edges of the section; rows are not split by a mid-row aisle, so seat numbers run continuously from one side aisle to the other. The entry portal is at row 17.","Facing the field, seat 1 is on your left. That puts seat 1 on the edge facing section 114, with seat numbers counting up toward the edge facing section 116. This section is behind home plate, so seat 1 is on its third-base side.",not published,"""The wires from the railing in front of the seats is a minor annoyance"". General Mezzanine note about railing at front row. Netting, roof coverage and accessible/wheelchair rows","HIGH - zone, rows, location and seat direction stated by the source"
116,Mezzanine Level (100s),Mezzanine Level,"Within the ""Home Plate and Infield Mezzanine"" sections (106-122); no section-specific location text stated",1,toward first base / right field,"1-20"")",20,"Stairway aisles run along both side edges of the section; rows are not split by a mid-row aisle, so seat numbers run continuously from one side aisle to the other. The entry portal is at row 20.","Facing the field, seat 1 is on your left. That puts seat 1 on the edge facing section 115, with seat numbers counting up toward the edge facing section 117. Seat 1 is the end of the row closest to home plate, and higher seat numbers run away from home plate.",not published,,"HIGH - zone, rows, location and seat direction stated by the source"
117,Mezzanine Level (100s),Mezzanine Level,"Home Plate and Infield Mezzanine"" - ""sections 106-122, which are often labeled Home Plate Mezzanine or Infield Mezzanine",2,toward first base / right field,1-17,17,"Stairway aisles run along both side edges of the section; rows are not split by a mid-row aisle, so seat numbers run continuously from one side aisle to the other. The entry portal is at row 17.","Facing the field, seat 1 is on your left. That puts seat 1 on the edge facing section 116, with seat numbers counting up toward the edge facing section 118. Seat 1 is the end of the row closest to home plate, and higher seat numbers run away from home plate.",not published,"""Many sections feature a railing at the front row, which can slightly impact views for fans seated directly behind it"". Netting, roof coverage and accessible/wheelchair rows","HIGH - zone, rows, location and seat direction stated by the source"
118,Mezzanine Level (100s),Mezzanine Level,"""Home Plate and Infield Mezzanine"" - described as infield seating behind home plate",3,toward first base / right field,1-20,20,"Stairway aisles run along both side edges of the section; rows are not split by a mid-row aisle, so seat numbers run continuously from one side aisle to the other. The entry portal is at row 20.","Facing the field, seat 1 is on your left. That puts seat 1 on the edge facing section 117, with seat numbers counting up toward the edge facing section 119. Seat 1 is the end of the row closest to home plate, and higher seat numbers run away from home plate.",not published,"""under the overhang so you can't see the main video board"". General Mezzanine note that the front-row railing can ""slightly impact views"". Netting and accessible/wheelchair rows","HIGH - zone, rows, location and seat direction stated by the source"
119,Mezzanine Level (100s),Mezzanine Level,"""Home Plate and Infield Mezzanine"" (sections 106-122)",4,toward first base / right field,1-20,20,"Stairway aisles run along both side edges of the section; rows are not split by a mid-row aisle, so seat numbers run continuously from one side aisle to the other. The entry portal is at row 20.","Facing the field, seat 1 is on your left. That puts seat 1 on the edge facing section 118, with seat numbers counting up toward the edge facing section 120. Seat 1 is the end of the row closest to home plate, and higher seat numbers run away from home plate.",not published,,"HIGH - zone, rows, location and seat direction stated by the source"
120,Mezzanine Level (100s),Mezzanine Level,"""All 100-level sections make up the Mezzanine Level at Globe Life Field""; ""Home Plate and Infield Mezzanine"" (sections 106-122)",5,toward first base / right field,1-17,17,"Stairway aisles run along both side edges of the section; rows are not split by a mid-row aisle, so seat numbers run continuously from one side aisle to the other. The entry portal is at row 17.","Facing the field, seat 1 is on your left. That puts seat 1 on the edge facing section 119, with seat numbers counting up toward the edge facing section 121. Seat 1 is the end of the row closest to home plate, and higher seat numbers run away from home plate.",not published,"""Many sections feature a railing at the front row, which can slightly impact views for fans seated directly behind it"". Netting, roof coverage and accessible/wheelchair rows","HIGH - zone, rows, location and seat direction stated by the source"
121,Mezzanine Level (100s),Mezzanine Level,"""Home Plate and Infield Mezzanine"" - part of sections 106-122",6,toward first base / right field,1-20,20,"Stairway aisles run along both side edges of the section; rows are not split by a mid-row aisle, so seat numbers run continuously from one side aisle to the other. The entry portal is at row 20.","Facing the field, seat 1 is on your left. That puts seat 1 on the edge facing section 120, with seat numbers counting up toward the edge facing section 122. Seat 1 is the end of the row closest to home plate, and higher seat numbers run away from home plate.",not published,"""First 8 rows are not under the overhang""; ""Safety rails are out of view. Probably if you sit in rows 5 or less, the rails will obstruct view""; ""Can see both video boards""; ""the sound at this seat is very bad. Can't understand the PA due to extreme echoing"". Netting and accessible/wheelchair rows","HIGH - zone, rows, location and seat direction stated by the source"
122,Mezzanine Level (100s),Mezzanine Level,"Home Plate and Infield Mezzanine"" - ""sections 106-122, which are often labeled Home Plate Mezzanine or Infield Mezzanine",7,toward first base / right field,1-20,20,"Stairway aisles run along both side edges of the section; rows are not split by a mid-row aisle, so seat numbers run continuously from one side aisle to the other. The entry portal is at row 20.","Facing the field, seat 1 is on your left. That puts seat 1 on the edge facing section 121, with seat numbers counting up toward the edge facing section 123. Seat 1 is the end of the row closest to home plate, and higher seat numbers run away from home plate.",not published,"""There's a big net/baseball netting in this view"", with the reviewer wishing the seats were labeled ""obstructed view"". General Mezzanine note that the front-row railing ""can slightly impact views"". Roof coverage and accessible/wheelchair rows","HIGH - zone, rows, location and seat direction stated by the source"
123,Mezzanine Level (100s),Mezzanine Level,"All 100-level sections make up the Mezzanine Level at Globe Life Field""; ""This level runs from foul pole to foul pole, including infield and outfield seating areas",8,toward first base / right field,1-20,20,"Stairway aisles run along both side edges of the section; rows are not split by a mid-row aisle, so seat numbers run continuously from one side aisle to the other. The entry portal is at row 20.","Facing the field, seat 1 is on your left. That puts seat 1 on the edge facing section 122, with seat numbers counting up toward the edge facing section 124. Seat 1 is the end of the row closest to home plate, and higher seat numbers run away from home plate.",not published,"""Many sections feature a railing at the front row, which can slightly impact views for fans seated directly behind it"". Netting, roof coverage and accessible/wheelchair rows","HIGH - zone, rows, location and seat direction stated by the source"
124,Mezzanine Level (100s),Mezzanine Level,"All 100-level sections make up the Mezzanine Level at Globe Life Field""; part of the level that ""Wraps Around the Stadium",9,toward first base / right field,1-17,17,"Stairway aisles run along both side edges of the section; rows are not split by a mid-row aisle, so seat numbers run continuously from one side aisle to the other. The entry portal is at row 17.","Facing the field, seat 1 is on your left. That puts seat 1 on the edge facing section 123, with seat numbers counting up toward the edge facing section 125. Seat 1 is the end of the row closest to home plate, and higher seat numbers run away from home plate.",not published,,"HIGH - zone, rows, location and seat direction stated by the source"
125,Mezzanine Level (100s),Mezzanine Level,"100-level sections make up the Mezzanine Level""; ""This level runs from foul pole to foul pole, including infield and outfield",10,toward first base / right field,1-20,20,"Stairway aisles run along both side edges of the section; rows are not split by a mid-row aisle, so seat numbers run continuously from one side aisle to the other. The entry portal is at row 20.","Facing the field, seat 1 is on your left. That puts seat 1 on the edge facing section 124, with seat numbers counting up toward the edge facing section 126. Seat 1 is the end of the row closest to home plate, and higher seat numbers run away from home plate.",not published,,"HIGH - zone, rows, location and seat direction stated by the source"
126,Mezzanine Level (100s),Mezzanine Level,"All 100-level sections make up the Mezzanine Level at Globe Life Field""; part of the level that ""Wraps Around the Stadium",11,toward first base / right field,1-19,19,"Stairway aisles run along both side edges of the section; rows are not split by a mid-row aisle, so seat numbers run continuously from one side aisle to the other. The entry portal is at row 19.","Facing the field, seat 1 is on your left. That puts seat 1 on the edge facing section 125, with seat numbers counting up toward the edge facing section 127. Seat 1 is the end of the row closest to home plate, and higher seat numbers run away from home plate.",not published,"""Can't see the main video board at all, but another screen was directly across from these seats."" General Mezzanine note that the front-row railing ""can slightly impact views"". Netting, roof coverage and accessible/wheelchair rows","HIGH - zone, rows, location and seat direction stated by the source"
127,Mezzanine Level (100s),Mezzanine Level,"All 100-level sections make up the Mezzanine Level at Globe Life Field""; sections wrap ""from foul pole to foul pole",12,toward first base / right field,1-20,20,"Stairway aisles run along both side edges of the section; rows are not split by a mid-row aisle, so seat numbers run continuously from one side aisle to the other. The entry portal is at row 20.","Facing the field, seat 1 is on your left. That puts seat 1 on the edge facing section 126, with seat numbers counting up toward the edge facing section 128. Seat 1 is the end of the row closest to home plate, and higher seat numbers run away from home plate.",not published,"""Some blocked viewing because of the home run pole"". General Mezzanine note that ""many sections feature a railing at the front row, which can slightly impact views"". Netting, roof coverage and accessible/wheelchair rows","HIGH - zone, rows, location and seat direction stated by the source"
128,Mezzanine Level (100s),Right Field Mezzanine,"Right Field Mezzanine (Sections 128-133) These are some of the largest sections in Globe Life Field, with nearly 30 rows in each section and entrances located at the back.",13,toward first base / right field,1-25,25,"Stairway aisles run along both side edges of the section; rows are not split by a mid-row aisle, so seat numbers run continuously from one side aisle to the other. The entry portal is at row 25.","Facing the field, seat 1 is on your left. That puts seat 1 on the edge facing section 127, with seat numbers counting up toward the edge facing section 129. Seat 1 is the end of the row closest to home plate, and higher seat numbers run away from home plate.",not published,"Fan review reports pole obstruction in rows 4-6: ""The only way to see the batter was to lean into the seat to your left."" Source text also says the 128-133 group has ""nearly 30 rows,"" which conflicts with the stated 1-25 range for this section. Lower rows can catch home run balls but are farther from the concourse and concessions. For concerts, behind or to the side of the stage for most shows, which may restrict or limit the view. Netting, roof coverage, shade and accessible/wheelchair rows rateyourseats.com.","HIGH - zone, rows, location and seat direction stated by the source"
129,Mezzanine Level (100s),Right Field Mezzanine,"Right Field Mezzanine"" - outfield seating area on the Mezzanine Level; part of Sections 128-133, ""some of the largest sections in Globe Life Field, with nearly 30 rows in each section and entrances located at the back.",14,toward first base / right field,1-25,25,"Stairway aisles run along both side edges of the section; rows are not split by a mid-row aisle, so seat numbers run continuously from one side aisle to the other. The entry portal is at row 25.","Facing the field, seat 1 is on your left. That puts seat 1 on the edge facing section 128, with seat numbers counting up toward the edge facing section 130. Seat 1 is the end of the row closest to home plate, and higher seat numbers run away from home plate.",not published,"Seats extend closer to field level compared to other mezzanine sections. Lower rows have potential to catch home run balls; front row seats are farther from concourse and concessions. For concerts the section is ""behind the stage or to the side of the stage for most concerts,"" which may limit the view. Obstructed views, netting, roof coverage, shade and accessible/wheelchair rows rateyourseats.com.","HIGH - zone, rows, location and seat direction stated by the source"
130,Mezzanine Level (100s),Right Field Mezzanine,"Right Field Mezzanine""; for concerts described as ""Behind/Side Stage (most shows)",15,toward first base / right field,1-28,28,"Stairway aisles run along both side edges of the section; rows are not split by a mid-row aisle, so seat numbers run continuously from one side aisle to the other. The entry portal is at row 28.","Facing the field, seat 1 is on your left. That puts seat 1 on the edge facing section 129, with seat numbers counting up toward the edge facing section 131. Seat 1 is the end of the row closest to home plate, and higher seat numbers run away from home plate.",not published,"""130 is behind the stage or to the side of the stage for most concerts. This may restrict or limit your view of the performance."" For baseball, fans in lower rows can have opportunities to catch home run balls; ""fans sitting near the front will be farther from the concourse and concessions."" Obstructed views, netting, roof coverage, shade and accessible/wheelchair rows rateyourseats.com.","HIGH - zone, rows, location and seat direction stated by the source"
131,Mezzanine Level (100s),Right Field Mezzanine,"""Right Field Mezzanine""; noted as ""behind/side stage (most shows)"" for concerts",16,toward first base / right field,1-28,28,"Stairway aisles run along both side edges of the section; rows are not split by a mid-row aisle, so seat numbers run continuously from one side aisle to the other. The entry portal is at row 28.","Facing the field, seat 1 is on your left. That puts seat 1 on the edge facing section 130, with seat numbers counting up toward the edge facing section 132. Seat 1 is the end of the row closest to home plate, and higher seat numbers run away from home plate.",not published,"Part of the 128-133 group described as having ""nearly 30 rows"" with entrances at the back. For concerts the section ""may have a limited view"" as it is positioned behind or to the side of the stage. Lower rows offer opportunities to catch home run balls but are farther from concourse and concessions. Obstructed views, netting, roof coverage, shade and accessible/wheelchair rows rateyourseats.com.","HIGH - zone, rows, location and seat direction stated by the source"
132,Mezzanine Level (100s),Right Field Mezzanine,"Right Field Mezzanine""; ""behind the stage or to the side of the stage for most concerts",17,toward first base / right field,1-25,25,"Stairway aisles run along both side edges of the section; rows are not split by a mid-row aisle, so seat numbers run continuously from one side aisle to the other. The entry portal is at row 25.","Facing the field, seat 1 is on your left. That puts seat 1 on the edge facing section 131, with seat numbers counting up toward the edge facing section 133. Seat 1 is the end of the row closest to home plate, and higher seat numbers run away from home plate.",not published,"Page states no obstructed views for baseball in right field. Steep stairs reported as challenging for accessing front rows. Lower rows have opportunity to catch home run balls. For concerts, may have limited view due to stage placement. Netting, roof coverage, shade and accessible/wheelchair rows rateyourseats.com.","HIGH - zone, rows, location and seat direction stated by the source"
133,Mezzanine Level (100s),Right Field Mezzanine,"""Right Field Mezzanine"" - described as one of the largest sections, with ""nearly 30 rows"" and entrances at the back",18,toward first base / right field,1-23,23,"Stairway aisles run along both side edges of the section; rows are not split by a mid-row aisle, so seat numbers run continuously from one side aisle to the other. The entry portal is at row 23.","Facing the field, seat 1 is on your left. That puts seat 1 on the edge facing section 132, with seat numbers counting up toward the edge facing section 134. Seat 1 is the end of the row closest to home plate, and higher seat numbers run away from home plate.",not published,"Mezzanine sections generally feature a railing at the front row, which may slightly impact views. ""behind the stage or to the side of the stage for most concerts. This may restrict or limit your view."" Fans in lower rows have opportunity to catch home run balls; front-row fans are farther from concourse and concessions. Netting, roof coverage, shade and accessible/wheelchair rows rateyourseats.com.","HIGH - zone, rows, location and seat direction stated by the source"
134,Mezzanine Level (100s),Teremana Terrace,"""Located in sections 134 and 135 on the Mezzanine Level"" in ""straightaway center field"", positioned above the batter's eye",19,toward first base / right field,UNKNOWN,UNKNOWN,"Stairway aisles run along both side edges of the section; rows are not split by a mid-row aisle, so seat numbers run continuously from one side aisle to the other. The entry portal row is not published for this section.","Facing the field, seat 1 is on your left. That puts seat 1 on the edge facing section 133, with seat numbers counting up toward the edge facing section 135. Seat 1 is the end of the row closest to home plate, and higher seat numbers run away from home plate.",not published,"Table seating rather than traditional stadium seats; each table seats four chairs. Straight-on view toward home plate from center field. ""behind the stage or to the side of the stage for most concerts,"" which may restrict the view. Fallback source aviewfrommyseat.com describes the section as an ""outfield"" and ""table section"" and states ""This is actually a table that seats 4 with table service and a bar just a few feet away""; it lists user photos from rows 1, 3 and 15 and tags amenities including shade during day games, extra leg room and wait service. Netting, roof coverage and accessible/wheelchair rows",LOW - no row data published for this section
135,Mezzanine Level (100s),Teremana Terrace,"Located in sections 134 and 135 on the Mezzanine Level"" in straightaway center field, positioned ""above the batter's eye",20,toward first base / right field,"UNKNOWN (rateyourseats.com states no row range; fallback aviewfrommyseat.com header states ""First Row: 1 ... Last Row: 8"" but the same page shows a photo from Row 11, so the range is self-contradictory and not recorded as authoritative)",UNKNOWN,"Stairway aisles run along both side edges of the section; rows are not split by a mid-row aisle, so seat numbers run continuously from one side aisle to the other. The entry portal row is not published for this section.","Facing the field, seat 1 is on your left. That puts seat 1 on the edge facing section 134, with seat numbers counting up toward the edge facing section 136. Seat 1 is the end of the row closest to home plate, and higher seat numbers run away from home plate.",Four chairs per table (table seating configuration),"Table seating with four chairs at each table instead of traditional stadium seats. Straight-on view toward home plate from center field; slightly elevated above field level. ""Behind/Side Stage (most shows),"" which may restrict the view. Fallback source tags the section as ""outfield"" and ""table section"" with seats ""on the aisle."" Netting, roof coverage, shade and accessible/wheelchair rows",LOW - no row data published for this section
136,Mezzanine Level (100s),Left Field Mezzanine,"Left Field Mezzanine (Sections 136-142) These sections are less likely to see home run balls, but they offer better accessibility and easier access to the center field plaza.",21,toward first base / right field,1-11,11,"Stairway aisles run along both side edges of the section; rows are not split by a mid-row aisle, so seat numbers run continuously from one side aisle to the other. The entry portal is at row 11.","Facing the field, seat 1 is on your left. That puts seat 1 on the edge facing section 135, with seat numbers counting up toward the edge facing section 137. Seat 1 is the end of the row closest to home plate, and higher seat numbers run away from home plate.",not published,"For concerts the section may have a limited view as it is ""behind the stage or to the side of the stage for most concerts."" Obstructed views, netting, roof coverage, shade and accessible/wheelchair rows rateyourseats.com.","HIGH - zone, rows, location and seat direction stated by the source"
137,Mezzanine Level (100s),Left Field Mezzanine,"Left Field Mezzanine""; ""behind the stage or to the side of the stage for most concerts",22,toward first base / right field,1-9,9,"Stairway aisles run along both side edges of the section; rows are not split by a mid-row aisle, so seat numbers run continuously from one side aisle to the other. The entry portal is at row 9.","Facing the field, seat 1 is on your left. That puts seat 1 on the edge facing section 136, with seat numbers counting up toward the edge facing section 138. Seat 1 is the end of the row closest to home plate, and higher seat numbers run away from home plate.",not published,"Outfield mezzanine section offering ""better accessibility and easier access to the center field plaza"" with convenient access to concessions. Limited view for concerts (behind/side stage). Obstructed views, netting, roof coverage, shade and accessible/wheelchair rows rateyourseats.com.","HIGH - zone, rows, location and seat direction stated by the source"
138,Mezzanine Level (100s),Left Field Mezzanine,"Left Field Mezzanine""; ""behind the stage or to the side of the stage for most concerts",23,toward first base / right field,1-11,11,"Stairway aisles run along both side edges of the section; rows are not split by a mid-row aisle, so seat numbers run continuously from one side aisle to the other. The entry portal is at row 11.","Facing the field, seat 1 is on your left. That puts seat 1 on the edge facing section 137, with seat numbers counting up toward the edge facing section 139. Seat 1 is the end of the row closest to home plate, and higher seat numbers run away from home plate.",not published,"Better accessibility with easier access to the center field plaza and concourse areas; less likely to see home run balls compared to right field sections. Limited view for concerts due to stage positioning. Obstructed views, netting, roof coverage, shade and accessible/wheelchair rows rateyourseats.com.","HIGH - zone, rows, location and seat direction stated by the source"
139,Mezzanine Level (100s),Left Field Mezzanine,"Left Field Mezzanine""; ""behind the stage or to the side of the stage for most concerts",24,toward first base / right field,1-11,11,"Stairway aisles run along both side edges of the section; rows are not split by a mid-row aisle, so seat numbers run continuously from one side aisle to the other. The entry portal is at row 11.","Facing the field, seat 1 is on your left. That puts seat 1 on the edge facing section 138, with seat numbers counting up toward the edge facing section 140. Seat 1 is the end of the row closest to home plate, and higher seat numbers run away from home plate.",not published,"Part of Left Field Mezzanine offering ""better accessibility and easier access to the center field plaza."" For concerts the section ""may have a limited view"" due to behind/side stage positioning. A front-row railing is noted for Mezzanine sections generally but is not specifically confirmed for 139. Netting, roof coverage, shade and accessible/wheelchair rows rateyourseats.com.","HIGH - zone, rows, location and seat direction stated by the source"
140,Mezzanine Level (100s),Left Field Mezzanine,"Left Field Mezzanine (Sections 136-142) These sections are less likely to see home run balls, but they offer better accessibility and easier access to the center field plaza.",25,toward first base / right field,1-9,9,"Stairway aisles run along both side edges of the section; rows are not split by a mid-row aisle, so seat numbers run continuously from one side aisle to the other. The entry portal is at row 9.","Facing the field, seat 1 is on your left. That puts seat 1 on the edge facing section 139, with seat numbers counting up toward the edge facing section 141. Seat 1 is the end of the row closest to home plate, and higher seat numbers run away from home plate.",not published,"For concerts the section may have ""a limited view"" as it is ""behind the stage or to the side of the stage for most concerts."" Obstructed views, netting, roof coverage, shade and accessible/wheelchair rows rateyourseats.com.","HIGH - zone, rows, location and seat direction stated by the source"
141,Mezzanine Level (100s),Left Field Mezzanine,"Left Field Mezzanine""; ""less likely to see home run balls, but they offer better accessibility",26,toward first base / right field,1-8,8,"Stairway aisles run along both side edges of the section; rows are not split by a mid-row aisle, so seat numbers run continuously from one side aisle to the other. The entry portal is at row 8.","Facing the field, seat 1 is on your left. That puts seat 1 on the edge facing section 140, with seat numbers counting up toward the edge facing section 142. Seat 1 is the end of the row closest to home plate, and higher seat numbers run away from home plate.",not published,"Obstructed views, netting, roof coverage, shade and accessible/wheelchair rows rateyourseats.com.","HIGH - zone, rows, location and seat direction stated by the source"
142,Mezzanine Level (100s),Left Field Mezzanine,"These sections are less likely to see home run balls, but they offer better accessibility and easier access to the center field plaza.",27,toward first base / right field,1-9,9,"Stairway aisles run along both side edges of the section; rows are not split by a mid-row aisle, so seat numbers run continuously from one side aisle to the other. The entry portal is at row 9.","Facing the field, seat 1 is on your left. That puts seat 1 on the edge facing section 141, with seat numbers counting up toward the far edge of the section, with no further section beyond it on that side. Seat 1 is the end of the row closest to home plate, and higher seat numbers run away from home plate.",not published,"Obstructed views reported in fan reviews: one review states the ""foul ball poll"" blocks home plate views; another mentions ""obstructed view of the 3rd base line."" Netting, roof coverage, shade and accessible/wheelchair rows rateyourseats.com.","HIGH - zone, rows, location and seat direction stated by the source"
201,Pavilion Level (200s),Budweiser Sky Porch,"Sections 201-204 make up the Budweiser Sky Porch, a unique seating area known for its relaxed atmosphere and rocking chair seating.",13,toward third base / left field,1-13,13,"Stairway aisles run along both side edges of the section; rows are not split by a mid-row aisle, so seat numbers run continuously from one side aisle to the other. The entry portal is at row 13.","Facing the field, seat 1 is on your left. That puts seat 1 on the far edge of the section, with no further section beyond it on that side, with seat numbers counting up toward the edge facing section 202. Seat 1 is the end of the row farthest from home plate, and higher seat numbers run back toward home plate.",not published,"Front railing may impact some front-row seats. Top row features rocking chairs with direct access to the Budweiser Lounge. Many tickets include pre-loaded concession credit. Netting, roof coverage, shade and accessible/wheelchair rows rateyourseats.com.","HIGH - zone, rows, location and seat direction stated by the source"
202,Pavilion Level (200s),Budweiser Sky Porch,"Sections 201-204 make up the Budweiser Sky Porch, a unique seating area with rocking chairs",12,toward third base / left field,1-14,14,"Stairway aisles run along both side edges of the section; rows are not split by a mid-row aisle, so seat numbers run continuously from one side aisle to the other. The entry portal is at row 14.","Facing the field, seat 1 is on your left. That puts seat 1 on the edge facing section 201, with seat numbers counting up toward the edge facing section 203. Seat 1 is the end of the row farthest from home plate, and higher seat numbers run back toward home plate.",not published,"Front-row seats may be impacted by the railing at the section front. Top row features rocking chairs with direct access to the Budweiser Lounge. Many tickets include pre-loaded concession credit. Netting, roof coverage, shade and accessible/wheelchair rows rateyourseats.com.","HIGH - zone, rows, location and seat direction stated by the source"
203,Pavilion Level (200s),Budweiser Sky Porch,"Sections 201-204 make up the Budweiser Sky Porch, a unique seating area with rocking chairs",11,toward third base / left field,1-14,14,"Stairway aisles run along both side edges of the section; rows are not split by a mid-row aisle, so seat numbers run continuously from one side aisle to the other. The entry portal is at row 14.","Facing the field, seat 1 is on your left. That puts seat 1 on the edge facing section 202, with seat numbers counting up toward the edge facing section 204. Seat 1 is the end of the row farthest from home plate, and higher seat numbers run back toward home plate.",not published,"Front-row seats may be impacted by the railing at the section front. Top row features rocking chairs with direct access to the Budweiser Lounge. Many tickets include pre-loaded concession credit. Netting, roof coverage, shade and accessible/wheelchair rows rateyourseats.com.","HIGH - zone, rows, location and seat direction stated by the source"
204,Pavilion Level (200s),Budweiser Sky Porch,"Sections 201-204 make up the Budweiser Sky Porch, a unique seating area with rocking chairs",10,toward third base / left field,1-14,14,"Stairway aisles run along both side edges of the section; rows are not split by a mid-row aisle, so seat numbers run continuously from one side aisle to the other. The entry portal is at row 14.","Facing the field, seat 1 is on your left. That puts seat 1 on the edge facing section 203, with seat numbers counting up toward the edge facing section 205. Seat 1 is the end of the row farthest from home plate, and higher seat numbers run back toward home plate.",not published,"Front-row seats may be impacted by the railing at the section front. Top row features rocking chairs with direct access to the Budweiser Lounge; rocking chair seats are typically sold to groups rather than individual buyers. Many tickets include pre-loaded concession credit (verify with seller). Netting, roof coverage, shade and accessible/wheelchair rows rateyourseats.com.","HIGH - zone, rows, location and seat direction stated by the source"
205,Pavilion Level (200s),Corner Pavilion,"Located closer to the outfield corners, these seats offer angled views of the field",9,toward third base / left field,1-10,10,"Stairway aisles run along both side edges of the section; rows are not split by a mid-row aisle, so seat numbers run continuously from one side aisle to the other. The entry portal is at row 10.","Facing the field, seat 1 is on your left. That puts seat 1 on the edge facing section 204, with seat numbers counting up toward the edge facing section 206. Seat 1 is the end of the row farthest from home plate, and higher seat numbers run back toward home plate.",not published,"Front-row seats may be impacted by the railing at the front of the section. Netting, roof coverage, shade and accessible/wheelchair rows rateyourseats.com.","HIGH - zone, rows, location and seat direction stated by the source"
206,Pavilion Level (200s),Corner Pavilion,"Located closer to the outfield corners, these seats offer angled views of the field",8,toward third base / left field,1-11,11,"Stairway aisles run along both side edges of the section; rows are not split by a mid-row aisle, so seat numbers run continuously from one side aisle to the other. The entry portal is at row 11.","Facing the field, seat 1 is on your left. That puts seat 1 on the edge facing section 205, with seat numbers counting up toward the edge facing section 207. Seat 1 is the end of the row farthest from home plate, and higher seat numbers run back toward home plate.",not published,"""Fans sitting in the front rows of Pavilion sections should be aware of the railing at the front of the section, which can slightly impact views for some guests."" rateyourseats.com/globe-life-field/seating/sections/206","HIGH - zone, rows, location and seat direction stated by the source"
207,Pavilion Level (200s),Corner Pavilion,"Located closer to the outfield corners, these seats offer angled views of the field and are usually more affordable.",7,toward third base / left field,1-10,10,"Stairway aisles run along both side edges of the section; rows are not split by a mid-row aisle, so seat numbers run continuously from one side aisle to the other. The entry portal is at row 10.","Facing the field, seat 1 is on your left. That puts seat 1 on the edge facing section 206, with seat numbers counting up toward the edge facing section 208. Seat 1 is the end of the row farthest from home plate, and higher seat numbers run back toward home plate.",not published,"""Fans sitting in the front rows of Pavilion sections should be aware of the railing at the front of the section, which can slightly impact views for some guests."" rateyourseats.com/globe-life-field/seating/sections/207","HIGH - zone, rows, location and seat direction stated by the source"
208,Pavilion Level (200s),Baseline Pavilion,"Baseline Pavilion (208-213, 221-228) These seats sit down the first and third base lines and offer a solid view of the infield",6,toward third base / left field,1-11,11,"Stairway aisles run along both side edges of the section; rows are not split by a mid-row aisle, so seat numbers run continuously from one side aisle to the other. The entry portal is at row 11.","Facing the field, seat 1 is on your left. That puts seat 1 on the edge facing section 207, with seat numbers counting up toward the edge facing section 209. Seat 1 is the end of the row farthest from home plate, and higher seat numbers run back toward home plate.",not published,"""Fans sitting in the front rows of Pavilion sections should be aware of the railing at the front of the section, which can slightly impact views"". rateyourseats.com/globe-life-field/seating/sections/208","HIGH - zone, rows, location and seat direction stated by the source"
209,Pavilion Level (200s),Baseline Pavilion,"Baseline Pavilion"" grouping; seats ""sit down the first and third base lines"" and offer a ""solid view of the infield",5,toward third base / left field,1-9,9,"Stairway aisles run along both side edges of the section; rows are not split by a mid-row aisle, so seat numbers run continuously from one side aisle to the other. The entry portal is at row 9.","Facing the field, seat 1 is on your left. That puts seat 1 on the edge facing section 208, with seat numbers counting up toward the edge facing section 210. Seat 1 is the end of the row farthest from home plate, and higher seat numbers run back toward home plate.",not published,"""Front-row seats may be impacted by the railing at the front of the section"". rateyourseats.com/globe-life-field/seating/sections/209","HIGH - zone, rows, location and seat direction stated by the source"
210,Pavilion Level (200s),Baseline Pavilion,"Baseline Pavilion"" sections (208-213, 221-228) that ""sit down the first and third base lines",4,toward third base / left field,1-11,11,"Stairway aisles run along both side edges of the section; rows are not split by a mid-row aisle, so seat numbers run continuously from one side aisle to the other. The entry portal is at row 11.","Facing the field, seat 1 is on your left. That puts seat 1 on the edge facing section 209, with seat numbers counting up toward the edge facing section 211. Seat 1 is the end of the row farthest from home plate, and higher seat numbers run back toward home plate.",not published,"""Front-row seats may be impacted by the railing at the front of the section"". rateyourseats.com/globe-life-field/seating/sections/210","HIGH - zone, rows, location and seat direction stated by the source"
211,Pavilion Level (200s),Baseline Pavilion,"Baseline Pavilion seating that ""sit[s] down the first and third base lines and offer[s] a solid view of the infield""",3,toward third base / left field,1-9,9,"Stairway aisles run along both side edges of the section; rows are not split by a mid-row aisle, so seat numbers run continuously from one side aisle to the other. The entry portal is at row 9.","Facing the field, seat 1 is on your left. That puts seat 1 on the edge facing section 210, with seat numbers counting up toward the edge facing section 212. Seat 1 is the end of the row farthest from home plate, and higher seat numbers run back toward home plate.",not published,"""Fans sitting in the front rows of Pavilion sections should be aware of the railing at the front of the section, which can slightly impact views"". rateyourseats.com/globe-life-field/seating/sections/211","HIGH - zone, rows, location and seat direction stated by the source"
212,Pavilion Level (200s),Baseline Pavilion,These seats sit down the first and third base lines and offer a solid view of the infield,2,toward third base / left field,1-10,10,"Stairway aisles run along both side edges of the section; rows are not split by a mid-row aisle, so seat numbers run continuously from one side aisle to the other. The entry portal is at row 10.","Facing the field, seat 1 is on your left. That puts seat 1 on the edge facing section 211, with seat numbers counting up toward the edge facing section 213. Seat 1 is the end of the row farthest from home plate, and higher seat numbers run back toward home plate.",not published,"""Fans sitting in the front rows of Pavilion sections should be aware of the railing at the front of the section, which can slightly impact views for some guests."" rateyourseats.com/globe-life-field/seating/sections/212","HIGH - zone, rows, location and seat direction stated by the source"
213,Pavilion Level (200s),Baseline Pavilion,These sections sit down the first and third base lines and offer a solid view of the infield while typically costing less than the infield sections.,1,toward third base / left field,1-11,11,"Stairway aisles run along both side edges of the section; rows are not split by a mid-row aisle, so seat numbers run continuously from one side aisle to the other. The entry portal is at row 11.","Facing the field, seat 1 is on your left. That puts seat 1 on the edge facing section 212, with seat numbers counting up toward the edge facing section 214. Seat 1 is the end of the row farthest from home plate, and higher seat numbers run back toward home plate.",not published,"""Fans sitting in the front rows of Pavilion sections should be aware of the railing at the front of the section, which can slightly impact views for some guests."" A fan review on the page describes these as ""the closest seats to home plate without the obstruction."" rateyourseats.com/globe-life-field/seating/sections/213","HIGH - zone, rows, location and seat direction stated by the source"
214,Pavilion Level (200s),Infield Pavilion,"These sections offer the best views on the Pavilion Level, thanks to their centered perspective of the field behind home plate.",0,behind home plate,1-5,5,"Stairway aisles run along both side edges of the section; rows are not split by a mid-row aisle, so seat numbers run continuously from one side aisle to the other. The entry portal is at row 5.","Facing the field, seat 1 is on your left. That puts seat 1 on the edge facing section 213, with seat numbers counting up toward the edge facing section 215. This section is behind home plate, so seat 1 is on its third-base side.",not published,"""Fans sitting in the front rows of Pavilion sections should be aware of the railing at the front of the section, which can slightly impact views for some guests."" rateyourseats.com/globe-life-field/seating/sections/214","HIGH - zone, rows, location and seat direction stated by the source"
215,Pavilion Level (200s),Infield Pavilion,"Located between the Mezzanine (100s) and Upper Level (300s)""; part of the ""Infield Pavilion (214-220)"" which ""offer the best views on the Pavilion Level",0,behind home plate,1-6,6,"Stairway aisles run along both side edges of the section; rows are not split by a mid-row aisle, so seat numbers run continuously from one side aisle to the other. The entry portal is at row 6.","Facing the field, seat 1 is on your left. That puts seat 1 on the edge facing section 214, with seat numbers counting up toward the edge facing section 216. This section is behind home plate, so seat 1 is on its third-base side.",not published,"""Some front-row seats may be impacted by the railing at the front of the section"" and ""many fans prefer to sit higher in the section to minimize this obstruction"". rateyourseats.com/globe-life-field/seating/sections/215","HIGH - zone, rows, location and seat direction stated by the source"
216,Pavilion Level (200s),Infield Pavilion,"Infield Pavilion (214-220) These sections offer the best views on the Pavilion Level, thanks to their centered perspective of the field behind home plate.",0,behind home plate,1-6,6,"Stairway aisles run along both side edges of the section; rows are not split by a mid-row aisle, so seat numbers run continuously from one side aisle to the other. The entry portal is at row 6.","Facing the field, seat 1 is on your left. That puts seat 1 on the edge facing section 215, with seat numbers counting up toward the edge facing section 217. This section is behind home plate, so seat 1 is on its third-base side.",not published,"""Fans sitting in the front rows of Pavilion sections should be aware of the railing at the front of the section, which can slightly impact views for some guests."" rateyourseats.com/globe-life-field/seating/sections/216","HIGH - zone, rows, location and seat direction stated by the source"
217,Pavilion Level (200s),Infield Pavilion,"Infield Pavilion (214-220) These sections offer the best views on the Pavilion Level, thanks to their centered perspective of the field behind home plate.",0,behind home plate,1-6,6,"Stairway aisles run along both side edges of the section; rows are not split by a mid-row aisle, so seat numbers run continuously from one side aisle to the other. The entry portal is at row 6.","Facing the field, seat 1 is on your left. That puts seat 1 on the edge facing section 216, with seat numbers counting up toward the edge facing section 218. This section is behind home plate, so seat 1 is on its third-base side.",not published,"""Fans sitting in the front rows of Pavilion sections should be aware of the railing at the front of the section, which can slightly impact views for some guests."" rateyourseats.com/globe-life-field/seating/sections/217","HIGH - zone, rows, location and seat direction stated by the source"
218,Pavilion Level (200s),Infield Pavilion,"Infield Pavilion (214-220) These sections offer the best views on the Pavilion Level, thanks to their centered perspective of the field behind home plate.",0,behind home plate,1-6,6,"Stairway aisles run along both side edges of the section; rows are not split by a mid-row aisle, so seat numbers run continuously from one side aisle to the other. The entry portal is at row 6.","Facing the field, seat 1 is on your left. That puts seat 1 on the edge facing section 217, with seat numbers counting up toward the edge facing section 219. This section is behind home plate, so seat 1 is on its third-base side.",not published,"""Fans sitting in the front rows of Pavilion sections should be aware of the railing at the front of the section, which can slightly impact views for some guests."" rateyourseats.com/globe-life-field/seating/sections/218","HIGH - zone, rows, location and seat direction stated by the source"
219,Pavilion Level (200s),Infield Pavilion,"Infield Pavilion (214-220) These sections offer the best views on the Pavilion Level, thanks to their centered perspective of the field behind home plate.",0,behind home plate,1-6,6,"Stairway aisles run along both side edges of the section; rows are not split by a mid-row aisle, so seat numbers run continuously from one side aisle to the other. The entry portal is at row 6.","Facing the field, seat 1 is on your left. That puts seat 1 on the edge facing section 218, with seat numbers counting up toward the edge facing section 220. This section is behind home plate, so seat 1 is on its third-base side.",not published,"""Front Railing Impact: Some front-row seats may be impacted by the railing at the front of the section."" rateyourseats.com/globe-life-field/seating/sections/219","HIGH - zone, rows, location and seat direction stated by the source"
220,Pavilion Level (200s),Infield Pavilion,The Pavilion Level at Globe Life Field consists of all sections in the 200s and wraps around much of the stadium bowl.,0,behind home plate,1-5,5,"Stairway aisles run along both side edges of the section; rows are not split by a mid-row aisle, so seat numbers run continuously from one side aisle to the other. The entry portal is at row 5.","Facing the field, seat 1 is on your left. That puts seat 1 on the edge facing section 219, with seat numbers counting up toward the edge facing section 221. This section is behind home plate, so seat 1 is on its third-base side.",not published,"""Some front-row seats may be impacted by the railing at the front of the section."" rateyourseats.com/globe-life-field/seating/sections/220","HIGH - zone, rows, location and seat direction stated by the source"
221,Pavilion Level (200s),Baseline Pavilion,These seats sit down the first and third base lines and offer a solid view of the infield,1,toward first base / right field,1-9,9,"Stairway aisles run along both side edges of the section; rows are not split by a mid-row aisle, so seat numbers run continuously from one side aisle to the other. The entry portal is at row 9.","Facing the field, seat 1 is on your left. That puts seat 1 on the edge facing section 220, with seat numbers counting up toward the edge facing section 222. Seat 1 is the end of the row closest to home plate, and higher seat numbers run away from home plate.",not published,"""Front-row seats may be impacted by the railing at the front of the section""; a fan review notes a good view ""with the exception of the cables"". rateyourseats.com/globe-life-field/seating/sections/221","HIGH - zone, rows, location and seat direction stated by the source"
222,Pavilion Level (200s),Baseline Pavilion,"Part of the 200-level sections that wrap around the stadium bowl; classified as ""Baseline Pavilion"" in the seating hierarchy",2,toward first base / right field,1-10,10,"Stairway aisles run along both side edges of the section; rows are not split by a mid-row aisle, so seat numbers run continuously from one side aisle to the other. The entry portal is at row 10.","Facing the field, seat 1 is on your left. That puts seat 1 on the edge facing section 221, with seat numbers counting up toward the edge facing section 223. Seat 1 is the end of the row closest to home plate, and higher seat numbers run away from home plate.",not published,"""Some front-row seats may be impacted by the railing at the front of the section"". rateyourseats.com/globe-life-field/seating/sections/222","HIGH - zone, rows, location and seat direction stated by the source"
223,Pavilion Level (200s),Baseline Pavilion,"Baseline Pavilion"" sections (208-213, 221-228) that ""sit down the first and third base lines and offer a solid view of the infield",3,toward first base / right field,1-11,11,"Stairway aisles run along both side edges of the section; rows are not split by a mid-row aisle, so seat numbers run continuously from one side aisle to the other. The entry portal is at row 11.","Facing the field, seat 1 is on your left. That puts seat 1 on the edge facing section 222, with seat numbers counting up toward the edge facing section 224. Seat 1 is the end of the row closest to home plate, and higher seat numbers run away from home plate.",not published,"""Some front-row seats may be impacted by the railing at the front of the section"". rateyourseats.com/globe-life-field/seating/sections/223","HIGH - zone, rows, location and seat direction stated by the source"
224,Pavilion Level (200s),Baseline Pavilion,"Baseline Pavilion (208-213, 221-228) These seats sit down the first and third base lines and offer a solid view of the infield",4,toward first base / right field,1-11,11,"Stairway aisles run along both side edges of the section; rows are not split by a mid-row aisle, so seat numbers run continuously from one side aisle to the other. The entry portal is at row 11.","Facing the field, seat 1 is on your left. That puts seat 1 on the edge facing section 223, with seat numbers counting up toward the edge facing section 225. Seat 1 is the end of the row closest to home plate, and higher seat numbers run away from home plate.",not published,"""Fans sitting in the front rows of Pavilion sections should be aware of the railing at the front of the section, which can slightly impact views"". rateyourseats.com/globe-life-field/seating/sections/224","HIGH - zone, rows, location and seat direction stated by the source"
225,Pavilion Level (200s),Baseline Pavilion,"Baseline Pavilion (208-213, 221-228) These seats sit down the first and third base lines and offer a solid view of the infield",5,toward first base / right field,1-11,11,"Stairway aisles run along both side edges of the section; rows are not split by a mid-row aisle, so seat numbers run continuously from one side aisle to the other. The entry portal is at row 11.","Facing the field, seat 1 is on your left. That puts seat 1 on the edge facing section 224, with seat numbers counting up toward the edge facing section 226. Seat 1 is the end of the row closest to home plate, and higher seat numbers run away from home plate.",not published,"""Fans sitting in the front rows of Pavilion sections should be aware of the railing at the front of the section, which can slightly impact views"". rateyourseats.com/globe-life-field/seating/sections/225","HIGH - zone, rows, location and seat direction stated by the source"
226,Pavilion Level (200s),Baseline Pavilion,These seats sit down the first and third base lines and offer a solid view of the infield,6,toward first base / right field,1-9,9,"Stairway aisles run along both side edges of the section; rows are not split by a mid-row aisle, so seat numbers run continuously from one side aisle to the other. The entry portal is at row 9.","Facing the field, seat 1 is on your left. That puts seat 1 on the edge facing section 225, with seat numbers counting up toward the edge facing section 227. Seat 1 is the end of the row closest to home plate, and higher seat numbers run away from home plate.",not published,"""Front Railing Impact: Some front-row seats may be impacted by the railing at the front of the section."" ""the railing covers most of the foul ground on the first base side."" Roof coverage, sun/shade and accessible/wheelchair rows","HIGH - zone, rows, location and seat direction stated by the source"
227,Pavilion Level (200s),Baseline Pavilion,These seats sit down the first and third base lines and offer a solid view of the infield while typically costing less than the infield sections.,7,toward first base / right field,1-11,11,"Stairway aisles run along both side edges of the section; rows are not split by a mid-row aisle, so seat numbers run continuously from one side aisle to the other. The entry portal is at row 11.","Facing the field, seat 1 is on your left. That puts seat 1 on the edge facing section 226, with seat numbers counting up toward the edge facing section 228. Seat 1 is the end of the row closest to home plate, and higher seat numbers run away from home plate.",not published,"""Front-row seats may be impacted by the railing at the front of the section."" Page notes ""many fans prefer to sit higher in the section to minimize this obstruction."" Roof coverage, sun/shade and accessible/wheelchair rows","HIGH - zone, rows, location and seat direction stated by the source"
228,Pavilion Level (200s),Baseline Pavilion,These seats sit down the first and third base lines and offer a solid view of the infield while typically costing less than the infield sections.,8,toward first base / right field,1-9,9,"Stairway aisles run along both side edges of the section; rows are not split by a mid-row aisle, so seat numbers run continuously from one side aisle to the other. The entry portal is at row 9.","Facing the field, seat 1 is on your left. That puts seat 1 on the edge facing section 227, with seat numbers counting up toward the edge facing section 229. Seat 1 is the end of the row closest to home plate, and higher seat numbers run away from home plate.",not published,"""Fans sitting in the front rows of Pavilion sections should be aware of the railing at the front of the section, which can slightly impact views for some guests.""","HIGH - zone, rows, location and seat direction stated by the source"
229,Pavilion Level (200s),Corner Pavilion,"Located closer to the outfield corners, these seats offer angled views of the field",9,toward first base / right field,1-11,11,"Stairway aisles run along both side edges of the section; rows are not split by a mid-row aisle, so seat numbers run continuously from one side aisle to the other. The entry portal is at row 11.","Facing the field, seat 1 is on your left. That puts seat 1 on the edge facing section 228, with seat numbers counting up toward the edge facing section 230. Seat 1 is the end of the row closest to home plate, and higher seat numbers run away from home plate.",not published,"""Fans sitting in the front rows of Pavilion sections should be aware of the railing at the front of the section, which can slightly impact views for some guests."" Roof coverage, sun/shade and accessible/wheelchair rows","HIGH - zone, rows, location and seat direction stated by the source"
230,Pavilion Level (200s),Corner Pavilion,"Located closer to the outfield corners, these seats offer angled views of the field and are usually more affordable.",10,toward first base / right field,1-11,11,"Stairway aisles run along both side edges of the section; rows are not split by a mid-row aisle, so seat numbers run continuously from one side aisle to the other. The entry portal is at row 11.","Facing the field, seat 1 is on your left. That puts seat 1 on the edge facing section 229, with seat numbers counting up toward the edge facing section 231. Seat 1 is the end of the row closest to home plate, and higher seat numbers run away from home plate.",not published,"""Fans sitting in the front rows of Pavilion sections should be aware of the railing at the front of the section, which can slightly impact views for some guests."" Roof coverage, sun/shade and accessible/wheelchair rows","HIGH - zone, rows, location and seat direction stated by the source"
231,Pavilion Level (200s),Corner Pavilion,"Located closer to the outfield corners, these seats offer angled views of the field and are usually more affordable.",11,toward first base / right field,1-9,9,"Stairway aisles run along both side edges of the section; rows are not split by a mid-row aisle, so seat numbers run continuously from one side aisle to the other. The entry portal is at row 9.","Facing the field, seat 1 is on your left. That puts seat 1 on the edge facing section 230, with seat numbers counting up toward the edge facing section 232. Seat 1 is the end of the row closest to home plate, and higher seat numbers run away from home plate.",not published,"""Some front-row seats may be impacted by the railing at the front of the section."" ""231 is behind the stage or to the side of the stage for most concerts. This may restrict or limit your view of the performance."" Roof coverage, sun/shade and accessible/wheelchair rows","HIGH - zone, rows, location and seat direction stated by the source"
232,Pavilion Level (200s),Corner Pavilion,"Located closer to the outfield corners, these seats offer angled views of the field",12,toward first base / right field,1-11,11,"Stairway aisles run along both side edges of the section; rows are not split by a mid-row aisle, so seat numbers run continuously from one side aisle to the other. The entry portal is at row 11.","Facing the field, seat 1 is on your left. That puts seat 1 on the edge facing section 231, with seat numbers counting up toward the edge facing section 233. Seat 1 is the end of the row closest to home plate, and higher seat numbers run away from home plate.",not published,"""Fans sitting in the front rows of Pavilion sections should be aware of the railing at the front of the section, which can slightly impact views."" ""232 is behind the stage or to the side of the stage for most concerts. This may restrict or limit your view of the performance."" Roof coverage, sun/shade and accessible/wheelchair rows","HIGH - zone, rows, location and seat direction stated by the source"
233,Pavilion Level (200s),Right Field Pavilion,Beyond the outfield wall in right field,13,toward first base / right field,1-22,14,"Stairway aisles run along both side edges of the section; rows are not split by a mid-row aisle, so seat numbers run continuously from one side aisle to the other. The entry portal is at row 14.","Facing the field, seat 1 is on your left. That puts seat 1 on the edge facing section 232, with seat numbers counting up toward the edge facing section 234. Seat 1 is the end of the row closest to home plate, and higher seat numbers run away from home plate.",not published,"""Front-row seats may be impacted by the railing at the front of the section.""","HIGH - zone, rows, location and seat direction stated by the source"
234,Pavilion Level (200s),Right Field Pavilion,Beyond the outfield wall in right field,14,toward first base / right field,1-22,14,"Stairway aisles run along both side edges of the section; rows are not split by a mid-row aisle, so seat numbers run continuously from one side aisle to the other. The entry portal is at row 14.","Facing the field, seat 1 is on your left. That puts seat 1 on the edge facing section 233, with seat numbers counting up toward the edge facing section 235. Seat 1 is the end of the row closest to home plate, and higher seat numbers run away from home plate.",not published,"""Fans sitting in the front rows of Pavilion sections should be aware of the railing at the front of the section, which can slightly impact views."" section is ""behind the stage or to the side of the stage for most concerts"" and ""This may restrict or limit your view of the performance."" Accessible/wheelchair rows, roof coverage and sun/shade","HIGH - zone, rows, location and seat direction stated by the source"
235,Pavilion Level (200s),Right Field Pavilion,These sections sit beyond the outfield wall in right field,15,toward first base / right field,1-22,14,"Stairway aisles run along both side edges of the section; rows are not split by a mid-row aisle, so seat numbers run continuously from one side aisle to the other. The entry portal is at row 14.","Facing the field, seat 1 is on your left. That puts seat 1 on the edge facing section 234, with seat numbers counting up toward the edge facing section 236. Seat 1 is the end of the row closest to home plate, and higher seat numbers run away from home plate.",not published,"""Some front-row seats may be impacted by the railing at the front of the section."" flagged ""May Have a Limited View"" as it is ""behind the stage or to the side of the stage for most concerts."" Roof coverage, sun/shade and accessible/wheelchair rows","HIGH - zone, rows, location and seat direction stated by the source"
236,Pavilion Level (200s),Right Field Pavilion,"Beyond the outfield wall in right field""; also labelled ""Behind/Side Stage (most shows)",16,toward first base / right field,1-22,14,"Stairway aisles run along both side edges of the section; rows are not split by a mid-row aisle, so seat numbers run continuously from one side aisle to the other. The entry portal is at row 14.","Facing the field, seat 1 is on your left. That puts seat 1 on the edge facing section 235, with seat numbers counting up toward the edge facing section 237. Seat 1 is the end of the row closest to home plate, and higher seat numbers run away from home plate.",not published,"""Fans sitting in the front rows of Pavilion sections should be aware of the railing at the front of the section."" ""236 is behind the stage or to the side of the stage for most concerts. This may restrict or limit your view of the performance."" Roof coverage, sun/shade and accessible/wheelchair rows","HIGH - zone, rows, location and seat direction stated by the source"
237,Pavilion Level (200s),Right Field Pavilion,These sections sit beyond the outfield wall in right field and are often among the cheapest tickets on the Pavilion Level.,17,toward first base / right field,1-9,9,"Stairway aisles run along both side edges of the section; rows are not split by a mid-row aisle, so seat numbers run continuously from one side aisle to the other. The entry portal is at row 9.","Facing the field, seat 1 is on your left. That puts seat 1 on the edge facing section 236, with seat numbers counting up toward the edge facing section 238. Seat 1 is the end of the row closest to home plate, and higher seat numbers run away from home plate.",not published,"""Some front-row seats may be impacted by the railing at the front of the section."" ""237 is behind the stage or to the side of the stage for most concerts. This may restrict or limit your view of the performance.""","HIGH - zone, rows, location and seat direction stated by the source"
238,Pavilion Level (200s),Right Field Pavilion,These sections sit beyond the outfield wall in right field and are often among the cheapest tickets on the Pavilion Level.,18,toward first base / right field,1-4,4,"Stairway aisles run along both side edges of the section; rows are not split by a mid-row aisle, so seat numbers run continuously from one side aisle to the other. The entry portal is at row 4.","Facing the field, seat 1 is on your left. That puts seat 1 on the edge facing section 237, with seat numbers counting up toward the edge facing section 239. Seat 1 is the end of the row closest to home plate, and higher seat numbers run away from home plate.",not published,"""Fans sitting in the front rows of Pavilion sections should be aware of the railing at the front of the section, which can slightly impact views for some guests."" ""238 is behind the stage or to the side of the stage for most concerts. This may restrict or limit your view of the performance."" Wheelchair accessibility and sun/shade coverage","HIGH - zone, rows, location and seat direction stated by the source"
239,Pavilion Level (200s),Right Field Pavilion,"""These sections sit beyond the outfield wall in right field"" - rateyourseats places 239 in RIGHT field (last section of the Right Field Pavilion group 233-239); other sources may describe this area as right-center, but this source states right field",19,toward first base / right field,1-4,4,"Stairway aisles run along both side edges of the section; rows are not split by a mid-row aisle, so seat numbers run continuously from one side aisle to the other. The entry portal is at row 4.","Facing the field, seat 1 is on your left. That puts seat 1 on the edge facing section 238, with seat numbers counting up toward the edge facing section 240. Seat 1 is the end of the row closest to home plate, and higher seat numbers run away from home plate.",not published,"""Some front-row seats may be impacted by the railing at the front of the section""; page recommends sitting higher to minimize obstruction. ""239 is behind the stage or to the side of the stage for most concerts. This may restrict or limit your view of the performance."" Roof coverage, sun/shade and accessible/wheelchair rows","HIGH - zone, rows, location and seat direction stated by the source"
240,Pavilion Level (200s),Left Field Pavilion,"""Located deep in left field, these sections offer value pricing but more distant views of home plate."" - rateyourseats places 240 in LEFT field (first section of the Left Field Pavilion group 240-244)",20,toward first base / right field,1-9,9,"Stairway aisles run along both side edges of the section; rows are not split by a mid-row aisle, so seat numbers run continuously from one side aisle to the other. The entry portal is at row 9.","Facing the field, seat 1 is on your left. That puts seat 1 on the edge facing section 239, with seat numbers counting up toward the edge facing section 241. Seat 1 is the end of the row closest to home plate, and higher seat numbers run away from home plate.",not published,"For baseball, front rows may be impacted by the railing at the front of the section. ""240 is behind the stage or to the side of the stage for most concerts. This may restrict or limit your view of the performance."" Roof coverage, sun/shade and accessible/wheelchair rows","HIGH - zone, rows, location and seat direction stated by the source"
241,Pavilion Level (200s),Left Field Pavilion,"Located deep in left field, these sections offer value pricing but more distant views of home plate.",21,toward first base / right field,1-9,9,"Stairway aisles run along both side edges of the section; rows are not split by a mid-row aisle, so seat numbers run continuously from one side aisle to the other. The entry portal is at row 9.","Facing the field, seat 1 is on your left. That puts seat 1 on the edge facing section 240, with seat numbers counting up toward the edge facing section 242. Seat 1 is the end of the row closest to home plate, and higher seat numbers run away from home plate.",not published,"""Front-row seats may be impacted by the railing at the front of the section."" ""behind the stage or to the side of the stage for most concerts. This may restrict or limit your view."" Roof coverage, sun/shade and accessible/wheelchair rows","HIGH - zone, rows, location and seat direction stated by the source"
242,Pavilion Level (200s),Left Field Pavilion,"Located deep in left field, these sections offer value pricing but more distant views of home plate.",22,toward first base / right field,1-9,9,"Stairway aisles run along both side edges of the section; rows are not split by a mid-row aisle, so seat numbers run continuously from one side aisle to the other. The entry portal is at row 9.","Facing the field, seat 1 is on your left. That puts seat 1 on the edge facing section 241, with seat numbers counting up toward the edge facing section 243. Seat 1 is the end of the row closest to home plate, and higher seat numbers run away from home plate.",not published,"""Fans sitting in the front rows of Pavilion sections should be aware of the railing at the front of the section, which can slightly impact views.""","HIGH - zone, rows, location and seat direction stated by the source"
243,Pavilion Level (200s),Left Field Pavilion,"Located deep in left field, these sections offer value pricing but more distant views of home plate.",23,toward first base / right field,1-9,9,"Stairway aisles run along both side edges of the section; rows are not split by a mid-row aisle, so seat numbers run continuously from one side aisle to the other. The entry portal is at row 9.","Facing the field, seat 1 is on your left. That puts seat 1 on the edge facing section 242, with seat numbers counting up toward the edge facing section 244. Seat 1 is the end of the row closest to home plate, and higher seat numbers run away from home plate.",not published,,"HIGH - zone, rows, location and seat direction stated by the source"
244,Pavilion Level (200s),Left Field Pavilion,"Located deep in left field, these sections offer value pricing but more distant views of home plate.",24,toward first base / right field,1-9,9,"Stairway aisles run along both side edges of the section; rows are not split by a mid-row aisle, so seat numbers run continuously from one side aisle to the other. The entry portal is at row 9.","Facing the field, seat 1 is on your left. That puts seat 1 on the edge facing section 243, with seat numbers counting up toward the far edge of the section, with no further section beyond it on that side. Seat 1 is the end of the row closest to home plate, and higher seat numbers run away from home plate.",not published,"""Fans sitting in the front rows of Pavilion sections should be aware of the railing at the front of the section, which can slightly impact views."" Roof coverage, sun/shade and wheelchair accessibility","HIGH - zone, rows, location and seat direction stated by the source"
301,Upper Level (300s),"Upper Level / ""Upper Reserved","the highest seats at Globe Life Field""; Upper Level sections described as located in ""corners and down the first and third base lines",12,toward third base / left field,1-14,1,"Stairway aisles run along both side edges of the section; rows are not split by a mid-row aisle, so seat numbers run continuously from one side aisle to the other. The entry portal is at row 1.","Facing the field, seat 1 is on your left. That puts seat 1 on the far edge of the section, with no further section beyond it on that side, with seat numbers counting up toward the edge facing section 302. Seat 1 is the end of the row farthest from home plate, and higher seat numbers run back toward home plate.",not published,"Obstructed views, roof coverage, sun/shade and accessible rows Page notes ""fans seated in higher rows will need to walk up several stairs"" and recommends ""lower rows"" for those ""who prefer to avoid long climbs.""","HIGH - zone, rows, location and seat direction stated by the source"
302,Upper Level (300s),Upper Reserved,"the highest level of seating behind home plate""; Upper Reserved sections are located ""in the corners and down the first and third base lines",11,toward third base / left field,1-14,1,"Stairway aisles run along both side edges of the section; rows are not split by a mid-row aisle, so seat numbers run continuously from one side aisle to the other. The entry portal is at row 1.","Facing the field, seat 1 is on your left. That puts seat 1 on the edge facing section 301, with seat numbers counting up toward the edge facing section 303. Seat 1 is the end of the row farthest from home plate, and higher seat numbers run back toward home plate.",not published,Must walk up a set of stairs from the 200 Level concourse to access the 300s; higher rows require walking up multiple steps. Bird's-eye perspective of entire field. Obstructed views UNKNOWN; roof coverage/shade UNKNOWN; wheelchair/accessible seating,"HIGH - zone, rows, location and seat direction stated by the source"
303,Upper Level (300s),Upper Reserved,"The highest level of seating behind home plate""; located ""in the corners and down the first and third base lines",10,toward third base / left field,1-14,1,"Stairway aisles run along both side edges of the section; rows are not split by a mid-row aisle, so seat numbers run continuously from one side aisle to the other. The entry portal is at row 1.","Facing the field, seat 1 is on your left. That puts seat 1 on the edge facing section 302, with seat numbers counting up toward the edge facing section 304. Seat 1 is the end of the row farthest from home plate, and higher seat numbers run back toward home plate.",not published,"Must ""walk up a set of stairs from the concourse"" to access; higher rows require ""walking up multiple steps"". Bird's-eye perspective; fans may ""rely more on the videoboard for replays and close-up views"". Budget-friendly pricing. Obstructed views, steepness, roof coverage, shade and wheelchair access","HIGH - zone, rows, location and seat direction stated by the source"
304,Upper Level (300s),Upper Level / Upper Reserved,"The Upper Level includes all sections in the 300s, the highest seats at Globe Life Field.",9,toward third base / left field,1-14,1,"Stairway aisles run along both side edges of the section; rows are not split by a mid-row aisle, so seat numbers run continuously from one side aisle to the other. The entry portal is at row 1.","Facing the field, seat 1 is on your left. That puts seat 1 on the edge facing section 303, with seat numbers counting up toward the edge facing section 305. Seat 1 is the end of the row farthest from home plate, and higher seat numbers run back toward home plate.",not published,"Must walk up stairs to access 300 sections from the 200 Level concourse; higher rows require walking up multiple steps. Bird's-eye views; fans may rely on videoboard. Budget-friendly pricing. Obstructed views, steepness, roof coverage, shade and wheelchair/accessible seating","HIGH - zone, rows, location and seat direction stated by the source"
305,Upper Level (300s),Upper Level / Upper Reserved,"The Upper Level includes all sections in the 300s, the highest seats at Globe Life Field.",8,toward third base / left field,1-14,1,"Stairway aisles run along both side edges of the section; rows are not split by a mid-row aisle, so seat numbers run continuously from one side aisle to the other. The entry portal is at row 1.","Facing the field, seat 1 is on your left. That puts seat 1 on the edge facing section 304, with seat numbers counting up toward the edge facing section 306. Seat 1 is the end of the row farthest from home plate, and higher seat numbers run back toward home plate.",not published,"Must walk up stairs to access 300 sections from the 200 Level concourse; higher rows require walking up multiple steps. Bird's-eye perspective; fans may rely more on the videoboard. Budget-friendly, typically cheapest seats in ballpark. Obstructed views, steepness, roof coverage, shade and wheelchair/accessible seating","HIGH - zone, rows, location and seat direction stated by the source"
306,Upper Level (300s),Upper Reserved,"the highest level of seating behind home plate""; sections located ""in the corners and down the first and third base lines",7,toward third base / left field,1-14,1,"Stairway aisles run along both side edges of the section; rows are not split by a mid-row aisle, so seat numbers run continuously from one side aisle to the other. The entry portal is at row 1.","Facing the field, seat 1 is on your left. That puts seat 1 on the edge facing section 305, with seat numbers counting up toward the edge facing section 307. Seat 1 is the end of the row farthest from home plate, and higher seat numbers run back toward home plate.",not published,"Upper Level (300s) sections require walking up stairs to access from the 200 Level concourse. Bird's-eye perspective of the entire field; fans may rely more on videoboard for close-up views. Obstructed views, steepness specifics, roof coverage, shade and wheelchair accessibility","HIGH - zone, rows, location and seat direction stated by the source"
307,Upper Level (300s),Upper Reserved,Sections labeled Upper Reserved are typically located farther from the infield and offer more angled views of the game.,6,toward third base / left field,1-14,1,"Stairway aisles run along both side edges of the section; rows are not split by a mid-row aisle, so seat numbers run continuously from one side aisle to the other. The entry portal is at row 1.","Facing the field, seat 1 is on your left. That puts seat 1 on the edge facing section 306, with seat numbers counting up toward the edge facing section 308. Seat 1 is the end of the row farthest from home plate, and higher seat numbers run back toward home plate.",not published,"""To access the 300s, you must walk up a set of stairs from the concourse"" (from the 200 Level concourse). Angled, not centered views; upper level fans rely on videoboard for close-ups. Recommended for sightlines to first and third base. Obstructed views, steepness, roof coverage and wheelchair/accessible seating","HIGH - zone, rows, location and seat direction stated by the source"
308,Upper Level (300s),Upper Box,"""Highest seats at Globe Life Field""; part of the Upper Level (300s sections)",5,toward third base / left field,1-14,1,"Stairway aisles run along both side edges of the section; rows are not split by a mid-row aisle, so seat numbers run continuously from one side aisle to the other. The entry portal is at row 1.","Facing the field, seat 1 is on your left. That puts seat 1 on the edge facing section 307, with seat numbers counting up toward the edge facing section 309. Seat 1 is the end of the row farthest from home plate, and higher seat numbers run back toward home plate.",not published,"Obstruction reported in a fan review: ""Have to look through 2 sets of thick railings to see home plate"". Fans must ""walk up a set of stairs from the concourse"" to access 300 Level; higher rows require walking up multiple steps. Roof coverage, shade and wheelchair/accessible seating","HIGH - zone, rows, location and seat direction stated by the source"
309,Upper Level (300s),Upper Level / Upper Box,"Highest seats at Globe Life Field""; part of ""sections in the 300s",4,toward third base / left field,1-14,1,"Stairway aisles run along both side edges of the section; rows are not split by a mid-row aisle, so seat numbers run continuously from one side aisle to the other. The entry portal is at row 1.","Facing the field, seat 1 is on your left. That puts seat 1 on the edge facing section 308, with seat numbers counting up toward the edge facing section 310. Seat 1 is the end of the row farthest from home plate, and higher seat numbers run back toward home plate.",not published,"Obstruction reported in a Row 9 fan review: ""Railing obscures view of plate"". ""Must Walk Up Stairs to Enter 300 Sections""; ""higher rows require walking up multiple steps"". Roof coverage, shade and wheelchair/accessible seating","HIGH - zone, rows, location and seat direction stated by the source"
310,Upper Level (300s),Upper Level / Upper Box,"The Upper Level includes all sections in the 300s, the highest seats at Globe Life Field.",3,toward third base / left field,1-14,1,"Stairway aisles run along both side edges of the section; rows are not split by a mid-row aisle, so seat numbers run continuously from one side aisle to the other. The entry portal is at row 1.","Facing the field, seat 1 is on your left. That puts seat 1 on the edge facing section 309, with seat numbers counting up toward the edge facing section 311. Seat 1 is the end of the row farthest from home plate, and higher seat numbers run back toward home plate.",not published,"Bird's-eye perspective of entire field; fans may rely more on videoboard due to distance. Must walk up stairs to access from 200 Level concourse. Budget-friendly pricing. Obstructed views, steepness, roof coverage, shade and wheelchair/accessible seating","HIGH - zone, rows, location and seat direction stated by the source"
311,Upper Level (300s),Upper Level / Upper Box,"Highest seats at Globe Life Field""; part of sections in the 300s that ""sit closer to home plate and offer more centered views of the field",2,toward third base / left field,1-14,1,"Stairway aisles run along both side edges of the section; rows are not split by a mid-row aisle, so seat numbers run continuously from one side aisle to the other. The entry portal is at row 1.","Facing the field, seat 1 is on your left. That puts seat 1 on the edge facing section 310, with seat numbers counting up toward the edge facing section 312. Seat 1 is the end of the row farthest from home plate, and higher seat numbers run back toward home plate.",not published,"Access requires walking up stairs from the 200 Level concourse; fans in higher rows must walk up multiple stairs. ""Bird's-eye perspective"" but relies more on videoboard due to distance. Budget-friendly pricing. Obstructed views, steepness, roof coverage, shade and wheelchair/accessible seating","HIGH - zone, rows, location and seat direction stated by the source"
312,Upper Level (300s),Upper Level / Upper Box,"Highest seats at Globe Life Field""; part of sections 308-317 that ""sit closer to home plate",1,toward third base / left field,1-14,1,"Stairway aisles run along both side edges of the section; rows are not split by a mid-row aisle, so seat numbers run continuously from one side aisle to the other. The entry portal is at row 1.","Facing the field, seat 1 is on your left. That puts seat 1 on the edge facing section 311, with seat numbers counting up toward the edge facing section 313. Seat 1 is the end of the row farthest from home plate, and higher seat numbers run back toward home plate.",not published,"""higher rows will need to walk up several stairs""; fans ""must walk up a set of stairs from the concourse"" to access 300s sections. Obstructed views, roof coverage, shade and wheelchair/accessible seating","HIGH - zone, rows, location and seat direction stated by the source"
313,Upper Level (300s),Upper Level / Upper Box,Sections 313 and 314 provide the most centered view from behind home plate,0,behind home plate,1-12,1,"Stairway aisles run along both side edges of the section; rows are not split by a mid-row aisle, so seat numbers run continuously from one side aisle to the other. The entry portal is at row 1.","Facing the field, seat 1 is on your left. That puts seat 1 on the edge facing section 312, with seat numbers counting up toward the edge facing section 314. This section is behind home plate, so seat 1 is on its third-base side.",not published,"Must walk up stairs from the 200 Level concourse to access 300 sections; higher rows require walking up multiple steps. Bird's-eye perspective; fans may rely on videoboard. Budget-friendly, among cheapest seats in ballpark.","HIGH - zone, rows, location and seat direction stated by the source"
314,Upper Level (300s),Upper Box,Sections 313 and 314 provide the most centered view from behind home plate,0,behind home plate,1-12,1,"Stairway aisles run along both side edges of the section; rows are not split by a mid-row aisle, so seat numbers run continuously from one side aisle to the other. The entry portal is at row 1.","Facing the field, seat 1 is on your left. That puts seat 1 on the edge facing section 313, with seat numbers counting up toward the edge facing section 315. This section is behind home plate, so seat 1 is on its third-base side.",not published,"Home plate view with bird's-eye perspective. ""Must Walk Up Stairs to Enter 300 Sections"" - requires climbing stairs from the 200 Level concourse; higher rows require walking up multiple steps. Fans may rely on videoboard due to distance. Obstructed views not mentioned; steepness, roof coverage, shade and wheelchair/accessible seating","HIGH - zone, rows, location and seat direction stated by the source"
315,Upper Level (300s),Upper Box,"Highest seats at Globe Life Field""; ""the Upper Level includes all sections in the 300s",1,toward first base / right field,1-3,1,"Stairway aisles run along both side edges of the section; rows are not split by a mid-row aisle, so seat numbers run continuously from one side aisle to the other. The entry portal is at row 1.","Facing the field, seat 1 is on your left. That puts seat 1 on the edge facing section 314, with seat numbers counting up toward the edge facing section 316. Seat 1 is the end of the row closest to home plate, and higher seat numbers run away from home plate.",not published,"""Home Plate View"" with ""high bird's-eye perspective of the entire field"". Fans ""may rely more on the videoboard"" due to distance. ""Must Walk Up Stairs to Enter 300 Sections"" - upper level sections require walking up stairs from the concourse. Obstructed views, roof coverage, shade and wheelchair/accessible seating","HIGH - zone, rows, location and seat direction stated by the source"
316,Upper Level (300s),Upper Level / Upper Box,"The Upper Level includes all sections in the 300s, the highest seats at Globe Life Field",2,toward first base / right field,1-14,1,"Stairway aisles run along both side edges of the section; rows are not split by a mid-row aisle, so seat numbers run continuously from one side aisle to the other. The entry portal is at row 1.","Facing the field, seat 1 is on your left. That puts seat 1 on the edge facing section 315, with seat numbers counting up toward the edge facing section 317. Seat 1 is the end of the row closest to home plate, and higher seat numbers run away from home plate.",not published,"Obstruction reported in Row 6 feedback: ""The rail obstructs all the rows in front so fans lean forward to see"". ""Must Walk Up Stairs to Enter 300 Sections"" - ""To access the 300s, you must walk up a set of stairs from the concourse"". Roof coverage, shade and wheelchair/accessible seating","HIGH - zone, rows, location and seat direction stated by the source"
317,Upper Level (300s),Upper Box,"""Highest seats at Globe Life Field"" within the Upper Level (300s sections)",3,toward first base / right field,1-14,1,"Stairway aisles run along both side edges of the section; rows are not split by a mid-row aisle, so seat numbers run continuously from one side aisle to the other. The entry portal is at row 1.","Facing the field, seat 1 is on your left. That puts seat 1 on the edge facing section 316, with seat numbers counting up toward the edge facing section 318. Seat 1 is the end of the row closest to home plate, and higher seat numbers run away from home plate.",not published,"Fans must walk up stairs from the 200 Level concourse to access; higher rows require walking up multiple stairs. Upper Level sections share a concourse with the 200 Level. Budget-friendly, typically the cheapest seats in the ballpark; bird's-eye views but fans may rely more on the videoboard. Obstructed views, steepness, roof coverage, shade and wheelchair/accessible seating","HIGH - zone, rows, location and seat direction stated by the source"
318,Upper Level (300s),Upper Reserved,"Sections located in the corners and down the first and third base lines""; Section 318 recommended for ""best sight lines to first and third base",4,toward first base / right field,1-14,1,"Stairway aisles run along both side edges of the section; rows are not split by a mid-row aisle, so seat numbers run continuously from one side aisle to the other. The entry portal is at row 1.","Facing the field, seat 1 is on your left. That puts seat 1 on the edge facing section 317, with seat numbers counting up toward the edge facing section 319. Seat 1 is the end of the row closest to home plate, and higher seat numbers run away from home plate.",not published,"Accessed via stairs from the 200 Level concourse; multiple stairs required to reach upper rows from the entrance. Obstructed views, roof coverage, shade and wheelchair/accessible seating","HIGH - zone, rows, location and seat direction stated by the source"
319,Upper Level (300s),Upper Reserved,"The Upper Level includes all sections in the 300s, the highest seats at Globe Life Field.",5,toward first base / right field,1-14,1,"Stairway aisles run along both side edges of the section; rows are not split by a mid-row aisle, so seat numbers run continuously from one side aisle to the other. The entry portal is at row 1.","Facing the field, seat 1 is on your left. That puts seat 1 on the edge facing section 318, with seat numbers counting up toward the edge facing section 320. Seat 1 is the end of the row closest to home plate, and higher seat numbers run away from home plate.",not published,"""Must Walk Up Stairs to Enter 300 Sections"" - Upper Level sections share a concourse with the 200 Level; stairs must be climbed to access the 300s. Fans in higher rows must walk up multiple steps. ""Highest Seating Tier"" with bird's-eye views of the entire field. Obstructed views, steepness, roof coverage, shade and wheelchair/accessible seating","HIGH - zone, rows, location and seat direction stated by the source"
320,Upper Level (300s),Upper Level / Upper Reserved,"The Upper Level includes all sections in the 300s, the highest seats at Globe Life Field.",6,toward first base / right field,1-14,1,"Stairway aisles run along both side edges of the section; rows are not split by a mid-row aisle, so seat numbers run continuously from one side aisle to the other. The entry portal is at row 1.","Facing the field, seat 1 is on your left. That puts seat 1 on the edge facing section 319, with seat numbers counting up toward the edge facing section 321. Seat 1 is the end of the row closest to home plate, and higher seat numbers run away from home plate.",not published,"""Bird's-Eye Views: Provides a high perspective of the entire field, though fans may rely more on the videoboard"". ""Must Walk Up Stairs to Enter 300 Sections"" - ""To access the 300s, you must walk up a set of stairs from the concourse""; fans in higher rows need to walk up multiple stairs. Obstructed views, roof coverage, shade and wheelchair/accessible seating","HIGH - zone, rows, location and seat direction stated by the source"
321,Upper Level (300s),Upper Level / Upper Reserved,"The Upper Level includes all sections in the 300s, the highest seats at Globe Life Field.",7,toward first base / right field,1-14,1,"Stairway aisles run along both side edges of the section; rows are not split by a mid-row aisle, so seat numbers run continuously from one side aisle to the other. The entry portal is at row 1.","Facing the field, seat 1 is on your left. That puts seat 1 on the edge facing section 320, with seat numbers counting up toward the edge facing section 322. Seat 1 is the end of the row closest to home plate, and higher seat numbers run away from home plate.",not published,"Obstruction reported in a fan review (Sec 321, Row 5): ""A bit of a blocked view because of railing"". Fans must ""walk up a set of stairs from the concourse"" and ""higher rows require walking up multiple steps"". Roof coverage, shade and wheelchair/accessible seating","HIGH - zone, rows, location and seat direction stated by the source"
322,Upper Level (300s),Upper Reserved,"Upper Level section (part of the 300s), the highest seating tier at Globe Life Field",8,toward first base / right field,1-14,1,"Stairway aisles run along both side edges of the section; rows are not split by a mid-row aisle, so seat numbers run continuously from one side aisle to the other. The entry portal is at row 1.","Facing the field, seat 1 is on your left. That puts seat 1 on the edge facing section 321, with seat numbers counting up toward the edge facing section 323. Seat 1 is the end of the row closest to home plate, and higher seat numbers run away from home plate.",not published,"""To access the 300s, you must walk up a set of stairs from the concourse."" Obstructed views, steepness, roof coverage, and accessible/wheelchair rows EXTRA CHECK (seat-1 side and sections 27-33): RateYourSeats section pages for Globe Life Field state ""When looking towards the stage/field, lower number seats are on the left"" - this same sentence appears on the pages for sections 322, 323, 324, 325, 326 and 30. On which sections are in left field, the RateYourSeats page for Section 30 states ""The All-You-Can-Eat Seats at Globe Life Field are located in left field in sections 27-33.""","HIGH - zone, rows, location and seat direction stated by the source"
323,Upper Level (300s),Upper Level,"Part of the 300s sections, the highest seating tier at Globe Life Field",9,toward first base / right field,1-14,1,"Stairway aisles run along both side edges of the section; rows are not split by a mid-row aisle, so seat numbers run continuously from one side aisle to the other. The entry portal is at row 1.","Facing the field, seat 1 is on your left. That puts seat 1 on the edge facing section 322, with seat numbers counting up toward the edge facing section 324. Seat 1 is the end of the row closest to home plate, and higher seat numbers run away from home plate.",not published,"""To access the 300s, you must walk up a set of stairs from the concourse."" Obstructed views, steepness, roof coverage, and accessible/wheelchair rows","HIGH - zone, rows, location and seat direction stated by the source"
324,Upper Level (300s),Upper Level,"Part of the 300s sections, which comprise the highest seating tier at Globe Life Field",10,toward first base / right field,1-14,1,"Stairway aisles run along both side edges of the section; rows are not split by a mid-row aisle, so seat numbers run continuously from one side aisle to the other. The entry portal is at row 1.","Facing the field, seat 1 is on your left. That puts seat 1 on the edge facing section 323, with seat numbers counting up toward the edge facing section 325. Seat 1 is the end of the row closest to home plate, and higher seat numbers run away from home plate.",not published,"""The foul pole blocks at least half the stage, and none of the video boards are visible"". fans must ""walk up a set of stairs"" to access the 300s from the concourse; ""Fans who prefer to avoid long climbs may want to choose seats in the lower rows, since the entrance to these sections is located at the front and higher rows require walking up multiple steps."" Roof coverage and accessible/wheelchair rows","HIGH - zone, rows, location and seat direction stated by the source"
325,Upper Level (300s),Upper Level,"Behind/Side Stage (most shows)"" for concerts; part of the Upper Level, ""the highest seating tier at Globe Life Field",11,toward first base / right field,1-14,1,"Stairway aisles run along both side edges of the section; rows are not split by a mid-row aisle, so seat numbers run continuously from one side aisle to the other. The entry portal is at row 1.","Facing the field, seat 1 is on your left. That puts seat 1 on the edge facing section 324, with seat numbers counting up toward the edge facing section 326. Seat 1 is the end of the row closest to home plate, and higher seat numbers run away from home plate.",not published,"""325 is behind the stage or to the side of the stage for most concerts. This may restrict or limit your view"". ""Must Walk Up Stairs to Enter 300 Sections - Upper Level (300s) sections share a concourse with the 200 Level. To access the 300s, you must walk up a set of stairs"". Steepness, roof coverage, and accessible/wheelchair rows","HIGH - zone, rows, location and seat direction stated by the source"
326,Upper Level (300s),Upper Level,Sections 325 and 326 may also be labeled as Grandstand sections. These seats sit the farthest from home plate and highest in the stadium,12,toward first base / right field,1-14,1,"Stairway aisles run along both side edges of the section; rows are not split by a mid-row aisle, so seat numbers run continuously from one side aisle to the other. The entry portal is at row 1.","Facing the field, seat 1 is on your left. That puts seat 1 on the edge facing section 325, with seat numbers counting up toward the far edge of the section, with no further section beyond it on that side. Seat 1 is the end of the row closest to home plate, and higher seat numbers run away from home plate.",not published,"""326 is behind the stage or to the side of the stage for most concerts. This may restrict or limit your view of the performance."" ""Upper Level (300s) sections share a concourse with the 200 Level. To access the 300s, you must walk up a set of stairs from the concourse."" Steepness, roof coverage, and accessible/wheelchair rows","HIGH - zone, rows, location and seat direction stated by the source"
First Base Lounge Table,"Clubs, suites and other named areas",Lounge tables,"""The Lounge Tables at Globe Life Field are located at field level directly next to the player dugouts, placing fans extremely close to the action."" ""American Lounge Tables - located along the first base side near the Rangers dugout"".",,not part of the numbered seating bowl,UNKNOWN,UNKNOWN,"The source describes this as a named area rather than a numbered section, so it publishes no aisle layout for it.","This area sits outside the numbered seating bowl and no seat numbering is published for it. Check the seat numbers printed on your own ticket, or ask the ticket office.",not published,"""Fans sit at 4-person tables located adjacent to the player dugouts."" ""Each table seats four guests, making them perfect for socializing while enjoying one of the closest views of Rangers baseball at Globe Life Field."" ""At every table, guests will find a smart tablet that allows them to order food and drinks directly to the table."" ""Many Lounge Table tickets also include a food and beverage credit, which can be used through the tablet ordering system during the game."" ""Guests on the first base side can relax in the American Lounge, while fans seated on the third base side have access to the Third Base Dugout Lounge."" Inside these lounge areas fans find full-service bars, additional lounge seating, and televisions showing the game and other live sports.",LOW - no row data published for this section
Home Plate Suite 1,"Clubs, suites and other named areas",Clubs and suites,"""Located at field level directly between the dugouts behind home plate."" The suites are ""located directly between the Rangers and visitor dugouts at field level"".",,not part of the numbered seating bowl,UNKNOWN,UNKNOWN,"The source describes this as a named area rather than a numbered section, so it publishes no aisle layout for it.","This area sits outside the numbered seating bowl and no seat numbering is published for it. Check the seat numbers printed on your own ticket, or ask the ticket office.",not published,"""Only 14 suites exist in this location, making them some of the rarest Rangers tickets available."" ""Suites are sunken into the ground with seats just inches from the field."" They are ""literally dug out of the ground, allowing guests to sit just inches away from the field"". ""Each suite features a row of field-level seats along the front rail, along with barstool seating behind them"". ""Home Plate Suite tickets are rarely available on a single-game basis. Most are sold as part of season-ticket packages"". ""Tickets include entry to the all-inclusive Lexus Club"", with ""buffet dining along with complimentary beer, wine, and spirits from the full-service bar"".",LOW - no row data published for this section
Home Plate Suite 10,"Clubs, suites and other named areas",Clubs and suites,"""Located at field level directly between the dugouts behind home plate."" The suites are ""located directly between the Rangers and visitor dugouts at field level"".",,not part of the numbered seating bowl,UNKNOWN,UNKNOWN,"The source describes this as a named area rather than a numbered section, so it publishes no aisle layout for it.","This area sits outside the numbered seating bowl and no seat numbering is published for it. Check the seat numbers printed on your own ticket, or ask the ticket office.",not published,"""Only 14 suites exist in this location, making them some of the rarest Rangers tickets available."" ""Suites are sunken into the ground with seats just inches from the field."" They are ""literally dug out of the ground, allowing guests to sit just inches away from the field"". ""Each suite features a row of field-level seats along the front rail, along with barstool seating behind them"". ""Home Plate Suite tickets are rarely available on a single-game basis. Most are sold as part of season-ticket packages"". ""Tickets include entry to the all-inclusive Lexus Club"", with ""buffet dining along with complimentary beer, wine, and spirits from the full-service bar"".",LOW - no row data published for this section
Home Plate Suite 11,"Clubs, suites and other named areas",Clubs and suites,"""Located at field level directly between the dugouts behind home plate."" The suites are ""located directly between the Rangers and visitor dugouts at field level"".",,not part of the numbered seating bowl,UNKNOWN,UNKNOWN,"The source describes this as a named area rather than a numbered section, so it publishes no aisle layout for it.","This area sits outside the numbered seating bowl and no seat numbering is published for it. Check the seat numbers printed on your own ticket, or ask the ticket office.",not published,"""Only 14 suites exist in this location, making them some of the rarest Rangers tickets available."" ""Suites are sunken into the ground with seats just inches from the field."" They are ""literally dug out of the ground, allowing guests to sit just inches away from the field"". ""Each suite features a row of field-level seats along the front rail, along with barstool seating behind them"". ""Home Plate Suite tickets are rarely available on a single-game basis. Most are sold as part of season-ticket packages"". ""Tickets include entry to the all-inclusive Lexus Club"", with ""buffet dining along with complimentary beer, wine, and spirits from the full-service bar"".",LOW - no row data published for this section
Home Plate Suite 12,"Clubs, suites and other named areas",Clubs and suites,"""Located at field level directly between the dugouts behind home plate."" The suites are ""located directly between the Rangers and visitor dugouts at field level"".",,not part of the numbered seating bowl,UNKNOWN,UNKNOWN,"The source describes this as a named area rather than a numbered section, so it publishes no aisle layout for it.","This area sits outside the numbered seating bowl and no seat numbering is published for it. Check the seat numbers printed on your own ticket, or ask the ticket office.",not published,"""Only 14 suites exist in this location, making them some of the rarest Rangers tickets available."" ""Suites are sunken into the ground with seats just inches from the field."" They are ""literally dug out of the ground, allowing guests to sit just inches away from the field"". ""Each suite features a row of field-level seats along the front rail, along with barstool seating behind them"". ""Home Plate Suite tickets are rarely available on a single-game basis. Most are sold as part of season-ticket packages"". ""Tickets include entry to the all-inclusive Lexus Club"", with ""buffet dining along with complimentary beer, wine, and spirits from the full-service bar"".",LOW - no row data published for this section
Home Plate Suite 13,"Clubs, suites and other named areas",Clubs and suites,"""Located at field level directly between the dugouts behind home plate."" The suites are ""located directly between the Rangers and visitor dugouts at field level"".",,not part of the numbered seating bowl,UNKNOWN,UNKNOWN,"The source describes this as a named area rather than a numbered section, so it publishes no aisle layout for it.","This area sits outside the numbered seating bowl and no seat numbering is published for it. Check the seat numbers printed on your own ticket, or ask the ticket office.",not published,"""Only 14 suites exist in this location, making them some of the rarest Rangers tickets available."" ""Suites are sunken into the ground with seats just inches from the field."" They are ""literally dug out of the ground, allowing guests to sit just inches away from the field"". ""Each suite features a row of field-level seats along the front rail, along with barstool seating behind them"". ""Home Plate Suite tickets are rarely available on a single-game basis. Most are sold as part of season-ticket packages"". ""Tickets include entry to the all-inclusive Lexus Club"", with ""buffet dining along with complimentary beer, wine, and spirits from the full-service bar"".",LOW - no row data published for this section
Home Plate Suite 14,"Clubs, suites and other named areas",Clubs and suites,"""Located at field level directly between the dugouts behind home plate."" The suites are ""located directly between the Rangers and visitor dugouts at field level"".",,not part of the numbered seating bowl,UNKNOWN,UNKNOWN,"The source describes this as a named area rather than a numbered section, so it publishes no aisle layout for it.","This area sits outside the numbered seating bowl and no seat numbering is published for it. Check the seat numbers printed on your own ticket, or ask the ticket office.",not published,"""Only 14 suites exist in this location, making them some of the rarest Rangers tickets available."" ""Suites are sunken into the ground with seats just inches from the field."" They are ""literally dug out of the ground, allowing guests to sit just inches away from the field"". ""Each suite features a row of field-level seats along the front rail, along with barstool seating behind them"". ""Home Plate Suite tickets are rarely available on a single-game basis. Most are sold as part of season-ticket packages"". ""Tickets include entry to the all-inclusive Lexus Club"", with ""buffet dining along with complimentary beer, wine, and spirits from the full-service bar"".",LOW - no row data published for this section
Home Plate Suite 2,"Clubs, suites and other named areas",Clubs and suites,"""Located at field level directly between the dugouts behind home plate."" The suites are ""located directly between the Rangers and visitor dugouts at field level"".",,not part of the numbered seating bowl,UNKNOWN,UNKNOWN,"The source describes this as a named area rather than a numbered section, so it publishes no aisle layout for it.","This area sits outside the numbered seating bowl and no seat numbering is published for it. Check the seat numbers printed on your own ticket, or ask the ticket office.",not published,"""Only 14 suites exist in this location, making them some of the rarest Rangers tickets available."" ""Suites are sunken into the ground with seats just inches from the field."" They are ""literally dug out of the ground, allowing guests to sit just inches away from the field"". ""Each suite features a row of field-level seats along the front rail, along with barstool seating behind them"". ""Home Plate Suite tickets are rarely available on a single-game basis. Most are sold as part of season-ticket packages"". ""Tickets include entry to the all-inclusive Lexus Club"", with ""buffet dining along with complimentary beer, wine, and spirits from the full-service bar"".",LOW - no row data published for this section
Home Plate Suite 3,"Clubs, suites and other named areas",Clubs and suites,"""Located at field level directly between the dugouts behind home plate."" The suites are ""located directly between the Rangers and visitor dugouts at field level"".",,not part of the numbered seating bowl,UNKNOWN,UNKNOWN,"The source describes this as a named area rather than a numbered section, so it publishes no aisle layout for it.","This area sits outside the numbered seating bowl and no seat numbering is published for it. Check the seat numbers printed on your own ticket, or ask the ticket office.",not published,"""Only 14 suites exist in this location, making them some of the rarest Rangers tickets available."" ""Suites are sunken into the ground with seats just inches from the field."" They are ""literally dug out of the ground, allowing guests to sit just inches away from the field"". ""Each suite features a row of field-level seats along the front rail, along with barstool seating behind them"". ""Home Plate Suite tickets are rarely available on a single-game basis. Most are sold as part of season-ticket packages"". ""Tickets include entry to the all-inclusive Lexus Club"", with ""buffet dining along with complimentary beer, wine, and spirits from the full-service bar"".",LOW - no row data published for this section
Home Plate Suite 4,"Clubs, suites and other named areas",Clubs and suites,"""Located at field level directly between the dugouts behind home plate."" The suites are ""located directly between the Rangers and visitor dugouts at field level"".",,not part of the numbered seating bowl,UNKNOWN,UNKNOWN,"The source describes this as a named area rather than a numbered section, so it publishes no aisle layout for it.","This area sits outside the numbered seating bowl and no seat numbering is published for it. Check the seat numbers printed on your own ticket, or ask the ticket office.",not published,"""Only 14 suites exist in this location, making them some of the rarest Rangers tickets available."" ""Suites are sunken into the ground with seats just inches from the field."" They are ""literally dug out of the ground, allowing guests to sit just inches away from the field"". ""Each suite features a row of field-level seats along the front rail, along with barstool seating behind them"". ""Home Plate Suite tickets are rarely available on a single-game basis. Most are sold as part of season-ticket packages"". ""Tickets include entry to the all-inclusive Lexus Club"", with ""buffet dining along with complimentary beer, wine, and spirits from the full-service bar"".",LOW - no row data published for this section
Home Plate Suite 5,"Clubs, suites and other named areas",Clubs and suites,"""Located at field level directly between the dugouts behind home plate."" The suites are ""located directly between the Rangers and visitor dugouts at field level"".",,not part of the numbered seating bowl,UNKNOWN,UNKNOWN,"The source describes this as a named area rather than a numbered section, so it publishes no aisle layout for it.","This area sits outside the numbered seating bowl and no seat numbering is published for it. Check the seat numbers printed on your own ticket, or ask the ticket office.",not published,"""Only 14 suites exist in this location, making them some of the rarest Rangers tickets available."" ""Suites are sunken into the ground with seats just inches from the field."" They are ""literally dug out of the ground, allowing guests to sit just inches away from the field"". ""Each suite features a row of field-level seats along the front rail, along with barstool seating behind them"". ""Home Plate Suite tickets are rarely available on a single-game basis. Most are sold as part of season-ticket packages"". ""Tickets include entry to the all-inclusive Lexus Club"", with ""buffet dining along with complimentary beer, wine, and spirits from the full-service bar"".",LOW - no row data published for this section
Home Plate Suite 6,"Clubs, suites and other named areas",Clubs and suites,"""Located at field level directly between the dugouts behind home plate."" The suites are ""located directly between the Rangers and visitor dugouts at field level"".",,not part of the numbered seating bowl,UNKNOWN,UNKNOWN,"The source describes this as a named area rather than a numbered section, so it publishes no aisle layout for it.","This area sits outside the numbered seating bowl and no seat numbering is published for it. Check the seat numbers printed on your own ticket, or ask the ticket office.",not published,"""Only 14 suites exist in this location, making them some of the rarest Rangers tickets available."" ""Suites are sunken into the ground with seats just inches from the field."" They are ""literally dug out of the ground, allowing guests to sit just inches away from the field"". ""Each suite features a row of field-level seats along the front rail, along with barstool seating behind them"". ""Home Plate Suite tickets are rarely available on a single-game basis. Most are sold as part of season-ticket packages"". ""Tickets include entry to the all-inclusive Lexus Club"", with ""buffet dining along with complimentary beer, wine, and spirits from the full-service bar"".",LOW - no row data published for this section
Home Plate Suite 7,"Clubs, suites and other named areas",Clubs and suites,"""Located at field level directly between the dugouts behind home plate."" The suites are ""located directly between the Rangers and visitor dugouts at field level"".",,not part of the numbered seating bowl,UNKNOWN,UNKNOWN,"The source describes this as a named area rather than a numbered section, so it publishes no aisle layout for it.","This area sits outside the numbered seating bowl and no seat numbering is published for it. Check the seat numbers printed on your own ticket, or ask the ticket office.",not published,"""Only 14 suites exist in this location, making them some of the rarest Rangers tickets available."" ""Suites are sunken into the ground with seats just inches from the field."" They are ""literally dug out of the ground, allowing guests to sit just inches away from the field"". ""Each suite features a row of field-level seats along the front rail, along with barstool seating behind them"". ""Home Plate Suite tickets are rarely available on a single-game basis. Most are sold as part of season-ticket packages"". ""Tickets include entry to the all-inclusive Lexus Club"", with ""buffet dining along with complimentary beer, wine, and spirits from the full-service bar"".",LOW - no row data published for this section
Home Plate Suite 8,"Clubs, suites and other named areas",Clubs and suites,"""Located at field level directly between the dugouts behind home plate."" The suites are ""located directly between the Rangers and visitor dugouts at field level"".",,not part of the numbered seating bowl,UNKNOWN,UNKNOWN,"The source describes this as a named area rather than a numbered section, so it publishes no aisle layout for it.","This area sits outside the numbered seating bowl and no seat numbering is published for it. Check the seat numbers printed on your own ticket, or ask the ticket office.",not published,"""Only 14 suites exist in this location, making them some of the rarest Rangers tickets available."" ""Suites are sunken into the ground with seats just inches from the field."" They are ""literally dug out of the ground, allowing guests to sit just inches away from the field"". ""Each suite features a row of field-level seats along the front rail, along with barstool seating behind them"". ""Home Plate Suite tickets are rarely available on a single-game basis. Most are sold as part of season-ticket packages"". ""Tickets include entry to the all-inclusive Lexus Club"", with ""buffet dining along with complimentary beer, wine, and spirits from the full-service bar"".",LOW - no row data published for this section
Home Plate Suite 9,"Clubs, suites and other named areas",Clubs and suites,"""Located at field level directly between the dugouts behind home plate."" The suites are ""located directly between the Rangers and visitor dugouts at field level"".",,not part of the numbered seating bowl,UNKNOWN,UNKNOWN,"The source describes this as a named area rather than a numbered section, so it publishes no aisle layout for it.","This area sits outside the numbered seating bowl and no seat numbering is published for it. Check the seat numbers printed on your own ticket, or ask the ticket office.",not published,"""Only 14 suites exist in this location, making them some of the rarest Rangers tickets available."" ""Suites are sunken into the ground with seats just inches from the field."" They are ""literally dug out of the ground, allowing guests to sit just inches away from the field"". ""Each suite features a row of field-level seats along the front rail, along with barstool seating behind them"". ""Home Plate Suite tickets are rarely available on a single-game basis. Most are sold as part of season-ticket packages"". ""Tickets include entry to the all-inclusive Lexus Club"", with ""buffet dining along with complimentary beer, wine, and spirits from the full-service bar"".",LOW - no row data published for this section
Sky Box 1,"Clubs, suites and other named areas",Sky Box,Sections SB1-SB4 are known as Sky Boxes at Globe Life Field. These sections are tucked away in the left-field corner and offer access to a private dining and concessions space at the top of the sections.,,not part of the numbered seating bowl,1-6,6,"The source describes this as a named area rather than a numbered section, so it publishes no aisle layout for it. The entry portal is at row 6.","Facing the field, seat 1 is on your left. That is stated on this area's own page. It sits outside the numbered seating bowl, so there is no neighbouring section to describe it against.",not published,"One of four Sky Box sections (SB1-SB4) in the left-field corner, with access to a private dining and concessions space at the top of the sections. This is a per-section page, not a zone page.","HIGH - zone, rows, location and seat direction stated by the source"
Sky Box 2,"Clubs, suites and other named areas",Sky Box,Sections SB1-SB4 are known as Sky Boxes at Globe Life Field. These sections are tucked away in the left-field corner and offer access to a private dining and concessions space at the top of the sections.,,not part of the numbered seating bowl,1-5,5,"The source describes this as a named area rather than a numbered section, so it publishes no aisle layout for it. The entry portal is at row 5.","Facing the field, seat 1 is on your left. That is stated on this area's own page. It sits outside the numbered seating bowl, so there is no neighbouring section to describe it against.",not published,"One of four Sky Box sections (SB1-SB4) in the left-field corner, with access to a private dining and concessions space at the top of the sections. This is a per-section page, not a zone page. A fan review describes the section as being on the same height as the suites but in the corner, with the foul pole blocking a little bit of the view of the outfield.","HIGH - zone, rows, location and seat direction stated by the source"
Sky Box 3,"Clubs, suites and other named areas",Sky Box,Sections SB1-SB4 are known as Sky Boxes at Globe Life Field. These sections are tucked away in the left-field corner and offer access to a private dining and concessions space at the top of the sections.,,not part of the numbered seating bowl,1-6,6,"The source describes this as a named area rather than a numbered section, so it publishes no aisle layout for it. The entry portal is at row 6.","Facing the field, seat 1 is on your left. That is stated on this area's own page. It sits outside the numbered seating bowl, so there is no neighbouring section to describe it against.",not published,"One of four Sky Box sections (SB1-SB4) in the left-field corner, with access to a private dining and concessions space at the top of the sections. This is a per-section page, not a zone page.","HIGH - zone, rows, location and seat direction stated by the source"
Sky Box 4,"Clubs, suites and other named areas",Sky Box,Sections SB1-SB4 are known as Sky Boxes at Globe Life Field. These sections are tucked away in the left-field corner and offer access to a private dining and concessions space at the top of the sections.,,not part of the numbered seating bowl,1-6,6,"The source describes this as a named area rather than a numbered section, so it publishes no aisle layout for it. The entry portal is at row 6.","Facing the field, seat 1 is on your left. That is stated on this area's own page. It sits outside the numbered seating bowl, so there is no neighbouring section to describe it against.",not published,"One of four Sky Box sections (SB1-SB4) in the left-field corner, with access to a private dining and concessions space at the top of the sections. This is a per-section page, not a zone page.","HIGH - zone, rows, location and seat direction stated by the source"
Standing Room Only,"Clubs, suites and other named areas",Standing room,"Most SRO spaces are located in left field and center field along the open concourse."" ""The most common SRO locations are found along the open concourse areas in left field and center field."" ""One of the most popular SRO spots is the standing room deck located in left-center field.",,not part of the numbered seating bowl,UNKNOWN,UNKNOWN,"The source describes this as a named area rather than a numbered section, so it publishes no aisle layout for it.","This area sits outside the numbered seating bowl and no seat numbering is published for it. Check the seat numbers printed on your own ticket, or ask the ticket office.",not published,"""Standing Room Only tickets give fans access to Globe Life Field without a reserved seat."" ""Standing locations are first come, first served."" ""Left field SRO typically offers better sightlines and closer access to concessions."" ""The left field standing areas typically provide the best sightlines, offering a solid look at the field along with convenient access to nearby concessions and amenities."" ""Because Globe Life Field features a wide, open concourse design, these areas are well-suited for fans who want to mingle, grab food and drinks, or explore different parts of the stadium."" There is no reserved seat, and the source link is a zone description page rather than a per-section page, so no row, entrance or seat-numbering detail exists.",LOW - no row data published for this section
Texas Terrace 1,"Clubs, suites and other named areas",Clubs and premium,Located above sections 122-123 on the first base side of Globe Life Field.,,not part of the numbered seating bowl,UNKNOWN,UNKNOWN,"The source describes this as a named area rather than a numbered section, so it publishes no aisle layout for it.","This area sits outside the numbered seating bowl and no seat numbering is published for it. Check the seat numbers printed on your own ticket, or ask the ticket office.",not published,"""All seats are positioned at tables overlooking the field, making them ideal for families or small groups."" ""The elevated angle provides excellent sightlines and a clear look at the left field scoreboard."" ""Fans will have a strong look toward the pitcher's mound, batter's box, and infield play."" ""Tickets include a rotating buffet of ballpark favorites with soft drinks, iced tea, and bottled water."" Described as ""One of the most relaxed and comfortable seating environments in the ballpark"" and a ""Great option for fans looking for comfortable table-style seating with all-inclusive food and a strong elevated view of the field. These tickets are especially popular with families and small groups.""",LOW - no row data published for this section
Texas Terrace 2,"Clubs, suites and other named areas",Clubs and premium,Located above sections 122-123 on the first base side of Globe Life Field.,,not part of the numbered seating bowl,UNKNOWN,UNKNOWN,"The source describes this as a named area rather than a numbered section, so it publishes no aisle layout for it.","This area sits outside the numbered seating bowl and no seat numbering is published for it. Check the seat numbers printed on your own ticket, or ask the ticket office.",not published,"""All seats are positioned at tables overlooking the field, making them ideal for families or small groups."" ""The elevated angle provides excellent sightlines and a clear look at the left field scoreboard."" ""Fans will have a strong look toward the pitcher's mound, batter's box, and infield play."" ""Tickets include a rotating buffet of ballpark favorites with soft drinks, iced tea, and bottled water."" Described as ""One of the most relaxed and comfortable seating environments in the ballpark"" and a ""Great option for fans looking for comfortable table-style seating with all-inclusive food and a strong elevated view of the field. These tickets are especially popular with families and small groups.""",LOW - no row data published for this section
Third Base Lounge Table,"Clubs, suites and other named areas",Lounge tables,"""The Lounge Tables at Globe Life Field are located at field level directly next to the player dugouts, placing fans extremely close to the action."" ""Third Base Dugout Lounge Tables - located along the third base side near the visiting team dugout"".",,not part of the numbered seating bowl,UNKNOWN,UNKNOWN,"The source describes this as a named area rather than a numbered section, so it publishes no aisle layout for it.","This area sits outside the numbered seating bowl and no seat numbering is published for it. Check the seat numbers printed on your own ticket, or ask the ticket office.",not published,"""Fans sit at 4-person tables located adjacent to the player dugouts."" ""Each table seats four guests, making them perfect for socializing while enjoying one of the closest views of Rangers baseball at Globe Life Field."" ""At every table, guests will find a smart tablet that allows them to order food and drinks directly to the table."" ""Many Lounge Table tickets also include a food and beverage credit, which can be used through the tablet ordering system during the game."" ""Guests on the first base side can relax in the American Lounge, while fans seated on the third base side have access to the Third Base Dugout Lounge."" Inside these lounge areas fans find full-service bars, additional lounge seating, and televisions showing the game and other live sports.",LOW - no row data published for this section
