section,level,zone,location_in_stadium,sections_from_home_plate,direction_from_home_plate,rows_in_section,entrance_row,aisle_and_walkway_locations,seat_numbering,seats_per_row,notes,confidence
105,Lower Level (105-160),Lower Level Outfield,"""Lower Level Outfield seating is located just behind the outfield walls in right, left, and left-center field."" and ""Section 105 is a good option for Rockies fans as it is located directly beside the home team bullpen."" (RYS Expert Review, Lower Level Outfield, on the Section 105 page)",21,toward first base / right field,"2-14, C-W",W,"Stairway aisles run along both side edges of the section; rows are not split by a mid-row aisle, so seat numbers run continuously from one side aisle to the other. The entry portal is at row W.","Facing the field, seat 1 is on your right. That puts seat 1 on the far edge of the section, with no further section beyond it on that side, with seat numbers counting up toward the edge facing section 106. Seat 1 is the end of the row farthest from home plate, and higher seat numbers run back toward home plate.",not published,"""Rows 11 & Above - Covered""; ""Rows 2-14, C-W""; ""Behind/Side Stage (most shows)"". ""Rows 11 and above are under cover"". Fan Feedback : ""The Rockies Bullpen is to the Right of Section 105 - Sit on the right side of Section 105 (closer to seat 1) to be near the Rockies bullpen."" Some seats in the last two rows (13 and 14) as well as the handicap seating at the very top of the section will have more shade due to the overhanging roof above, however most seating rows in Section 105 will have little protection from the sun during a July day game."" Concert view limit : ""105 is behind the stage or to the side of the stage for most concerts. This may restrict or limit your view of the performance."" consistent with the discovery orientation fact that right field and the first-base side are the sunny side at Coors Field.""","HIGH - zone, rows, location and seat direction stated by the source"
106,Lower Level (105-160),Lower Level Outfield,"""Lower Level Outfield seating is located just behind the outfield walls in right, left, and left-center field."" (RYS Expert Review, Lower Level Outfield, on the Section 106 page). The page states no separate location sentence naming Section 106 specifically.",20,toward first base / right field,"2-14, W",W,"Stairway aisles run along both side edges of the section; rows are not split by a mid-row aisle, so seat numbers run continuously from one side aisle to the other. The entry portal is at row W.","Facing the field, seat 1 is on your right. That puts seat 1 on the edge facing section 105, with seat numbers counting up toward the edge facing section 107. Seat 1 is the end of the row farthest from home plate, and higher seat numbers run back toward home plate.",not published,"""Rows 11 & Above - Covered""; ""Rows 2-14, W"". ""Rows 11 and above are under cover"". ""While most of the seats are exposed to a good amount of sun for most day games, they are also the best place to sit at Coors Field to catch a home run ball."" outside the official Rockies netting run ""Netting runs from the front of Sections 112-147.""","HIGH - zone, rows, location and seat direction stated by the source"
107,Lower Level (105-160),Lower Level Outfield,"""Lower Level Outfield seating is located just behind the outfield walls in right, left, and left-center field."" (RYS Expert Review, Lower Level Outfield, on the Section 107 page). The page states no separate location sentence naming Section 107 specifically.",19,toward first base / right field,"2-14, W",W,"Stairway aisles run along both side edges of the section; rows are not split by a mid-row aisle, so seat numbers run continuously from one side aisle to the other. The entry portal is at row W.","Facing the field, seat 1 is on your right. That puts seat 1 on the edge facing section 106, with seat numbers counting up toward the edge facing section 108. Seat 1 is the end of the row farthest from home plate, and higher seat numbers run back toward home plate.",not published,"""Rows 11 & Above - Covered""; ""Rows 2-14, W"". ""Rows 11 and above are under cover"". Fan Reviews : 5 stars, ""Milwaukee Brewers at Colorado Rockies - Sep 29, 2019 - The seat were great. Very enjoyable being that close to the game."" (Sec 107 / Row 3, Baseball); a second 5-star review for Sec 107 / Row 9 carries no text. ""While most of the seats are exposed to a good amount of sun for most day games, they are also the best place to sit at Coors Field to catch a home run ball."" outside the official Rockies netting run ""Netting runs from the front of Sections 112-147.""","HIGH - zone, rows, location and seat direction stated by the source"
108,Lower Level (105-160),Lower Level Outfield,"""Lower Level Outfield seating is located just behind the outfield walls in right, left, and left-center field."" (RYS Expert Review, Lower Level Outfield, on the Section 108 page). The page states no separate location sentence naming Section 108 specifically.",18,toward first base / right field,"2-14, W",W,"Stairway aisles run along both side edges of the section; rows are not split by a mid-row aisle, so seat numbers run continuously from one side aisle to the other. The entry portal is at row W.","Facing the field, seat 1 is on your right. That puts seat 1 on the edge facing section 107, with seat numbers counting up toward the edge facing section 109. Seat 1 is the end of the row farthest from home plate, and higher seat numbers run back toward home plate.",not published,"""Rows 11 & Above - Covered""; ""Rows 2-14, W"". ""Rows 11 and above are under cover"". Fan Reviews : 5 stars, ""Atlanta Braves at Colorado Rockies - May 3, 2026 - Seat was perfect. It's under the awning so if it started to rain, we would be covered when we were shaded the entire game. Definitely our new favorite place to sit."" (Sec 108 / Row 13, Baseball). Two further 5-star reviews for Sec 108 / Row 13 (Jun 23, 2024) carry no text. That Row 13 shade/cover report is consistent with the page's own ""Rows 11 and above are under cover"". outside the official Rockies netting run ""Netting runs from the front of Sections 112-147.""","HIGH - zone, rows, location and seat direction stated by the source"
109,Lower Level (105-160),Lower Level Outfield,"""Lower Level Outfield seating is located just behind the outfield walls in right, left, and left-center field."" (RYS Expert Review, Lower Level Outfield, on the Section 109 page). The page states no separate location sentence naming Section 109 specifically.",17,toward first base / right field,"1-14, W",W,"Stairway aisles run along both side edges of the section; rows are not split by a mid-row aisle, so seat numbers run continuously from one side aisle to the other. The entry portal is at row W.","Facing the field, seat 1 is on your right. That puts seat 1 on the edge facing section 108, with seat numbers counting up toward the edge facing section 110. Seat 1 is the end of the row farthest from home plate, and higher seat numbers run back toward home plate.",not published,"""Rows 11 & Above - Covered""; ""Rows 1-14, W"". ""Rows 11 and above are under cover"". outside the official Rockies netting run ""Netting runs from the front of Sections 112-147.""","HIGH - zone, rows, location and seat direction stated by the source"
110,Lower Level (105-160),Box Level Down the Line,"""Still located on the lowest tier of the field but further down the line, these Box Level seats are the best place to be on the Coors Field seating chart for catching a foul ball."" (RYS Expert Review, Box Level Down the Line, on the Section 110 page). The page states no separate location sentence naming Section 110 specifically.",16,toward first base / right field,"20-38, W",W,"Stairway aisles run along both side edges of the section; rows are not split by a mid-row aisle, so seat numbers run continuously from one side aisle to the other. The entry portal is at row W.","Facing the field, seat 1 is on your right. That puts seat 1 on the edge facing section 109, with seat numbers counting up toward the edge facing section 111. Seat 1 is the end of the row farthest from home plate, and higher seat numbers run back toward home plate.",not published,"""Rows 20-38, W"" - the only insight listed; no covered-rows insight and no Seating Notes block on this page. ""The sections have a large number of rows (with as many as 38 numbered seating rows), which makes for a long walk up to the concourse for fans in the closest rows."" Photos are captioned Row 32 and Row 25. outside the official Rockies netting run ""Netting runs from the front of Sections 112-147."" 105-109 carry the Lower Level Outfield review, 110 onward carry Box Level Down the Line.","HIGH - zone, rows, location and seat direction stated by the source"
111,Lower Level (105-160),Box Level Down the Line,"""Still located on the lowest tier of the field but further down the line, these Box Level seats are the best place to be on the Coors Field seating chart for catching a foul ball."" (RYS Expert Review, Box Level Down the Line, on the Section 111 page). The page states no separate location sentence naming Section 111 specifically.",15,toward first base / right field,"12-38, W",W,"Stairway aisles run along both side edges of the section; rows are not split by a mid-row aisle, so seat numbers run continuously from one side aisle to the other. The entry portal is at row W.","Facing the field, seat 1 is on your right. That puts seat 1 on the edge facing section 110, with seat numbers counting up toward the edge facing section 112. Seat 1 is the end of the row farthest from home plate, and higher seat numbers run back toward home plate.",not published,"""Rows 12-38, W"" - the only insight listed; no covered-rows insight and no Seating Notes block on this page. Photos are captioned Row 34 and Row 25. outside the official Rockies netting run ""Netting runs from the front of Sections 112-147."" the official Rockies Access Guide lists ""Gate B - Section 111, one (1) elevator"".","HIGH - zone, rows, location and seat direction stated by the source"
112,Lower Level (105-160),Box Level Down the Line,"""Sit in section 112 (near the right field corner) to be closest to the Blue Moon Brewing Company at the Sandlot, which features a comfortable patio, excellent food and beverage options, and microbrews."" and ""Still located on the lowest tier of the field but further down the line, these Box Level seats are the best place to be on the Coors Field seating chart for catching a foul ball."" (RYS Expert Review, Box Level Down the Line, on the Section 112 page)",14,toward first base / right field,"3-38, W",W,"Stairway aisles run along both side edges of the section; rows are not split by a mid-row aisle, so seat numbers run continuously from one side aisle to the other. The entry portal is at row W.","Facing the field, seat 1 is on your right. That puts seat 1 on the edge facing section 111, with seat numbers counting up toward the edge facing section 113. Seat 1 is the end of the row farthest from home plate, and higher seat numbers run back toward home plate.",not published,"""Top Pick for Great Views of the FieldRows 30-38""; ""Rows 3-38, W"". ""For baseball games, we recommend rows 30-38 for great views of the field"". Fan Feedback : ""If it is a late afternoon game, bring your sunglasses. - Fortunately just behind this section of the park there is a large area, in the shade, where relief can be found and you can still watch the game."" That sun report is consistent with the discovery orientation fact that the first-base side and right field are the sunny side at Coors Field. this is the FIRST section of the official Rockies netting run - ""Netting runs from the front of Sections 112-147."" (https://www.mlb.com/rockies/ballpark/netting). The RateYourSeats fan-feedback netting note carried on other Coors pages gives a narrower range, ""Front of sections 122-139 are behind the netting - There is some amount of netting or screening in front of sections 122-139""; that RYS note is NOT present on the Section 112 page.","HIGH - zone, rows, location and seat direction stated by the source"
113,Lower Level (105-160),Box Level Down the Line,"""Still located on the lowest tier of the field but further down the line, these Box Level seats are the best place to be on the Coors Field seating chart for catching a foul ball."" (RYS Expert Review, Box Level Down the Line, on the Section 113 page). The page states no separate location sentence naming Section 113 specifically.",13,toward first base / right field,"21-38, W",W,"Stairway aisles run along both side edges of the section; rows are not split by a mid-row aisle, so seat numbers run continuously from one side aisle to the other. The entry portal is at row W.","Facing the field, seat 1 is on your right. That puts seat 1 on the edge facing section 112, with seat numbers counting up toward the edge facing section 114. Seat 1 is the end of the row farthest from home plate, and higher seat numbers run back toward home plate.",not published,"""Top Pick for Great Views of the FieldRows 30-38""; ""Rows 21-38, W"". ""For baseball games, we recommend rows 30-38 for great views of the field"". inside the official Rockies netting run ""Netting runs from the front of Sections 112-147.""; the narrower RateYourSeats fan-feedback range ""in front of sections 122-139"" does not include 113 and that note is not carried on this page.","HIGH - zone, rows, location and seat direction stated by the source"
114,Lower Level (105-160),Box Level Down the Line,"""Still located on the lowest tier of the field but further down the line, these Box Level seats are the best place to be on the Coors Field seating chart for catching a foul ball."" (RYS Expert Review, Box Level Down the Line, on the Section 114 page). The page states no separate location sentence naming Section 114 specifically.",12,toward first base / right field,"22-38, W",W,"Stairway aisles run along both side edges of the section; rows are not split by a mid-row aisle, so seat numbers run continuously from one side aisle to the other. The entry portal is at row W.","Facing the field, seat 1 is on your right. That puts seat 1 on the edge facing section 113, with seat numbers counting up toward the edge facing section 115. Seat 1 is the end of the row farthest from home plate, and higher seat numbers run back toward home plate.",not published,"""Rows 22-38, W"" - the only insight listed; no covered-rows insight and no Seating Notes block on this page. inside the official Rockies netting run ""Netting runs from the front of Sections 112-147.""; the narrower RateYourSeats fan-feedback range ""in front of sections 122-139"" does not include 114 and that note is not carried on this page. the official Rockies Access Guide lists an ATM ""Inside Gate B - By the Sandlot Brewery, near section 114"".","HIGH - zone, rows, location and seat direction stated by the source"
115,Lower Level (105-160),Box Level Down the Line,"""Still located on the lowest tier of the field but further down the line, these Box Level seats are the best place to be on the Coors Field seating chart for catching a foul ball."" (RYS Expert Review, Box Level Down the Line, on the Section 115 page). The page states no separate location sentence naming Section 115 specifically.",11,toward first base / right field,"1-38, W",W,"Stairway aisles run along both side edges of the section; rows are not split by a mid-row aisle, so seat numbers run continuously from one side aisle to the other. The entry portal is at row W.","Facing the field, seat 1 is on your right. That puts seat 1 on the edge facing section 114, with seat numbers counting up toward the edge facing section 116. Seat 1 is the end of the row farthest from home plate, and higher seat numbers run back toward home plate.",not published,"""Rows 37 & Above - Covered""; ""Rows 1-38, W"". ""Rows 37 and above are under cover"". one 5-star review, ""St. Louis Cardinals at Colorado Rockies - Apr 12, 2023"" (Sec 115 / Row 10, Baseball), with no review text. inside the official Rockies netting run ""Netting runs from the front of Sections 112-147.""; the narrower RateYourSeats fan-feedback range ""in front of sections 122-139"" does not include 115 and that note is not carried on this page.","HIGH - zone, rows, location and seat direction stated by the source"
116,Lower Level (105-160),Box Level Down the Line,"""Still located on the lowest tier of the field but further down the line, these Box Level seats are the best place to be on the Coors Field seating chart for catching a foul ball."" (RYS Expert Review, Box Level Down the Line, on the Section 116 page). The page states no separate location sentence naming Section 116 specifically.",10,toward first base / right field,"1-38, C-W",W,"Stairway aisles run along both side edges of the section; rows are not split by a mid-row aisle, so seat numbers run continuously from one side aisle to the other. The entry portal is at row W.","Facing the field, seat 1 is on your right. That puts seat 1 on the edge facing section 115, with seat numbers counting up toward the edge facing section 117. Seat 1 is the end of the row farthest from home plate, and higher seat numbers run back toward home plate.",not published,"""Rows 37 & Above - Covered""; ""Rows 1-38, C-W"". ""Rows 37 and above are under cover"". Fan Reviews : 5 stars, ""Don't get these if short - It is a hard angle to view the game. And if you have tall people sitting in front, or if they wear hats, it is difficult to see the diamond."" (Sec 116 / Row 3, Baseball). A second 5-star review for Sec 116 / Row 30 (Jul 15, 2023) carries no text. inside the official Rockies netting run ""Netting runs from the front of Sections 112-147.""; the narrower RateYourSeats fan-feedback range ""in front of sections 122-139"" does not include 116 and that note is not carried on this page. the official Rockies guide lists ""Diamond Dry Goods - Section 116"".","HIGH - zone, rows, location and seat direction stated by the source"
117,Lower Level (105-160),Box Level Down the Line,"Still located on the lowest tier of the field but further down the line, these Box Level seats are the best place to be on the Coors Field seating chart for catching a foul ball."" (RYS Expert Review, Box Level Down the Line, on the Section 117 page).""",9,toward first base / right field,"1-38, C-W",W,"Stairway aisles run along both side edges of the section; rows are not split by a mid-row aisle, so seat numbers run continuously from one side aisle to the other. The entry portal is at row W.","Facing the field, seat 1 is on your right. That puts seat 1 on the edge facing section 116, with seat numbers counting up toward the edge facing section 118. Seat 1 is the end of the row farthest from home plate, and higher seat numbers run back toward home plate.","20 in Row 6 (verbatim Q&A, Verified Feb 2026): ""Row 6 will have a total of 20 seats in Section 117."" No all-rows figure is stated for this section.","""Top Pick for Outstanding ConvenienceRows 36-WC""; ""Rows 37 & Above - Covered""; ""Rows 1-38, C-W"". ""For baseball games, we recommend rows 36-WC for outstanding convenience"" and ""Rows 37 and above are under cover"". Fan Reviews : 5 stars, ""Close to the Field - Great view of field, but being on the Rockies side we had sun in our eyes until about 8:00."" (Sec 117 / Row 3, Baseball). Fan Feedback : ""The angle of the seats makes it difficult to see the batter in 117 and 118. - Everyone down there has to lean out of their seat to see the pitch."" (Sec 117 & More). As you face the field, Seat 1 will be on the aisle at the right side of the row (closer to the outfield wall), while Seat 20 is on the aisle at the left side of the row (closer to home plate).""""","HIGH - zone, rows, location and seat direction stated by the source"
118,Lower Level (105-160),Box Level Down the Line,"""Still located on the lowest tier of the field but further down the line, these Box Level seats are the best place to be on the Coors Field seating chart for catching a foul ball."" (RYS Expert Review, Box Level Down the Line, on the Section 118 page). The page states no separate location sentence naming Section 118 specifically.",8,toward first base / right field,"1-38, C-W",W,"Stairway aisles run along both side edges of the section; rows are not split by a mid-row aisle, so seat numbers run continuously from one side aisle to the other. The entry portal is at row W.","Facing the field, seat 1 is on your right. That puts seat 1 on the edge facing section 117, with seat numbers counting up toward the edge facing section 119. Seat 1 is the end of the row farthest from home plate, and higher seat numbers run back toward home plate.",not published,"""Rows 32 & Above - Covered""; ""Rows 1-38, C-W"". ""Rows 32 and above are under cover"". Fan Feedback : ""The angle of the seats makes it difficult to see the batter in 117 and 118. - Everyone down there has to lean out of their seat to see the pitch."" (Sec 118 & More). A 5-star review for Sec 118 / Row 38 (Sep 1, 2025) carries no text. Note the covered-rows threshold changes here from ""Rows 37 and above"" (115-117) to ""Rows 32 and above"" (118 onward) - recorded as published. inside the official Rockies netting run ""Netting runs from the front of Sections 112-147.""; the narrower RateYourSeats fan-feedback range ""in front of sections 122-139"" does not include 118 and that note is not carried on this page.","HIGH - zone, rows, location and seat direction stated by the source"
119,Lower Level (105-160),Box Level Down the Line,"Still located on the lowest tier of the field but further down the line, these Box Level seats are the best place to be on the Coors Field seating chart for catching a foul ball."" (RYS Expert Review, Box Level Down the Line, on the Section 119 page).""",7,toward first base / right field,"1-38, C-W",W,"Stairway aisles run along both side edges of the section; rows are not split by a mid-row aisle, so seat numbers run continuously from one side aisle to the other. The entry portal is at row W.","Facing the field, seat 1 is on your right. That puts seat 1 on the edge facing section 118, with seat numbers counting up toward the edge facing section 120. Seat 1 is the end of the row farthest from home plate, and higher seat numbers run back toward home plate.","14 (verbatim Q&A, Verified Feb 2026): ""Section 119 has 14 seats in each row"" - but the same Q&A adds ""The last two rows of section 119 are handicap accessible seating (Rows C & W) which have no more than 7 seats in the row.""","""Rows 32 & Above - Covered""; ""Rows 1-38, C-W"". ""Rows 32 and above are under cover"". Fan Reviews : 5 stars, ""San Francisco Giants at Colorado Rockies - Jun 8, 2023 - Great seats. Players had 5 foul balls in this area and players threw balls to kids."" (Sec 119 / Row 19, Baseball). The last two rows of section 119 are handicap accessible seating (Rows C & W) which have no more than 7 seats in the row. As you face the field from section 119, seat 1 will be on your right."" Both readings recorded . inside the official Rockies netting run ""Netting runs from the front of Sections 112-147.""; the narrower RateYourSeats fan-feedback range ""in front of sections 122-139"" does not include 119 and that note is not carried on this page.""","HIGH - zone, rows, location and seat direction stated by the source"
120,Lower Level (105-160),Infield Box,"The Box Level Infield spans the lower bowl behind home plate and along the infield baselines. These sections place fans on the lowest main seating tier of Coors Field."" and ""Closest Infield Seating: Located on the lowest tier behind home plate and the dugouts for an up-close view of the action."" (RYS Expert Review, Infield Box, 2026 Review, on the Section 120 page). The review names 120 only in the coverage sentence: ""Fans sitting in the last few rows (Row 32 and higher) in Sections 120-127 and 134-141 can benefit from overhead protection provided by the 200-level seating deck above.",6,toward first base / right field,"1-38, C-W",W,"Stairway aisles run along both side edges of the section; rows are not split by a mid-row aisle, so seat numbers run continuously from one side aisle to the other. The entry portal is at row W.","Facing the field, seat 1 is on your right. That puts seat 1 on the edge facing section 119, with seat numbers counting up toward the edge facing section 121. Seat 1 is the end of the row farthest from home plate, and higher seat numbers run back toward home plate.","About 14 (zone-level statement carried on this page, verbatim): ""Rows in these sections typically feature about 14 seats per row, and some sections extend up to 38 rows deep."" No figure specific to Section 120 is stated.","""Rows 32 & Above - Covered""; ""Rows 1-38, C-W"". ""Rows 32 and above are under cover"". 5 stars, ""Good"" (Sec 120 / Row 21, Baseball) and a 5-star review for Sec 120 / Row 4 (Sep 13, 2024) with no text. ""Concourse Access in Higher Rows: Rows 20 and higher are closer to the concourse tunnels.""; ""Prime Dugout Views: Sections 121-125 sit behind the Rockies dugout, while 136-140 sit behind the visitor dugout."" - so 120 is NOT stated to be a dugout section, and it carries no ""Near Rockies Dugout"" insight (122-124 do). Both readings recorded. inside the official Rockies netting run ""Netting runs from the front of Sections 112-147.""; the narrower RateYourSeats fan-feedback range ""in front of sections 122-139"" does not include 120 and that note is not carried on this page.","HIGH - zone, rows, location and seat direction stated by the source"
121,Lower Level (105-160),Infield Box,"""Sections 121-125 sit directly behind the Rockies dugout, while Sections 136-140 are positioned behind the visitor dugout."" and ""The Box Level Infield spans the lower bowl behind home plate and along the infield baselines."" (RYS Expert Review, Infield Box, 2026 Review, on the Section 121 page)",5,toward first base / right field,"1-38, C-W",W,"Stairway aisles run along both side edges of the section; rows are not split by a mid-row aisle, so seat numbers run continuously from one side aisle to the other. The entry portal is at row W.","Facing the field, seat 1 is on your right. That puts seat 1 on the edge facing section 120, with seat numbers counting up toward the edge facing section 122. Seat 1 is the end of the row farthest from home plate, and higher seat numbers run back toward home plate.","About 14 (zone-level statement carried on this page, verbatim): ""Rows in these sections typically feature about 14 seats per row, and some sections extend up to 38 rows deep."" No figure specific to Section 121 is stated.","""Rows 32 & Above - Covered""; ""Rows 1-38, C-W"". ""Rows 32 and above are under cover"". 5 stars, ""Section 121 Row 14 Seats 7-8"" (Sec 121 / Row 14, Baseball, no further text) and a 5-star review for Sec 121 / Row 3 (Jul 20, 2024) with no text. Ballparks of Baseball states ""-Home Dugout: First Base"", so 121-125 are on the FIRST BASE side. inside the official Rockies netting run ""Netting runs from the front of Sections 112-147.""; the narrower RateYourSeats fan-feedback range ""in front of sections 122-139"" does not include 121 and that note is not carried on this page. the official Rockies guide lists ""Colorado Craft Beers - Sections 121, 136, 151, 327"".","HIGH - zone, rows, location and seat direction stated by the source"
122,Lower Level (105-160),Infield Box,"Sections 121-125 sit directly behind the Rockies dugout, while Sections 136-140 are positioned behind the visitor dugout."" (RYS Expert Review, Infield Box, 2026 Review, on the Section 122 page) and ""These seats are located behind the Rockies dugout",4,toward first base / right field,"5-38, C-W",W,"Stairway aisles run along both side edges of the section; rows are not split by a mid-row aisle, so seat numbers run continuously from one side aisle to the other. The entry portal is at row W.","Facing the field, seat 1 is on your right. That puts seat 1 on the edge facing section 121, with seat numbers counting up toward the edge facing section 123. Seat 1 is the end of the row farthest from home plate, and higher seat numbers run back toward home plate.","About 14 (zone-level statement carried on this page, verbatim): ""Rows in these sections typically feature about 14 seats per row, and some sections extend up to 38 rows deep."" No figure specific to Section 122 is stated.","""Near Rockies Dugout""; ""Top Pick for Great Views of the Field""; ""Rows 32 & Above - Covered""; ""Rows 5-38, C-W"". ""These seats are located behind the Rockies dugout""; ""For baseball games, we recommend these seats for great views of the field""; ""Rows 32 and above are under cover"". Fan Feedback : ""Row 5 is the first row behind the Rockies dugout in Section 122."" - which explains why the numbered rows here begin at 5 rather than 1. Fan Feedback : ""Front of sections 122-139 are behind the netting - There is some amount of netting or screening in front of sections 122-139. The height and coverage of netting or screening will vary by section."" (https://www.mlb.com/rockies/ballpark/netting) while the RateYourSeats fan-feedback note quoted above gives ""sections 122-139"".","HIGH - zone, rows, location and seat direction stated by the source"
123,Lower Level (105-160),Infield Box,"Sections 121-125 sit directly behind the Rockies dugout, while Sections 136-140 are positioned behind the visitor dugout."" (RYS Expert Review, Infield Box, 2026 Review, on the Section 123 page) and ""These seats are located behind the Rockies dugout",3,toward first base / right field,"5-38, C-W",W,"Stairway aisles run along both side edges of the section; rows are not split by a mid-row aisle, so seat numbers run continuously from one side aisle to the other. The entry portal is at row W.","Facing the field, seat 1 is on your right. That puts seat 1 on the edge facing section 122, with seat numbers counting up toward the edge facing section 124. Seat 1 is the end of the row farthest from home plate, and higher seat numbers run back toward home plate.","About 14 (zone-level statement carried on this page, verbatim): ""Rows in these sections typically feature about 14 seats per row, and some sections extend up to 38 rows deep."" No figure specific to Section 123 is stated.","""Near Rockies Dugout""; ""Top Pick for Great Views of the Field""; ""Rows 32 & Above - Covered""; ""Rows 5-38, C-W"". ""These seats are located behind the Rockies dugout""; ""For baseball games, we recommend these seats for great views of the field""; ""Rows 32 and above are under cover"". Fan Feedback : ""Row 5 is the first row behind the Rockies dugout in Section 123."" Fan Feedback : ""Front of sections 122-139 are behind the netting - There is some amount of netting or screening in front of sections 122-139. The height and coverage of netting or screening will vary by section."" Both recorded . A 5-star review is filed for Sec 123 / Row 10 for the Noah Kahan concert of Aug 8, 2026, with no text. the official Rockies guide places an ATM ""Inside Gate C - Near section 123"" and an escalator ""Sections 123 and 147 - to Upper Level (up only)"".","HIGH - zone, rows, location and seat direction stated by the source"
124,Lower Level (105-160),Infield Box,"Sections 121-125 sit directly behind the Rockies dugout, while Sections 136-140 are positioned behind the visitor dugout."" (RYS Expert Review, Infield Box, 2026 Review, on the Section 124 page) and ""These seats are located behind the Rockies dugout",2,toward first base / right field,"5-38, C-W",W,"Stairway aisles run along both side edges of the section; rows are not split by a mid-row aisle, so seat numbers run continuously from one side aisle to the other. The entry portal is at row W.","Facing the field, seat 1 is on your right. That puts seat 1 on the edge facing section 123, with seat numbers counting up toward the edge facing section 125. Seat 1 is the end of the row farthest from home plate, and higher seat numbers run back toward home plate.","About 14 (zone-level statement carried on this page, verbatim): ""Rows in these sections typically feature about 14 seats per row, and some sections extend up to 38 rows deep."" No figure specific to Section 124 is stated.","""Near Rockies Dugout""; ""Top Pick for Great Views of the Field""; ""Rows 32 & Above - Covered""; ""Rows 5-38, C-W"". ""These seats are located behind the Rockies dugout""; ""For baseball games, we recommend these seats for great views of the field""; ""Rows 32 and above are under cover"". Fan Feedback : ""Row 5 is the first row behind the Rockies dugout in Section 124."" Fan Feedback : ""Front of sections 122-139 are behind the netting - There is some amount of netting or screening in front of sections 122-139. The height and coverage of netting or screening will vary by section."" Both recorded .","HIGH - zone, rows, location and seat direction stated by the source"
125,Lower Level (105-160),Infield Box,"Sections 121–125 sit directly behind the Rockies dugout, while Sections 136–140 are positioned behind the visitor dugout."" Also, ""Near Rockies Dugout""; ""These seats are located behind the Rockies dugout"". ""The Box Level Infield spans the lower bowl behind home plate and along the infield baselines. These sections place fans on the lowest main seating tier of Coors Field.",1,toward first base / right field,"5-38, C-W",W,"Stairway aisles run along both side edges of the section; rows are not split by a mid-row aisle, so seat numbers run continuously from one side aisle to the other. The entry portal is at row W.","Facing the field, seat 1 is on your right. That puts seat 1 on the edge facing section 124, with seat numbers counting up toward the edge facing section 126. Seat 1 is the end of the row farthest from home plate, and higher seat numbers run back toward home plate.","""Rows in these sections typically feature about 14 seats per row, and some sections extend up to 38 rows deep."" (Infield Box zone review; not stated for section 125 specifically)","""Near Rockies Dugout""; ""Rows 32 & Above - Covered""; ""Rows 5-38, C-W"". ""These seats are located behind the Rockies dugout""; ""Rows 32 and above are under cover"". Fan Feedback : ""Row 5 is the first row behind the Rockies dugout in Section 125."" (Sec 125 / Row 5 • Baseball). Fan review ( headline): ""Very Good"" (Sec 125 / Row C • Baseball). ""Front of sections 122-139 are behind the netting — There is some amount of netting or screening in front of sections 122-139. The height and coverage of netting or screening will vary by section."" This CONTRADICTS the official Rockies statement recorded in discovery : ""Netting runs from the front of Sections 112-147."" DUGOUT — discovery confirms the Rockies (home) dugout is on the FIRST BASE side, consistent with 121-125 sitting behind it.","HIGH - zone, rows, location and seat direction stated by the source"
126,Lower Level (105-160),Infield Box,"It’s important to note that the sections behind home plate (126–135) do not extend all the way to the field, as the Toyota Clubhouse seating occupies the field-level area directly in front of those sections."" ""The Box Level Infield spans the lower bowl behind home plate and along the infield baselines. These sections place fans on the lowest main seating tier of Coors Field.",0,behind home plate,"4-38, C-W",W,"Stairway aisles run along both side edges of the section; rows are not split by a mid-row aisle, so seat numbers run continuously from one side aisle to the other. The entry portal is at row W.","Facing the field, seat 1 is on your right. That puts seat 1 on the edge facing section 125, with seat numbers counting up toward the edge facing section 127. This section is behind home plate, so seat 1 is on its first-base side.","""Rows in these sections typically feature about 14 seats per row, and some sections extend up to 38 rows deep."" (Infield Box zone review; not stated for section 126 specifically)","""Rows 32 & Above - Covered""; ""Rows 4-38, C-W"". ""Rows 32 and above are under cover"". OBSTRUCTION — the Toyota Clubhouse field-level seating sits in front of this section, per the quote in `location`; the section does not reach the field. ""Front of sections 122-139 are behind the netting — There is some amount of netting or screening in front of sections 122-139. The height and coverage of netting or screening will vary by section."" This CONTRADICTS the official Rockies statement recorded in discovery : ""Netting runs from the front of Sections 112-147."" SUN — the Infield Box review on this page states ""Seats along the third base side will typically experience sunlight earlier during day games, while seats along the first base side tend to remain shaded longer"", which CONTRADICTS discovery's orientation source (ShadedSeats), which makes the third base line the ""shade side"".","HIGH - zone, rows, location and seat direction stated by the source"
127,Lower Level (105-160),Infield Box,"It’s important to note that the sections behind home plate (126–135) do not extend all the way to the field, as the Toyota Clubhouse seating occupies the field-level area directly in front of those sections."" ""The Box Level Infield spans the lower bowl behind home plate and along the infield baselines. These sections place fans on the lowest main seating tier of Coors Field.",0,behind home plate,"4-38, C-W",W,"Stairway aisles run along both side edges of the section; rows are not split by a mid-row aisle, so seat numbers run continuously from one side aisle to the other. The entry portal is at row W.","Facing the field, seat 1 is on your right. That puts seat 1 on the edge facing section 126, with seat numbers counting up toward the edge facing section 128. This section is behind home plate, so seat 1 is on its first-base side.","""Rows in these sections typically feature about 14 seats per row, and some sections extend up to 38 rows deep."" (Infield Box zone review; not stated for section 127 specifically)","""Top Pick for Outstanding Convenience Rows 36-WC""; ""Rows 32 & Above - Covered""; ""Rows 4-38, C-W"". ""For baseball games, we recommend rows 36-WC for outstanding convenience""; ""Rows 32 and above are under cover"". Note the row identifier ""WC"", which sorts after row 36 and after the lettered rows. Fan review headlines : ""Excellent view of the plate"" (Sec 127 • Baseball); ""Arizona Diamondbacks at Colorado Rockies - May 5, 2019"" (Sec 127 / Row 24 • Baseball). OBSTRUCTION — the Toyota Clubhouse field-level seating sits in front of this section per the quote in `location`. ""Front of sections 122-139 are behind the netting — There is some amount of netting or screening in front of sections 122-139. The height and coverage of netting or screening will vary by section.""","HIGH - zone, rows, location and seat direction stated by the source"
128,Lower Level (105-160),Infield Box,"It’s important to note that the sections behind home plate (126–135) do not extend all the way to the field, as the Toyota Clubhouse seating occupies the field-level area directly in front of those sections."" ""The Box Level Infield spans the lower bowl behind home plate and along the infield baselines. These sections place fans on the lowest main seating tier of Coors Field.",0,behind home plate,"4-38, C-W",W,"Stairway aisles run along both side edges of the section; rows are not split by a mid-row aisle, so seat numbers run continuously from one side aisle to the other. The entry portal is at row W.","Facing the field, seat 1 is on your right. That puts seat 1 on the edge facing section 127, with seat numbers counting up toward the edge facing section 129. This section is behind home plate, so seat 1 is on its first-base side.","""Rows in these sections typically feature about 14 seats per row, and some sections extend up to 38 rows deep."" (Infield Box zone review; not stated for section 128 specifically)","""Afternoon Shade in Select Rows""; ""Rows 4-38, C-W"". ""Rows 36 and above are shaded during most day games"". OBSTRUCTION — the Toyota Clubhouse field-level seating sits in front of this section per the quote in `location`. ""Front of sections 122-139 are behind the netting — There is some amount of netting or screening in front of sections 122-139. The height and coverage of netting or screening will vary by section."" This CONTRADICTS the official Rockies statement recorded in discovery : ""Netting runs from the front of Sections 112-147."" the page does NOT carry the ""Home Plate View"" Section Insight even though its own Infield Box review lists 126–135 as ""the sections behind home plate"". 128 is listed as shaded (""Rows 36 and above are shaded"") rather than covered, unlike neighbouring 126/127 (""Rows 32 and above are under cover"") — recorded as stated.","HIGH - zone, rows, location and seat direction stated by the source"
129,Lower Level (105-160),Infield Box,"""It’s important to note that the sections behind home plate (126–135) do not extend all the way to the field, as the Toyota Clubhouse seating occupies the field-level area directly in front of those sections."" Section Insights list ""Home Plate View"" and Seating Notes read ""For baseball games, desirable view from behind home plate"".",0,behind home plate,"4-38, C-W",W,"Stairway aisles run along both side edges of the section; rows are not split by a mid-row aisle, so seat numbers run continuously from one side aisle to the other. The entry portal is at row W.","Facing the field, seat 1 is on your right. That puts seat 1 on the edge facing section 128, with seat numbers counting up toward the edge facing section 130. This section is behind home plate, so seat 1 is on its first-base side.","""Rows in these sections typically feature about 14 seats per row, and some sections extend up to 38 rows deep."" (Infield Box zone review; not stated for section 129 specifically)","""Top Pick for Great Views of the Field Rows 30-38""; ""Home Plate View""; ""Afternoon Shade in Select Rows""; ""Rows 4-38, C-W"". ""For baseball games, we recommend rows 30-38 for great views of the field""; ""For baseball games, desirable view from behind home plate""; ""Rows 36 and above are shaded during most day games"". OBSTRUCTION — the Toyota Clubhouse field-level seating sits in front of this section per the quote in `location`. ""Front of sections 122-139 are behind the netting — There is some amount of netting or screening in front of sections 122-139. The height and coverage of netting or screening will vary by section."" This CONTRADICTS the official Rockies statement recorded in discovery : ""Netting runs from the front of Sections 112-147.""","HIGH - zone, rows, location and seat direction stated by the source"
130,Lower Level (105-160),Infield Box,"""It’s important to note that the sections behind home plate (126–135) do not extend all the way to the field, as the Toyota Clubhouse seating occupies the field-level area directly in front of those sections."" Section Insights list ""Home Plate View"" and Seating Notes read ""For baseball games, desirable view from behind home plate"".",0,behind home plate,"4-38, C-W",W,"Stairway aisles run along both side edges of the section; rows are not split by a mid-row aisle, so seat numbers run continuously from one side aisle to the other. The entry portal is at row W.","Facing the field, seat 1 is on your right. That puts seat 1 on the edge facing section 129, with seat numbers counting up toward the edge facing section 131. This section is behind home plate, so seat 1 is on its first-base side.","""Rows in these sections typically feature about 14 seats per row, and some sections extend up to 38 rows deep."" (Infield Box zone review; not stated for section 130 specifically)","""Top Pick for Great Views of the Field Rows 30-38""; ""Home Plate View""; ""Afternoon Shade in Select Rows""; ""Rows 4-38, C-W"". ""For baseball games, we recommend rows 30-38 for great views of the field""; ""For baseball games, desirable view from behind home plate""; ""Rows 35 and above are shaded during most day games"". Fan review headline : ""Milwaukee Brewers at Colorado Rockies - Sep 29, 2019"" (Sec 130 / Row 35 • Baseball). OBSTRUCTION — the Toyota Clubhouse field-level seating sits in front of this section per the quote in `location`. ""Front of sections 122-139 are behind the netting — There is some amount of netting or screening in front of sections 122-139. The height and coverage of netting or screening will vary by section.""","HIGH - zone, rows, location and seat direction stated by the source"
131,Lower Level (105-160),Infield Box,"""It’s important to note that the sections behind home plate (126–135) do not extend all the way to the field, as the Toyota Clubhouse seating occupies the field-level area directly in front of those sections."" Section Insights list ""Home Plate View"" and Seating Notes read ""For baseball games, desirable view from behind home plate"".",0,behind home plate,"4-38, C-W",W,"Stairway aisles run along both side edges of the section; rows are not split by a mid-row aisle, so seat numbers run continuously from one side aisle to the other. The entry portal is at row W.","Facing the field, seat 1 is on your right. That puts seat 1 on the edge facing section 130, with seat numbers counting up toward the edge facing section 132. This section is behind home plate, so seat 1 is on its first-base side.","""Rows in these sections typically feature about 14 seats per row, and some sections extend up to 38 rows deep."" (Infield Box zone review; not stated for section 131 specifically)","""Top Pick for Great Views of the Field Rows 30-38""; ""Home Plate View""; ""Afternoon Shade in Select Rows""; ""Rows 4-38, C-W"". ""For baseball games, we recommend rows 30-38 for great views of the field""; ""For baseball games, desirable view from behind home plate""; ""Rows 34 and above are shaded during most day games"". Fan review headline : ""Los Angeles Dodgers at Colorado Rockies - Jul 31, 2019"" (Sec 131 / Row 38 • Baseball). OBSTRUCTION — the Toyota Clubhouse field-level seating sits in front of this section per the quote in `location`. ""Front of sections 122-139 are behind the netting — There is some amount of netting or screening in front of sections 122-139. The height and coverage of netting or screening will vary by section.""","HIGH - zone, rows, location and seat direction stated by the source"
132,Lower Level (105-160),Infield Box,"""It’s important to note that the sections behind home plate (126–135) do not extend all the way to the field, as the Toyota Clubhouse seating occupies the field-level area directly in front of those sections."" Section Insights list ""Home Plate View"" and Seating Notes read ""For baseball games, desirable view from behind home plate"".",0,behind home plate,"4-38, C-W",W,"Stairway aisles run along both side edges of the section; rows are not split by a mid-row aisle, so seat numbers run continuously from one side aisle to the other. The entry portal is at row W.","Facing the field, seat 1 is on your right. That puts seat 1 on the edge facing section 131, with seat numbers counting up toward the edge facing section 133. This section is behind home plate, so seat 1 is on its first-base side.","""Rows in these sections typically feature about 14 seats per row, and some sections extend up to 38 rows deep."" (Infield Box zone review; not stated for section 132 specifically)","""Top Pick for Outstanding Convenience Rows 36-WC""; ""Top Pick for Great Views of the Field Rows 30-38""; ""Home Plate View""; ""Afternoon Shade in Select Rows""; ""Rows 4-38, C-W"". ""For baseball games, we recommend rows 36-WC for outstanding convenience""; ""For baseball games, we recommend rows 30-38 for great views of the field""; ""For baseball games, desirable view from behind home plate""; ""Rows 33 and above are shaded during most day games"". Note the row identifier ""WC"", which sorts after row 36 and after the lettered rows. Fan review headline : ""Great view of the action and in the shade"" (Sec 132 / Row 29 • Baseball). OBSTRUCTION — the Toyota Clubhouse field-level seating sits in front of this section per the quote in `location`.","HIGH - zone, rows, location and seat direction stated by the source"
133,Lower Level (105-160),Infield Box,"It’s important to note that the sections behind home plate (126–135) do not extend all the way to the field, as the Toyota Clubhouse seating occupies the field-level area directly in front of those sections."" ""The Box Level Infield spans the lower bowl behind home plate and along the infield baselines. These sections place fans on the lowest main seating tier of Coors Field.",0,behind home plate,"4-38, C-W",W,"Stairway aisles run along both side edges of the section; rows are not split by a mid-row aisle, so seat numbers run continuously from one side aisle to the other. The entry portal is at row W.","Facing the field, seat 1 is on your right. That puts seat 1 on the edge facing section 132, with seat numbers counting up toward the edge facing section 134. This section is behind home plate, so seat 1 is on its first-base side.","""Rows in these sections typically feature about 14 seats per row, and some sections extend up to 38 rows deep."" (Infield Box zone review; not stated for section 133 specifically)","""Afternoon Shade in Select Rows""; ""Rows 4-38, C-W"". ""Rows 28 and above are shaded during most day games"". Fan review headline : ""Atlanta Braves at Colorado Rockies - Apr 9, 2019"" (Sec 133 / Row 23 • Baseball). OBSTRUCTION — the Toyota Clubhouse field-level seating sits in front of this section per the quote in `location`. ""Front of sections 122-139 are behind the netting — There is some amount of netting or screening in front of sections 122-139. The height and coverage of netting or screening will vary by section."" This CONTRADICTS the official Rockies statement recorded in discovery : ""Netting runs from the front of Sections 112-147."" LANDMARK (discovery, official Rockies Access Guide): ""The First Aid Station at section 133 is open two hours prior to every game.""","HIGH - zone, rows, location and seat direction stated by the source"
134,Lower Level (105-160),Infield Box,"It’s important to note that the sections behind home plate (126–135) do not extend all the way to the field, as the Toyota Clubhouse seating occupies the field-level area directly in front of those sections."" ""The Box Level Infield spans the lower bowl behind home plate and along the infield baselines. These sections place fans on the lowest main seating tier of Coors Field.",0,behind home plate,"4-38, C-W",W,"Stairway aisles run along both side edges of the section; rows are not split by a mid-row aisle, so seat numbers run continuously from one side aisle to the other. The entry portal is at row W.","Facing the field, seat 1 is on your right. That puts seat 1 on the edge facing section 133, with seat numbers counting up toward the edge facing section 135. This section is behind home plate, so seat 1 is on its first-base side.","""Rows in these sections typically feature about 14 seats per row, and some sections extend up to 38 rows deep."" (Infield Box zone review; not stated for section 134 specifically)","""Rows 32 & Above - Covered""; ""Rows 4-38, C-W"". ""Rows 32 and above are under cover"". Fan review headline : ""Los Angeles Dodgers at Colorado Rockies - Sep 28, 2023"" (Sec 134 / Row 27 • Baseball). OBSTRUCTION — the Toyota Clubhouse field-level seating sits in front of this section per the quote in `location`. ""Front of sections 122-139 are behind the netting — There is some amount of netting or screening in front of sections 122-139. The height and coverage of netting or screening will vary by section."" This CONTRADICTS the official Rockies statement recorded in discovery : ""Netting runs from the front of Sections 112-147."" the page does NOT carry the ""Home Plate View"" Section Insight even though its own Infield Box review lists 126–135 as ""the sections behind home plate"".","HIGH - zone, rows, location and seat direction stated by the source"
135,Lower Level (105-160),Infield Box,"It’s important to note that the sections behind home plate (126–135) do not extend all the way to the field, as the Toyota Clubhouse seating occupies the field-level area directly in front of those sections."" ""The Box Level Infield spans the lower bowl behind home plate and along the infield baselines. These sections place fans on the lowest main seating tier of Coors Field.",0,behind home plate,"4-38, C-W",W,"Stairway aisles run along both side edges of the section; rows are not split by a mid-row aisle, so seat numbers run continuously from one side aisle to the other. The entry portal is at row W.","Facing the field, seat 1 is on your right. That puts seat 1 on the edge facing section 134, with seat numbers counting up toward the edge facing section 136. This section is behind home plate, so seat 1 is on its first-base side.","""Rows in these sections typically feature about 14 seats per row, and some sections extend up to 38 rows deep."" (Infield Box zone review; not stated for section 135 specifically)","""Rows 32 & Above - Covered""; ""Rows 4-38, C-W"". ""Rows 32 and above are under cover"". OBSTRUCTION — the Toyota Clubhouse field-level seating sits in front of this section per the quote in `location`. ""Front of sections 122-139 are behind the netting — There is some amount of netting or screening in front of sections 122-139. The height and coverage of netting or screening will vary by section."" This CONTRADICTS the official Rockies statement recorded in discovery : ""Netting runs from the front of Sections 112-147."" the page does NOT carry the ""Home Plate View"" Section Insight even though its own Infield Box review lists 126–135 as ""the sections behind home plate"". SUN — the Infield Box review on this page states ""Seats along the third base side will typically experience sunlight earlier during day games, while seats along the first base side tend to remain shaded longer"", which CONTRADICTS discovery's orientation source (ShadedSeats).","HIGH - zone, rows, location and seat direction stated by the source"
136,Lower Level (105-160),Infield Box,"Sections 121–125 sit directly behind the Rockies dugout, while Sections 136–140 are positioned behind the visitor dugout."" ""For baseball games, these seats are located behind the visitor dugout"". ""The Box Level Infield spans the lower bowl behind home plate and along the infield baselines.",1,toward third base / left field,"5-38, C-W",W,"Stairway aisles run along both side edges of the section; rows are not split by a mid-row aisle, so seat numbers run continuously from one side aisle to the other. The entry portal is at row W.","Facing the field, seat 1 is on your right. That puts seat 1 on the edge facing section 135, with seat numbers counting up toward the edge facing section 137. Seat 1 is the end of the row closest to home plate, and higher seat numbers run away from home plate.","""Rows in these sections typically feature about 14 seats per row, and some sections extend up to 38 rows deep."" (Infield Box zone review; not stated for section 136 specifically)","""Top Pick for Visiting Team Fans Rows 5-14""; ""Rows 32 & Above - Covered""; ""Rows 5-38, C-W"". ""For baseball games, these seats are located behind the visitor dugout""; ""For baseball games, we recommend rows 5-14 for visiting team fans""; ""Rows 32 and above are under cover"". Fan Feedback : ""Row 5 is the first row behind the visitor's dugout in Section 136."" (Sec 136 / Row 5 • Baseball). Fan review : ""Los Angeles Dodgers at Colorado Rockies - Jun 28, 2019 — They were on the back row up against where everyone was standing. Very uncomfortable and it was hot and no airflow. Worst seats I've ever had. I ended up standing in the pavilion for 90% of the game."" (Sec 136 / Row 38 • Baseball). ""Front of sections 122-139 are behind the netting — There is some amount of netting or screening in front of sections 122-139.""","HIGH - zone, rows, location and seat direction stated by the source"
137,Lower Level (105-160),Infield Box,"""Sections 121–125 sit directly behind the Rockies dugout, while Sections 136–140 are positioned behind the visitor dugout."" ""For baseball games, these seats are located behind the visitor dugout"".",2,toward third base / left field,"5-38, C-W",W,"Stairway aisles run along both side edges of the section; rows are not split by a mid-row aisle, so seat numbers run continuously from one side aisle to the other. The entry portal is at row W.","Facing the field, seat 1 is on your right. That puts seat 1 on the edge facing section 136, with seat numbers counting up toward the edge facing section 138. Seat 1 is the end of the row closest to home plate, and higher seat numbers run away from home plate.","""Rows in these sections typically feature about 14 seats per row, and some sections extend up to 38 rows deep."" (Infield Box zone review; not stated for section 137 specifically)","""Top Pick for Visiting Team Fans Rows 5-14""; ""Top Pick for Great Views of the Field""; ""Rows 32 & Above - Covered""; ""Rows 5-38, C-W"". ""For baseball games, these seats are located behind the visitor dugout""; ""For baseball games, we recommend rows 5-14 for visiting team fans""; ""For baseball games, we recommend these seats for great views of the field""; ""Rows 32 and above are under cover"". Fan Feedback : ""Row 5 is the first row behind the visitor's dugout in Section 137."" (Sec 137 / Row 5 • Baseball). Fan reviews : ""San Francisco Giants at Colorado Rockies - Jul 15, 2019 — Seats were in the sunny location on a hot day, View was great. The price was fantastic. The game was terrible. The Rockies lost 19-7!!!""","HIGH - zone, rows, location and seat direction stated by the source"
138,Lower Level (105-160),Infield Box,"""Sections 121–125 sit directly behind the Rockies dugout, while Sections 136–140 are positioned behind the visitor dugout."" ""For baseball games, these seats are located behind the visitor dugout"".",3,toward third base / left field,"5-38, C-W",W,"Stairway aisles run along both side edges of the section; rows are not split by a mid-row aisle, so seat numbers run continuously from one side aisle to the other. The entry portal is at row W.","Facing the field, seat 1 is on your right. That puts seat 1 on the edge facing section 137, with seat numbers counting up toward the edge facing section 139. Seat 1 is the end of the row closest to home plate, and higher seat numbers run away from home plate.","""Rows in these sections typically feature about 14 seats per row, and some sections extend up to 38 rows deep."" (Infield Box zone review; not stated for section 138 specifically)","""Top Pick for Visiting Team Fans Rows 5-14""; ""Top Pick for Great Views of the Field""; ""Rows 32 & Above - Covered""; ""Rows 5-38, C-W"". ""For baseball games, these seats are located behind the visitor dugout""; ""For baseball games, we recommend rows 5-14 for visiting team fans""; ""For baseball games, we recommend these seats for great views of the field""; ""Rows 32 and above are under cover"". Fan Feedback : ""Row 5 is the first row behind the visitor's dugout in Section 138."" (Sec 138 / Row 5 • Baseball). Fan review : ""GREAT view, CRAMPED seats! — The view from our seats was incredible! If you are a fan of the visiting team you will LOVE this spot! Just a few rows away from visiting dugout. The only downside is how cramped I felt while trying to enjoy the game.""","HIGH - zone, rows, location and seat direction stated by the source"
139,Lower Level (105-160),Infield Box,"""Sections 121–125 sit directly behind the Rockies dugout, while Sections 136–140 are positioned behind the visitor dugout."" ""For baseball games, these seats are located behind the visitor dugout"".",4,toward third base / left field,"5-38, C-W",W,"Stairway aisles run along both side edges of the section; rows are not split by a mid-row aisle, so seat numbers run continuously from one side aisle to the other. The entry portal is at row W.","Facing the field, seat 1 is on your right. That puts seat 1 on the edge facing section 138, with seat numbers counting up toward the edge facing section 140. Seat 1 is the end of the row closest to home plate, and higher seat numbers run away from home plate.","""Rows in these sections typically feature about 14 seats per row, and some sections extend up to 38 rows deep."" (Infield Box zone review; not stated for section 139 specifically)","""Top Pick for Visiting Team Fans Rows 5-14""; ""Top Pick for Great Views of the Field""; ""Rows 32 & Above - Covered""; ""Rows 5-38, C-W"". ""For baseball games, these seats are located behind the visitor dugout""; ""For baseball games, we recommend rows 5-14 for visiting team fans""; ""For baseball games, we recommend these seats for great views of the field""; ""Rows 32 and above are under cover"". Fan Feedback : ""Row 5 is the first row behind the visitor's dugout in Section 139."" (Sec 139 / Row 5 • Baseball). Fan review : ""Perfect if you want to sit in the shade during a 1pm game — This was a 1:10pm game on July 1st. It was nearly 100 degrees and thankfully we were in the shade about 15 minutes after the game started.""","HIGH - zone, rows, location and seat direction stated by the source"
140,Lower Level (105-160),Infield Box,"""Sections 121–125 sit directly behind the Rockies dugout, while Sections 136–140 are positioned behind the visitor dugout."" ""The Box Level Infield spans the lower bowl behind home plate and along the infield baselines. These sections place fans on the lowest main seating tier of Coors Field.""",5,toward third base / left field,"1-38, C-W",W,"Stairway aisles run along both side edges of the section; rows are not split by a mid-row aisle, so seat numbers run continuously from one side aisle to the other. The entry portal is at row W.","Facing the field, seat 1 is on your right. That puts seat 1 on the edge facing section 139, with seat numbers counting up toward the edge facing section 141. Seat 1 is the end of the row closest to home plate, and higher seat numbers run away from home plate.","""Rows in these sections typically feature about 14 seats per row, and some sections extend up to 38 rows deep."" (Infield Box zone review; not stated for section 140 specifically)","""Rows 32 & Above - Covered""; ""Rows 1-38, C-W"". ""Rows 32 and above are under cover"". Fan review headline : ""Cincinnati Reds at Colorado Rockies - Jul 13, 2019"" (Sec 140 / Row 33 • Baseball). the Infield Box review lists 136–140 as behind the visitor dugout, but the page's Seating Notes omit the ""behind the visitor dugout"" bullet and Section Insights omit ""Top Pick for Visiting Team Fans"" that 136-139 carry. NETTING — the RateYourSeats fan-feedback netting note found on 125-139 (""Front of sections 122-139 are behind the netting"") does NOT appear on this page and its stated range STOPS at 139, yet the official Rockies statement recorded in discovery is ""Netting runs from the front of Sections 112-147"", which DOES cover section 140.","HIGH - zone, rows, location and seat direction stated by the source"
141,Lower Level (105-160),Infield Box,"""The Box Level Infield spans the lower bowl behind home plate and along the infield baselines. These sections place fans on the lowest main seating tier of Coors Field."" The only sentence naming 141 is a coverage note: ""Fans sitting in the last few rows (Row 32 and higher) in Sections 120–127 and 134–141 can benefit from overhead protection provided by the 200-level seating deck above.""",6,toward third base / left field,"1-38, C-W",W,"Stairway aisles run along both side edges of the section; rows are not split by a mid-row aisle, so seat numbers run continuously from one side aisle to the other. The entry portal is at row W.","Facing the field, seat 1 is on your right. That puts seat 1 on the edge facing section 140, with seat numbers counting up toward the edge facing section 142. Seat 1 is the end of the row closest to home plate, and higher seat numbers run away from home plate.","""Rows in these sections typically feature about 14 seats per row, and some sections extend up to 38 rows deep."" (Infield Box zone review; not stated for section 141 specifically)","""Top Pick for Outstanding Convenience Rows 36-WC""; ""Rows 32 & Above - Covered""; ""Rows 1-38, C-W"". ""For baseball games, we recommend rows 36-WC for outstanding convenience""; ""Rows 32 and above are under cover"". Note the row identifier ""WC"", which sorts after row 36 and after the lettered rows. NETTING — the RateYourSeats fan-feedback netting note seen on 125-139 (""Front of sections 122-139 are behind the netting"") is ABSENT here and its stated range does not reach 141, yet the official Rockies statement recorded in discovery is ""Netting runs from the front of Sections 112-147"", which DOES cover section 141. SUN — the Infield Box review on this page states ""Seats along the third base side will typically experience sunlight earlier during day games, while seats along the first base side tend to remain shaded longer"", which CONTRADICTS discovery's orientation source (ShadedSeats).","HIGH - zone, rows, location and seat direction stated by the source"
142,Lower Level (105-160),Box Level Down the Line,"Still located on the lowest tier of the field but further down the line, these Box Level seats are the best place to be on the Coors Field seating chart for catching a foul ball."" ""Sit near the top (Rows 32 and higher) of sections 142-147 to minimize the walk to concessions and restrooms, and you'll also be rewarded with great overhead coverage and excellent shade.",7,toward third base / left field,"1-38, C-W",W,"Stairway aisles run along both side edges of the section; rows are not split by a mid-row aisle, so seat numbers run continuously from one side aisle to the other. The entry portal is at row W.","Facing the field, seat 1 is on your right. That puts seat 1 on the edge facing section 141, with seat numbers counting up toward the edge facing section 143. Seat 1 is the end of the row closest to home plate, and higher seat numbers run away from home plate.",not published,"""Top Pick for Outstanding Convenience Rows 36-WC""; ""Rows 32 & Above - Covered""; ""Rows 1-38, C-W"". ""For baseball games, we recommend rows 36-WC for outstanding convenience""; ""Rows 32 and above are under cover"". Note the row identifier ""WC"", which sorts after row 36 and after the lettered rows. ""Ticket prices are cheaper than the Field Level Infield, making them a good place to find a lower level value buy. The sections have a large number of rows (with as many as 38 numbered seating rows), which makes for a long walk up to the concourse for fans in the closest rows."" and ""Sit in section 112 (near the right field corner) to be closest to the Blue Moon Brewing Company at the Sandlot, which features a comfortable patio, excellent food and beverage options, and microbrews.""","HIGH - zone, rows, location and seat direction stated by the source"
143,Lower Level (105-160),Box Level Down the Line,"Still located on the lowest tier of the field but further down the line, these Box Level seats are the best place to be on the Coors Field seating chart for catching a foul ball.",8,toward third base / left field,"1-38, C-W",W,"Stairway aisles run along both side edges of the section; rows are not split by a mid-row aisle, so seat numbers run continuously from one side aisle to the other. The entry portal is at row W.","Facing the field, seat 1 is on your right. That puts seat 1 on the edge facing section 142, with seat numbers counting up toward the edge facing section 144. Seat 1 is the end of the row closest to home plate, and higher seat numbers run away from home plate.",not published,"""Rows 32 & Above - Covered""; ""Rows 1-38, C-W"". ""Rows 32 and above are under cover"". Expert review is the same ""Box Level Down the Line"" text as section 142, including ""Sit near the top (Rows 32 and higher) of sections 142-147 to minimize the walk to concessions and restrooms, and you'll also be rewarded with great overhead coverage and excellent shade."" Fan review : ""Los Angeles Dodgers at Colorado Rockies - Jun 18, 2024 — Great seats and view."" (Sec 143 / Row 5 • Baseball). SEATING AND TICKET Q&A on this page ( Verified Feb 2026): ""Can we see fireworks in section 143 row 38?"" — ""The fireworks at Coors Field are shot off over the scoreboard in left field. As a result, the best seats for seeing the show are on the first base line in the 200s and 300s sections."" ...","HIGH - zone, rows, location and seat direction stated by the source"
144,Lower Level (105-160),Box Level Down the Line,"""Still located on the lowest tier of the field but further down the line, these Box Level seats are the best place to be on the Coors Field seating chart for catching a foul ball."" No sentence on the page names section 144 specifically; the zone review's only numbered reference is ""Sit near the top (Rows 32 and higher) of sections 142-147 ..."", which includes 144.",9,toward third base / left field,"1-38, C-W",W,"Stairway aisles run along both side edges of the section; rows are not split by a mid-row aisle, so seat numbers run continuously from one side aisle to the other. The entry portal is at row W.","Facing the field, seat 1 is on your right. That puts seat 1 on the edge facing section 143, with seat numbers counting up toward the edge facing section 145. Seat 1 is the end of the row closest to home plate, and higher seat numbers run away from home plate.",not published,"""Rows 32 & Above - Covered""; ""Rows 1-38, C-W"". ""Rows 32 and above are under cover"". Expert review is the same ""Box Level Down the Line"" text as sections 142 and 143, including ""Sit near the top (Rows 32 and higher) of sections 142-147 to minimize the walk to concessions and restrooms, and you'll also be rewarded with great overhead coverage and excellent shade."" Fan reviews : ""Detroit Tigers at Colorado Rockies - Jun 30, 2023 — Great line of sight, no obstructions. Easy in/out for snacks and bathrooms. Exiting the stadium was a cinch."" (Sec 144 / Row 31 • Baseball); ""Washington Nationals at Colorado Rockies - Apr 18, 2025"" (Sec 144 / Row 21 • Baseball). NETTING — the RateYourSeats fan-feedback netting note seen on 125-139 (""Front of sections 122-139 are behind the netting"") is ABSENT here and its stated range does not reach 144, yet the official Rockies statement recorded in discovery is ""Netting runs from the front of Sections 112-147"", which DOES cover section 144.","HIGH - zone, rows, location and seat direction stated by the source"
145,Lower Level (105-160),Box Level Down the Line,"Still located on the lowest tier of the field but further down the line, these Box Level seats are the best place to be on the Coors Field seating chart for catching a foul ball."" The same ""Sit near the top (Rows 32 and higher) of sections 142-147 to minimize the walk to concessions and restrooms, and you'll also be rewarded with great overhead coverage and excellent shade.",10,toward third base / left field,"1-38, C-W",W,"Stairway aisles run along both side edges of the section; rows are not split by a mid-row aisle, so seat numbers run continuously from one side aisle to the other. The entry portal is at row W.","Facing the field, seat 1 is on your right. That puts seat 1 on the edge facing section 144, with seat numbers counting up toward the edge facing section 146. Seat 1 is the end of the row closest to home plate, and higher seat numbers run away from home plate.",not published,"""Top Pick for Kids and FamilyRows 32-38""; ""Rows 32 & Above - Covered""; ""Rows 1-38, C-W"". ""For baseball games, we recommend rows 32-38 for kids and family""; ""Rows 32 and above are under cover"". ""The sections have a large number of rows (with as many as 38 numbered seating rows), which makes for a long walk up to the concourse for fans in the closest rows."" NETTING - the section page itself says nothing about netting; two other sources disagree about the range and are recorded here unreconciled: the official Colorado Rockies netting page states ""Netting runs from the front of Sections 112-147."" (https://www.mlb.com/rockies/ballpark/netting), which INCLUDES 145; a RateYourSeats fan-feedback note carried on other Coors Field section pages states ""There is some amount of netting or screening in front of sections 122-139.""","HIGH - zone, rows, location and seat direction stated by the source"
146,Lower Level (105-160),Box Level Down the Line,"Still located on the lowest tier of the field but further down the line, these Box Level seats are the best place to be on the Coors Field seating chart for catching a foul ball."" The same ""Sit near the top (Rows 32 and higher) of sections 142-147 to minimize the walk to concessions and restrooms, and you'll also be rewarded with great overhead coverage and excellent shade.",11,toward third base / left field,"1-38, C-W",W,"Stairway aisles run along both side edges of the section; rows are not split by a mid-row aisle, so seat numbers run continuously from one side aisle to the other. The entry portal is at row W.","Facing the field, seat 1 is on your right. That puts seat 1 on the edge facing section 145, with seat numbers counting up toward the edge facing section 147. Seat 1 is the end of the row closest to home plate, and higher seat numbers run away from home plate.",not published,"""Top Pick for Kids and FamilyRows 32-38""; ""Rows 32 & Above - Covered""; ""Rows 1-38, C-W"". ""For baseball games, we recommend rows 32-38 for kids and family""; ""Rows 32 and above are under cover"". NETTING - the section page itself says nothing about netting; two other sources disagree about the range and are recorded here unreconciled: the official Colorado Rockies netting page states ""Netting runs from the front of Sections 112-147."" (https://www.mlb.com/rockies/ballpark/netting), which INCLUDES 146; a RateYourSeats fan-feedback note carried on other Coors Field section pages states ""There is some amount of netting or screening in front of sections 122-139."", which EXCLUDES 146. ShadedSeats.com states the 3rd base line is the ""shade side"" of the park and the 1st base line and right field are the sunny spots; 146 sits on the third-base-line side per the confirmed numbering direction.","HIGH - zone, rows, location and seat direction stated by the source"
147,Lower Level (105-160),Box Level Down the Line,"Still located on the lowest tier of the field but further down the line, these Box Level seats are the best place to be on the Coors Field seating chart for catching a foul ball."" The same ""Sit near the top (Rows 32 and higher) of sections 142-147 to minimize the walk to concessions and restrooms, and you'll also be rewarded with great overhead coverage and excellent shade.",12,toward third base / left field,"1-38, C-W",W,"Stairway aisles run along both side edges of the section; rows are not split by a mid-row aisle, so seat numbers run continuously from one side aisle to the other. The entry portal is at row W.","Facing the field, seat 1 is on your right. That puts seat 1 on the edge facing section 146, with seat numbers counting up toward the edge facing section 148. Seat 1 is the end of the row closest to home plate, and higher seat numbers run away from home plate.",not published,"""Top Pick for Kids and FamilyRows 32-38""; ""Rows 32 & Above - Covered""; ""Rows 1-38, C-W"". ""For baseball games, we recommend rows 32-38 for kids and family""; ""Rows 32 and above are under cover"". //www.mlb.com/rockies/ballpark/disability-access-guide): ""Gate E - Section 147, (1) elevator""; escalators ""Sections 122 and 147 - to Wells Fargo Club"" and ""Sections 123 and 147 - to Upper Level (up only)""; ATM ""Inside Gate E - Near section 147""; ""Novelty - Sections 110, 120, 147, 158, 226, 330""; ""Portable Grills - Sections 107, 117, 142, 147, 157, 311, 321, 341""; and ""The west ramp can be accessed from Gate E and leads to the Wells Fargo Club, the Suite Level and the Upper Level."" official Rockies ""Netting runs from the front of Sections 112-147.""","HIGH - zone, rows, location and seat direction stated by the source"
148,Lower Level (105-160),Box Level Down the Line,"Still located on the lowest tier of the field but further down the line, these Box Level seats are the best place to be on the Coors Field seating chart for catching a foul ball.",13,toward third base / left field,"14-38, C-W",W,"Stairway aisles run along both side edges of the section; rows are not split by a mid-row aisle, so seat numbers run continuously from one side aisle to the other. The entry portal is at row W.","Facing the field, seat 1 is on your right. That puts seat 1 on the edge facing section 147, with seat numbers counting up toward the edge facing section 149. Seat 1 is the end of the row closest to home plate, and higher seat numbers run away from home plate.",not published,"""Rows 14-38, C-W"" - the only insight listed; no covered-rows or top-pick insight is shown for this section, and no Seating Notes block appears. Seating and Ticket Q&A on this page ( stamped ""Verified Feb 2026""): ""Which sections can go on the field for fireworks at Coors Field? - Sections 148-160 as well as the Rockpile (Sections 401-403) are given access to the outfield grass to watch the fireworks during post-game firework game nights."" NOTE THE ZONE/LOCATION TENSION, recorded unreconciled: RateYourSeats attaches the ""Box Level Down the Line"" expert review to this page, while the discovery file places 148 at the start of the LEFT FIELD block (""148-160 LEFT FIELD and LEFT-CENTRE FIELD"") and this page's own fireworks Q&A groups 148 with the outfield sections 148-160 that get access to the outfield grass.","HIGH - zone, rows, location and seat direction stated by the source"
149,Lower Level (105-160),Box Level Down the Line,"Still located on the lowest tier of the field but further down the line, these Box Level seats are the best place to be on the Coors Field seating chart for catching a foul ball.",14,toward third base / left field,"5-38, C-W",W,"Stairway aisles run along both side edges of the section; rows are not split by a mid-row aisle, so seat numbers run continuously from one side aisle to the other. The entry portal is at row W.","Facing the field, seat 1 is on your right. That puts seat 1 on the edge facing section 148, with seat numbers counting up toward the edge facing section 150. Seat 1 is the end of the row closest to home plate, and higher seat numbers run away from home plate.",not published,"""Top Pick for Outstanding ConvenienceRows 36-WC""; ""Rows 5-38, C-W"". ""For baseball games, we recommend rows 36-WC for outstanding convenience"" - note that ""WC"" is used here as a row identifier sorting after row 36 and after the lettered C-W block; the page does not define it. The RateYourSeats section 148 page states ( ""Verified Feb 2026""): ""Sections 148-160 as well as the Rockpile (Sections 401-403) are given access to the outfield grass to watch the fireworks during post-game firework game nights."" - a range that includes 149. ZONE/LOCATION TENSION recorded unreconciled: RateYourSeats attaches the ""Box Level Down the Line"" review to this page, while the discovery file places 149 in the LEFT FIELD block (""148-160 LEFT FIELD and LEFT-CENTRE FIELD"").","HIGH - zone, rows, location and seat direction stated by the source"
150,Lower Level (105-160),Box Level Down the Line,"Still located on the lowest tier of the field but further down the line, these Box Level seats are the best place to be on the Coors Field seating chart for catching a foul ball.",15,toward third base / left field,"14-38, C-W",W,"Stairway aisles run along both side edges of the section; rows are not split by a mid-row aisle, so seat numbers run continuously from one side aisle to the other. The entry portal is at row W.","Facing the field, seat 1 is on your right. That puts seat 1 on the edge facing section 149, with seat numbers counting up toward the edge facing section 151. Seat 1 is the end of the row closest to home plate, and higher seat numbers run away from home plate.",not published,"""Top Pick for Outstanding ConvenienceRows 36-WC""; ""Rows 14-38, C-W"". ""For baseball games, we recommend rows 36-WC for outstanding convenience"". The RateYourSeats section 148 page states ( ""Verified Feb 2026""): ""Sections 148-160 as well as the Rockpile (Sections 401-403) are given access to the outfield grass to watch the fireworks during post-game firework game nights."" - a range that includes 150. ZONE/LOCATION TENSION recorded unreconciled: RateYourSeats attaches the ""Box Level Down the Line"" review to this page, while the discovery file places 150 in the LEFT FIELD block (""148-160 LEFT FIELD and LEFT-CENTRE FIELD""). NETTING - not mentioned on this page; the official run ""Sections 112-147"" and the RateYourSeats range ""122-139"" both exclude 150.","HIGH - zone, rows, location and seat direction stated by the source"
151,Lower Level (105-160),Lower Level Outfield,"Lower Level Outfield seating is located just behind the outfield walls in right, left, and left-center field.",16,toward third base / left field,2-23,23,"Stairway aisles run along both side edges of the section; rows are not split by a mid-row aisle, so seat numbers run continuously from one side aisle to the other. The entry portal is at row 23.","Facing the field, seat 1 is on your right. That puts seat 1 on the edge facing section 150, with seat numbers counting up toward the edge facing section 152. Seat 1 is the end of the row closest to home plate, and higher seat numbers run away from home plate.",not published,"""Rows 2-23"" - the only insight listed; no covered-rows insight and no Seating Notes block. Fan Review ( 5 stars, Sec 151 / Row 21 / Baseball): ""Beautiful seats and perfect view - Food was great. Best seats and they weren't hard to get to."" ""While most of the seats are exposed to a good amount of sun for most day games, they are also the best place to sit at Coors Field to catch a home run ball. There are just 14 rows of seating in the right field sections which also have some coverage in the back few rows, while the left field sections contain as many as 23 rows of seating and will have no overhead protection to speak of."" The 2-23 row range on this page matches the review's ""left field sections contain as many as 23 rows"", consistent with the discovery placement of 151-160 in left / left-centre field.","HIGH - zone, rows, location and seat direction stated by the source"
152,Lower Level (105-160),Lower Level Outfield,"Lower Level Outfield seating is located just behind the outfield walls in right, left, and left-center field.",17,toward third base / left field,2-23,23,"Stairway aisles run along both side edges of the section; rows are not split by a mid-row aisle, so seat numbers run continuously from one side aisle to the other. The entry portal is at row 23.","Facing the field, seat 1 is on your right. That puts seat 1 on the edge facing section 151, with seat numbers counting up toward the edge facing section 153. Seat 1 is the end of the row closest to home plate, and higher seat numbers run away from home plate.",not published,"""Rows 2-23"" - the only insight listed; no covered-rows insight and no Seating Notes block. Fan Feedback : ""Want a home run ball - sit in Section 152. - Players routinely deposit balls into the bleachers in left field and if you sit close to the foul pole you have a good chance to get one of your own."" (Sec 152 / Baseball) - this fan note independently places 152 in LEFT FIELD near the foul pole, agreeing with the discovery numbering direction. ""While most of the seats are exposed to a good amount of sun for most day games, they are also the best place to sit at Coors Field to catch a home run ball. ... the left field sections contain as many as 23 rows of seating and will have no overhead protection to speak of.""","HIGH - zone, rows, location and seat direction stated by the source"
153,Lower Level (105-160),Lower Level Outfield,"Lower Level Outfield seating is located just behind the outfield walls in right, left, and left-center field.",18,toward third base / left field,"2-20, C-W",W,"Stairway aisles run along both side edges of the section; rows are not split by a mid-row aisle, so seat numbers run continuously from one side aisle to the other. The entry portal is at row W.","Facing the field, seat 1 is on your right. That puts seat 1 on the edge facing section 152, with seat numbers counting up toward the edge facing section 154. Seat 1 is the end of the row closest to home plate, and higher seat numbers run away from home plate.",not published,"""Rows 2-20, C-W"" - the only insight listed; no covered-rows insight, no Seating Notes block, no concert-limited-view flag, and no fan reviews or fan feedback on this page. ""While most of the seats are exposed to a good amount of sun for most day games, they are also the best place to sit at Coors Field to catch a home run ball. There are just 14 rows of seating in the right field sections which also have some coverage in the back few rows, while the left field sections contain as many as 23 rows of seating and will have no overhead protection to speak of."" ShadedSeats.com: ""Outfield sections 151-160 and center field sections 401-403 are sun-exposed and receive almost no shade during the day"".","HIGH - zone, rows, location and seat direction stated by the source"
154,Lower Level (105-160),Lower Level Outfield,"Lower Level Outfield seating is located just behind the outfield walls in right, left, and left-center field.",19,toward third base / left field,"2-20, C-W",W,"Stairway aisles run along both side edges of the section; rows are not split by a mid-row aisle, so seat numbers run continuously from one side aisle to the other. The entry portal is at row W.","Facing the field, seat 1 is on your right. That puts seat 1 on the edge facing section 153, with seat numbers counting up toward the edge facing section 155. Seat 1 is the end of the row closest to home plate, and higher seat numbers run away from home plate.",not published,"""Rows 2-20, C-W"" - the only insight listed; no covered-rows insight, no Seating Notes block, no concert-limited-view flag, and no fan reviews or fan feedback on this page. ""While most of the seats are exposed to a good amount of sun for most day games, they are also the best place to sit at Coors Field to catch a home run ball. ... the left field sections contain as many as 23 rows of seating and will have no overhead protection to speak of."" ShadedSeats.com: ""Outfield sections 151-160 and center field sections 401-403 are sun-exposed and receive almost no shade during the day"". The RateYourSeats section 148 page states ""Sections 148-160 ... are given access to the outfield grass to watch the fireworks during post-game firework game nights.""","HIGH - zone, rows, location and seat direction stated by the source"
155,Lower Level (105-160),Lower Level Outfield,"Lower Level Outfield seating is located just behind the outfield walls in right, left, and left-center field.",20,toward third base / left field,"2-20, C-W",W,"Stairway aisles run along both side edges of the section; rows are not split by a mid-row aisle, so seat numbers run continuously from one side aisle to the other. The entry portal is at row W.","Facing the field, seat 1 is on your right. That puts seat 1 on the edge facing section 154, with seat numbers counting up toward the edge facing section 156. Seat 1 is the end of the row closest to home plate, and higher seat numbers run away from home plate.",not published,"""Rows 2-20, C-W""; ""Behind/Side Stage (most shows)"". ""For Concerts, Section 155 May Have a Limited View - 155 is behind the stage or to the side of the stage for most concerts. This may restrict or limit your view of the performance."" This is a concert-configuration warning only, not a baseball obstruction. ""While most of the seats are exposed to a good amount of sun for most day games, they are also the best place to sit at Coors Field to catch a home run ball. ... the left field sections contain as many as 23 rows of seating and will have no overhead protection to speak of."" ShadedSeats.com: ""Outfield sections 151-160 and center field sections 401-403 are sun-exposed and receive almost no shade during the day"".","HIGH - zone, rows, location and seat direction stated by the source"
156,Lower Level (105-160),Lower Level Outfield,"Lower Level Outfield seating is located just behind the outfield walls in right, left, and left-center field.",21,toward third base / left field,"2-20, C-W",W,"Stairway aisles run along both side edges of the section; rows are not split by a mid-row aisle, so seat numbers run continuously from one side aisle to the other. The entry portal is at row W.","Facing the field, seat 1 is on your right. That puts seat 1 on the edge facing section 155, with seat numbers counting up toward the edge facing section 157. Seat 1 is the end of the row closest to home plate, and higher seat numbers run away from home plate.",not published,"""Rows 2-20, C-W""; ""Behind/Side Stage (most shows)"". ""156 is behind the stage or to the side of the stage for most concerts. This may restrict or limit your view of the performance."" Concert configuration only, not a baseball obstruction. ""While most of the seats are exposed to a good amount of sun for most day games, they are also the best place to sit at Coors Field to catch a home run ball. ... the left field sections contain as many as 23 rows of seating and will have no overhead protection to speak of."" ShadedSeats.com: ""Outfield sections 151-160 and center field sections 401-403 are sun-exposed and receive almost no shade during the day"". The RateYourSeats section 148 page states ""Sections 148-160 ... are given access to the outfield grass to watch the fireworks during post-game firework game nights.""","HIGH - zone, rows, location and seat direction stated by the source"
157,Lower Level (105-160),Lower Level Outfield,"Lower Level Outfield seating is located just behind the outfield walls in right, left, and left-center field.",22,toward third base / left field,"2-20, C-W",W,"Stairway aisles run along both side edges of the section; rows are not split by a mid-row aisle, so seat numbers run continuously from one side aisle to the other. The entry portal is at row W.","Facing the field, seat 1 is on your right. That puts seat 1 on the edge facing section 156, with seat numbers counting up toward the edge facing section 158. Seat 1 is the end of the row closest to home plate, and higher seat numbers run away from home plate.",not published,"""Rows 2-20, C-W""; ""Behind/Side Stage (most shows)"". ""157 is behind the stage or to the side of the stage for most concerts. This may restrict or limit your view of the performance."" Concert configuration only, not a baseball obstruction. ""While most of the seats are exposed to a good amount of sun for most day games, they are also the best place to sit at Coors Field to catch a home run ball. ... the left field sections contain as many as 23 rows of seating and will have no overhead protection to speak of."" ShadedSeats.com: ""Outfield sections 151-160 and center field sections 401-403 are sun-exposed and receive almost no shade during the day"". Official Rockies concession landmarks: ""Fanfare (hot dogs) - Sections 109, 119, 128, 139, 157, 312, 318, 327, 338, 344, 401, 403"" and ""Portable Grills - Sections 107, 117, 142, 147, 157, 311, 321, 341"".","HIGH - zone, rows, location and seat direction stated by the source"
158,Lower Level (105-160),Lower Level Outfield,"Lower Level Outfield seating is located just behind the outfield walls in right, left, and left-center field.",23,toward third base / left field,"2-20, C-W",W,"Stairway aisles run along both side edges of the section; rows are not split by a mid-row aisle, so seat numbers run continuously from one side aisle to the other. The entry portal is at row W.","Facing the field, seat 1 is on your right. That puts seat 1 on the edge facing section 157, with seat numbers counting up toward the edge facing section 159. Seat 1 is the end of the row closest to home plate, and higher seat numbers run away from home plate.",not published,"""Rows 2-20, C-W""; ""Behind/Side Stage (most shows)"". ""158 is behind the stage or to the side of the stage for most concerts. This may restrict or limit your view of the performance."" Concert configuration only, not a baseball obstruction. ""While most of the seats are exposed to a good amount of sun for most day games, they are also the best place to sit at Coors Field to catch a home run ball. ... the left field sections contain as many as 23 rows of seating and will have no overhead protection to speak of."" ShadedSeats.com: ""Outfield sections 151-160 and center field sections 401-403 are sun-exposed and receive almost no shade during the day"". ""Novelty - Sections 110, 120, 147, 158, 226, 330"".","HIGH - zone, rows, location and seat direction stated by the source"
159,Lower Level (105-160),Lower Level Outfield,"Lower Level Outfield seating is located just behind the outfield walls in right, left, and left-center field.",24,toward third base / left field,2-23,23,"Stairway aisles run along both side edges of the section; rows are not split by a mid-row aisle, so seat numbers run continuously from one side aisle to the other. The entry portal is at row 23.","Facing the field, seat 1 is on your right. That puts seat 1 on the edge facing section 158, with seat numbers counting up toward the edge facing section 160. Seat 1 is the end of the row closest to home plate, and higher seat numbers run away from home plate.",not published,"""Rows 2-23""; ""Behind/Side Stage (most shows)"". ""159 is behind the stage or to the side of the stage for most concerts. This may restrict or limit your view of the performance."" Concert configuration only, not a baseball obstruction. ""While most of the seats are exposed to a good amount of sun for most day games, they are also the best place to sit at Coors Field to catch a home run ball. There are just 14 rows of seating in the right field sections which also have some coverage in the back few rows, while the left field sections contain as many as 23 rows of seating and will have no overhead protection to speak of."" ShadedSeats.com: ""Outfield sections 151-160 and center field sections 401-403 are sun-exposed and receive almost no shade during the day"".","HIGH - zone, rows, location and seat direction stated by the source"
160,Lower Level (105-160),Lower Level Outfield,"Lower Level Outfield seating is located just behind the outfield walls in right, left, and left-center field.",25,toward third base / left field,2-23,23,"Stairway aisles run along both side edges of the section; rows are not split by a mid-row aisle, so seat numbers run continuously from one side aisle to the other. The entry portal is at row 23.","Facing the field, seat 1 is on your right. That puts seat 1 on the edge facing section 159, with seat numbers counting up toward the far edge of the section, with no further section beyond it on that side. Seat 1 is the end of the row closest to home plate, and higher seat numbers run away from home plate.",not published,"""Rows 2-23""; ""Behind/Side Stage (most shows)"". Fan Feedback : ""You have a view of the fountains when the Rockies hit a home run. - It is really a very pretty center field park and from this section you can see the stream that runs through it and the water fall."" (Sec 160 / Baseball). ""160 is behind the stage or to the side of the stage for most concerts. This may restrict or limit your view of the performance."" Concert configuration only, not a baseball obstruction. ""...the left field sections contain as many as 23 rows of seating and will have no overhead protection to speak of."" - the 2-23 range here matches that statement. ShadedSeats.com: ""Outfield sections 151-160 and center field sections 401-403 are sun-exposed and receive almost no shade during the day"".","HIGH - zone, rows, location and seat direction stated by the source"
201,Mezzanine and Club Level (200s),Right Field Mezzanine,"Located in Sections 201-209 in right field on the mezzanine level."" and ""The Right Field Mezzanine consists of Sections 201 through 209 and sits on the second tier of seating in right field at Coors Field.",,not established for this level,1-6,1,"Stairway aisles run along both side edges of the section; rows are not split by a mid-row aisle, so seat numbers run continuously from one side aisle to the other. The entry portal is at row 1.","Facing the field, seat 1 is on your right. That puts seat 1 on the far edge of the section, with no further section beyond it on that side, with seat numbers counting up toward the edge facing section 202.",not published,"""Top Pick for Kids and FamilyRows 4-17""; ""Top Pick for Visiting Team Fans""; ""Rows 4 & Above - Covered""; ""Rows 1-6""; ""Behind/Side Stage (most shows)"". ""For baseball games, we recommend rows 4-17 for kids and family""; ""For baseball games, we recommend these seats for visiting team fans""; ""Rows 4 and above are under cover"". The zone review separately says ""Smaller Sections: No more than 17 rows per section"", which is where the 17 appears to come from, but it is not the row count published for this section. ""201 is behind the stage or to the side of the stage for most concerts. This may restrict or limit your view of the performance."" SUN ( from the zone review): ""Because of the open outfield location, seats in the Right Field Mezzanine can experience significant sun exposure during day games.""","HIGH - zone, rows, location and seat direction stated by the source"
202,Mezzanine and Club Level (200s),Right Field Mezzanine,"Located in Sections 201-209 in right field on the mezzanine level."" and ""Bullpen Views: Sections 202-204 sit directly above the team bullpens."" / ""One unique feature of this area is that Sections 202-204 sit directly above the team bullpens, giving fans a chance to watch pitchers warm up during the game.",,not established for this level,1-6,1,"Stairway aisles run along both side edges of the section; rows are not split by a mid-row aisle, so seat numbers run continuously from one side aisle to the other. The entry portal is at row 1.","Facing the field, seat 1 is on your right. That puts seat 1 on the edge facing section 201, with seat numbers counting up toward the edge facing section 203.",not published,"""Top Pick for Kids and FamilyRows 4-17""; ""Top Pick for Visiting Team Fans""; ""Rows 4 & Above - Covered""; ""Rows 1-6""; ""Behind/Side Stage (most shows)"". ""For baseball games, we recommend rows 4-17 for kids and family""; ""For baseball games, we recommend these seats for visiting team fans""; ""Rows 4 and above are under cover"". ""The bullpens are nestled behind the right-field fence...""), and the relative left/right order of the home and visiting bullpens is UNKNOWN - no source consulted states it. ""202 is behind the stage or to the side of the stage for most concerts. This may restrict or limit your view of the performance."" ""Because of the open outfield location, seats in the Right Field Mezzanine can experience significant sun exposure during day games.""","HIGH - zone, rows, location and seat direction stated by the source"
203,Mezzanine and Club Level (200s),Right Field Mezzanine,"Located in Sections 201-209 in right field on the mezzanine level."" and ""Bullpen Views: Sections 202-204 sit directly above the team bullpens.",,not established for this level,1-6,1,"Stairway aisles run along both side edges of the section; rows are not split by a mid-row aisle, so seat numbers run continuously from one side aisle to the other. The entry portal is at row 1.","Facing the field, seat 1 is on your right. That puts seat 1 on the edge facing section 202, with seat numbers counting up toward the edge facing section 204.",not published,"""Top Pick for Kids and FamilyRows 4-17""; ""Top Pick for Visiting Team Fans""; ""Rows 4 & Above - Covered""; ""Rows 1-6""; ""Behind/Side Stage (most shows)"". ""For baseball games, we recommend rows 4-17 for kids and family""; ""For baseball games, we recommend these seats for visiting team fans""; ""Rows 4 and above are under cover"". Fan Review ( 5 stars): ""Philadelphia Phillies at Colorado Rockies - May 14, 2023"" (Sec 203 / Row 3 / Baseball) - no review text beyond the event title. BULLPENS - the zone review places 202-204 directly above the team bullpens; the relative left/right order of the home and visiting bullpens is ""203 is behind the stage or to the side of the stage for most concerts. This may restrict or limit your view of the performance.""","HIGH - zone, rows, location and seat direction stated by the source"
204,Mezzanine and Club Level (200s),Right Field Mezzanine,"Located in Sections 201-209 in right field on the mezzanine level."" and ""Bullpen Views: Sections 202-204 sit directly above the team bullpens.",,not established for this level,1-12,1,"Stairway aisles run along both side edges of the section; rows are not split by a mid-row aisle, so seat numbers run continuously from one side aisle to the other. The entry portal is at row 1.","Facing the field, seat 1 is on your right. That puts seat 1 on the edge facing section 203, with seat numbers counting up toward the edge facing section 205.",not published,"""Top Pick for Outstanding ConvenienceRows 8-12""; ""Top Pick for Kids and FamilyRows 4-17""; ""Rows 4 & Above - Covered""; ""Rows 1-12""; ""Behind/Side Stage (most shows)"". ""For baseball games, we recommend rows 8-12 for outstanding convenience""; ""For baseball games, we recommend rows 4-17 for kids and family""; ""Rows 4 and above are under cover"". Fan Review ( 5 stars, Sec 204 / Row 4 / Baseball): ""Decent Views For Quasi-Cheap Seats - Wanted to see a game at Coors Field and not pay a ton. Between their bad 2012 start and craigslist, it was relatively easy to find good seats, reasonably priced, from season ticket holders. For Sec. 204-- Pros: good view of most of field, view of mountains to southwest, smaller section with its own, easily accessed concession stand and bathrooms (though it's as easy to get to main concourse).""","HIGH - zone, rows, location and seat direction stated by the source"
205,Mezzanine and Club Level (200s),Right Field Mezzanine,"""Second-Tier Outfield Seating: Located in Sections 201–209 in right field on the mezzanine level."" / ""The Right Field Mezzanine consists of Sections 201 through 209 and sits on the second tier of seating in right field at Coors Field."" (RYS 'Right Field Mezzanine' 2026 zone review, quoted on the Section 205 page. The page states nothing more specific about where Section 205 itself sits within 201-209.)",,not established for this level,"1-17, W",1,"Stairway aisles run along both side edges of the section; rows are not split by a mid-row aisle, so seat numbers run continuously from one side aisle to the other. The entry portal is at row 1.","Facing the field, seat 1 is on your right. That puts seat 1 on the edge facing section 204, with seat numbers counting up toward the edge facing section 206.","Varies by row. RYS Seating and Ticket Q&A (Verified Feb 2026), verbatim: ""In section 205, rows 1 to 6 start with seat 4 and end with seat 24. Seat 4 is on the right aisle, when looking at the field, and seat 24 is on the left. Rows 7 to 11 start with seat 1, which is also on the right, and end with seat 24. Row 11 does not have a 12th seat, so row 11 only has 23 seats instead of 24 seats. Row 12 starts with seat 2 on the right and does not have seat 12 either. Row 12 also ends with seat 24. Lastly, rows 13 to 17 start with seat 13 on the right, and also end with seat 24 on the left.""","""Top Pick for Kids and FamilyRows 4-17"", ""Rows 4 & Above - Covered"", ""Rows 1-17, W"", ""Behind/Side Stage (most shows)"". ""For baseball games, we recommend rows 4-17 for kids and family"", ""Rows 4 and above are under cover"". CONCERT LIMITED VIEW : ""205 is behind the stage or to the side of the stage for most concerts. This may restrict or limit your view of the performance."" This is a concert-stage note, not a baseball obstruction. ""Because of the open outfield location, seats in the Right Field Mezzanine can experience significant sun exposure during day games."" and ""Fans looking for some relief from the sun should consider Rows 5 and higher in sections closer to the right field corner, where the seating deck above begins to provide better overhead coverage."" and ""Bullpen Views: Sections 202–204 sit directly above the team bullpens.""","HIGH - zone, rows, location and seat direction stated by the source"
206,Mezzanine and Club Level (200s),Right Field Mezzanine,"""Second-Tier Outfield Seating: Located in Sections 201–209 in right field on the mezzanine level."" / ""The Right Field Mezzanine consists of Sections 201 through 209 and sits on the second tier of seating in right field at Coors Field."" (RYS 'Right Field Mezzanine' 2026 zone review, quoted on the Section 206 page. The page states nothing more specific about where Section 206 itself sits within 201-209.)",,not established for this level,"1-17, W",1,"Stairway aisles run along both side edges of the section; rows are not split by a mid-row aisle, so seat numbers run continuously from one side aisle to the other. The entry portal is at row 1.","Facing the field, seat 1 is on your right. That puts seat 1 on the edge facing section 205, with seat numbers counting up toward the edge facing section 207.",not published,"""Top Pick for Kids and FamilyRows 4-17"", ""Rows 4 & Above - Covered"", ""Rows 1-17, W"". ""For baseball games, we recommend rows 4-17 for kids and family"", ""Rows 4 and above are under cover"". Fan Review : ""Milwaukee Brewers at Colorado Rockies - Sep 29, 2019 — The view was good, we were close to food"" (Sec 206 / Row 4 • Baseball). ""Because of the open outfield location, seats in the Right Field Mezzanine can experience significant sun exposure during day games."" and ""Fans looking for some relief from the sun should consider Rows 5 and higher in sections closer to the right field corner, where the seating deck above begins to provide better overhead coverage."" and ""Bullpen Views: Sections 202–204 sit directly above the team bullpens.""","HIGH - zone, rows, location and seat direction stated by the source"
207,Mezzanine and Club Level (200s),Right Field Mezzanine,"Located in Sections 201–209 in right field on the mezzanine level."" / ""The Right Field Mezzanine consists of Sections 201 through 209 and sits on the second tier of seating in right field at Coors Field."" A verified fan review on this page adds ""The view was great - from the foul pole right down the right field line to the plate.",,not established for this level,1-17,1,"Stairway aisles run along both side edges of the section; rows are not split by a mid-row aisle, so seat numbers run continuously from one side aisle to the other. The entry portal is at row 1.","Facing the field, seat 1 is on your right. That puts seat 1 on the edge facing section 206, with seat numbers counting up toward the edge facing section 208.",not published,"""Top Pick for Kids and FamilyRows 4-17"", ""Rows 4 & Above - Covered"", ""Rows 1-17"". ""For baseball games, we recommend rows 4-17 for kids and family"", ""Rows 4 and above are under cover"". Fan Review : ""Arizona Diamondbacks at Colorado Rockies - May 4, 2019 — The view was great - from the foul pole right down the right field line to the plate. It allowed for an excellent perspective."" (Sec 207 / Row 7 • Baseball). Seating and Ticket Q&A ( Verified Feb 2026): ""Is Row 16 in Section 207 at Coors Field covered by an overhang?"" — ""Yes, seats in Section 207 Row 16 are covered by an overhang. There are 17 rows in this section so Row 16 is the second to last row. There is a large overhang in this part of the ballpark that covers about half of the section so seats in Row 16 will be covered completely.""","HIGH - zone, rows, location and seat direction stated by the source"
208,Mezzanine and Club Level (200s),Right Field Mezzanine,"""Second-Tier Outfield Seating: Located in Sections 201–209 in right field on the mezzanine level."" / ""The Right Field Mezzanine consists of Sections 201 through 209 and sits on the second tier of seating in right field at Coors Field."" (RYS 'Right Field Mezzanine' 2026 zone review, quoted on the Section 208 page. The page states nothing more specific about where Section 208 itself sits within 201-209.)",,not established for this level,1-17,1,"Stairway aisles run along both side edges of the section; rows are not split by a mid-row aisle, so seat numbers run continuously from one side aisle to the other. The entry portal is at row 1.","Facing the field, seat 1 is on your right. That puts seat 1 on the edge facing section 207, with seat numbers counting up toward the edge facing section 209.",not published,"""Rows 4 & Above - Covered"", ""Rows 1-17"". ""Rows 4 and above are under cover"". NONE. NONE. ""Because of the open outfield location, seats in the Right Field Mezzanine can experience significant sun exposure during day games."" and ""Fans looking for some relief from the sun should consider Rows 5 and higher in sections closer to the right field corner, where the seating deck above begins to provide better overhead coverage."" and ""Bullpen Views: Sections 202–204 sit directly above the team bullpens."" (208 is outside that stated bullpen range). Official Rockies netting runs ""Sections 112-147"" (lower bowl) and does not apply to the 200 level.","HIGH - zone, rows, location and seat direction stated by the source"
209,Mezzanine and Club Level (200s),Right Field Mezzanine,"""Second-Tier Outfield Seating: Located in Sections 201–209 in right field on the mezzanine level."" / ""The Right Field Mezzanine consists of Sections 201 through 209 and sits on the second tier of seating in right field at Coors Field."" (RYS 'Right Field Mezzanine' 2026 zone review, quoted on the Section 209 page. The page states nothing more specific about where Section 209 itself sits within 201-209; 209 is the highest-numbered section RYS assigns to this zone.)",,not established for this level,1-17,1,"Stairway aisles run along both side edges of the section; rows are not split by a mid-row aisle, so seat numbers run continuously from one side aisle to the other. The entry portal is at row 1.","Facing the field, seat 1 is on your right. That puts seat 1 on the edge facing section 208, with seat numbers counting up toward the edge facing section 214.",not published,"""Rows 4 & Above - Covered"", ""Rows 1-17"". ""Rows 4 and above are under cover"". NONE. NONE. ""Because of the open outfield location, seats in the Right Field Mezzanine can experience significant sun exposure during day games."" and ""Fans looking for some relief from the sun should consider Rows 5 and higher in sections closer to the right field corner, where the seating deck above begins to provide better overhead coverage."" and ""Bullpen Views: Sections 202–204 sit directly above the team bullpens."" (209 is outside that stated bullpen range). Official Rockies netting runs ""Sections 112-147"" (lower bowl) and does not apply to the 200 level.","HIGH - zone, rows, location and seat direction stated by the source"
214,Mezzanine and Club Level (200s),Club Level,"""Elevated Views: Located on the second tier of Coors Field (Sections 214–227 and 234–247) with excellent sightlines of the field."" / ""Club Level seats are located on the second tier of Coors Field, running from the first base side through the third base side in Sections 214–227 and 234–247."" (RYS 'Club Level' 2026 zone review, quoted on the Section 214 page. The page does NOT state which side of the diamond Section 214 itself sits on; 214 is the lowest-numbered section RYS assigns to this zone.)",,not established for this level,1-13,13,"Stairway aisles run along both side edges of the section; rows are not split by a mid-row aisle, so seat numbers run continuously from one side aisle to the other. The entry portal is at row 13.","Facing the field, seat 1 is on your right. That puts seat 1 on the edge facing section 209, with seat numbers counting up toward the edge facing section 215.",not published,"""Club Level"", ""Rows 8 & Above - Covered"", ""Rows 1-13"". ""Premium seating area as part of the Club Level"", ""Rows 8 and above are under cover"". NONE. NONE. ""Short Sections: No more than 13 rows per section, allowing easy access to the concourse."", ""Shade in Higher Rows: Rows 8 and higher benefit from overhead coverage from the deck above."", ""Two Full-Service Bars near Sections 221 and 236"", ""Seats on the third base side tend to receive more shade during day games, while seats on the first base side are more exposed to the sun."" Discovery also records a sun contradiction between two RYS pages, both readings preserved: Club Level page - ""Seats on the third base side tend to receive more shade during day games, while seats on the first base side are more exposed to the sun""; Infield Box page - ""Seats along the third base side will typically experience sunlight earlier during day games, while seats along the first base side tend to remain shaded longer"".","HIGH - zone, rows, location and seat direction stated by the source"
215,Mezzanine and Club Level (200s),Club Level,"""Elevated Views: Located on the second tier of Coors Field (Sections 214–227 and 234–247) with excellent sightlines of the field."" / ""Club Level seats are located on the second tier of Coors Field, running from the first base side through the third base side in Sections 214–227 and 234–247."" (RYS 'Club Level' 2026 zone review, quoted on the Section 215 page. The page does NOT state which side of the diamond Section 215 itself sits on.)",,not established for this level,1-13,13,"Stairway aisles run along both side edges of the section; rows are not split by a mid-row aisle, so seat numbers run continuously from one side aisle to the other. The entry portal is at row 13.","Facing the field, seat 1 is on your right. That puts seat 1 on the edge facing section 214, with seat numbers counting up toward the edge facing section 216.",not published,"""Club Level"", ""Rows 8 & Above - Covered"", ""Rows 1-13"". ""Premium seating area as part of the Club Level"", ""Rows 8 and above are under cover"". NONE. NONE. this page defaulted to the Concert tab, headed ""What It's Like to Sit in Section 215 / for Concert / Baseball""; the row and seat-direction lines transcribed above are the same lines RYS shows on every Coors Field section page). ""Short Sections: No more than 13 rows per section, allowing easy access to the concourse."", ""Shade in Higher Rows: Rows 8 and higher benefit from overhead coverage from the deck above."", ""Two Full-Service Bars near Sections 221 and 236"", ""Seats on the third base side tend to receive more shade during day games, while seats on the first base side are more exposed to the sun.""","HIGH - zone, rows, location and seat direction stated by the source"
216,Mezzanine and Club Level (200s),Club Level,"""Elevated Views: Located on the second tier of Coors Field (Sections 214–227 and 234–247) with excellent sightlines of the field."" / ""Club Level seats are located on the second tier of Coors Field, running from the first base side through the third base side in Sections 214–227 and 234–247."" (RYS 'Club Level' 2026 zone review, quoted on the Section 216 page. The page does NOT state which side of the diamond Section 216 itself sits on.)",,not established for this level,1-13,13,"Stairway aisles run along both side edges of the section; rows are not split by a mid-row aisle, so seat numbers run continuously from one side aisle to the other. The entry portal is at row 13.","Facing the field, seat 1 is on your right. That puts seat 1 on the edge facing section 215, with seat numbers counting up toward the edge facing section 217.",not published,"""Club Level"", ""Rows 8 & Above - Covered"", ""Rows 1-13"". ""Premium seating area as part of the Club Level"", ""Rows 8 and above are under cover"". NONE. NONE. ""Short Sections: No more than 13 rows per section, allowing easy access to the concourse."", ""Shade in Higher Rows: Rows 8 and higher benefit from overhead coverage from the deck above."", ""Two Full-Service Bars near Sections 221 and 236"", ""Seats on the third base side tend to receive more shade during day games, while seats on the first base side are more exposed to the sun."" Official Rockies netting runs ""Sections 112-147"" (lower bowl) and does not apply to the 200 level.","HIGH - zone, rows, location and seat direction stated by the source"
217,Mezzanine and Club Level (200s),Club Level,"""Elevated Views: Located on the second tier of Coors Field (Sections 214–227 and 234–247) with excellent sightlines of the field."" / ""Club Level seats are located on the second tier of Coors Field, running from the first base side through the third base side in Sections 214–227 and 234–247."" (RYS 'Club Level' 2026 zone review, quoted on the Section 217 page. The page does NOT state which side of the diamond Section 217 itself sits on.)",,not established for this level,1-13,13,"Stairway aisles run along both side edges of the section; rows are not split by a mid-row aisle, so seat numbers run continuously from one side aisle to the other. The entry portal is at row 13.","Facing the field, seat 1 is on your right. That puts seat 1 on the edge facing section 216, with seat numbers counting up toward the edge facing section 218.",not published,"""Club Level"", ""Rows 8 & Above - Covered"", ""Rows 1-13"". ""Premium seating area as part of the Club Level"", ""Rows 8 and above are under cover"". NONE. NONE. ""Short Sections: No more than 13 rows per section, allowing easy access to the concourse."", ""Shade in Higher Rows: Rows 8 and higher benefit from overhead coverage from the deck above."", ""Two Full-Service Bars near Sections 221 and 236"", ""Seats on the third base side tend to receive more shade during day games, while seats on the first base side are more exposed to the sun."" Official Rockies netting runs ""Sections 112-147"" (lower bowl) and does not apply to the 200 level.","HIGH - zone, rows, location and seat direction stated by the source"
218,Mezzanine and Club Level (200s),Club Level,"""Elevated Views: Located on the second tier of Coors Field (Sections 214–227 and 234–247) with excellent sightlines of the field."" / ""Club Level seats are located on the second tier of Coors Field, running from the first base side through the third base side in Sections 214–227 and 234–247."" (RYS 'Club Level' 2026 zone review, quoted on the Section 218 page. The page does NOT state which side of the diamond Section 218 itself sits on.)",,not established for this level,1-13,13,"Stairway aisles run along both side edges of the section; rows are not split by a mid-row aisle, so seat numbers run continuously from one side aisle to the other. The entry portal is at row 13.","Facing the field, seat 1 is on your right. That puts seat 1 on the edge facing section 217, with seat numbers counting up toward the edge facing section 219.",not published,"""Club Level"", ""Rows 8 & Above - Covered"", ""Rows 1-13"". ""Premium seating area as part of the Club Level"", ""Rows 8 and above are under cover"". NONE. NONE. ""Short Sections: No more than 13 rows per section, allowing easy access to the concourse."", ""Shade in Higher Rows: Rows 8 and higher benefit from overhead coverage from the deck above."", ""Two Full-Service Bars near Sections 221 and 236"", ""Seats on the third base side tend to receive more shade during day games, while seats on the first base side are more exposed to the sun."" Official Rockies netting runs ""Sections 112-147"" (lower bowl) and does not apply to the 200 level.","HIGH - zone, rows, location and seat direction stated by the source"
219,Mezzanine and Club Level (200s),Club Level,"""Elevated Views: Located on the second tier of Coors Field (Sections 214–227 and 234–247) with excellent sightlines of the field."" / ""Club Level seats are located on the second tier of Coors Field, running from the first base side through the third base side in Sections 214–227 and 234–247."" (RYS 'Club Level' 2026 zone review, quoted on the Section 219 page. The page does NOT state which side of the diamond Section 219 itself sits on.)",,not established for this level,"1-11, W",W,"Stairway aisles run along both side edges of the section; rows are not split by a mid-row aisle, so seat numbers run continuously from one side aisle to the other. The entry portal is at row W.","Facing the field, seat 1 is on your right. That puts seat 1 on the edge facing section 218, with seat numbers counting up toward the edge facing section 221.",not published,"""Club Level"", ""Rows 8 & Above - Covered"", ""Rows 1-11, W"". ""Premium seating area as part of the Club Level"", ""Rows 8 and above are under cover"". NONE. NONE. ""Short Sections: No more than 13 rows per section, allowing easy access to the concourse."", ""Shade in Higher Rows: Rows 8 and higher benefit from overhead coverage from the deck above."", ""Two Full-Service Bars near Sections 221 and 236"", ""Seats on the third base side tend to receive more shade during day games, while seats on the first base side are more exposed to the sun."" Official Rockies netting runs ""Sections 112-147"" (lower bowl) and does not apply to the 200 level.","HIGH - zone, rows, location and seat direction stated by the source"
221,Mezzanine and Club Level (200s),Club Level,"Located on the second tier of Coors Field (Sections 214–227 and 234–247) with excellent sightlines of the field."" / ""Club Level seats are located on the second tier of Coors Field, running from the first base side through the third base side in Sections 214–227 and 234–247."" The zone review names this section by number for a landmark: ""Within the concourse, fans will find premium concession stands and two full-service bars located near Sections 221 and 236.",,not established for this level,"1-10, W",W,"Stairway aisles run along both side edges of the section; rows are not split by a mid-row aisle, so seat numbers run continuously from one side aisle to the other. The entry portal is at row W.","Facing the field, seat 1 is on your right. That puts seat 1 on the edge facing section 219, with seat numbers counting up toward the edge facing section 222.",not published,"""Club Level"", ""Rows 8 & Above - Covered"", ""Rows 1-10, W"". ""Premium seating area as part of the Club Level"", ""Rows 8 and above are under cover"". LANDMARK ( from the zone review quoted on this page): ""Two Full-Service Bars near Sections 221 and 236"" and ""Within the concourse, fans will find premium concession stands and two full-service bars located near Sections 221 and 236."" Fan Review : ""Cincinnati Reds at Colorado Rockies - Jul 19, 2026 — Seats were great. Fantastic views, and comfortable. It was very hot that day, so being able to go in the concourse was amazing!"" (Sec 221 / Row 1 • Baseball). NONE. ""Short Sections: No more than 13 rows per section, allowing easy access to the concourse."", ""Shade in Higher Rows: Rows 8 and higher benefit from overhead coverage from the deck above."", ""Seats on the third base side tend to receive more shade during day games, while seats on the first base side are more exposed to the sun.""","HIGH - zone, rows, location and seat direction stated by the source"
222,Mezzanine and Club Level (200s),Club Level,"""Elevated Views: Located on the second tier of Coors Field (Sections 214–227 and 234–247) with excellent sightlines of the field."" / ""Club Level seats are located on the second tier of Coors Field, running from the first base side through the third base side in Sections 214–227 and 234–247."" (RYS 'Club Level' 2026 zone review, quoted on the Section 222 page. The page does NOT state which side of the diamond Section 222 itself sits on.)",,not established for this level,"1-10, C-W",W,"Stairway aisles run along both side edges of the section; rows are not split by a mid-row aisle, so seat numbers run continuously from one side aisle to the other. The entry portal is at row W.","Facing the field, seat 1 is on your right. That puts seat 1 on the edge facing section 221, with seat numbers counting up toward the edge facing section 223.",not published,"""Top Pick for Impressing a Guest"", ""Club Level"", ""Rows 8 & Above - Covered"", ""Rows 1-10, C-W"". ""For baseball games, we recommend these seats for impressing a guest"", ""Premium seating area as part of the Club Level"", ""Rows 8 and above are under cover"". NONE. NONE. this section carries a lettered block C-W behind the numbered rows, with the entrance at Row W - unlike 214-218 and 225-227, which RYS labels ""1-13"" with the entrance at Row 13. ""Short Sections: No more than 13 rows per section, allowing easy access to the concourse."", ""Shade in Higher Rows: Rows 8 and higher benefit from overhead coverage from the deck above."", ""Two Full-Service Bars near Sections 221 and 236"", ""Seats on the third base side tend to receive more shade during day games, while seats on the first base side are more exposed to the sun.""","HIGH - zone, rows, location and seat direction stated by the source"
223,Mezzanine and Club Level (200s),Club Level,"""Elevated Views: Located on the second tier of Coors Field (Sections 214–227 and 234–247) with excellent sightlines of the field."" / ""Club Level seats are located on the second tier of Coors Field, running from the first base side through the third base side in Sections 214–227 and 234–247."" (RYS 'Club Level' 2026 zone review, quoted on the Section 223 page. The page does NOT state which side of the diamond Section 223 itself sits on.)",,not established for this level,"1-11, C-W",W,"Stairway aisles run along both side edges of the section; rows are not split by a mid-row aisle, so seat numbers run continuously from one side aisle to the other. The entry portal is at row W.","Facing the field, seat 1 is on your right. That puts seat 1 on the edge facing section 222, with seat numbers counting up toward the edge facing section 225.",not published,"""Top Pick for Impressing a Guest"", ""Club Level"", ""Rows 8 & Above - Covered"", ""Rows 1-11, C-W"". ""For baseball games, we recommend these seats for impressing a guest"", ""Premium seating area as part of the Club Level"", ""Rows 8 and above are under cover"". Fan Reviews : ""Cincinnati Reds at Colorado Rockies - Jun 5, 2024 — Great location to see all the action. We attended an afternoon game and got a lot of sun and finally moved back several rows to get some shade."" (Sec 223 / Row 3 • Baseball); ""Arizona Diamondbacks at Colorado Rockies - Apr 30, 2023"" (Sec 223 / Row 5 • Baseball; no body text). NONE. lettered block C-W behind the numbered rows, entrance at Row W - unlike 214-218 and 225-227 (""1-13"", entrance Row 13).","HIGH - zone, rows, location and seat direction stated by the source"
225,Mezzanine and Club Level (200s),Club Level,"""Elevated Views: Located on the second tier of Coors Field (Sections 214–227 and 234–247) with excellent sightlines of the field."" / ""Club Level seats are located on the second tier of Coors Field, running from the first base side through the third base side in Sections 214–227 and 234–247."" (RYS 'Club Level' 2026 zone review, quoted on the Section 225 page. The page does NOT state which side of the diamond Section 225 itself sits on.)",,not established for this level,1-13,13,"Stairway aisles run along both side edges of the section; rows are not split by a mid-row aisle, so seat numbers run continuously from one side aisle to the other. The entry portal is at row 13.","Facing the field, seat 1 is on your right. That puts seat 1 on the edge facing section 223, with seat numbers counting up toward the edge facing section 226.",not published,"""Top Pick for Outstanding ConvenienceRows 9-13"", ""Top Pick for Impressing a Guest"", ""Top Pick for Great Views of the FieldRows 5-13"", ""Club Level"", ""Rows 8 & Above - Covered"", ""Rows 1-13"". ""For baseball games, we recommend rows 9-13 for outstanding convenience"", ""For baseball games, we recommend these seats for impressing a guest"", ""For baseball games, we recommend rows 5-13 for great views of the field"", ""Premium seating area as part of the Club Level"", ""Rows 8 and above are under cover"". NONE. NONE. ""Short Sections: No more than 13 rows per section, allowing easy access to the concourse."", ""Shade in Higher Rows: Rows 8 and higher benefit from overhead coverage from the deck above."", ""Two Full-Service Bars near Sections 221 and 236"", ""Seats on the third base side tend to receive more shade during day games, while seats on the first base side are more exposed to the sun.""","HIGH - zone, rows, location and seat direction stated by the source"
226,Mezzanine and Club Level (200s),Club Level,"""Elevated Views: Located on the second tier of Coors Field (Sections 214–227 and 234–247) with excellent sightlines of the field."" / ""Club Level seats are located on the second tier of Coors Field, running from the first base side through the third base side in Sections 214–227 and 234–247."" (RYS 'Club Level' 2026 zone review, quoted on the Section 226 page. The page does NOT state which side of the diamond Section 226 itself sits on.)",,not established for this level,1-13,13,"Stairway aisles run along both side edges of the section; rows are not split by a mid-row aisle, so seat numbers run continuously from one side aisle to the other. The entry portal is at row 13.","Facing the field, seat 1 is on your right. That puts seat 1 on the edge facing section 225, with seat numbers counting up toward the edge facing section 227.",not published,"""Top Pick for Outstanding ConvenienceRows 9-13"", ""Top Pick for Impressing a Guest"", ""Top Pick for Great Views of the FieldRows 5-13"", ""Club Level"", ""Rows 8 & Above - Covered"", ""Rows 1-13"". ""For baseball games, we recommend rows 9-13 for outstanding convenience"", ""For baseball games, we recommend these seats for impressing a guest"", ""For baseball games, we recommend rows 5-13 for great views of the field"", ""Premium seating area as part of the Club Level"", ""Rows 8 and above are under cover"". Fan Reviews : ""In shade half of game — Seats have great view of game and access to club level which was great on super hot (96 degrees) day. Seats got full sun about half way thru the game for a 1:10pm start.""","HIGH - zone, rows, location and seat direction stated by the source"
227,Mezzanine and Club Level (200s),Club Level,"""Elevated Views: Located on the second tier of Coors Field (Sections 214–227 and 234–247) with excellent sightlines of the field."" / ""Club Level seats are located on the second tier of Coors Field, running from the first base side through the third base side in Sections 214–227 and 234–247."" (RYS 'Club Level' 2026 zone review, quoted on the Section 227 page. The page does NOT state which side of the diamond Section 227 itself sits on; 227 is the highest-numbered section in the low Club Level block.)",,not established for this level,1-13,13,"Stairway aisles run along both side edges of the section; rows are not split by a mid-row aisle, so seat numbers run continuously from one side aisle to the other. The entry portal is at row 13.","Facing the field, seat 1 is on your right. That puts seat 1 on the edge facing section 226, with seat numbers counting up toward the edge facing section 234.",not published,"""Top Pick for Impressing a Guest"", ""Club Level"", ""Rows 8 & Above - Covered"", ""Rows 1-13"". ""For baseball games, we recommend these seats for impressing a guest"", ""Premium seating area as part of the Club Level"", ""Rows 8 and above are under cover"". Fan Review : ""Detroit Tigers at Colorado Rockies - Jul 2, 2023 — Great seats!"" (Sec 227 / Row 6 • Baseball). NONE. ""Short Sections: No more than 13 rows per section, allowing easy access to the concourse."", ""Shade in Higher Rows: Rows 8 and higher benefit from overhead coverage from the deck above."", ""Two Full-Service Bars near Sections 221 and 236"", ""Seats on the third base side tend to receive more shade during day games, while seats on the first base side are more exposed to the sun.""","HIGH - zone, rows, location and seat direction stated by the source"
234,Mezzanine and Club Level (200s),Club Level,"Located on the second tier of Coors Field (Sections 214–227 and 234–247) with excellent sightlines of the field."" / ""Club Level seats are located on the second tier of Coors Field, running from the first base side through the third base side in Sections 214–227 and 234–247."" A verified fan review on this page adds ""Seats had a good view slightly left of home plate."" and ""Access to the Wells Fargo club was easy with a short walk up about 10 steps.",,not established for this level,1-13,13,"Stairway aisles run along both side edges of the section; rows are not split by a mid-row aisle, so seat numbers run continuously from one side aisle to the other. The entry portal is at row 13.","Facing the field, seat 1 is on your right. That puts seat 1 on the edge facing section 227, with seat numbers counting up toward the edge facing section 235.",not published,"""Top Pick for Impressing a Guest"", ""Top Pick for Visiting Team FansRows 8-13"", ""Club Level"", ""Rows 8 & Above - Covered"", ""Rows 1-13"". ""For baseball games, we recommend these seats for impressing a guest"", ""For baseball games, we recommend rows 8-13 for visiting team fans"", ""Premium seating area as part of the Club Level"", ""Rows 8 and above are under cover"". Fan Reviews : ""Great view & nice shade — Seats had a good view slightly left of home plate. The view of the entire field was very good too with no blind spots. It was a 90 degree day but we were in the shade the whole time even with a 2:10PM start time. Access to the Wells Fargo club was easy with a short walk up about 10 steps. The seats are wide and have a slight cushion on them for some added comfort.""","HIGH - zone, rows, location and seat direction stated by the source"
235,Mezzanine and Club Level (200s),Club Level,"""Elevated Views: Located on the second tier of Coors Field (Sections 214–227 and 234–247) with excellent sightlines of the field."" / ""Club Level seats are located on the second tier of Coors Field, running from the first base side through the third base side in Sections 214–227 and 234–247."" (RYS 'Club Level' 2026 zone review, quoted on the Section 235 page. The page does NOT state which side of the diamond Section 235 itself sits on.)",,not established for this level,1-13,13,"Stairway aisles run along both side edges of the section; rows are not split by a mid-row aisle, so seat numbers run continuously from one side aisle to the other. The entry portal is at row 13.","Facing the field, seat 1 is on your right. That puts seat 1 on the edge facing section 234, with seat numbers counting up toward the edge facing section 236.",not published,"""Top Pick for Impressing a Guest"", ""Top Pick for Visiting Team FansRows 8-13"", ""Top Pick for Great Views of the FieldRows 5-13"", ""Club Level"", ""Rows 8 & Above - Covered"", ""Rows 1-13"". ""For baseball games, we recommend these seats for impressing a guest"", ""For baseball games, we recommend rows 8-13 for visiting team fans"", ""For baseball games, we recommend rows 5-13 for great views of the field"", ""Premium seating area as part of the Club Level"", ""Rows 8 and above are under cover"". Fan Reviews : ""Los Angeles Dodgers at Colorado Rockies - Jun 17, 2024 — Seats had awesome views and were about a 20 second walk to food, drink, and restrooms. A foul ball landed about 20ft away as well so you may have a chance to snag one!""","HIGH - zone, rows, location and seat direction stated by the source"
236,Mezzanine and Club Level (200s),Club Level,"Located on the second tier of Coors Field (Sections 214–227 and 234–247) with excellent sightlines of the field."" / ""Club Level seats are located on the second tier of Coors Field, running from the first base side through the third base side in Sections 214–227 and 234–247."" The zone review names this section by number for a landmark: ""Within the concourse, fans will find premium concession stands and two full-service bars located near Sections 221 and 236.",,not established for this level,1-13,13,"Stairway aisles run along both side edges of the section; rows are not split by a mid-row aisle, so seat numbers run continuously from one side aisle to the other. The entry portal is at row 13.","Facing the field, seat 1 is on your right. That puts seat 1 on the edge facing section 235, with seat numbers counting up toward the edge facing section 238.",not published,"""Top Pick for Impressing a Guest"", ""Top Pick for Visiting Team FansRows 8-13"", ""Top Pick for Great Views of the FieldRows 5-13"", ""Club Level"", ""Rows 8 & Above - Covered"", ""Rows 1-13"". ""For baseball games, we recommend these seats for impressing a guest"", ""For baseball games, we recommend rows 8-13 for visiting team fans"", ""For baseball games, we recommend rows 5-13 for great views of the field"", ""Premium seating area as part of the Club Level"", ""Rows 8 and above are under cover"". LANDMARK ( from the zone review quoted on this page): ""Two Full-Service Bars near Sections 221 and 236"". Fan Reviews : ""Pittsburgh Pirates at Colorado Rockies - Sep 1, 2019 — Great club level seats. 2 foul balls landed in our row and 2 others just about 6 seats away.""","HIGH - zone, rows, location and seat direction stated by the source"
238,Mezzanine and Club Level (200s),Club Level,"""Club Level seats are located on the second tier of Coors Field, running from the first base side through the third base side in Sections 214–227 and 234–247."" / ""Elevated Views: Located on the second tier of Coors Field (Sections 214–227 and 234–247) with excellent sightlines of the field."" (discovery.numbering_direction places the 234-247 block on the THIRD BASE side; the RYS page itself does not say which of the two blocks 238 belongs to)",,not established for this level,"1-11, C-W",W,"Stairway aisles run along both side edges of the section; rows are not split by a mid-row aisle, so seat numbers run continuously from one side aisle to the other. The entry portal is at row W.","Facing the field, seat 1 is on your right. That puts seat 1 on the edge facing section 236, with seat numbers counting up toward the edge facing section 239.",not published,"""Top Pick for Impressing a Guest"", ""Rows 8 & Above - Covered"", ""Rows 1-11, C-W"". ""For baseball games, we recommend these seats for impressing a guest""; ""Rows 8 and above are under cover"". Coverage ( Club Level review): ""Shade in Higher Rows: Rows 8 and higher benefit from overhead coverage from the deck above."" Sun ( Club Level review): ""Seats on the third base side tend to receive more shade during day games, while seats on the first base side are more exposed to the sun."" This agrees with discovery.orientation (ShadedSeats: third base = shade side at Coors, first base/right field = sunny side). Amenities : ""Two Full-Service Bars near Sections 221 and 236""; ""Short Sections: No more than 13 rows per section"".","HIGH - zone, rows, location and seat direction stated by the source"
239,Mezzanine and Club Level (200s),Club Level,"""Club Level seats are located on the second tier of Coors Field, running from the first base side through the third base side in Sections 214–227 and 234–247."" / ""Elevated Views: Located on the second tier of Coors Field (Sections 214–227 and 234–247) with excellent sightlines of the field."" (discovery.numbering_direction places the 234-247 block on the THIRD BASE side; the RYS page itself does not say which of the two blocks 239 belongs to)",,not established for this level,"1-10, C-W",W,"Stairway aisles run along both side edges of the section; rows are not split by a mid-row aisle, so seat numbers run continuously from one side aisle to the other. The entry portal is at row W.","Facing the field, seat 1 is on your right. That puts seat 1 on the edge facing section 238, with seat numbers counting up toward the edge facing section 241.",not published,"""Top Pick for Impressing a Guest"", ""Rows 8 & Above - Covered"", ""Rows 1-10, C-W"". ""For baseball games, we recommend these seats for impressing a guest""; ""Rows 8 and above are under cover"". Coverage : ""Shade in Higher Rows: Rows 8 and higher benefit from overhead coverage from the deck above."" Sun : ""Seats on the third base side tend to receive more shade during day games, while seats on the first base side are more exposed to the sun."" Agrees with discovery.orientation. Amenities : ""Two Full-Service Bars near Sections 221 and 236"". Lettered C-W rows match discovery.row_seat_conventions. Official netting run ""Sections 112-147"" is lower-level only and does not apply here; no obstruction stated on this page.","HIGH - zone, rows, location and seat direction stated by the source"
241,Mezzanine and Club Level (200s),Club Level,"""Club Level seats are located on the second tier of Coors Field, running from the first base side through the third base side in Sections 214–227 and 234–247."" / ""Elevated Views: Located on the second tier of Coors Field (Sections 214–227 and 234–247) with excellent sightlines of the field."" (discovery.numbering_direction places the 234-247 block on the THIRD BASE side; the RYS page itself does not say which of the two blocks 241 belongs to)",,not established for this level,"1-10, W",W,"Stairway aisles run along both side edges of the section; rows are not split by a mid-row aisle, so seat numbers run continuously from one side aisle to the other. The entry portal is at row W.","Facing the field, seat 1 is on your right. That puts seat 1 on the edge facing section 239, with seat numbers counting up toward the edge facing section 242.",not published,"""Top Pick for Outstanding Convenience"", ""Rows 8 & Above - Covered"", ""Rows 1-10, W"". ""For baseball games, we recommend these seats for outstanding convenience""; ""Rows 8 and above are under cover"". Fan Review : ""Great view of the entire field"" - Sec 241 / Row 1 • Baseball. Coverage : ""Shade in Higher Rows: Rows 8 and higher benefit from overhead coverage from the deck above."" Sun : ""Seats on the third base side tend to receive more shade during day games, while seats on the first base side are more exposed to the sun."" Agrees with discovery.orientation. Official netting run ""Sections 112-147"" is lower-level only; no obstruction stated on this page.","HIGH - zone, rows, location and seat direction stated by the source"
242,Mezzanine and Club Level (200s),Club Level,"""Club Level seats are located on the second tier of Coors Field, running from the first base side through the third base side in Sections 214–227 and 234–247."" A verified fan review on this page places the section specifically: ""These seats were just above third base in the shade, club level."" (agrees with discovery.numbering_direction, which places 234-247 on the THIRD BASE side)",,not established for this level,"1-11, W",W,"Stairway aisles run along both side edges of the section; rows are not split by a mid-row aisle, so seat numbers run continuously from one side aisle to the other. The entry portal is at row W.","Facing the field, seat 1 is on your right. That puts seat 1 on the edge facing section 241, with seat numbers counting up toward the edge facing section 243.",not published,"""Top Pick for Outstanding Convenience"", ""Rows 8 & Above - Covered"", ""Rows 1-11, W"". ""For baseball games, we recommend these seats for outstanding convenience""; ""Rows 8 and above are under cover"". Fan Review : ""San Francisco Giants at Colorado Rockies - Jul 15, 2019 — These seats were just above third base in the shade, club level. The attendants made sure people were properly sitting in their seats and not blocking the view of others and children were not allowed to run and romp on the stairs. On a 90 degree day, we were very comfortable - even when the game went to crap."" - Sec 242 / Row 10 • Baseball. Fan Feedback : ""You can sit in the Club Level and get treated right. — Have access to an air conditioned concourse"" - Sec 242 • Baseball.","HIGH - zone, rows, location and seat direction stated by the source"
243,Mezzanine and Club Level (200s),Club Level,"""Club Level seats are located on the second tier of Coors Field, running from the first base side through the third base side in Sections 214–227 and 234–247."" / ""Elevated Views: Located on the second tier of Coors Field (Sections 214–227 and 234–247) with excellent sightlines of the field."" (discovery.numbering_direction places the 234-247 block on the THIRD BASE side; the RYS page itself does not say which of the two blocks 243 belongs to)",,not established for this level,1-13,13,"Stairway aisles run along both side edges of the section; rows are not split by a mid-row aisle, so seat numbers run continuously from one side aisle to the other. The entry portal is at row 13.","Facing the field, seat 1 is on your right. That puts seat 1 on the edge facing section 242, with seat numbers counting up toward the edge facing section 244.",not published,"""Top Pick for Great Views of the Field Rows 8-13"", ""Rows 8 & Above - Covered"", ""Rows 1-13"". ""For baseball games, we recommend rows 8-13 for great views of the field""; ""Rows 8 and above are under cover"". Coverage : ""Shade in Higher Rows: Rows 8 and higher benefit from overhead coverage from the deck above."" Sun : ""Seats on the third base side tend to receive more shade during day games, while seats on the first base side are more exposed to the sun."" Agrees with discovery.orientation. Amenities : ""Short Sections: No more than 13 rows per section, allowing easy access to the concourse."" Official netting run ""Sections 112-147"" is lower-level only; no obstruction stated on this page.","HIGH - zone, rows, location and seat direction stated by the source"
244,Mezzanine and Club Level (200s),Club Level,"""Club Level seats are located on the second tier of Coors Field, running from the first base side through the third base side in Sections 214–227 and 234–247."" / ""Elevated Views: Located on the second tier of Coors Field (Sections 214–227 and 234–247) with excellent sightlines of the field."" (discovery.numbering_direction places the 234-247 block on the THIRD BASE side; the RYS page itself does not say which of the two blocks 244 belongs to)",,not established for this level,1-13,13,"Stairway aisles run along both side edges of the section; rows are not split by a mid-row aisle, so seat numbers run continuously from one side aisle to the other. The entry portal is at row 13.","Facing the field, seat 1 is on your right. That puts seat 1 on the edge facing section 243, with seat numbers counting up toward the edge facing section 245.",not published,"""Top Pick for Outstanding Convenience Rows 9-13"", ""Top Pick for Great Views of the Field Rows 8-13"", ""Rows 8 & Above - Covered"", ""Rows 1-13"". ""For baseball games, we recommend rows 9-13 for outstanding convenience""; ""For baseball games, we recommend rows 8-13 for great views of the field""; ""Rows 8 and above are under cover"". Coverage : ""Shade in Higher Rows: Rows 8 and higher benefit from overhead coverage from the deck above."" Sun : ""Seats on the third base side tend to receive more shade during day games, while seats on the first base side are more exposed to the sun."" Agrees with discovery.orientation. Official netting run ""Sections 112-147"" is lower-level only; no obstruction stated on this page.","HIGH - zone, rows, location and seat direction stated by the source"
245,Mezzanine and Club Level (200s),Club Level,"""Club Level seats are located on the second tier of Coors Field, running from the first base side through the third base side in Sections 214–227 and 234–247."" / ""Elevated Views: Located on the second tier of Coors Field (Sections 214–227 and 234–247) with excellent sightlines of the field."" (discovery.numbering_direction places the 234-247 block on the THIRD BASE side; the RYS page itself does not say which of the two blocks 245 belongs to)",,not established for this level,1-13,13,"Stairway aisles run along both side edges of the section; rows are not split by a mid-row aisle, so seat numbers run continuously from one side aisle to the other. The entry portal is at row 13.","Facing the field, seat 1 is on your right. That puts seat 1 on the edge facing section 244, with seat numbers counting up toward the edge facing section 246.",not published,"""Top Pick for Outstanding Convenience Rows 9-13"", ""Rows 8 & Above - Covered"", ""Rows 1-13"". ""For baseball games, we recommend rows 9-13 for outstanding convenience""; ""Rows 8 and above are under cover"". Fan Review ( 5 stars, title only): ""Boston Red Sox at Colorado Rockies - Jul 23, 2024"" - Sec 245 / Row 1 • Baseball. Coverage : ""Shade in Higher Rows: Rows 8 and higher benefit from overhead coverage from the deck above."" Sun : ""Seats on the third base side tend to receive more shade during day games, while seats on the first base side are more exposed to the sun."" Agrees with discovery.orientation. Official netting run ""Sections 112-147"" is lower-level only; no obstruction stated on this page.","HIGH - zone, rows, location and seat direction stated by the source"
246,Mezzanine and Club Level (200s),Club Level,"""Club Level seats are located on the second tier of Coors Field, running from the first base side through the third base side in Sections 214–227 and 234–247."" / ""Elevated Views: Located on the second tier of Coors Field (Sections 214–227 and 234–247) with excellent sightlines of the field."" (discovery.numbering_direction places the 234-247 block on the THIRD BASE side; the RYS page itself does not say which of the two blocks 246 belongs to)",,not established for this level,1-13,13,"Stairway aisles run along both side edges of the section; rows are not split by a mid-row aisle, so seat numbers run continuously from one side aisle to the other. The entry portal is at row 13.","Facing the field, seat 1 is on your right. That puts seat 1 on the edge facing section 245, with seat numbers counting up toward the edge facing section 247.",not published,"""Club Level"", ""Rows 8 & Above - Covered"", ""Rows 1-13"". ""Premium seating area as part of the Club Level""; ""Rows 8 and above are under cover"". Coverage : ""Shade in Higher Rows: Rows 8 and higher benefit from overhead coverage from the deck above."" Sun : ""Seats on the third base side tend to receive more shade during day games, while seats on the first base side are more exposed to the sun."" Agrees with discovery.orientation. Official netting run ""Sections 112-147"" is lower-level only; no obstruction stated on this page.","HIGH - zone, rows, location and seat direction stated by the source"
247,Mezzanine and Club Level (200s),Club Level,"""Club Level seats are located on the second tier of Coors Field, running from the first base side through the third base side in Sections 214–227 and 234–247."" / ""Elevated Views: Located on the second tier of Coors Field (Sections 214–227 and 234–247) with excellent sightlines of the field."" (discovery.numbering_direction places 247 at the high end of the 234-247 block, i.e. the THIRD BASE / left-field-corner end, and the official Rockies Access Guide puts Gate E and an elevator at lower-level Section 147 on that same side; the RYS page itself does not state which side 247 is on)",,not established for this level,1-13,13,"Stairway aisles run along both side edges of the section; rows are not split by a mid-row aisle, so seat numbers run continuously from one side aisle to the other. The entry portal is at row 13.","Facing the field, seat 1 is on your right. That puts seat 1 on the edge facing section 246, with seat numbers counting up toward the far edge of the section, with no further section beyond it on that side.",not published,"""Club Level"", ""Rows 8 & Above - Covered"", ""Rows 1-13"". ""Premium seating area as part of the Club Level""; ""Rows 8 and above are under cover"". Coverage : ""Shade in Higher Rows: Rows 8 and higher benefit from overhead coverage from the deck above."" Sun : ""Seats on the third base side tend to receive more shade during day games, while seats on the first base side are more exposed to the sun."" Agrees with discovery.orientation. Note this page defaults to the Concert tab (""for Concert / Baseball"") whereas the other club section pages default to Baseball; no concert limited-view warning is shown for 247. Official netting run ""Sections 112-147"" is lower-level only; no obstruction stated on this page.","HIGH - zone, rows, location and seat direction stated by the source"
301,Upper Reserve Level (300s),Reserve Level Outfield,"""Reserve Level Outfield is the highest tier of outfield seating on the right field side of Coors Field."" (same ""Center field seats will have a tough viewing angle to the videoboard, and fans closer to the right field corner will stay closer to the Blue Moon Brewery down the first base line."")",26,toward first base / right field,"1-5, W",W,"Stairway aisles run along both side edges of the section; rows are not split by a mid-row aisle, so seat numbers run continuously from one side aisle to the other. The entry portal is at row W.","Facing the field, seat 1 is on your right. That puts seat 1 on the far edge of the section, with no further section beyond it on that side, with seat numbers counting up toward the edge facing section 302. Seat 1 is the end of the row farthest from home plate, and higher seat numbers run back toward home plate.",not published,"""Rows 1-5, W"", ""Behind/Side Stage (most shows)"". Fan Feedback : ""Sit in the last row and the last seat. Heck of a view of the city."" - Sec 301 • Baseball. ""301 is behind the stage or to the side of the stage for most concerts. This may restrict or limit your view of the performance."" This is a concert warning only, not a baseball obstruction (matches discovery.known_obstructions). Sun ( Reserve Level Outfield review): ""Sun exposure will be some of the heaviest in these seats."" Agrees with discovery.orientation (right field is the sunny side at Coors). Videoboard : ""Center field seats will have a tough viewing angle to the videoboard"" - discovery notes the main board sits beyond the left-field bleachers.","HIGH - zone, rows, location and seat direction stated by the source"
302,Upper Reserve Level (300s),Reserve Level Outfield,Reserve Level Outfield is the highest tier of outfield seating on the right field side of Coors Field.,25,toward first base / right field,1-5,5,"Stairway aisles run along both side edges of the section; rows are not split by a mid-row aisle, so seat numbers run continuously from one side aisle to the other. The entry portal is at row 5.","Facing the field, seat 1 is on your right. That puts seat 1 on the edge facing section 301, with seat numbers counting up toward the edge facing section 303. Seat 1 is the end of the row farthest from home plate, and higher seat numbers run back toward home plate.",not published,"Both readings are recorded ; the rows field uses the explicit Row Numbers statement (1-5). ""302 is behind the stage or to the side of the stage for most concerts. This may restrict or limit your view of the performance."" Concert warning only, not a baseball obstruction. Sun : ""Sun exposure will be some of the heaviest in these seats."" Agrees with discovery.orientation (right field is the sunny side at Coors). Videoboard : ""Center field seats will have a tough viewing angle to the videoboard"".","HIGH - zone, rows, location and seat direction stated by the source"
303,Upper Reserve Level (300s),Reserve Level Outfield,Reserve Level Outfield is the highest tier of outfield seating on the right field side of Coors Field.,24,toward first base / right field,1-5,5,"Stairway aisles run along both side edges of the section; rows are not split by a mid-row aisle, so seat numbers run continuously from one side aisle to the other. The entry portal is at row 5.","Facing the field, seat 1 is on your right. That puts seat 1 on the edge facing section 302, with seat numbers counting up toward the edge facing section 304. Seat 1 is the end of the row farthest from home plate, and higher seat numbers run back toward home plate.",not published,"""Rows 1-5"", ""Behind/Side Stage (most shows)"". ""303 is behind the stage or to the side of the stage for most concerts. This may restrict or limit your view of the performance."" Concert warning only, not a baseball obstruction. Sun : ""Sun exposure will be some of the heaviest in these seats."" Agrees with discovery.orientation. Videoboard : ""Center field seats will have a tough viewing angle to the videoboard"". Discovery's accessibility landmark list places the CHUBurger concession at ""Section 303"" (source: official Rockies Access Guide) - not stated on this RYS page.","HIGH - zone, rows, location and seat direction stated by the source"
304,Upper Reserve Level (300s),Reserve Level Outfield,Reserve Level Outfield is the highest tier of outfield seating on the right field side of Coors Field.,23,toward first base / right field,1-5,5,"Stairway aisles run along both side edges of the section; rows are not split by a mid-row aisle, so seat numbers run continuously from one side aisle to the other. The entry portal is at row 5.","Facing the field, seat 1 is on your right. That puts seat 1 on the edge facing section 303, with seat numbers counting up toward the edge facing section 305. Seat 1 is the end of the row farthest from home plate, and higher seat numbers run back toward home plate.",not published,"""Rows 1-5"", ""Behind/Side Stage (most shows)"". Fan Review : ""Great view all around with the Rocky Mountains"" - Sec 304 / Row 2 • Baseball. ""304 is behind the stage or to the side of the stage for most concerts. This may restrict or limit your view of the performance."" Concert warning only, not a baseball obstruction. Sun : ""Sun exposure will be some of the heaviest in these seats."" Agrees with discovery.orientation. Videoboard : ""Center field seats will have a tough viewing angle to the videoboard"".","HIGH - zone, rows, location and seat direction stated by the source"
305,Upper Reserve Level (300s),Reserve Level Outfield,Reserve Level Outfield is the highest tier of outfield seating on the right field side of Coors Field.,22,toward first base / right field,"1-5, W",W,"Stairway aisles run along both side edges of the section; rows are not split by a mid-row aisle, so seat numbers run continuously from one side aisle to the other. The entry portal is at row W.","Facing the field, seat 1 is on your right. That puts seat 1 on the edge facing section 304, with seat numbers counting up toward the edge facing section 306. Seat 1 is the end of the row farthest from home plate, and higher seat numbers run back toward home plate.",not published,"""Rows 1-5, W"", ""Behind/Side Stage (most shows)"". ""305 is behind the stage or to the side of the stage for most concerts. This may restrict or limit your view of the performance."" Concert warning only, not a baseball obstruction. Sun : ""Sun exposure will be some of the heaviest in these seats."" Agrees with discovery.orientation. Videoboard : ""Center field seats will have a tough viewing angle to the videoboard"".","HIGH - zone, rows, location and seat direction stated by the source"
306,Upper Reserve Level (300s),Reserve Level Outfield,Reserve Level Outfield is the highest tier of outfield seating on the right field side of Coors Field.,21,toward first base / right field,1-5,5,"Stairway aisles run along both side edges of the section; rows are not split by a mid-row aisle, so seat numbers run continuously from one side aisle to the other. The entry portal is at row 5.","Facing the field, seat 1 is on your right. That puts seat 1 on the edge facing section 305, with seat numbers counting up toward the edge facing section 307. Seat 1 is the end of the row farthest from home plate, and higher seat numbers run back toward home plate.",not published,"""Rows 1-5"". unlike neighbouring sections 301-305, this page carries NO ""Behind/Side Stage (most shows)"" insight and NO concert limited-view warning. Sun : ""Sun exposure will be some of the heaviest in these seats."" Agrees with discovery.orientation. Videoboard : ""Center field seats will have a tough viewing angle to the videoboard"". Discovery's accessibility landmark list places an ATM ""Behind section 306 - The Rooftop, next to Fan Accomodations"" (source: official Rockies Access Guide) - not stated on this RYS page.","HIGH - zone, rows, location and seat direction stated by the source"
307,Upper Reserve Level (300s),Reserve Level Outfield,Reserve Level Outfield is the highest tier of outfield seating on the right field side of Coors Field.,20,toward first base / right field,1-5,5,"Stairway aisles run along both side edges of the section; rows are not split by a mid-row aisle, so seat numbers run continuously from one side aisle to the other. The entry portal is at row 5.","Facing the field, seat 1 is on your right. That puts seat 1 on the edge facing section 306, with seat numbers counting up toward the edge facing section 308. Seat 1 is the end of the row farthest from home plate, and higher seat numbers run back toward home plate.",not published,"""Rows 1-5"". Sun : ""Sun exposure will be some of the heaviest in these seats."" Agrees with discovery.orientation. Videoboard : ""Center field seats will have a tough viewing angle to the videoboard"". Home runs : ""Home run balls this high up are a rarity even in the thin air of the Rocky Mountains.""","HIGH - zone, rows, location and seat direction stated by the source"
308,Upper Reserve Level (300s),Reserve Level Outfield,Reserve Level Outfield is the highest tier of outfield seating on the right field side of Coors Field.,19,toward first base / right field,"1-5, W",W,"Stairway aisles run along both side edges of the section; rows are not split by a mid-row aisle, so seat numbers run continuously from one side aisle to the other. The entry portal is at row W.","Facing the field, seat 1 is on your right. That puts seat 1 on the edge facing section 307, with seat numbers counting up toward the edge facing section 309. Seat 1 is the end of the row farthest from home plate, and higher seat numbers run back toward home plate.",not published,"""Top Pick for Outstanding Convenience Rows 2-W"", ""Rows 1-5, W"". ""For baseball games, we recommend rows 2-W for outstanding convenience"" - here the ""Rows 2-W"" reference is consistent with the published row labels, which do include W (contrast section 302, where the identical ""rows 2-W"" wording appears alongside a label list of ""1-5"" with no W). Sun : ""Sun exposure will be some of the heaviest in these seats."" Agrees with discovery.orientation. Videoboard : ""Center field seats will have a tough viewing angle to the videoboard"".","HIGH - zone, rows, location and seat direction stated by the source"
309,Upper Reserve Level (300s),Reserve Level Outfield,"""Reserve Level Outfield is the highest tier of outfield seating on the right field side of Coors Field."" (this page's panoramic photo is captioned ""Baseball Seat View From Section 309/310/311"")",18,toward first base / right field,"1-5, W",W,"Stairway aisles run along both side edges of the section; rows are not split by a mid-row aisle, so seat numbers run continuously from one side aisle to the other. The entry portal is at row W.","Facing the field, seat 1 is on your right. That puts seat 1 on the edge facing section 308, with seat numbers counting up toward the edge facing section 310. Seat 1 is the end of the row farthest from home plate, and higher seat numbers run back toward home plate.",not published,"""Rows 1-5, W"". Sun : ""Sun exposure will be some of the heaviest in these seats."" Agrees with discovery.orientation. Videoboard : ""Center field seats will have a tough viewing angle to the videoboard, and fans closer to the right field corner will stay closer to the Blue Moon Brewery down the first base line.""","HIGH - zone, rows, location and seat direction stated by the source"
310,Upper Reserve Level (300s),Reserve Level Outfield,"""Reserve Level Outfield is the highest tier of outfield seating on the right field side of Coors Field.""",17,toward first base / right field,12-25,12,"Stairway aisles run along both side edges of the section; rows are not split by a mid-row aisle, so seat numbers run continuously from one side aisle to the other. The entry portal is at row 12.","Facing the field, seat 1 is on your right. That puts seat 1 on the edge facing section 309, with seat numbers counting up toward the edge facing section 311. Seat 1 is the end of the row farthest from home plate, and higher seat numbers run back toward home plate.",not published,"""Rows 19 & Above - Covered"", ""Rows 12-25"". ""Rows 19 and above are under cover"". NOTE the row range starts at 12, not 1 - no source consulted states why sections 310's rows begin at 12 while its neighbour 311 is labelled 1-25; do not assume rows 1-11 exist here. Sun : ""Sun exposure will be some of the heaviest in these seats."" Agrees with discovery.orientation (right field / first base side is the sunny side at Coors). Videoboard : ""Center field seats will have a tough viewing angle to the videoboard, and fans closer to the right field corner will stay closer to the Blue Moon Brewery down the first base line."" ""Baseball Seat View From Section 310, Row 20""; ""Baseball Seat View From Section 309/310/311"".","HIGH - zone, rows, location and seat direction stated by the source"
311,Upper Reserve Level (300s),Reserve Level Down the Line,"""Sitting on the Reserve Level between the corner bases and the foul poles will leave you with some of the furthest views for a Rockies game at Coors Field."" ""Scoreboard watchers get a better angle to the left field videoboard from the first base side, and will also be closer to Blue Moon Brewery (near Section 314).""",16,toward first base / right field,1-25,6,"Stairway aisles run along both side edges of the section; rows are not split by a mid-row aisle, so seat numbers run continuously from one side aisle to the other. The entry portal is at row 6.","Facing the field, seat 1 is on your right. That puts seat 1 on the edge facing section 310, with seat numbers counting up toward the edge facing section 312. Seat 1 is the end of the row farthest from home plate, and higher seat numbers run back toward home plate.",not published,"""Rows 19 & Above - Covered"", ""Rows 1-25"". ""Rows 19 and above are under cover"". 301-310 all carry the ""Reserve Level Outfield"" expert review, while 311 is the first section in this batch to carry ""Reserve Level Down the Line"" - the boundary between the two zones therefore falls between 310 and 311 per RateYourSeats. Sun ( Reserve Level Down the Line review): ""Seats on the first base side will see a heavy dose of sun during day games, so fans looking for shade are advised to consider the third base side (sun will be at your back earlier)."" This agrees with discovery.orientation (ShadedSeats: at Coors the third base side is the shade side and the first base side is the sunny side). This page defaults to the Concert tab (""for Concert / Baseball"") but carries no concert limited-view warning.","HIGH - zone, rows, location and seat direction stated by the source"
312,Upper Reserve Level (300s),Reserve Level Down the Line,"""Sitting on the Reserve Level between the corner bases and the foul poles will leave you with some of the furthest views for a Rockies game at Coors Field."" (RYS Expert Review headed ""Reserve Level Down the Line"", carried on the Section 312 page.) The page gives NO location sentence specific to Section 312 itself - only the zone review. ""Coors Field > Seating > Sections > 312"".",15,toward first base / right field,1-25,6,"Stairway aisles run along both side edges of the section; rows are not split by a mid-row aisle, so seat numbers run continuously from one side aisle to the other. The entry portal is at row 6.","Facing the field, seat 1 is on your right. That puts seat 1 on the edge facing section 311, with seat numbers counting up toward the edge facing section 313. Seat 1 is the end of the row farthest from home plate, and higher seat numbers run back toward home plate.",not published,"""Rows 19 & Above - Covered"" / ""Rows 1-25"". Row Numbers : ""Rows in Section 312 are labeled 1-25"", ""An entrance to this section is located at Row 6"". ""Rows 19 and above are under cover"". Sun, from the same zone review : ""Seats on the first base side will see a heavy dose of sun during day games, so fans looking for shade are advised to consider the third base side (sun will be at your back earlier). Scoreboard watchers get a better angle to the left field videoboard from the first base side, and will also be closer to Blue Moon Brewery (near Section 314).""","HIGH - zone, rows, location and seat direction stated by the source"
313,Upper Reserve Level (300s),Reserve Level Down the Line,"""Sitting on the Reserve Level between the corner bases and the foul poles will leave you with some of the furthest views for a Rockies game at Coors Field."" (RYS Expert Review headed ""Reserve Level Down the Line"", carried on the Section 313 page.) The page gives NO location sentence specific to Section 313 itself.",14,toward first base / right field,1-25,6,"Stairway aisles run along both side edges of the section; rows are not split by a mid-row aisle, so seat numbers run continuously from one side aisle to the other. The entry portal is at row 6.","Facing the field, seat 1 is on your right. That puts seat 1 on the edge facing section 312, with seat numbers counting up toward the edge facing section 314. Seat 1 is the end of the row farthest from home plate, and higher seat numbers run back toward home plate.",not published,"""Top Pick for Partying and Socializing"" / ""Rows 19 & Above - Covered"" / ""Rows 1-25"". Row Numbers : ""Rows in Section 313 are labeled 1-25"", ""An entrance to this section is located at Row 6"". ""For baseball games, we recommend these seats for partying and socializing"" / ""Rows 19 and above are under cover"". Sun, from the same zone review : ""Seats on the first base side will see a heavy dose of sun during day games, so fans looking for shade are advised to consider the third base side (sun will be at your back earlier).""","HIGH - zone, rows, location and seat direction stated by the source"
314,Upper Reserve Level (300s),Reserve Level Down the Line,"""Sitting on the Reserve Level between the corner bases and the foul poles will leave you with some of the furthest views for a Rockies game at Coors Field. ... Scoreboard watchers get a better angle to the left field videoboard from the first base side, and will also be closer to Blue Moon Brewery (near Section 314)."" (RYS Expert Review headed ""Reserve Level Down the Line"", carried on the Section 314 page.) This is the only sentence on the page naming Section 314 by position, and it puts 314 on the FIRST BASE side near the Blue Moon Brewery.",13,toward first base / right field,12-25,12,"Stairway aisles run along both side edges of the section; rows are not split by a mid-row aisle, so seat numbers run continuously from one side aisle to the other. The entry portal is at row 12.","Facing the field, seat 1 is on your right. That puts seat 1 on the edge facing section 313, with seat numbers counting up toward the edge facing section 315. Seat 1 is the end of the row farthest from home plate, and higher seat numbers run back toward home plate.",not published,"""Top Pick for Partying and Socializing"" / ""Rows 19 & Above - Covered"" / ""Rows 12-25"". Row Numbers : ""Rows in Section 314 are labeled 12-25"", ""An entrance to this section is located at Row 12"". NOTE the row block differs from its neighbours: 312/313 are labelled 1-25 and 315 is labelled 1-5, C-W, 10-25, but 314 begins at Row 12 with no rows 1-11 published; the page offers no explanation. ""For baseball games, we recommend these seats for partying and socializing"" / ""Rows 19 and above are under cover"".","HIGH - zone, rows, location and seat direction stated by the source"
315,Upper Reserve Level (300s),Reserve Level Down the Line,"""Sitting on the Reserve Level between the corner bases and the foul poles will leave you with some of the furthest views for a Rockies game at Coors Field."" (RYS Expert Review headed ""Reserve Level Down the Line"", carried on the Section 315 page.) The page gives NO location sentence specific to Section 315 itself.",12,toward first base / right field,"1-5, C-W, 10-25",5,"Stairway aisles run along both side edges of the section; rows are not split by a mid-row aisle, so seat numbers run continuously from one side aisle to the other. The entry portal is at row 5.","Facing the field, seat 1 is on your right. That puts seat 1 on the edge facing section 314, with seat numbers counting up toward the edge facing section 316. Seat 1 is the end of the row farthest from home plate, and higher seat numbers run back toward home plate.",not published,"""Top Pick for Partying and Socializing"" / ""Rows 19 & Above - Covered"" / ""Rows 1-5, C-W, 10-25"". Row Numbers : ""Rows in Section 315 are labeled 1-5, C-W, 10-25"", ""An entrance to this section is located at Row 5"". ""For baseball games, we recommend these seats for partying and socializing"" / ""Rows 19 and above are under cover"". Fan Review ( filed as ""Sec 315 / Row 5 - Baseball""): ""Awful. Sun beats down on you and poor field view."" - ""I didn't bring my glasses and can't even see the ball. Never sat so high. Got these seats as part of a group deal. Hot as hell up here, too."" (The star rating renders ambiguously in the fetched page and is therefore NOT recorded.) NOTE the internal tension on this one page: the RYS Seating Notes recommend 315 ""for partying and socializing"" and say ""Rows 19 and above are under cover"", while the only fan review - from Row 5, which is below that covered band - reports heavy sun.","HIGH - zone, rows, location and seat direction stated by the source"
316,Upper Reserve Level (300s),Reserve Level Down the Line,"""Sitting on the Reserve Level between the corner bases and the foul poles will leave you with some of the furthest views for a Rockies game at Coors Field."" (RYS Expert Review headed ""Reserve Level Down the Line"", carried on the Section 316 page.) The page gives NO location sentence specific to Section 316 itself.",11,toward first base / right field,"1-5, C-W, 10-25",5,"Stairway aisles run along both side edges of the section; rows are not split by a mid-row aisle, so seat numbers run continuously from one side aisle to the other. The entry portal is at row 5.","Facing the field, seat 1 is on your right. That puts seat 1 on the edge facing section 315, with seat numbers counting up toward the edge facing section 317. Seat 1 is the end of the row farthest from home plate, and higher seat numbers run back toward home plate.",not published,"""Top Pick for Partying and Socializing"" / ""Rows 19 & Above - Covered"" / ""Rows 1-5, C-W, 10-25"". Row Numbers : ""Rows in Section 316 are labeled 1-5, C-W, 10-25"", ""An entrance to this section is located at Row 5"". ""For baseball games, we recommend these seats for partying and socializing"" / ""Rows 19 and above are under cover"". Sun, from the same zone review : ""Seats on the first base side will see a heavy dose of sun during day games, so fans looking for shade are advised to consider the third base side (sun will be at your back earlier).""","HIGH - zone, rows, location and seat direction stated by the source"
317,Upper Reserve Level (300s),Reserve Level Down the Line,"""Sitting on the Reserve Level between the corner bases and the foul poles will leave you with some of the furthest views for a Rockies game at Coors Field."" (RYS Expert Review headed ""Reserve Level Down the Line"", carried on the Section 317 page.) The page gives NO location sentence specific to Section 317 itself.",10,toward first base / right field,1-25,6,"Stairway aisles run along both side edges of the section; rows are not split by a mid-row aisle, so seat numbers run continuously from one side aisle to the other. The entry portal is at row 6.","Facing the field, seat 1 is on your right. That puts seat 1 on the edge facing section 316, with seat numbers counting up toward the edge facing section 318. Seat 1 is the end of the row farthest from home plate, and higher seat numbers run back toward home plate.",not published,"""Top Pick for Partying and Socializing"" / ""Rows 19 & Above - Covered"" / ""Rows 1-25"". Row Numbers : ""Rows in Section 317 are labeled 1-25"", ""An entrance to this section is located at Row 6"". ""For baseball games, we recommend these seats for partying and socializing"" / ""Rows 19 and above are under cover"".","HIGH - zone, rows, location and seat direction stated by the source"
318,Upper Reserve Level (300s),Reserve Level Down the Line,"""Sitting on the Reserve Level between the corner bases and the foul poles will leave you with some of the furthest views for a Rockies game at Coors Field."" (RYS Expert Review headed ""Reserve Level Down the Line"", carried on the Section 318 page.) The page gives NO location sentence specific to Section 318 itself.",9,toward first base / right field,"1-5, C-W, 10-25",5,"Stairway aisles run along both side edges of the section; rows are not split by a mid-row aisle, so seat numbers run continuously from one side aisle to the other. The entry portal is at row 5.","Facing the field, seat 1 is on your right. That puts seat 1 on the edge facing section 317, with seat numbers counting up toward the edge facing section 319. Seat 1 is the end of the row farthest from home plate, and higher seat numbers run back toward home plate.",not published,"""Rows 19 & Above - Covered"" / ""Rows 1-5, C-W, 10-25"". Row Numbers : ""Rows in Section 318 are labeled 1-5, C-W, 10-25"", ""An entrance to this section is located at Row 5"". ""Rows 19 and above are under cover"".","HIGH - zone, rows, location and seat direction stated by the source"
319,Upper Reserve Level (300s),Reserve Level Down the Line,"""Sitting on the Reserve Level between the corner bases and the foul poles will leave you with some of the furthest views for a Rockies game at Coors Field."" (RYS Expert Review headed ""Reserve Level Down the Line"", carried on the Section 319 page.) The page gives NO location sentence specific to Section 319 itself. 319 is the LAST section on the 300 level to carry the ""Down the Line"" review; the next indexed section, 321, carries the ""Reserve Level Infield"" review instead, so the RYS boundary between the two upper-deck zones falls between 319 and 321.",8,toward first base / right field,1-25,6,"Stairway aisles run along both side edges of the section; rows are not split by a mid-row aisle, so seat numbers run continuously from one side aisle to the other. The entry portal is at row 6.","Facing the field, seat 1 is on your right. That puts seat 1 on the edge facing section 318, with seat numbers counting up toward the edge facing section 321. Seat 1 is the end of the row farthest from home plate, and higher seat numbers run back toward home plate.",not published,"""Rows 19 & Above - Covered"" / ""Rows 1-25"". Row Numbers : ""Rows in Section 319 are labeled 1-25"", ""An entrance to this section is located at Row 6"". ""Rows 19 and above are under cover"".","HIGH - zone, rows, location and seat direction stated by the source"
321,Upper Reserve Level (300s),Reserve Level Infield,"""The Reserve Level is located on the highest tier of the inner seating bowl at Coors field. These Infield oriented sections will have more aerial views from behind home plate and the dugouts."" (RYS Expert Review headed ""Reserve Level Infield"", carried on the Section 321 page.) The page gives NO location sentence specific to Section 321 itself, and does NOT say which side of the infield it sits on.",7,toward first base / right field,"1-5, C-W, 10-25",5,"Stairway aisles run along both side edges of the section; rows are not split by a mid-row aisle, so seat numbers run continuously from one side aisle to the other. The entry portal is at row 5.","Facing the field, seat 1 is on your right. That puts seat 1 on the edge facing section 319, with seat numbers counting up toward the edge facing section 323. Seat 1 is the end of the row farthest from home plate, and higher seat numbers run back toward home plate.",not published,"""Rows 19 & Above - Covered"" / ""Rows 1-5, C-W, 10-25"". Row Numbers : ""Rows in Section 321 are labeled 1-5, C-W, 10-25"", ""An entrance to this section is located at Row 5"". ""Rows 19 and above are under cover"". Zone review continues : ""Rows closest to the front of these sections are referred to as Lower Reserved (with up to 10 rows of seating), while the back rows are known as the Upper Reserved (up to 15 rows of seating). Sit in rows 19 and above to take advantage of the overhead coverage and be near the purple seats (the mile high mark), or in Rows closer to the front to be near the concourse entry tunnel."" there is no page for 320 or 322, so 321 and 323 are indexed as consecutive.","HIGH - zone, rows, location and seat direction stated by the source"
323,Upper Reserve Level (300s),Reserve Level Infield,"""The Reserve Level is located on the highest tier of the inner seating bowl at Coors field. These Infield oriented sections will have more aerial views from behind home plate and the dugouts."" (RYS Expert Review headed ""Reserve Level Infield"", carried on the Section 323 page.) The page gives NO location sentence specific to Section 323 itself, and does NOT say which side of the infield it sits on.",6,toward first base / right field,"1-5, C, 10-25",5,"Stairway aisles run along both side edges of the section; rows are not split by a mid-row aisle, so seat numbers run continuously from one side aisle to the other. The entry portal is at row 5.","Facing the field, seat 1 is on your right. That puts seat 1 on the edge facing section 321, with seat numbers counting up toward the edge facing section 325. Seat 1 is the end of the row farthest from home plate, and higher seat numbers run back toward home plate.",not published,"""Rows 19 & Above - Covered"" / ""Rows 1-5, C, 10-25"". Row Numbers : ""Rows in Section 323 are labeled 1-5, C, 10-25"", ""There is wheelchair seating betweeen Rows C and 10"" , ""An entrance to this section is located at Row 5"". ""Rows 19 and above are under cover"". there is no page for 322 or 324.","HIGH - zone, rows, location and seat direction stated by the source"
325,Upper Reserve Level (300s),Reserve Level Infield,"""The Reserve Level is located on the highest tier of the inner seating bowl at Coors field. These Infield oriented sections will have more aerial views from behind home plate and the dugouts."" (RYS Expert Review headed ""Reserve Level Infield"", carried on the Section 325 page.) A Fan Feedback entry on the same page adds a specific but non-directional placement: ""You are on the third deck but I believe you have the best view of the field ... From section 325 you will have the ultimate view of God's great work.""",5,toward first base / right field,1-25,6,"Stairway aisles run along both side edges of the section; rows are not split by a mid-row aisle, so seat numbers run continuously from one side aisle to the other. The entry portal is at row 6.","Facing the field, seat 1 is on your right. That puts seat 1 on the edge facing section 323, with seat numbers counting up toward the edge facing section 326. Seat 1 is the end of the row farthest from home plate, and higher seat numbers run back toward home plate.",not published,"""Rows 19 & Above - Covered"" / ""Rows 1-25"". Row Numbers : ""Rows in Section 325 are labeled 1-25"", ""An entrance to this section is located at Row 6"". ""Rows 19 and above are under cover"". Fan Review ( ""Sec 325 / Row 1 - Baseball"", San Francisco Giants at Colorado Rockies - Jul 15, 2019): ""Great seats!"" Fan Feedback ( ""Sec 325 - Baseball""): ""If you can get the first row in Section 325 there is not a better seat in the house."" - ""You are on the third deck but I believe you have the best view of the field and if you are in the first row, no one is in front of you and there is plenty of leg room. There is one thing that makes this section extra special [character rendered as an encoding error in the source page] the view of the mountains.""","HIGH - zone, rows, location and seat direction stated by the source"
326,Upper Reserve Level (300s),Reserve Level Infield,"""The Reserve Level is located on the highest tier of the inner seating bowl at Coors field. These Infield oriented sections will have more aerial views from behind home plate and the dugouts."" (RYS Expert Review headed ""Reserve Level Infield"", carried on the Section 326 page.) The page gives NO location sentence specific to Section 326 itself, and does NOT say which side of the infield it sits on.",4,toward first base / right field,"1-5, C, 10-25",5,"Stairway aisles run along both side edges of the section; rows are not split by a mid-row aisle, so seat numbers run continuously from one side aisle to the other. The entry portal is at row 5.","Facing the field, seat 1 is on your right. That puts seat 1 on the edge facing section 325, with seat numbers counting up toward the edge facing section 327. Seat 1 is the end of the row farthest from home plate, and higher seat numbers run back toward home plate.",not published,"""Rows 19 & Above - Covered"" / ""Rows 1-5, C, 10-25"". Row Numbers : ""Rows in Section 326 are labeled 1-5, C, 10-25"", ""There is wheelchair seating betweeen Rows C and 10"" , ""An entrance to this section is located at Row 5"". ""Rows 19 and above are under cover"".","HIGH - zone, rows, location and seat direction stated by the source"
327,Upper Reserve Level (300s),Reserve Level Infield,"""The Reserve Level is located on the highest tier of the inner seating bowl at Coors field. These Infield oriented sections will have more aerial views from behind home plate and the dugouts."" (RYS Expert Review headed ""Reserve Level Infield"", carried on the Section 327 page.) The page gives NO location sentence specific to Section 327 itself, and does NOT say which side of the infield it sits on.",3,toward first base / right field,"1-5, C-W, 10-25",5,"Stairway aisles run along both side edges of the section; rows are not split by a mid-row aisle, so seat numbers run continuously from one side aisle to the other. The entry portal is at row 5.","Facing the field, seat 1 is on your right. That puts seat 1 on the edge facing section 326, with seat numbers counting up toward the edge facing section 328. Seat 1 is the end of the row farthest from home plate, and higher seat numbers run back toward home plate.",not published,"""Top Pick for Outstanding Convenience Rows 1-5"" / ""Rows 19 & Above - Covered"" / ""Rows 1-5, C-W, 10-25"". Row Numbers : ""Rows in Section 327 are labeled 1-5, C-W, 10-25"", ""An entrance to this section is located at Row 5"". ""For baseball games, we recommend rows 1-5 for outstanding convenience"" / ""Rows 19 and above are under cover"".","HIGH - zone, rows, location and seat direction stated by the source"
328,Upper Reserve Level (300s),Reserve Level Infield,"""The Reserve Level is located on the highest tier of the inner seating bowl at Coors field. These Infield oriented sections will have more aerial views from behind home plate and the dugouts."" (RYS Expert Review headed ""Reserve Level Infield"", carried on the Section 328 page.) The page gives NO location sentence specific to Section 328 itself, and does NOT say which side of the infield it sits on.",2,toward first base / right field,"1-5, C, 10-25",5,"Stairway aisles run along both side edges of the section; rows are not split by a mid-row aisle, so seat numbers run continuously from one side aisle to the other. The entry portal is at row 5.","Facing the field, seat 1 is on your right. That puts seat 1 on the edge facing section 327, with seat numbers counting up toward the edge facing section 329. Seat 1 is the end of the row farthest from home plate, and higher seat numbers run back toward home plate.",not published,"""Rows 19 & Above - Covered"" / ""Rows 1-5, C, 10-25"". Row Numbers : ""Rows in Section 328 are labeled 1-5, C, 10-25"", ""There is wheelchair seating betweeen Rows C and 10"" , ""An entrance to this section is located at Row 5"". ""Rows 19 and above are under cover"".","HIGH - zone, rows, location and seat direction stated by the source"
329,Upper Reserve Level (300s),Reserve Level Infield,"""The Reserve Level is located on the highest tier of the inner seating bowl at Coors field. These Infield oriented sections will have more aerial views from behind home plate and the dugouts."" (RYS Expert Review headed ""Reserve Level Infield"", carried on the Section 329 page.) The page additionally flags this section as behind home plate: Section Insights list ""Home Plate View"" and Seating Notes read ""For baseball games, desirable view from behind home plate"".",1,toward first base / right field,1-25,6,"Stairway aisles run along both side edges of the section; rows are not split by a mid-row aisle, so seat numbers run continuously from one side aisle to the other. The entry portal is at row 6.","Facing the field, seat 1 is on your right. That puts seat 1 on the edge facing section 328, with seat numbers counting up toward the edge facing section 330. Seat 1 is the end of the row farthest from home plate, and higher seat numbers run back toward home plate.",not published,"""Home Plate View"" / ""Rows 19 & Above - Covered"" / ""Rows 1-25"". Row Numbers : ""Rows in Section 329 are labeled 1-25"", ""An entrance to this section is located at Row 6"". ""For baseball games, desirable view from behind home plate"" / ""Rows 19 and above are under cover"". The live Section 329 page fetched for this batch DOES carry ""Home Plate View"" and ""For baseball games, desirable view from behind home plate"". Section 332 carries them too (see that record). So the RYS home-plate block on the 300 level, as read today, is 329-332, not 330-331. Discovery's own 'uncertain' entry already flagged that ShadedSeats describes the upper-level home-plate shade block as ""sections 330-335"".","HIGH - zone, rows, location and seat direction stated by the source"
330,Upper Reserve Level (300s),Reserve Level Infield,"""The Reserve Level is located on the highest tier of the inner seating bowl at Coors field. These Infield oriented sections will have more aerial views from behind home plate and the dugouts."" (RYS Expert Review headed ""Reserve Level Infield"", carried on the Section 330 page.) The page flags this section as behind home plate: Section Insights list ""Home Plate View"" and Seating Notes read ""For baseball games, desirable view from behind home plate"".",0,behind home plate,"1-5, C, 10-25",5,"Stairway aisles run along both side edges of the section; rows are not split by a mid-row aisle, so seat numbers run continuously from one side aisle to the other. The entry portal is at row 5.","Facing the field, seat 1 is on your right. That puts seat 1 on the edge facing section 329, with seat numbers counting up toward the edge facing section 331. This section is behind home plate, so seat 1 is on its first-base side.","In the lower portion of Section 330 (Rows 1-5), there will be 14 to 15 seats in each row (with fewer seats in the rows near the front). In the upper portion of the Section (Rows 10 and higher), the seats will range between 17 to 24 in each row with more seats in the rows near the back of the section.","""Home Plate View"" / ""Rows 19 & Above - Covered"" / ""Rows 1-5, C, 10-25"". Row Numbers : ""Rows in Section 330 are labeled 1-5, C, 10-25"", ""There is wheelchair seating betweeen Rows C and 10"" , ""An entrance to this section is located at Row 5"". ""For baseball games, desirable view from behind home plate"" / ""Rows 19 and above are under cover"". The seats_per_row figure comes from the page's ""Seating and Ticket Q&A"" block, headed ""How many seats in a row in Section 330 at Coors Field?"" and stamped ""Verified Feb 2026"". Fan Review ( ""Sec 330 / Row 11 - Baseball"", Cincinnati Reds at Colorado Rockies - Jul 14, 2019): ""U330, Row 11, 6-8...great seats. Thought I'd be in the shade for the afternoon game, but wasn't quite high enough in the upper section.""","HIGH - zone, rows, location and seat direction stated by the source"
331,Upper Reserve Level (300s),Reserve Level Infield,"The Reserve Level is located on the highest tier of the inner seating bowl at Coors field. These Infield oriented sections will have more aerial views from behind home plate and the dugouts."" (RYS Expert Review headed ""Reserve Level Infield"", carried on the Section 331 page.) The page flags this section as behind home plate: Section Insights list ""Home Plate View"", Seating Notes read ""For baseball games, desirable view from behind home plate"", and a fan review states ""We had seats in the upper deck, right behind home plate.",0,behind home plate,"1-5, C-W, 10-25",5,"Stairway aisles run along both side edges of the section; rows are not split by a mid-row aisle, so seat numbers run continuously from one side aisle to the other. The entry portal is at row 5.","Facing the field, seat 1 is on your right. That puts seat 1 on the edge facing section 330, with seat numbers counting up toward the edge facing section 332. This section is behind home plate, so seat 1 is on its first-base side.",not published,"""Home Plate View"" / ""Rows 19 & Above - Covered"" / ""Rows 1-5, C-W, 10-25"". Row Numbers : ""Rows in Section 331 are labeled 1-5, C-W, 10-25"", ""An entrance to this section is located at Row 5"". ""For baseball games, desirable view from behind home plate"" / ""Rows 19 and above are under cover"". Fan Review ( ""Sec 331 / Row 10 - Baseball"", Los Angeles Dodgers at Colorado Rockies - Jul 31, 2019): ""We had seats in the upper deck, right behind home plate. We were in row 10, which is the first row after the walkway in the upper deck. As the seats were raised up above the walkway, we had a totally unobstructed view of the game the entire time. Great seats for only $15 a ticket."" this confirms the split-row structure - Row 10 is the first Upper Reserved row, immediately behind the cross-aisle walkway - and the fan reports it as an ADVANTAGE (""totally unobstructed view""), not an obstruction.","HIGH - zone, rows, location and seat direction stated by the source"
332,Upper Reserve Level (300s),Reserve Level Infield,"""The Reserve Level is located on the highest tier of the inner seating bowl at Coors field. These Infield oriented sections will have more aerial views from behind home plate and the dugouts."" (RYS Expert Review headed ""Reserve Level Infield"", carried on the Section 332 page.) The page additionally flags this section as behind home plate: Section Insights list ""Home Plate View"", Seating Notes read ""For baseball games, desirable view from behind home plate"", and a fan review is titled ""Great view behind home plate"".",1,toward third base / left field,1-25,6,"Stairway aisles run along both side edges of the section; rows are not split by a mid-row aisle, so seat numbers run continuously from one side aisle to the other. The entry portal is at row 6.","Facing the field, seat 1 is on your right. That puts seat 1 on the edge facing section 331, with seat numbers counting up toward the edge facing section 333. Seat 1 is the end of the row closest to home plate, and higher seat numbers run away from home plate.",not published,"""Top Pick for Outstanding Convenience Rows 1-5"" / ""Home Plate View"" / ""Rows 19 & Above - Covered"" / ""Rows 1-25"". Row Numbers : ""Rows in Section 332 are labeled 1-25"", ""An entrance to this section is located at Row 6"". ""For baseball games, we recommend rows 1-5 for outstanding convenience"" / ""For baseball games, desirable view from behind home plate"" / ""Rows 19 and above are under cover"". Fan Review ( ""Sec 332 / Row 12 - Baseball""): ""Great view behind home plate"" - ""Shade already, at a 2:10 game was awesome! (Very hot in the sun). Chicken nachos were very good."" The live Section 332 page carries the ""Home Plate View"" insight, the ""desirable view from behind home plate"" note, AND a fan review titled ""Great view behind home plate"".","HIGH - zone, rows, location and seat direction stated by the source"
333,Upper Reserve Level (300s),Reserve Level Infield,"""The Reserve Level is located on the highest tier of the inner seating bowl at Coors field. These Infield oriented sections will have more aerial views from behind home plate and the dugouts."" (RYS Expert Review headed ""Reserve Level Infield"", carried on the Section 333 page.) The page gives NO location sentence specific to Section 333 itself, and does NOT say which side of the infield it sits on.",2,toward third base / left field,"1-5, C, 10-25",5,"Stairway aisles run along both side edges of the section; rows are not split by a mid-row aisle, so seat numbers run continuously from one side aisle to the other. The entry portal is at row 5.","Facing the field, seat 1 is on your right. That puts seat 1 on the edge facing section 332, with seat numbers counting up toward the edge facing section 334. Seat 1 is the end of the row closest to home plate, and higher seat numbers run away from home plate.",not published,"""Rows 19 & Above - Covered"" / ""Rows 1-5, C, 10-25"". Row Numbers : ""Rows in Section 333 are labeled 1-5, C, 10-25"", ""There is wheelchair seating betweeen Rows C and 10"" , ""An entrance to this section is located at Row 5"". ""Rows 19 and above are under cover"". This section does NOT carry the ""Home Plate View"" insight, even though its lower-numbered neighbour 332 does - so the RYS home-plate flag stops at 332 going up.","HIGH - zone, rows, location and seat direction stated by the source"
334,Upper Reserve Level (300s),Reserve Level Infield,"""The Reserve Level is located on the highest tier of the inner seating bowl at Coors field. These Infield oriented sections will have more aerial views from behind home plate and the dugouts."" (RYS Expert Review headed ""Reserve Level Infield"", carried on the Section 334 page.) The page gives NO location sentence specific to Section 334 itself, and does NOT say which side of the infield it sits on.",3,toward third base / left field,"1-5, C, 10-25",5,"Stairway aisles run along both side edges of the section; rows are not split by a mid-row aisle, so seat numbers run continuously from one side aisle to the other. The entry portal is at row 5.","Facing the field, seat 1 is on your right. That puts seat 1 on the edge facing section 333, with seat numbers counting up toward the edge facing section 335. Seat 1 is the end of the row closest to home plate, and higher seat numbers run away from home plate.",not published,"""Rows 19 & Above - Covered"" / ""Rows 1-5, C, 10-25"". Row Numbers : ""Rows in Section 334 are labeled 1-5, C, 10-25"", ""There is wheelchair seating betweeen Rows C and 10"" , ""An entrance to this section is located at Row 5"". ""Rows 19 and above are under cover"".","HIGH - zone, rows, location and seat direction stated by the source"
335,Upper Reserve Level (300s),Reserve Level Infield,"""The Reserve Level is located on the highest tier of the inner seating bowl at Coors field. These Infield oriented sections will have more aerial views from behind home plate and the dugouts. Rows closest to the front of these sections are referred to as Lower Reserved (with up to 10 rows of seating), while the back rows are known as the Upper Reserved (up to 15 rows of seating). Sit in rows 19 and above to take advantage of the overhead coverage and be near the purple seats (the mile high mark), or in Rows closer to the front to be near the concourse entry tunnel.""",4,toward third base / left field,"1-5, C, 10-25",5,"Stairway aisles run along both side edges of the section; rows are not split by a mid-row aisle, so seat numbers run continuously from one side aisle to the other. The entry portal is at row 5.","Facing the field, seat 1 is on your right. That puts seat 1 on the edge facing section 334, with seat numbers counting up toward the edge facing section 336. Seat 1 is the end of the row closest to home plate, and higher seat numbers run away from home plate.",not published,"""Rows in Section 335 are labeled 1-5, C, 10-25"". ""There is wheelchair seating betweeen Rows C and 10"" . ""Rows 19 & Above - Covered"" / ""Rows 1-5, C, 10-25"". ""Rows 19 and above are under cover"". Photos on the page are captioned ""Baseball Seat View From Section 335, Row 20"" and ""Baseball Seat View From Section 335, Row 2"", plus a panoramic captioned for sections 335-336. Seat counts per row are NOT stated anywhere on the page - recorded as Discovery known_obstructions: the official Rockies netting statement is ""Netting runs from the front of Sections 112-147"" (100-level section numbers only); no source consulted states any netting, pole or structural obstruction for section 335. Discovery special_areas: ""The purple mile-high row"" is described as ""Row 20 of the upper deck, all the way around"", which is consistent with the RYS 'rows 19 and above ... near the purple seats' line, but discovery flags as UNRESOLVED whether 'the 20th row' means the row LABELLED 20 or the twentieth physical row.","HIGH - zone, rows, location and seat direction stated by the source"
336,Upper Reserve Level (300s),Reserve Level Infield,"""The Reserve Level is located on the highest tier of the inner seating bowl at Coors field. These Infield oriented sections will have more aerial views from behind home plate and the dugouts. Rows closest to the front of these sections are referred to as Lower Reserved (with up to 10 rows of seating), while the back rows are known as the Upper Reserved (up to 15 rows of seating). Sit in rows 19 and above to take advantage of the overhead coverage and be near the purple seats (the mile high mark), or in Rows closer to the front to be near the concourse entry tunnel.""",5,toward third base / left field,1-25,6,"Stairway aisles run along both side edges of the section; rows are not split by a mid-row aisle, so seat numbers run continuously from one side aisle to the other. The entry portal is at row 6.","Facing the field, seat 1 is on your right. That puts seat 1 on the edge facing section 335, with seat numbers counting up toward the edge facing section 338. Seat 1 is the end of the row closest to home plate, and higher seat numbers run away from home plate.",not published,"""Rows in Section 336 are labeled 1-25"". ""Top Pick for Outstanding ConvenienceRows 1-5"" / ""Rows 19 & Above - Covered"" / ""Rows 1-25"". ""For baseball games, we recommend rows 1-5 for outstanding convenience"" and ""Rows 19 and above are under cover"". Fan Review ( 5 stars, filed 'Sec 336 / Row 4 - Baseball'): ""Good view - in the shade for part of the game - Section 336 is pretty good - upper level, good view of the game. I originally chose this section because Colorado summers are hot and I wanted shaded seats at Coors field. So here is the shade status of this section: I went to a Sunday afternoon game in mid July. 15 PM (game start), only rows 12 and higher of section 336 were in the shade. Rows 11 and lower were in the sun at 2:15 PM.""","HIGH - zone, rows, location and seat direction stated by the source"
338,Upper Reserve Level (300s),Reserve Level Infield,"""The Reserve Level is located on the highest tier of the inner seating bowl at Coors field. These Infield oriented sections will have more aerial views from behind home plate and the dugouts. Rows closest to the front of these sections are referred to as Lower Reserved (with up to 10 rows of seating), while the back rows are known as the Upper Reserved (up to 15 rows of seating). Sit in rows 19 and above to take advantage of the overhead coverage and be near the purple seats (the mile high mark), or in Rows closer to the front to be near the concourse entry tunnel.""",6,toward third base / left field,"1-5, C, 10-25",5,"Stairway aisles run along both side edges of the section; rows are not split by a mid-row aisle, so seat numbers run continuously from one side aisle to the other. The entry portal is at row 5.","Facing the field, seat 1 is on your right. That puts seat 1 on the edge facing section 336, with seat numbers counting up toward the edge facing section 340. Seat 1 is the end of the row closest to home plate, and higher seat numbers run away from home plate.",not published,"""Rows in Section 338 are labeled 1-5, C, 10-25"". ""There is wheelchair seating betweeen Rows C and 10"" . ""Rows 19 & Above - Covered"" / ""Rows 1-5, C, 10-25"". ""Rows 19 and above are under cover"". Fan Review 1 ( 5 stars, 'Sec 338 / Row 19 - Baseball', San Francisco Giants at Colorado Rockies - Aug 3, 2019): ""We had seats in section 338, row 19. Middle of the row (seats 15-19). We thought they were great! It was a hot evening start, over 85 degrees, and they were already in the shade at game start, 6:10pm. Nice view of the field. High for sure, but nice and no concerns about getting hit by a foul ball at that height! ;-)"" Fan Review 2 ( 5 stars, 'Sec 338 / Row 4 - Baseball', Sep 16, 2023): ""Great view!""","HIGH - zone, rows, location and seat direction stated by the source"
340,Upper Reserve Level (300s),Reserve Level Infield,"""The Reserve Level is located on the highest tier of the inner seating bowl at Coors field. These Infield oriented sections will have more aerial views from behind home plate and the dugouts. Rows closest to the front of these sections are referred to as Lower Reserved (with up to 10 rows of seating), while the back rows are known as the Upper Reserved (up to 15 rows of seating). Sit in rows 19 and above to take advantage of the overhead coverage and be near the purple seats (the mile high mark), or in Rows closer to the front to be near the concourse entry tunnel.""",7,toward third base / left field,1-25,6,"Stairway aisles run along both side edges of the section; rows are not split by a mid-row aisle, so seat numbers run continuously from one side aisle to the other. The entry portal is at row 6.","Facing the field, seat 1 is on your right. That puts seat 1 on the edge facing section 338, with seat numbers counting up toward the edge facing section 342. Seat 1 is the end of the row closest to home plate, and higher seat numbers run away from home plate.",not published,"""Rows in Section 340 are labeled 1-25"". ""Rows 19 & Above - Covered"" / ""Rows 1-25"". ""Rows 19 and above are under cover"". Photos are captioned ""Baseball Seat View From Section 340, Row 20"" and ""Baseball Seat View From Section 340, Row 2"", plus a panoramic asset shared with section 338 (Coors-Field-Baseball-Section-338-340). Seat counts per row are NOT stated Both readings recorded . Official netting run is ""Netting runs from the front of Sections 112-147"" (100-level numbers); no netting or obstruction is stated for 340. Discovery notes that sections 337, 339 and 341 have NO RateYourSeats page and that whether they exist physically is not established by any source.","HIGH - zone, rows, location and seat direction stated by the source"
342,Upper Reserve Level (300s),Reserve Level Down the Line,"""Sitting on the Reserve Level between the corner bases and the foul poles will leave you with some of the furthest views for a Rockies game at Coors Field. Seats on the first base side will see a heavy dose of sun during day games, so fans looking for shade are advised to consider the third base side (sun will be at your back earlier). Scoreboard watchers get a better angle to the left field videoboard from the first base side, and will also be closer to Blue Moon Brewery (near Section 314)."" (RYS ""Reserve Level Down the Line"").",8,toward third base / left field,"1-5, C-W, 10-25",5,"Stairway aisles run along both side edges of the section; rows are not split by a mid-row aisle, so seat numbers run continuously from one side aisle to the other. The entry portal is at row 5.","Facing the field, seat 1 is on your right. That puts seat 1 on the edge facing section 340, with seat numbers counting up toward the edge facing section 343. Seat 1 is the end of the row closest to home plate, and higher seat numbers run away from home plate.",not published,"""Rows in Section 342 are labeled 1-5, C-W, 10-25"". ""Top Pick for Kids and FamilyRows 1-8"" / ""Rows 19 & Above - Covered"" / ""Rows 1-5, C-W, 10-25"". ""For baseball games, we recommend rows 1-8 for kids and family"" and ""Rows 19 and above are under cover"". Fan Review ( 5 stars, 'Sec 342 / Row 24 - Baseball', Los Angeles Dodgers at Colorado Rockies - Apr 19, 2026): ""Cheap seats in 342, top floor. I liked the overall view."" Seat counts per row are NOT stated Official netting run is ""Netting runs from the front of Sections 112-147"" (100-level numbers); no netting or obstruction is stated for 342. Discovery notes that section 341 has NO RateYourSeats page.","HIGH - zone, rows, location and seat direction stated by the source"
343,Upper Reserve Level (300s),Reserve Level Down the Line,"""Sitting on the Reserve Level between the corner bases and the foul poles will leave you with some of the furthest views for a Rockies game at Coors Field. Seats on the first base side will see a heavy dose of sun during day games, so fans looking for shade are advised to consider the third base side (sun will be at your back earlier). Scoreboard watchers get a better angle to the left field videoboard from the first base side, and will also be closer to Blue Moon Brewery (near Section 314)."" (RYS ""Reserve Level Down the Line"").",9,toward third base / left field,1-25,6,"Stairway aisles run along both side edges of the section; rows are not split by a mid-row aisle, so seat numbers run continuously from one side aisle to the other. The entry portal is at row 6.","Facing the field, seat 1 is on your right. That puts seat 1 on the edge facing section 342, with seat numbers counting up toward the edge facing section 344. Seat 1 is the end of the row closest to home plate, and higher seat numbers run away from home plate.",not published,"""Rows in Section 343 are labeled 1-25"". ""Rows 19 & Above - Covered"" / ""Rows 1-25"". ""Rows 19 and above are under cover"". Fan Review ( 5 stars, 'Sec 343 / Row 19 - Baseball', Philadelphia Phillies at Colorado Rockies - Apr 3, 2026): ""Seats were in the shade. Just be aware that because it's in the shade it can be chilly. But the views were great."" Seat counts per row are NOT stated Official netting run is ""Netting runs from the front of Sections 112-147"" (100-level numbers); no netting or obstruction is stated for 343.","HIGH - zone, rows, location and seat direction stated by the source"
344,Upper Reserve Level (300s),Reserve Level Down the Line,"""Sitting on the Reserve Level between the corner bases and the foul poles will leave you with some of the furthest views for a Rockies game at Coors Field. Seats on the first base side will see a heavy dose of sun during day games, so fans looking for shade are advised to consider the third base side (sun will be at your back earlier). Scoreboard watchers get a better angle to the left field videoboard from the first base side, and will also be closer to Blue Moon Brewery (near Section 314)."" (RYS ""Reserve Level Down the Line"").",10,toward third base / left field,"1-6, C-W, 10-25",5,"Stairway aisles run along both side edges of the section; rows are not split by a mid-row aisle, so seat numbers run continuously from one side aisle to the other. The entry portal is at row 5.","Facing the field, seat 1 is on your right. That puts seat 1 on the edge facing section 343, with seat numbers counting up toward the edge facing section 345. Seat 1 is the end of the row closest to home plate, and higher seat numbers run away from home plate.",not published,"""Rows in Section 344 are labeled 1-6, C-W, 10-25"". ""Rows 19 & Above - Covered"" / ""Rows 1-6, C-W, 10-25"". ""Rows 19 and above are under cover"". Photos are captioned ""Baseball Seat View From Section 344, Row 19"" and ""Baseball Seat View From Section 344, Row 20"". Seat counts per row are NOT stated Discovery accessibility landmarks list a ""Fanfare (hot dogs)"" stand at ""Sections 109, 119, 128, 139, 157, 312, 318, 327, 338, 344, 401, 403"", so the Rockies place a Fanfare stand at section 344. Official netting run is ""Netting runs from the front of Sections 112-147"" (100-level numbers); no netting or obstruction is stated for 344.","HIGH - zone, rows, location and seat direction stated by the source"
345,Upper Reserve Level (300s),Reserve Level Down the Line,"""Sitting on the Reserve Level between the corner bases and the foul poles will leave you with some of the furthest views for a Rockies game at Coors Field. Seats on the first base side will see a heavy dose of sun during day games, so fans looking for shade are advised to consider the third base side (sun will be at your back earlier). Scoreboard watchers get a better angle to the left field videoboard from the first base side, and will also be closer to Blue Moon Brewery (near Section 314)."" (RYS ""Reserve Level Down the Line"").",11,toward third base / left field,1-25,6,"Stairway aisles run along both side edges of the section; rows are not split by a mid-row aisle, so seat numbers run continuously from one side aisle to the other. The entry portal is at row 6.","Facing the field, seat 1 is on your right. That puts seat 1 on the edge facing section 344, with seat numbers counting up toward the edge facing section 346. Seat 1 is the end of the row closest to home plate, and higher seat numbers run away from home plate.",not published,"""Rows in Section 345 are labeled 1-25"". ""Rows 19 & Above - Covered"" / ""Rows 1-25"". ""Rows 19 and above are under cover"". Photos are captioned ""Baseball Seat View From Section 345, Row 20"" and ""Baseball Seat View From Section 345, Row 2"", plus a panoramic asset shared with section 344 (Coors-Field-Baseball-Section-344-345). Seat counts per row are NOT stated Official netting run is ""Netting runs from the front of Sections 112-147"" (100-level numbers); no netting or obstruction is stated for 345.","HIGH - zone, rows, location and seat direction stated by the source"
346,Upper Reserve Level (300s),Reserve Level Down the Line,"""Sitting on the Reserve Level between the corner bases and the foul poles will leave you with some of the furthest views for a Rockies game at Coors Field. Seats on the first base side will see a heavy dose of sun during day games, so fans looking for shade are advised to consider the third base side (sun will be at your back earlier). Scoreboard watchers get a better angle to the left field videoboard from the first base side, and will also be closer to Blue Moon Brewery (near Section 314)."" (RYS ""Reserve Level Down the Line"").",12,toward third base / left field,"1-5, C-W, 10-25",5,"Stairway aisles run along both side edges of the section; rows are not split by a mid-row aisle, so seat numbers run continuously from one side aisle to the other. The entry portal is at row 5.","Facing the field, seat 1 is on your right. That puts seat 1 on the edge facing section 345, with seat numbers counting up toward the edge facing section 347. Seat 1 is the end of the row closest to home plate, and higher seat numbers run away from home plate.",not published,"""Rows in Section 346 are labeled 1-5, C-W, 10-25"". ""Rows 19 & Above - Covered"" / ""Rows 1-5, C-W, 10-25"". ""Rows 19 and above are under cover"". The second photo is correctly named for 346 (""Coors-Field-Section-346-Row-2""), and the 'See all photos' asset is a 346/347 panoramic. Seat counts per row are NOT stated Official netting run is ""Netting runs from the front of Sections 112-147"" (100-level numbers); no netting or obstruction is stated for 346.","HIGH - zone, rows, location and seat direction stated by the source"
347,Upper Reserve Level (300s),Reserve Level Down the Line,"""Sitting on the Reserve Level between the corner bases and the foul poles will leave you with some of the furthest views for a Rockies game at Coors Field. Seats on the first base side will see a heavy dose of sun during day games, so fans looking for shade are advised to consider the third base side (sun will be at your back earlier). Scoreboard watchers get a better angle to the left field videoboard from the first base side, and will also be closer to Blue Moon Brewery (near Section 314)."" (RYS ""Reserve Level Down the Line"").",13,toward third base / left field,10-23,10,"Stairway aisles run along both side edges of the section; rows are not split by a mid-row aisle, so seat numbers run continuously from one side aisle to the other. The entry portal is at row 10.","Facing the field, seat 1 is on your right. That puts seat 1 on the edge facing section 346, with seat numbers counting up toward the far edge of the section, with no further section beyond it on that side. Seat 1 is the end of the row closest to home plate, and higher seat numbers run away from home plate.",not published,"""Rows in Section 347 are labeled 10-23"" - this is the highest-numbered 300-level section and the ONLY one in this batch with no Lower Reserved block at all; its labels begin at 10 (the first Upper Reserved row) and the entrance is at Row 10. ""Rows 19 & Above - Covered"" / ""Rows 10-23"". ""Rows 19 and above are under cover"". Photos are captioned ""Baseball Seat View From Section 347, Row 11"" and ""Baseball Seat View From Section 346/347"". Seat counts per row are NOT stated The official Rockies Access Guide places Gate E, an elevator, an ATM and an escalator at lower-level section 147 (the third-base / left-field-corner gate on the WEST side); the sibling RYS section 338 Q&A says the 300-level third-baseline seats ""are on the west side of the field"".","HIGH - zone, rows, location and seat direction stated by the source"
401,The Rockpile (401-403),Rockpile Seats,"""Rockpile seating is located beyond the center field wall at Coors Field. These sections sit above the outfield concourse and feature a bleacher-style layout rather than individual stadium chairs."" and ""Because the Rockpile sits in straightaway center field, it is also the furthest seating area from home plate in the stadium."" and ""Center Field Bleachers: Located beyond the center field wall, offering a straightaway view of the field."" and ""Close to Kids Attractions: Located above Dinger's Playground in the Platte River Rendezvous area.""",,not established for this level,1-30,20,"Stairway aisles run along both side edges of the section; rows are not split by a mid-row aisle, so seat numbers run continuously from one side aisle to the other. The entry portal is at row 20.","Facing the field, seat 1 is on your right. That puts seat 1 on the far edge of the section, with no further section beyond it on that side, with seat numbers counting up toward the edge facing section 402.",not published,"""Rows in Section 401 are labeled 1-30"". ""Rows 1-30"" / ""Behind/Side Stage (most shows)"". ""For Concerts, Section 401 May Have a Limited View - 401 is behind the stage or to the side of the stage for most concerts. This may restrict or limit your view of the performance."" This is a concert-only view limit, NOT a baseball obstruction. SUN ( from the Rockpile review): ""For day games, fans should be aware that these seats are fully exposed to the sun with little overhead protection, so planning ahead for sun exposure can make the experience more comfortable."" SEAT TYPE : ""Classic Bleacher Seating: Bench-style seating without back support."" and ""Seats here do not have seat backs, giving the section a traditional bleacher feel that is different from most other seating areas in the ballpark.""","HIGH - zone, rows, location and seat direction stated by the source"
402,The Rockpile (401-403),Rockpile Seats,"""Rockpile seating is located beyond the center field wall at Coors Field. These sections sit above the outfield concourse and feature a bleacher-style layout rather than individual stadium chairs."" and ""Because the Rockpile sits in straightaway center field, it is also the furthest seating area from home plate in the stadium."" and ""Center Field Bleachers: Located beyond the center field wall, offering a straightaway view of the field."" and ""Close to Kids Attractions: Located above Dinger's Playground in the Platte River Rendezvous area.""",,not established for this level,"W, 4-32",4,"Stairway aisles run along both side edges of the section; rows are not split by a mid-row aisle, so seat numbers run continuously from one side aisle to the other. The entry portal is at row 4.","Facing the field, seat 1 is on your right. That puts seat 1 on the edge facing section 401, with seat numbers counting up toward the edge facing section 403.",not published,"""Rows in Section 402 are labeled W, 4-32"". ""Rows W, 4-32"" / ""Behind/Side Stage (most shows)"". ""For Concerts, Section 402 May Have a Limited View - 402 is behind the stage or to the side of the stage for most concerts. This may restrict or limit your view of the performance."" Concert-only view limit, NOT a baseball obstruction. SUN : ""For day games, fans should be aware that these seats are fully exposed to the sun with little overhead protection, so planning ahead for sun exposure can make the experience more comfortable."" SEAT TYPE : ""Classic Bleacher Seating: Bench-style seating without back support."" There is NO Seating Notes / shade block and NO Fan Feedback or fan reviews on this page.","HIGH - zone, rows, location and seat direction stated by the source"
403,The Rockpile (401-403),Rockpile Seats,"""Rockpile seating is located beyond the center field wall at Coors Field. These sections sit above the outfield concourse and feature a bleacher-style layout rather than individual stadium chairs."" and ""Because the Rockpile sits in straightaway center field, it is also the furthest seating area from home plate in the stadium."" and ""Center Field Bleachers: Located beyond the center field wall, offering a straightaway view of the field."" and ""Close to Kids Attractions: Located above Dinger's Playground in the Platte River Rendezvous area.""",,not established for this level,1-30,20,"Stairway aisles run along both side edges of the section; rows are not split by a mid-row aisle, so seat numbers run continuously from one side aisle to the other. The entry portal is at row 20.","Facing the field, seat 1 is on your right. That puts seat 1 on the edge facing section 402, with seat numbers counting up toward the far edge of the section, with no further section beyond it on that side.",not published,"""Rows in Section 403 are labeled 1-30"". ""Rows 1-30"" / ""Behind/Side Stage (most shows)"". ""For Concerts, Section 403 May Have a Limited View - 403 is behind the stage or to the side of the stage for most concerts. This may restrict or limit your view of the performance."" Concert-only view limit, NOT a baseball obstruction. SUN : ""For day games, fans should be aware that these seats are fully exposed to the sun with little overhead protection, so planning ahead for sun exposure can make the experience more comfortable."" SEAT TYPE : ""Classic Bleacher Seating: Bench-style seating without back support."" / ""Seats here do not have seat backs"". VIEW : ""While these seats are distant from the infield, they still provide a clear look at the entire field and a unique perspective of the stadium."" and ""Fans sitting here also get a view of the landscaped nature area located beyond the center field wall"".","HIGH - zone, rows, location and seat direction stated by the source"
A,"Clubs, suites and other named areas",Toyota Clubhouse,"Located directly behind home plate in Sections A–F at field level. ""Located in Sections A–F, with every seat within about six rows of the field."" All seats are within roughly six rows of the field, making them the closest seats to home plate at Coors Field.",,not part of the numbered seating bowl,1-6,UNKNOWN,"The source describes this as a named area rather than a numbered section, so it publishes no aisle layout for it.","Facing the field, seat 1 is on your right. That is stated on this area's own page. It sits outside the numbered seating bowl, so there is no neighbouring section to describe it against.",not published,"Listed in the venue index as ""Club A"". Premium seating area as part of the Toyota Clubhouse, described as the most exclusive seating option at Coors Field. Ticket includes a pregame buffet and in-seat dining service throughout the game, all-inclusive food, private entry and club access via a dedicated stadium entry, and extra-padded premium seats designed for comfort. Access is through the tunnel behind home plate.","HIGH - zone, rows, location and seat direction stated by the source"
B,"Clubs, suites and other named areas",Toyota Clubhouse,"Located directly behind home plate in Sections A–F at field level. ""Located in Sections A–F, with every seat within about six rows of the field."" All seats are within roughly six rows of the field, making them the closest seats to home plate at Coors Field.",,not part of the numbered seating bowl,1-6,UNKNOWN,"The source describes this as a named area rather than a numbered section, so it publishes no aisle layout for it.","Facing the field, seat 1 is on your right. That is stated on this area's own page. It sits outside the numbered seating bowl, so there is no neighbouring section to describe it against.",not published,"Listed in the venue index as ""Club B"". Premium seating area as part of the Toyota Clubhouse, described as the most exclusive seating option at Coors Field. Ticket includes a pregame buffet and in-seat dining service throughout the game, all-inclusive food, private entry and club access via a dedicated stadium entry, and extra-padded premium seats designed for comfort. Access is through the tunnel behind home plate.","HIGH - zone, rows, location and seat direction stated by the source"
C,"Clubs, suites and other named areas",Toyota Clubhouse,"Located directly behind home plate in Sections A–F at field level. ""Located in Sections A–F, with every seat within about six rows of the field."" All seats are within roughly six rows of the field, making them the closest seats to home plate at Coors Field.",,not part of the numbered seating bowl,3-6,UNKNOWN,"The source describes this as a named area rather than a numbered section, so it publishes no aisle layout for it.","Facing the field, seat 1 is on your right. That is stated on this area's own page. It sits outside the numbered seating bowl, so there is no neighbouring section to describe it against.",not published,"Listed in the venue index as ""Club C"". Premium seating area as part of the Toyota Clubhouse, described as the most exclusive seating option at Coors Field. Ticket includes a pregame buffet and in-seat dining service throughout the game, all-inclusive food, private entry and club access via a dedicated stadium entry, and extra-padded premium seats designed for comfort. Access is through the tunnel behind home plate.","HIGH - zone, rows, location and seat direction stated by the source"
D,"Clubs, suites and other named areas",Toyota Clubhouse,"Located directly behind home plate in Sections A–F at field level. ""Located in Sections A–F, with every seat within about six rows of the field."" All seats are within roughly six rows of the field, making them the closest seats to home plate at Coors Field.",,not part of the numbered seating bowl,3-6,UNKNOWN,"The source describes this as a named area rather than a numbered section, so it publishes no aisle layout for it.","Facing the field, seat 1 is on your right. That is stated on this area's own page. It sits outside the numbered seating bowl, so there is no neighbouring section to describe it against.",not published,"Listed in the venue index as ""Club D"". Premium seating area as part of the Toyota Clubhouse, described as the most exclusive seating option at Coors Field. Ticket includes a pregame buffet and in-seat dining service throughout the game, all-inclusive food, private entry and club access via a dedicated stadium entry, and extra-padded premium seats designed for comfort. Access is through the tunnel behind home plate.","HIGH - zone, rows, location and seat direction stated by the source"
E,"Clubs, suites and other named areas",Toyota Clubhous,"Located directly behind home plate in Sections A–F at field level. ""Located in Sections A–F, with every seat within about six rows of the field."" All seats are within roughly six rows of the field, making them the closest seats to home plate at Coors Field.",,not part of the numbered seating bowl,1-6,UNKNOWN,"The source describes this as a named area rather than a numbered section, so it publishes no aisle layout for it.","Facing the field, seat 1 is on your right. That is stated on this area's own page. It sits outside the numbered seating bowl, so there is no neighbouring section to describe it against.",not published,"Listed in the venue index as ""Club E"". Premium seating area as part of the Toyota Clubhouse, described as the most exclusive seating option at Coors Field. Ticket includes a pregame buffet and in-seat dining service throughout the game, all-inclusive food, private entry and club access via a dedicated stadium entry, and extra-padded premium seats designed for comfort. Access is through the tunnel behind home plate.","HIGH - zone, rows, location and seat direction stated by the source"
F,"Clubs, suites and other named areas",Toyota Clubhouse,"Located directly behind home plate in Sections A–F at field level. ""Located in Sections A–F, with every seat within about six rows of the field."" All seats are within roughly six rows of the field, making them the closest seats to home plate at Coors Field.",,not part of the numbered seating bowl,1-6,UNKNOWN,"The source describes this as a named area rather than a numbered section, so it publishes no aisle layout for it.","Facing the field, seat 1 is on your right. That is stated on this area's own page. It sits outside the numbered seating bowl, so there is no neighbouring section to describe it against.",not published,"Listed in the venue index as ""Club F"". Premium seating area as part of the Toyota Clubhouse, described as the most exclusive seating option at Coors Field. Ticket includes a pregame buffet and in-seat dining service throughout the game, all-inclusive food, private entry and club access via a dedicated stadium entry, and extra-padded premium seats designed for comfort. Access is through the tunnel behind home plate.","HIGH - zone, rows, location and seat direction stated by the source"
