section,level,zone,location_in_stadium,sections_from_home_plate,direction_from_home_plate,rows_in_section,entrance_row,aisle_and_walkway_locations,seat_numbering,seats_per_row,notes,confidence
1DC,Dugout Club (1DC–15DC),Dugout Club,"The Dugout Club sections run from dugout to dugout directly behind home plate on the field level at Dodger Stadium."" ""Sections span from the Dodgers dugout to the visitors dugout, placing fans directly next to the action."" ""Behind Home Plate (Between the Dugouts) Sections 1DC, 2DC, 3DC, 4DC, 5DC, and 7DC sit directly behind home plate between the two dugouts.",0,behind home plate,BB-JJ,UNKNOWN,"Stairway aisles run along both side edges of the section; rows are not split by a mid-row aisle, so seat numbers run continuously from one side aisle to the other. The entry portal row is not published for this section.","Facing the field, seat 1 is on your right. That puts seat 1 on the far edge of the section, with no further section beyond it on that side, with seat numbers counting up toward the edge facing section 3DC. This section is behind home plate, so seat 1 is on its first-base side.",not published,"""Top Pick for Impressing a Guest""; ""Home Plate View""; ""Dugout Club""; ""Rows BB-JJ"". ""For baseball games, we recommend these seats for impressing a guest""; ""For baseball games, desirable view from behind home plate""; ""Premium seating area as part of the Dugout Club"". Row range BB-JJ on 1DC differs from the AA-JJ range printed on 2DC, 3DC, 4DC, 5DC and 7DC - recorded as stated. Netting/obstruction (fan-feedback item shown on the page): ""Front of sections 1-25 are behind the netting - There is some amount of netting or screening in front of sections 1-25. The height and coverage of netting or screening will vary by section."" ""In-Seat Wait Service (Dodgers games): Food and drinks can be delivered directly to your seat so never miss a pitch."" and ""Fans in the Dugout Club can order food and drinks delivered directly to their seat, ensuring they never miss any of the action.""","HIGH - zone, rows, location and seat direction stated by the source"
2DC,Dugout Club (1DC–15DC),Dugout Club,"The Dugout Club sections run from dugout to dugout directly behind home plate on the field level at Dodger Stadium."" ""Sections span from the Dodgers dugout to the visitors dugout, placing fans directly next to the action."" ""Behind Home Plate (Between the Dugouts) Sections 1DC, 2DC, 3DC, 4DC, 5DC, and 7DC sit directly behind home plate between the two dugouts.",0,behind home plate,AA-JJ,UNKNOWN,"Stairway aisles run along both side edges of the section; rows are not split by a mid-row aisle, so seat numbers run continuously from one side aisle to the other. The entry portal row is not published for this section.","Facing the field, seat 1 is on your left. That puts seat 1 on the far edge of the section, with no further section beyond it on that side, with seat numbers counting up toward the edge facing section 4DC. This section is behind home plate, so seat 1 is on its third-base side.",not published,"""Top Pick for Impressing a Guest""; ""Home Plate View""; ""Dugout Club""; ""Rows AA-JJ"". ""For baseball games, we recommend these seats for impressing a guest""; ""For baseball games, desirable view from behind home plate""; ""Premium seating area as part of the Dugout Club"". Netting/obstruction (fan-feedback item shown on the page): ""Front of sections 1-25 are behind the netting - There is some amount of netting or screening in front of sections 1-25. The height and coverage of netting or screening will vary by section."" ""In-Seat Wait Service (Dodgers games): Food and drinks can be delivered directly to your seat so never miss a pitch."" and ""Fans in the Dugout Club can order food and drinks delivered directly to their seat, ensuring they never miss any of the action.""","HIGH - zone, rows, location and seat direction stated by the source"
3DC,Dugout Club (1DC–15DC),Dugout Club,"The Dugout Club sections run from dugout to dugout directly behind home plate on the field level at Dodger Stadium."" ""Sections span from the Dodgers dugout to the visitors dugout, placing fans directly next to the action."" ""Behind Home Plate (Between the Dugouts) Sections 1DC, 2DC, 3DC, 4DC, 5DC, and 7DC sit directly behind home plate between the two dugouts.",1,toward third base / left field,AA-JJ,UNKNOWN,"Stairway aisles run along both side edges of the section; rows are not split by a mid-row aisle, so seat numbers run continuously from one side aisle to the other. The entry portal row is not published for this section.","Facing the field, seat 1 is on your right. That puts seat 1 on the edge facing section 1DC, with seat numbers counting up toward the edge facing section 5DC. Seat 1 is the end of the row closest to home plate, and higher seat numbers run away from home plate.",not published,"""Top Pick for Impressing a Guest""; ""Home Plate View""; ""Dugout Club""; ""Rows AA-JJ"". ""For baseball games, we recommend these seats for impressing a guest""; ""For baseball games, desirable view from behind home plate""; ""Premium seating area as part of the Dugout Club"". Netting/obstruction (fan-feedback item shown on the page): ""Front of sections 1-25 are behind the netting - There is some amount of netting or screening in front of sections 1-25. The height and coverage of netting or screening will vary by section."" ""In-Seat Wait Service (Dodgers games): Food and drinks can be delivered directly to your seat so never miss a pitch."" and ""Fans in the Dugout Club can order food and drinks delivered directly to their seat, ensuring they never miss any of the action.""","HIGH - zone, rows, location and seat direction stated by the source"
4DC,Dugout Club (1DC–15DC),Dugout Club,"The Dugout Club sections run from dugout to dugout directly behind home plate on the field level at Dodger Stadium."" ""Sections span from the Dodgers dugout to the visitors dugout, placing fans directly next to the action."" ""Behind Home Plate (Between the Dugouts) Sections 1DC, 2DC, 3DC, 4DC, 5DC, and 7DC sit directly behind home plate between the two dugouts.",1,toward first base / right field,AA-JJ,UNKNOWN,"Stairway aisles run along both side edges of the section; rows are not split by a mid-row aisle, so seat numbers run continuously from one side aisle to the other. The entry portal row is not published for this section.","Facing the field, seat 1 is on your left. That puts seat 1 on the edge facing section 2DC, with seat numbers counting up toward the edge facing section 6DC. Seat 1 is the end of the row closest to home plate, and higher seat numbers run away from home plate.",not published,"""Top Pick for Impressing a Guest""; ""Dugout Club""; ""Rows AA-JJ"". ""Premium seating area as part of the Dugout Club"". The ""Home Plate View"" insight and the ""desirable view from behind home plate"" seating note listed on 1DC-3DC were not returned for this page. Netting/obstruction (fan-feedback item shown on the page): ""Front of sections 1-25 are behind the netting - There is some amount of netting or screening in front of sections 1-25. The height and coverage of netting or screening will vary by section."" ""In-Seat Wait Service (Dodgers games): Food and drinks can be delivered directly to your seat so never miss a pitch."" and ""Fans in the Dugout Club can order food and drinks delivered directly to their seat, ensuring they never miss any of the action.""","HIGH - zone, rows, location and seat direction stated by the source"
5DC,Dugout Club (1DC–15DC),Dugout Club,"The Dugout Club sections run from dugout to dugout directly behind home plate on the field level at Dodger Stadium."" ""Sections span from the Dodgers dugout to the visitors dugout, placing fans directly next to the action."" ""Behind Home Plate (Between the Dugouts) Sections 1DC, 2DC, 3DC, 4DC, 5DC, and 7DC sit directly behind home plate between the two dugouts.",2,toward third base / left field,AA-JJ,UNKNOWN,"Stairway aisles run along both side edges of the section; rows are not split by a mid-row aisle, so seat numbers run continuously from one side aisle to the other. The entry portal row is not published for this section.","Facing the field, seat 1 is on your right. That puts seat 1 on the edge facing section 3DC, with seat numbers counting up toward the edge facing section 7DC. Seat 1 is the end of the row closest to home plate, and higher seat numbers run away from home plate.",not published,"""Top Pick for Impressing a Guest""; ""Dugout Club""; ""Rows AA-JJ"". ""Premium seating area as part of the Dugout Club""; ""For baseball games, we recommend these seats for impressing a guest"". ""Are section 5dg row hh seats 1 and2 good seats?"" ""While there are three sections at Dodger Stadium that are listed as Section 5, your seats appear to be in the Dugout Club. These are the seats closest to the field, and are the most sought-after tickets to a Dodgers game. You'll enjoy impressive views, in-seat wait service and lounge access. You'll also be seated among LA royalty, as a number of celebrities typically crowd these seats."" This answer confirms that a ticket reading ""Section 5"" can mean any of three different Dodger Stadium sections, but it does NOT state which side seat 1 is on.","HIGH - zone, rows, location and seat direction stated by the source"
6DC,Dugout Club (1DC–15DC),Dugout Club,"Sections 6DC, 8DC, and 10DC are positioned along the third base side behind the visiting team dugout."" ""These seats offer incredible proximity to visiting players and coaches entering and exiting the dugout."" ""For baseball games, these seats are located behind the visitor dugout",2,toward first base / right field,AA-DD,UNKNOWN,"Stairway aisles run along both side edges of the section; rows are not split by a mid-row aisle, so seat numbers run continuously from one side aisle to the other. The entry portal row is not published for this section.","Facing the field, seat 1 is on your left. That puts seat 1 on the edge facing section 4DC, with seat numbers counting up toward the edge facing section 8DC. Seat 1 is the end of the row closest to home plate, and higher seat numbers run away from home plate.",not published,"""Top Pick for Impressing a Guest""; ""Top Pick for Visiting Team Fans""; ""Dugout Club""; ""Rows AA-DD"". ""For baseball games, these seats are located behind the visitor dugout""; ""For baseball games, we recommend these seats for impressing a guest""; ""For baseball games, we recommend these seats for visiting team fans""; ""Premium seating area as part of the Dugout Club"". this page states the even-numbered Dugout Club sections (6DC, 8DC, 10DC) are ""along the third base side behind the visiting team dugout"". That is the inverse of the verified park fact used in this project (Dodgers dugout on the THIRD base side, visitors on the FIRST base side; even section numbers run down the first base / right field side).","HIGH - zone, rows, location and seat direction stated by the source"
7DC,Dugout Club (1DC–15DC),Dugout Club,"The Dugout Club sections run from dugout to dugout directly behind home plate on the field level at Dodger Stadium."" ""Sections span from the Dodgers dugout to the visitors dugout, placing fans directly next to the action."" ""Behind Home Plate (Between the Dugouts) Sections 1DC, 2DC, 3DC, 4DC, 5DC, and 7DC sit directly behind home plate between the two dugouts.",3,toward third base / left field,AA-JJ,UNKNOWN,"Stairway aisles run along both side edges of the section; rows are not split by a mid-row aisle, so seat numbers run continuously from one side aisle to the other. The entry portal row is not published for this section.","Facing the field, seat 1 is on your right. That puts seat 1 on the edge facing section 5DC, with seat numbers counting up toward the edge facing section 9DC. Seat 1 is the end of the row closest to home plate, and higher seat numbers run away from home plate.",not published,"""Top Pick for Impressing a Guest""; ""Dugout Club""; ""Rows AA-JJ"". ""Premium seating area as part of the Dugout Club"". the page names 1DC, 2DC, 3DC, 4DC, 5DC and 7DC as sitting behind home plate - 6DC is not in that list and is instead described on its own page as a visiting-dugout section. Netting/obstruction (fan-feedback item shown on the page): ""Front of sections 1-25 are behind the netting - There is some amount of netting or screening in front of sections 1-25. The height and coverage of netting or screening will vary by section."" ""In-Seat Wait Service (Dodgers games): Food and drinks can be delivered directly to your seat so never miss a pitch."" and ""Fans in the Dugout Club can order food and drinks delivered directly to their seat, ensuring they never miss any of the action.""","HIGH - zone, rows, location and seat direction stated by the source"
8DC,Dugout Club (1DC–15DC),Dugout Club,"Sections 6DC, 8DC, and 10DC are positioned along the third base side behind the visiting team dugout."" ""These seats offer incredible proximity to visiting players and coaches entering and exiting the dugout."" ""For baseball games, these seats are located behind the visitor dugout",3,toward first base / right field,AA-DD,UNKNOWN,"Stairway aisles run along both side edges of the section; rows are not split by a mid-row aisle, so seat numbers run continuously from one side aisle to the other. The entry portal row is not published for this section.","Facing the field, seat 1 is on your left. That puts seat 1 on the edge facing section 6DC, with seat numbers counting up toward the edge facing section 10DC. Seat 1 is the end of the row closest to home plate, and higher seat numbers run away from home plate.",not published,"""Top Pick for Impressing a Guest""; ""Top Pick for Visiting Team Fans""; ""Dugout Club""; ""Rows AA-DD"". ""For baseball games, these seats are located behind the visitor dugout""; ""For baseball games, we recommend these seats for impressing a guest""; ""For baseball games, we recommend these seats for visiting team fans""; ""Premium seating area as part of the Dugout Club"". this page states the even-numbered Dugout Club sections (6DC, 8DC, 10DC) are ""along the third base side behind the visiting team dugout"". That is the inverse of the verified park fact used in this project (Dodgers dugout on the THIRD base side, visitors on the FIRST base side; even section numbers run down the first base / right field side).","HIGH - zone, rows, location and seat direction stated by the source"
9DC,Dugout Club (1DC–15DC),Dugout Club,"Sections 9DC, 11DC, 13DC, and 15DC are located along the first base side behind the Dodgers dugout."" ""These are particularly popular with Dodgers fans hoping to watch players interact with teammates and coaches throughout the game."" ""These seats are located behind the Dodgers dugout",4,toward third base / left field,AA-DD,UNKNOWN,"Stairway aisles run along both side edges of the section; rows are not split by a mid-row aisle, so seat numbers run continuously from one side aisle to the other. The entry portal row is not published for this section.","Facing the field, seat 1 is on your right. That puts seat 1 on the edge facing section 7DC, with seat numbers counting up toward the edge facing section 11DC. Seat 1 is the end of the row closest to home plate, and higher seat numbers run away from home plate.",not published,"""Near Dodgers Dugout""; ""Top Pick for Impressing a Guest""; ""Dugout Club""; ""Rows AA-DD"". ""These seats are located behind the Dodgers dugout""; ""For baseball games, we recommend these seats for impressing a guest""; ""Premium seating area as part of the Dugout Club"". this page states the odd-numbered Dugout Club sections (9DC, 11DC, 13DC, 15DC) are ""along the first base side behind the Dodgers dugout"". That is the inverse of the verified park fact used in this project (Dodgers dugout on the THIRD base side; odd section numbers run down the third base / left field side). Netting/obstruction (fan-feedback item shown on the page): ""Front of sections 1-25 are behind the netting - There is some amount of netting or screening in front of sections 1-25.""","HIGH - zone, rows, location and seat direction stated by the source"
10DC,Dugout Club (1DC–15DC),Dugout Club,"Sections 6DC, 8DC, and 10DC are positioned along the third base side behind the visiting team dugout."" ""These seats offer incredible proximity to visiting players and coaches entering and exiting the dugout."" ""For baseball games, these seats are located behind the visitor dugout",4,toward first base / right field,AA-DD,UNKNOWN,"Stairway aisles run along both side edges of the section; rows are not split by a mid-row aisle, so seat numbers run continuously from one side aisle to the other. The entry portal row is not published for this section.","Facing the field, seat 1 is on your left. That puts seat 1 on the edge facing section 8DC, with seat numbers counting up toward the far edge of the section, with no further section beyond it on that side. Seat 1 is the end of the row closest to home plate, and higher seat numbers run away from home plate.",not published,"""Top Pick for Impressing a Guest""; ""Top Pick for Visiting Team Fans"". ""For baseball games, these seats are located behind the visitor dugout""; ""For baseball games, we recommend these seats for impressing a guest""; ""For baseball games, we recommend these seats for visiting team fans""; ""Premium seating area as part of the Dugout Club"". this page states the even-numbered Dugout Club sections (6DC, 8DC, 10DC) are ""along the third base side behind the visiting team dugout"". That is the inverse of the verified park fact used in this project (Dodgers dugout on the THIRD base side, visitors on the FIRST base side; even section numbers run down the first base / right field side). Netting/obstruction (fan-feedback item shown on the page): ""Front of sections 1-25 are behind the netting - There is some amount of netting or screening in front of sections 1-25.""","HIGH - zone, rows, location and seat direction stated by the source"
11DC,Dugout Club (1DC–15DC),Dugout Club,"Sections 9DC, 11DC, 13DC, and 15DC are located along the first base side behind the Dodgers dugout."" ""These are particularly popular with Dodgers fans hoping to watch players interact with teammates and coaches throughout the game."" ""These seats are located behind the Dodgers dugout",5,toward third base / left field,AA-DD,UNKNOWN,"Stairway aisles run along both side edges of the section; rows are not split by a mid-row aisle, so seat numbers run continuously from one side aisle to the other. The entry portal row is not published for this section.","Facing the field, seat 1 is on your right. That puts seat 1 on the edge facing section 9DC, with seat numbers counting up toward the edge facing section 13DC. Seat 1 is the end of the row closest to home plate, and higher seat numbers run away from home plate.",not published,"""Near Dodgers Dugout""; ""Top Pick for Impressing a Guest""; ""Dugout Club""; ""Rows AA-DD"". ""These seats are located behind the Dodgers dugout""; ""For baseball games, we recommend these seats for impressing a guest""; ""Premium seating area as part of the Dugout Club"". this page states the odd-numbered Dugout Club sections (9DC, 11DC, 13DC, 15DC) are ""along the first base side behind the Dodgers dugout"". That is the inverse of the verified park fact used in this project (Dodgers dugout on the THIRD base side; odd section numbers run down the third base / left field side). Netting/obstruction (fan-feedback item shown on the page): ""Front of sections 1-25 are behind the netting - There is some amount of netting or screening in front of sections 1-25.""","HIGH - zone, rows, location and seat direction stated by the source"
13DC,Dugout Club (1DC–15DC),Dugout Club,"Sections 9DC, 11DC, 13DC, and 15DC are located along the first base side behind the Dodgers dugout."" ""These are particularly popular with Dodgers fans hoping to watch players interact with teammates and coaches throughout the game."" ""These seats are located behind the Dodgers dugout",6,toward third base / left field,AA-DD,UNKNOWN,"Stairway aisles run along both side edges of the section; rows are not split by a mid-row aisle, so seat numbers run continuously from one side aisle to the other. The entry portal row is not published for this section.","Facing the field, seat 1 is on your right. That puts seat 1 on the edge facing section 11DC, with seat numbers counting up toward the edge facing section 15DC. Seat 1 is the end of the row closest to home plate, and higher seat numbers run away from home plate.",not published,"""Near Dodgers Dugout""; ""Top Pick for Impressing a Guest""; ""Dugout Club""; ""Rows AA-DD"". ""These seats are located behind the Dodgers dugout""; ""For baseball games, we recommend these seats for impressing a guest""; ""Premium seating area as part of the Dugout Club"". this page states the odd-numbered Dugout Club sections (9DC, 11DC, 13DC, 15DC) are ""along the first base side behind the Dodgers dugout"". That is the inverse of the verified park fact used in this project (Dodgers dugout on the THIRD base side; odd section numbers run down the third base / left field side). Netting/obstruction (fan-feedback item shown on the page): ""Front of sections 1-25 are behind the netting - There is some amount of netting or screening in front of sections 1-25.""","HIGH - zone, rows, location and seat direction stated by the source"
15DC,Dugout Club (1DC–15DC),Dugout Club,"Sections 9DC, 11DC, 13DC, and 15DC are located along the first base side behind the Dodgers dugout."" ""These are particularly popular with Dodgers fans hoping to watch players interact with teammates and coaches throughout the game."" ""These seats are located behind the Dodgers dugout",7,toward third base / left field,AA-DD,UNKNOWN,"Stairway aisles run along both side edges of the section; rows are not split by a mid-row aisle, so seat numbers run continuously from one side aisle to the other. The entry portal row is not published for this section.","Facing the field, seat 1 is on your right. That puts seat 1 on the edge facing section 13DC, with seat numbers counting up toward the far edge of the section, with no further section beyond it on that side. Seat 1 is the end of the row closest to home plate, and higher seat numbers run away from home plate.",not published,"""Near Dodgers Dugout""; ""Top Pick for Impressing a Guest"". ""These seats are located behind the Dodgers dugout""; ""For baseball games, we recommend these seats for impressing a guest""; ""Premium seating area as part of the Dugout Club"". this page states the odd-numbered Dugout Club sections (9DC, 11DC, 13DC, 15DC) are ""along the first base side behind the Dodgers dugout"". That is the inverse of the verified park fact used in this project (Dodgers dugout on the THIRD base side; odd section numbers run down the third base / left field side). Fan review (Baseball, listed as Row 5): ""Great view of the game - Close to the action and players."" Netting/obstruction (fan-feedback item shown on the page): ""Front of sections 1-25 are behind the netting - There is some amount of netting or screening in front of sections 1-25.""","HIGH - zone, rows, location and seat direction stated by the source"
1,Field Level (1–53),Field Level,"Sentences returned from this page ""The Field Level is the lowest seating tier at Dodger Stadium and runs from foul pole to foul pole."" ""Sections 1-25 provide the strongest views toward home plate."" ""Because the Dugout Club sits directly in front of sections 1-25, the first row of these Field Level sections actually begins roughly ten rows from the field."" These are Field Level zone-wide sentences that recur across the sections in this batch; none of them names section 1 on its own.",0,behind home plate,"A-X, DR",X,"Stairway aisles run along both side edges of the section; rows are not split by a mid-row aisle, so seat numbers run continuously from one side aisle to the other. The entry portal is at row X.","Facing the field, seat 1 is on your right. That puts seat 1 on the far edge of the section, with no further section beyond it on that side, with seat numbers counting up toward the edge facing section 3. This section is behind home plate, so seat 1 is on its first-base side.","Park-wide boilerplate, no section-specific count. Both of these sentences were returned verbatim from the pages for sections 1, 2, 7 and 11 on a targeted second pass: ""Most rows have eight seats or fewer, making it easy to enter and exit."" and ""Most rows contain no more than eight seats, which makes it much easier for fans to enter and exit their seats compared to longer rows found in many other stadium sections.""","""Top Pick for Great Views of the Field Rows L-X""; ""Home Plate View""; ""Rows T & Above - Covered"". ""There is some amount of netting or screening in front of sections 1-25."" Consistent with mlb.com/dodgers/ballpark/netting, which runs netting from behind home plate to sections 40 and 41. rows T and above are stated to be under cover. The ""Row Numbers"" block on the home-plate sections also carries ""There is rail seating behind Row X"" - confirmed on the section 3 page - which matches the trailing DR (drink rail) row in the row label. The Field Level dugout sentence ""Fans hoping to sit near the Dodgers dugout should look toward odd-numbered sections 15-27, while visiting fans hoping to sit near their team's dugout should consider even-numbered sections 14-26."" was returned from sibling pages in this batch (sections 6, 14, 16, 17) but was NOT returned from this page, so it is not asserted as present here.","HIGH - zone, rows, location and seat direction stated by the source"
2,Field Level (1–53),Field Level,"Sentences returned from this page ""Sections 1-25 are located along the infield."" ""The Field Level is the lowest standard seating tier at Dodger Stadium, stretching from foul pole to foul pole in the double-digit and single-digit sections."" These are Field Level zone-wide sentences that recur across the sections in this batch; none of them names section 2 on its own.",0,behind home plate,"A-X, DR",X,"Stairway aisles run along both side edges of the section; rows are not split by a mid-row aisle, so seat numbers run continuously from one side aisle to the other. The entry portal is at row X.","Facing the field, seat 1 is on your left. That puts seat 1 on the far edge of the section, with no further section beyond it on that side, with seat numbers counting up toward the edge facing section 4. This section is behind home plate, so seat 1 is on its third-base side.","Park-wide boilerplate, no section-specific count. Both of these sentences were returned verbatim from the pages for sections 1, 2, 7 and 11 on a targeted second pass: ""Most rows have eight seats or fewer, making it easy to enter and exit."" and ""Most rows contain no more than eight seats, which makes it much easier for fans to enter and exit their seats compared to longer rows found in many other stadium sections.""","""Rows T & Above - Covered"". ""Front of sections 1-25 are behind the netting"" Consistent with mlb.com/dodgers/ballpark/netting, which runs netting from behind home plate to sections 40 and 41. rows T and above are stated to be under cover. The ""Row Numbers"" block on the home-plate sections also carries ""There is rail seating behind Row X"" - confirmed on the section 3 page - which matches the trailing DR (drink rail) row in the row label. The Field Level dugout sentence ""Fans hoping to sit near the Dodgers dugout should look toward odd-numbered sections 15-27, while visiting fans hoping to sit near their team's dugout should consider even-numbered sections 14-26."" was returned from sibling pages in this batch (sections 6, 14, 16, 17) but was NOT returned from this page, so it is not asserted as present here.","HIGH - zone, rows, location and seat direction stated by the source"
3,Field Level (1–53),Field Level,"Sentences returned from this page ""The Field Level is the lowest seating tier at Dodger Stadium and runs from foul pole to foul pole."" ""Sections 1-25 are located along the infield, while sections in the 26-53 range extend farther down the baselines and near the foul poles."" ""Because the Dugout Club sits directly in front of sections 1-25, the first row of these Field Level sections actually begins roughly ten rows from the field."" These are Field Level zone-wide sentences that recur across the sections in this batch; none of them names section 3 on its own.",1,toward third base / left field,"A-X, DR",X,"Stairway aisles run along both side edges of the section; rows are not split by a mid-row aisle, so seat numbers run continuously from one side aisle to the other. The entry portal is at row X.","Facing the field, seat 1 is on your right. That puts seat 1 on the edge facing section 1, with seat numbers counting up toward the edge facing section 5. Seat 1 is the end of the row closest to home plate, and higher seat numbers run away from home plate.","Park-wide boilerplate, no section-specific count. Both of these sentences were returned verbatim from the pages for sections 1, 2, 7 and 11 on a targeted second pass: ""Most rows have eight seats or fewer, making it easy to enter and exit."" and ""Most rows contain no more than eight seats, which makes it much easier for fans to enter and exit their seats compared to longer rows found in many other stadium sections.""","""Top Pick for Great Views of the Field Rows L-X""; ""Home Plate View""; ""Rows T & Above - Covered""; ""Rows A-X, DR"". ""Front of sections 1-25 are behind the netting"" Consistent with mlb.com/dodgers/ballpark/netting, which runs netting from behind home plate to sections 40 and 41. rows T and above are stated to be under cover. The ""Row Numbers"" block on the home-plate sections also carries ""There is rail seating behind Row X"" - confirmed on the section 3 page - which matches the trailing DR (drink rail) row in the row label. The Field Level dugout sentence ""Fans hoping to sit near the Dodgers dugout should look toward odd-numbered sections 15-27, while visiting fans hoping to sit near their team's dugout should consider even-numbered sections 14-26."" was returned from sibling pages in this batch (sections 6, 14, 16, 17) but was NOT returned from this page, so it is not asserted as present here.","HIGH - zone, rows, location and seat direction stated by the source"
4,Field Level (1–53),Field Level,"Sentences returned from this page ""The Field Level is the lowest seating tier at Dodger Stadium and runs from foul pole to foul pole."" ""Sections 1-25 provide the strongest views toward home plate."" These are Field Level zone-wide sentences that recur across the sections in this batch; none of them names section 4 on its own.",1,toward first base / right field,"A-X, DR",X,"Stairway aisles run along both side edges of the section; rows are not split by a mid-row aisle, so seat numbers run continuously from one side aisle to the other. The entry portal is at row X.","Facing the field, seat 1 is on your left. That puts seat 1 on the edge facing section 2, with seat numbers counting up toward the edge facing section 6. Seat 1 is the end of the row closest to home plate, and higher seat numbers run away from home plate.","Park-wide boilerplate, no section-specific count. Both of these sentences were returned verbatim from the pages for sections 1, 2, 7 and 11 on a targeted second pass: ""Most rows have eight seats or fewer, making it easy to enter and exit."" and ""Most rows contain no more than eight seats, which makes it much easier for fans to enter and exit their seats compared to longer rows found in many other stadium sections.""","""Top Pick for Great Views of the Field Rows L-X""; ""Home Plate View""; ""Rows T & Above - Covered""; ""Rows A-X, DR"". ""Front of sections 1-25 are behind the netting"" Consistent with mlb.com/dodgers/ballpark/netting, which runs netting from behind home plate to sections 40 and 41. rows T and above are stated to be under cover. The Field Level dugout sentence ""Fans hoping to sit near the Dodgers dugout should look toward odd-numbered sections 15-27, while visiting fans hoping to sit near their team's dugout should consider even-numbered sections 14-26."" was returned from sibling pages in this batch (sections 6, 14, 16, 17) but was NOT returned from this page, so it is not asserted as present here.","HIGH - zone, rows, location and seat direction stated by the source"
5,Field Level (1–53),Field Level,"Sentences returned from this page ""Sections 1-25 are located along the infield, while sections in the 26-53 range extend farther down the baselines and near the foul poles."" These are Field Level zone-wide sentences that recur across the sections in this batch; none of them names section 5 on its own.",2,toward third base / left field,"A-X, DR",X,"Stairway aisles run along both side edges of the section; rows are not split by a mid-row aisle, so seat numbers run continuously from one side aisle to the other. The entry portal is at row X.","Facing the field, seat 1 is on your right. That puts seat 1 on the edge facing section 3, with seat numbers counting up toward the edge facing section 7. Seat 1 is the end of the row closest to home plate, and higher seat numbers run away from home plate.","Park-wide boilerplate, no section-specific count. Both of these sentences were returned verbatim from the pages for sections 1, 2, 7 and 11 on a targeted second pass: ""Most rows have eight seats or fewer, making it easy to enter and exit."" and ""Most rows contain no more than eight seats, which makes it much easier for fans to enter and exit their seats compared to longer rows found in many other stadium sections.""","""Rows T & Above - Covered"". ""Front of sections 1-25 are behind the netting"" and ""There is some amount of netting or screening in front of sections 1-25."" Consistent with mlb.com/dodgers/ballpark/netting, which runs netting from behind home plate to sections 40 and 41. rows T and above are stated to be under cover. The Field Level dugout sentence ""Fans hoping to sit near the Dodgers dugout should look toward odd-numbered sections 15-27, while visiting fans hoping to sit near their team's dugout should consider even-numbered sections 14-26."" was returned from sibling pages in this batch (sections 6, 14, 16, 17) but was NOT returned from this page, so it is not asserted as present here.","HIGH - zone, rows, location and seat direction stated by the source"
6,Field Level (1–53),Field Level,"Sentences returned from this page ""The Field Level is the lowest seating tier at Dodger Stadium and runs from foul pole to foul pole."" ""Sections 1-25 are located along the infield, while sections in the 26-53 range extend farther down the baselines and near the foul poles."" These are Field Level zone-wide sentences that recur across the sections in this batch; none of them names section 6 on its own.",2,toward first base / right field,"A-X, DR",X,"Stairway aisles run along both side edges of the section; rows are not split by a mid-row aisle, so seat numbers run continuously from one side aisle to the other. The entry portal is at row X.","Facing the field, seat 1 is on your left. That puts seat 1 on the edge facing section 4, with seat numbers counting up toward the edge facing section 8. Seat 1 is the end of the row closest to home plate, and higher seat numbers run away from home plate.","Park-wide boilerplate, no section-specific count. Both of these sentences were returned verbatim from the pages for sections 1, 2, 7 and 11 on a targeted second pass: ""Most rows have eight seats or fewer, making it easy to enter and exit."" and ""Most rows contain no more than eight seats, which makes it much easier for fans to enter and exit their seats compared to longer rows found in many other stadium sections.""","""Rows T & Above - Covered"". ""There is some amount of netting or screening in front of sections 1-25."" Consistent with mlb.com/dodgers/ballpark/netting, which runs netting from behind home plate to sections 40 and 41. rows T and above are stated to be under cover. Dugout sentence returned from THIS page: ""Fans hoping to sit near the Dodgers dugout should look toward odd-numbered sections 15-27, while visiting fans hoping to sit near their team's dugout should consider even-numbered sections 14-26."" It agrees with the verified park fact that the Dodgers dugout is on the third base / odd side; it does NOT repeat the Dugout Club zone page inversion. CONTRADICTION - ""Row AA is the first row behind the visitor's dugout in Section 6.""","HIGH - zone, rows, location and seat direction stated by the source"
7,Field Level (1–53),Field Level,"Sentences returned from this page ""The Field Level is the lowest seating tier at Dodger Stadium and runs from foul pole to foul pole."" ""Sections 1-25 are located along the infield, while sections in the 26-53 range extend farther down the baselines and near the foul poles."" These are Field Level zone-wide sentences that recur across the sections in this batch; none of them names section 7 on its own.",3,toward third base / left field,"A-X, DR",X,"Stairway aisles run along both side edges of the section; rows are not split by a mid-row aisle, so seat numbers run continuously from one side aisle to the other. The entry portal is at row X.","Facing the field, seat 1 is on your right. That puts seat 1 on the edge facing section 5, with seat numbers counting up toward the edge facing section 9. Seat 1 is the end of the row closest to home plate, and higher seat numbers run away from home plate.","Park-wide boilerplate, no section-specific count. Both of these sentences were returned verbatim from the pages for sections 1, 2, 7 and 11 on a targeted second pass: ""Most rows have eight seats or fewer, making it easy to enter and exit."" and ""Most rows contain no more than eight seats, which makes it much easier for fans to enter and exit their seats compared to longer rows found in many other stadium sections.""","""Rows T & Above - Covered""; ""Rows T and above are under cover"". ""There is some amount of netting or screening in front of sections 1-25."" Consistent with mlb.com/dodgers/ballpark/netting, which runs netting from behind home plate to sections 40 and 41. rows T and above are stated to be under cover. The Field Level dugout sentence ""Fans hoping to sit near the Dodgers dugout should look toward odd-numbered sections 15-27, while visiting fans hoping to sit near their team's dugout should consider even-numbered sections 14-26."" was returned from sibling pages in this batch (sections 6, 14, 16, 17) but was NOT returned from this page, so it is not asserted as present here. ""There were a lot of great things about these seats.""","HIGH - zone, rows, location and seat direction stated by the source"
8,Field Level (1–53),Field Level,"Expert answer to the question ""Where is Section 8FD, Row O, Seat 5?"": ""Not to be confused with Section 8 in the upper deck (also called Infield Reserve 8), Field 8 is one of the finest sections at Dodger Stadium. Located between the visitor dugout and home plate, this section offers some of the finest views of the field and the scoreboard in left field. Row O is the 15th row in the section and roughly 25 rows from the field overall. There are 12 seats in the row, putting seat 5 in the middle of the row."" This is the only text on the page that places section 8 individually.",3,toward first base / right field,"A-X, DR",X,"Stairway aisles run along both side edges of the section; rows are not split by a mid-row aisle, so seat numbers run continuously from one side aisle to the other. The entry portal is at row X.","Facing the field, seat 1 is on your left. That puts seat 1 on the edge facing section 6, with seat numbers counting up toward the edge facing section 10. Seat 1 is the end of the row closest to home plate, and higher seat numbers run away from home plate.","Park-wide boilerplate, no section-specific count. Both of these sentences were returned verbatim from the pages for sections 1, 2, 7 and 11 on a targeted second pass: ""Most rows have eight seats or fewer, making it easy to enter and exit."" and ""Most rows contain no more than eight seats, which makes it much easier for fans to enter and exit their seats compared to longer rows found in many other stadium sections.""","""Rows T & Above - Covered"". ""There is some amount of netting or screening in front of sections 1-25."" Consistent with mlb.com/dodgers/ballpark/netting, which runs netting from behind home plate to sections 40 and 41. rows T and above are stated to be under cover. The Field Level dugout sentence ""Fans hoping to sit near the Dodgers dugout should look toward odd-numbered sections 15-27, while visiting fans hoping to sit near their team's dugout should consider even-numbered sections 14-26."" was returned from sibling pages in this batch (sections 6, 14, 16, 17) but was NOT returned from this page, so it is not asserted as present here. INTERNAL INCONSISTENCY in the expert answer quoted in location: ""There are 12 seats in the row, putting seat 5 in the middle of the row"" - seat 5 is not the middle of a 12-seat row.","HIGH - zone, rows, location and seat direction stated by the source"
9,Field Level (1–53),Field Level,"Sentences returned from this page ""The Field Level is the lowest seating tier at Dodger Stadium and runs from foul pole to foul pole."" ""Sections 1-25 provide the strongest views toward home plate."" ""Rows 1-6 of sections 26-43 are part of the premium Baseline Club."" These are Field Level zone-wide sentences that recur across the sections in this batch; none of them names section 9 on its own.",4,toward third base / left field,"A-X, DR",X,"Stairway aisles run along both side edges of the section; rows are not split by a mid-row aisle, so seat numbers run continuously from one side aisle to the other. The entry portal is at row X.","Facing the field, seat 1 is on your right. That puts seat 1 on the edge facing section 7, with seat numbers counting up toward the edge facing section 11. Seat 1 is the end of the row closest to home plate, and higher seat numbers run away from home plate.","Park-wide boilerplate, no section-specific count. Both of these sentences were returned verbatim from the pages for sections 1, 2, 7 and 11 on a targeted second pass: ""Most rows have eight seats or fewer, making it easy to enter and exit."" and ""Most rows contain no more than eight seats, which makes it much easier for fans to enter and exit their seats compared to longer rows found in many other stadium sections.""","""Rows T & Above - Covered""; ""Rows T and above are under cover"". ""Front of sections 1-25 are behind the netting"" Consistent with mlb.com/dodgers/ballpark/netting, which runs netting from behind home plate to sections 40 and 41. rows T and above are stated to be under cover. The Field Level dugout sentence ""Fans hoping to sit near the Dodgers dugout should look toward odd-numbered sections 15-27, while visiting fans hoping to sit near their team's dugout should consider even-numbered sections 14-26."" was returned from sibling pages in this batch (sections 6, 14, 16, 17) but was NOT returned from this page, so it is not asserted as present here. CONTRADICTION - ""Row AA is the first row behind the Dodgers dugout in Section 9.""","HIGH - zone, rows, location and seat direction stated by the source"
10,Field Level (1–53),Field Level,"Sentences returned from this page ""The Field Level is the lowest seating tier at Dodger Stadium and runs from foul pole to foul pole."" ""Sections 1-25 are located along the infield."" These are Field Level zone-wide sentences that recur across the sections in this batch; none of them names section 10 on its own.",4,toward first base / right field,"A-X, DR",X,"Stairway aisles run along both side edges of the section; rows are not split by a mid-row aisle, so seat numbers run continuously from one side aisle to the other. The entry portal is at row X.","Facing the field, seat 1 is on your left. That puts seat 1 on the edge facing section 8, with seat numbers counting up toward the edge facing section 12. Seat 1 is the end of the row closest to home plate, and higher seat numbers run away from home plate.","Park-wide boilerplate, no section-specific count. Both of these sentences were returned verbatim from the pages for sections 1, 2, 7 and 11 on a targeted second pass: ""Most rows have eight seats or fewer, making it easy to enter and exit."" and ""Most rows contain no more than eight seats, which makes it much easier for fans to enter and exit their seats compared to longer rows found in many other stadium sections.""","""Rows T & Above - Covered"". ""There is some amount of netting or screening in front of sections 1-25."" Consistent with mlb.com/dodgers/ballpark/netting, which runs netting from behind home plate to sections 40 and 41. rows T and above are stated to be under cover. The Field Level dugout sentence ""Fans hoping to sit near the Dodgers dugout should look toward odd-numbered sections 15-27, while visiting fans hoping to sit near their team's dugout should consider even-numbered sections 14-26."" was returned from sibling pages in this batch (sections 6, 14, 16, 17) but was NOT returned from this page, so it is not asserted as present here.","HIGH - zone, rows, location and seat direction stated by the source"
11,Field Level (1–53),Field Level,"Sentences returned from this page ""Sections 1-25 are located along the infield, while sections in the 26-53 range extend farther down the baselines and near the foul poles."" These are Field Level zone-wide sentences that recur across the sections in this batch; none of them names section 11 on its own.",5,toward third base / left field,"A-X, DR",X,"Stairway aisles run along both side edges of the section; rows are not split by a mid-row aisle, so seat numbers run continuously from one side aisle to the other. The entry portal is at row X.","Facing the field, seat 1 is on your right. That puts seat 1 on the edge facing section 9, with seat numbers counting up toward the edge facing section 13. Seat 1 is the end of the row closest to home plate, and higher seat numbers run away from home plate.","Park-wide boilerplate, no section-specific count. Both of these sentences were returned verbatim from the pages for sections 1, 2, 7 and 11 on a targeted second pass: ""Most rows have eight seats or fewer, making it easy to enter and exit."" and ""Most rows contain no more than eight seats, which makes it much easier for fans to enter and exit their seats compared to longer rows found in many other stadium sections.""","""Rows T & Above - Covered""; ""Rows T and above are under cover"". ""There is some amount of netting or screening in front of sections 1-25."" Consistent with mlb.com/dodgers/ballpark/netting, which runs netting from behind home plate to sections 40 and 41. rows T and above are stated to be under cover. The Field Level dugout sentence ""Fans hoping to sit near the Dodgers dugout should look toward odd-numbered sections 15-27, while visiting fans hoping to sit near their team's dugout should consider even-numbered sections 14-26."" was returned from sibling pages in this batch (sections 6, 14, 16, 17) but was NOT returned from this page, so it is not asserted as present here. CONTRADICTION - ""Row AA is the first row behind the Dodgers dugout in Section 11.""","HIGH - zone, rows, location and seat direction stated by the source"
12,Field Level (1–53),Field Level,"Sentences returned from this page ""The Field Level is the lowest seating tier at Dodger Stadium and runs from foul pole to foul pole."" ""Sections 1-25 are located along the infield, while sections in the 26-53 range extend farther down the baselines and near the foul poles."" These are Field Level zone-wide sentences that recur across the sections in this batch; none of them names section 12 on its own.",5,toward first base / right field,"A-X, DR",X,"Stairway aisles run along both side edges of the section; rows are not split by a mid-row aisle, so seat numbers run continuously from one side aisle to the other. The entry portal is at row X.","Facing the field, seat 1 is on your left. That puts seat 1 on the edge facing section 10, with seat numbers counting up toward the edge facing section 14. Seat 1 is the end of the row closest to home plate, and higher seat numbers run away from home plate.","Park-wide boilerplate, no section-specific count. Both of these sentences were returned verbatim from the pages for sections 1, 2, 7 and 11 on a targeted second pass: ""Most rows have eight seats or fewer, making it easy to enter and exit."" and ""Most rows contain no more than eight seats, which makes it much easier for fans to enter and exit their seats compared to longer rows found in many other stadium sections.""","""Rows T & Above - Covered"". ""Front of sections 1-25 are behind the netting"" Consistent with mlb.com/dodgers/ballpark/netting, which runs netting from behind home plate to sections 40 and 41. rows T and above are stated to be under cover. The Field Level dugout sentence ""Fans hoping to sit near the Dodgers dugout should look toward odd-numbered sections 15-27, while visiting fans hoping to sit near their team's dugout should consider even-numbered sections 14-26."" was returned from sibling pages in this batch (sections 6, 14, 16, 17) but was NOT returned from this page, so it is not asserted as present here.","HIGH - zone, rows, location and seat direction stated by the source"
13,Field Level (1–53),Field Level,"Sentences returned from this page ""The Field Level is the lowest seating tier at Dodger Stadium and runs from foul pole to foul pole."" ""Sections 1-25 are located along the infield, while sections in the 26-53 range extend farther down the baselines and near the foul poles."" ""Because the Dugout Club sits directly in front of sections 1-25, the first row of these Field Level sections actually begins roughly ten rows from the field."" These are Field Level zone-wide sentences that recur across the sections in this batch; none of them names section 13 on its own.",6,toward third base / left field,"A-X, DR",X,"Stairway aisles run along both side edges of the section; rows are not split by a mid-row aisle, so seat numbers run continuously from one side aisle to the other. The entry portal is at row X.","Facing the field, seat 1 is on your right. That puts seat 1 on the edge facing section 11, with seat numbers counting up toward the edge facing section 15. Seat 1 is the end of the row closest to home plate, and higher seat numbers run away from home plate.","Park-wide boilerplate, no section-specific count. Both of these sentences were returned verbatim from the pages for sections 1, 2, 7 and 11 on a targeted second pass: ""Most rows have eight seats or fewer, making it easy to enter and exit."" and ""Most rows contain no more than eight seats, which makes it much easier for fans to enter and exit their seats compared to longer rows found in many other stadium sections.""","""Rows T-X, Top Pick for Outstanding Convenience""; ""Rows T & Above - Covered"". ""There is some amount of netting or screening in front of sections 1-25."" Consistent with mlb.com/dodgers/ballpark/netting, which runs netting from behind home plate to sections 40 and 41. rows T and above are stated to be under cover. The Field Level dugout sentence ""Fans hoping to sit near the Dodgers dugout should look toward odd-numbered sections 15-27, while visiting fans hoping to sit near their team's dugout should consider even-numbered sections 14-26."" was returned from sibling pages in this batch (sections 6, 14, 16, 17) but was NOT returned from this page, so it is not asserted as present here. CONTRADICTION - ""Row AA is the first row behind the Dodgers dugout in Section 13.""","HIGH - zone, rows, location and seat direction stated by the source"
14,Field Level (1–53),Field Level,"Sentences returned from this page ""Sections 1-25 are located along the infield, while sections in the 26-53 range extend farther down the baselines and near the foul poles."" These are Field Level zone-wide sentences that recur across the sections in this batch; none of them names section 14 on its own.",6,toward first base / right field,"A-S, T-X",X,"Stairway aisles run along both side edges of the section; rows are not split by a mid-row aisle, so seat numbers run continuously from one side aisle to the other. The entry portal is at row X.","Facing the field, seat 1 is on your left. That puts seat 1 on the edge facing section 12, with seat numbers counting up toward the edge facing section 16. Seat 1 is the end of the row closest to home plate, and higher seat numbers run away from home plate.","Park-wide boilerplate, no section-specific count. Both of these sentences were returned verbatim from the pages for sections 1, 2, 7 and 11 on a targeted second pass: ""Most rows have eight seats or fewer, making it easy to enter and exit."" and ""Most rows contain no more than eight seats, which makes it much easier for fans to enter and exit their seats compared to longer rows found in many other stadium sections.""","""Top Pick for Visiting Team Fans Rows A-K""; ""Rows T & Above - Covered""; ""Rows A-S, T-X""; ""For baseball games, we recommend rows A-K for visiting team fans""; ""Rows T and above are under cover""; ""See all shaded and covered seating"". ""Front of sections 1-25 are behind the netting"" Consistent with mlb.com/dodgers/ballpark/netting, which runs netting from behind home plate to sections 40 and 41. rows T and above are stated to be under cover. Dugout sentence returned from THIS page: ""Fans hoping to sit near the Dodgers dugout should look toward odd-numbered sections 15-27, while visiting fans hoping to sit near their team's dugout should consider even-numbered sections 14-26."" It agrees with the verified park fact that the Dodgers dugout is on the third base / odd side; it does NOT repeat the Dugout Club zone page inversion.","HIGH - zone, rows, location and seat direction stated by the source"
15,Field Level (1–53),Field Level,"Sentences returned from this page ""Sections 1-25 are located along the infield, while sections in the 26-53 range extend farther down the baselines and near the foul poles."" ""Because the Dugout Club sits directly in front of sections 1-25, the first row of these Field Level sections actually begins roughly ten rows from the field."" These are Field Level zone-wide sentences that recur across the sections in this batch; none of them names section 15 on its own.",7,toward third base / left field,"A-S, T-X",X,"Stairway aisles run along both side edges of the section; rows are not split by a mid-row aisle, so seat numbers run continuously from one side aisle to the other. The entry portal is at row X.","Facing the field, seat 1 is on your right. That puts seat 1 on the edge facing section 13, with seat numbers counting up toward the edge facing section 17. Seat 1 is the end of the row closest to home plate, and higher seat numbers run away from home plate.","Park-wide boilerplate, no section-specific count. Both of these sentences were returned verbatim from the pages for sections 1, 2, 7 and 11 on a targeted second pass: ""Most rows have eight seats or fewer, making it easy to enter and exit."" and ""Most rows contain no more than eight seats, which makes it much easier for fans to enter and exit their seats compared to longer rows found in many other stadium sections.""","""Rows T & Above - Covered"". ""There is some amount of netting or screening in front of sections 1-25."" Consistent with mlb.com/dodgers/ballpark/netting, which runs netting from behind home plate to sections 40 and 41. rows T and above are stated to be under cover. The Field Level dugout sentence ""Fans hoping to sit near the Dodgers dugout should look toward odd-numbered sections 15-27, while visiting fans hoping to sit near their team's dugout should consider even-numbered sections 14-26."" was returned from sibling pages in this batch (sections 6, 14, 16, 17) but was NOT returned from this page, so it is not asserted as present here. CONTRADICTION - ""Row AA is the first row behind the Dodgers dugout in Section 15.""","HIGH - zone, rows, location and seat direction stated by the source"
16,Field Level (1–53),Field Level,"Sentences returned from this page ""Sections 1-25 are located along the infield."" ""Because the Dugout Club sits directly in front of sections 1-25, the first row of these Field Level sections actually begins roughly ten rows from the field."" These are Field Level zone-wide sentences that recur across the sections in this batch; none of them names section 16 on its own.",7,toward first base / right field,"A-T, U-X",X,"Stairway aisles run along both side edges of the section; rows are not split by a mid-row aisle, so seat numbers run continuously from one side aisle to the other. The entry portal is at row X.","Facing the field, seat 1 is on your left. That puts seat 1 on the edge facing section 14, with seat numbers counting up toward the edge facing section 18. Seat 1 is the end of the row closest to home plate, and higher seat numbers run away from home plate.","Park-wide boilerplate, no section-specific count. Both of these sentences were returned verbatim from the pages for sections 1, 2, 7 and 11 on a targeted second pass: ""Most rows have eight seats or fewer, making it easy to enter and exit."" and ""Most rows contain no more than eight seats, which makes it much easier for fans to enter and exit their seats compared to longer rows found in many other stadium sections.""","""Top Pick for Outstanding Convenience Rows T-X""; ""Top Pick for Visiting Team Fans Rows A-K""; ""Top Pick for Great Views of the Field""; ""Rows T & Above - Covered""; ""Rows A-T, U-X""; ""For baseball games, we recommend rows T-X for outstanding convenience""; ""For baseball games, we recommend rows A-K for visiting team fans""; ""For baseball games, we recommend these seats for great views of the field""; ""Rows T and above are under cover""; ""See all shaded and covered seating"". ""Front of sections 1-25 are behind the netting"" Consistent with mlb.com/dodgers/ballpark/netting, which runs netting from behind home plate to sections 40 and 41. rows T and above are stated to be under cover. Dugout sentence returned from THIS page: ""Fans hoping to sit near the Dodgers dugout should look toward odd-numbered sections 15-27, while visiting fans hoping to sit near their team's dugout should consider even-numbered sections 14-26.""","HIGH - zone, rows, location and seat direction stated by the source"
17,Field Level (1–53),Field Level,"Sentences returned from this page ""The Field Level is the lowest seating tier at Dodger Stadium and runs from foul pole to foul pole."" ""Sections 1-25 are located along the infield, while sections in the 26-53 range extend farther down the baselines and near the foul poles."" These are Field Level zone-wide sentences that recur across the sections in this batch; none of them names section 17 on its own.",8,toward third base / left field,"A-T, U-X",X,"Stairway aisles run along both side edges of the section; rows are not split by a mid-row aisle, so seat numbers run continuously from one side aisle to the other. The entry portal is at row X.","Facing the field, seat 1 is on your right. That puts seat 1 on the edge facing section 15, with seat numbers counting up toward the edge facing section 19. Seat 1 is the end of the row closest to home plate, and higher seat numbers run away from home plate.","Park-wide boilerplate, no section-specific count. Both of these sentences were returned verbatim from the pages for sections 1, 2, 7 and 11 on a targeted second pass: ""Most rows have eight seats or fewer, making it easy to enter and exit."" and ""Most rows contain no more than eight seats, which makes it much easier for fans to enter and exit their seats compared to longer rows found in many other stadium sections.""","""Top Pick for Great Views of the Field""; ""Rows T & Above - Covered"". ""Front of sections 1-25 are behind the netting"" Consistent with mlb.com/dodgers/ballpark/netting, which runs netting from behind home plate to sections 40 and 41. rows T and above are stated to be under cover. Dugout sentence returned from THIS page: ""Fans hoping to sit near the Dodgers dugout should look toward odd-numbered sections 15-27, while visiting fans hoping to sit near their team's dugout should consider even-numbered sections 14-26."" It agrees with the verified park fact that the Dodgers dugout is on the third base / odd side; it does NOT repeat the Dugout Club zone page inversion. Row label line here is comma-split (""A-T, U-X"") rather than the continuous A-X of the neighbouring sections, and unlike sections 1-13 it carries no trailing DR.","HIGH - zone, rows, location and seat direction stated by the source"
18,Field Level (1–53),Field Level,"Sentences returned from this page ""The Field Level is the lowest seating tier at Dodger Stadium and runs from foul pole to foul pole."" ""Sections 1-25 are located along the infield, while sections in the 26-53 range extend farther down the baselines and near the foul poles."" These are Field Level zone-wide sentences that recur across the sections in this batch; none of them names section 18 on its own.",8,toward first base / right field,A-X,X,"Stairway aisles run along both side edges of the section; rows are not split by a mid-row aisle, so seat numbers run continuously from one side aisle to the other. The entry portal is at row X.","Facing the field, seat 1 is on your left. That puts seat 1 on the edge facing section 16, with seat numbers counting up toward the edge facing section 20. Seat 1 is the end of the row closest to home plate, and higher seat numbers run away from home plate.","Park-wide boilerplate, no section-specific count. Both of these sentences were returned verbatim from the pages for sections 1, 2, 7 and 11 on a targeted second pass: ""Most rows have eight seats or fewer, making it easy to enter and exit."" and ""Most rows contain no more than eight seats, which makes it much easier for fans to enter and exit their seats compared to longer rows found in many other stadium sections.""","""Top Pick for Visiting Team Fans Rows A-K""; ""Top Pick for Great Views of the Field""; ""Rows T & Above - Covered""; ""Rows A-X""; ""For baseball games, we recommend rows A-K for visiting team fans""; ""For baseball games, we recommend these seats for great views of the field""; ""Rows T and above are under cover""; ""See all shaded and covered seating"". ""Front of sections 1-25 are behind the netting"" Consistent with mlb.com/dodgers/ballpark/netting, which runs netting from behind home plate to sections 40 and 41. rows T and above are stated to be under cover. The Field Level dugout sentence ""Fans hoping to sit near the Dodgers dugout should look toward odd-numbered sections 15-27, while visiting fans hoping to sit near their team's dugout should consider even-numbered sections 14-26."" was returned from sibling pages in this batch (sections 6, 14, 16, 17) but was NOT returned from this page, so it is not asserted as present here.","HIGH - zone, rows, location and seat direction stated by the source"
19,Field Level (1–53),Field Level,"""close to the field, between 3rd base and home plate by the home team dugout. it was awesome"" That is fan text, not editorial placement, and it agrees with the verified park fact that odd Field Level sections are on the third base side by the Dodgers dugout.",9,toward third base / left field,A-X,X,"Stairway aisles run along both side edges of the section; rows are not split by a mid-row aisle, so seat numbers run continuously from one side aisle to the other. The entry portal is at row X.","Facing the field, seat 1 is on your right. That puts seat 1 on the edge facing section 17, with seat numbers counting up toward the edge facing section 21. Seat 1 is the end of the row closest to home plate, and higher seat numbers run away from home plate.","Park-wide boilerplate, no section-specific count. Both of these sentences were returned verbatim from the pages for sections 1, 2, 7 and 11 on a targeted second pass: ""Most rows have eight seats or fewer, making it easy to enter and exit."" and ""Most rows contain no more than eight seats, which makes it much easier for fans to enter and exit their seats compared to longer rows found in many other stadium sections.""","""For baseball games, we recommend these seats for great views of the field""; ""Rows T and above are under cover"". ""There is some amount of netting or screening in front of sections 1-25. The height and coverage of netting or screening will vary by section."" Consistent with mlb.com/dodgers/ballpark/netting, which runs netting from behind home plate to sections 40 and 41. rows T and above are stated to be under cover. The Field Level dugout sentence ""Fans hoping to sit near the Dodgers dugout should look toward odd-numbered sections 15-27, while visiting fans hoping to sit near their team's dugout should consider even-numbered sections 14-26."" was returned from sibling pages in this batch (sections 6, 14, 16, 17) but was NOT returned from this page, so it is not asserted as present here.","HIGH - zone, rows, location and seat direction stated by the source"
20,Field Level (1–53),Field Level,"Sentences returned from this page ""The Field Level is the lowest seating tier at Dodger Stadium and runs from foul pole to foul pole."" ""Sections 1-25 are located along the infield, while sections in the 26-53 range extend farther down the baselines and near the foul poles."" ""Because the Dugout Club sits directly in front of sections 1-25, the first row of these Field Level sections actually begins roughly ten rows from the field."" These are Field Level zone-wide sentences that recur across the sections in this batch; none of them names section 20 on its own.",9,toward first base / right field,A-X,X,"Stairway aisles run along both side edges of the section; rows are not split by a mid-row aisle, so seat numbers run continuously from one side aisle to the other. The entry portal is at row X.","Facing the field, seat 1 is on your left. That puts seat 1 on the edge facing section 18, with seat numbers counting up toward the edge facing section 22. Seat 1 is the end of the row closest to home plate, and higher seat numbers run away from home plate.","Park-wide boilerplate, no section-specific count. Both of these sentences were returned verbatim from the pages for sections 1, 2, 7 and 11 on a targeted second pass: ""Most rows have eight seats or fewer, making it easy to enter and exit."" and ""Most rows contain no more than eight seats, which makes it much easier for fans to enter and exit their seats compared to longer rows found in many other stadium sections.""","""Top Pick for Visiting Team Fans Rows A-K""; ""Top Pick for Great Views of the Field""; ""Rows T & Above - Covered""; ""Rows A-X""; ""For baseball games, we recommend rows A-K for visiting team fans""; ""For baseball games, we recommend these seats for great views of the field""; ""Rows T and above are under cover""; ""See all shaded and covered seating"". ""Front of sections 1-25 are behind the netting"" Consistent with mlb.com/dodgers/ballpark/netting, which runs netting from behind home plate to sections 40 and 41. rows T and above are stated to be under cover. The Field Level dugout sentence ""Fans hoping to sit near the Dodgers dugout should look toward odd-numbered sections 15-27, while visiting fans hoping to sit near their team's dugout should consider even-numbered sections 14-26."" was returned from sibling pages in this batch (sections 6, 14, 16, 17) but was NOT returned from this page, so it is not asserted as present here.","HIGH - zone, rows, location and seat direction stated by the source"
21,Field Level (1–53),Field Level,Sections 1–25 are located along the infield,10,toward third base / left field,A-X,X,"Stairway aisles run along both side edges of the section; rows are not split by a mid-row aisle, so seat numbers run continuously from one side aisle to the other. The entry portal is at row X.","Facing the field, seat 1 is on your right. That puts seat 1 on the edge facing section 19, with seat numbers counting up toward the edge facing section 23. Seat 1 is the end of the row closest to home plate, and higher seat numbers run away from home plate.",not published,"""Top Pick for Great Views of the Field"". ""For baseball games, we recommend these seats for great views of the field"". ""Rows T & Above - Covered"". ""Rows T and above are under cover"". ""Front of sections 1-25 are behind the netting — There is some amount of netting or screening in front of sections 1-25. The height and coverage of netting or screening will vary by section.""","HIGH - zone, rows, location and seat direction stated by the source"
22,Field Level (1–53),Field Level,not stated by the source,10,toward first base / right field,A-X,X,"Stairway aisles run along both side edges of the section; rows are not split by a mid-row aisle, so seat numbers run continuously from one side aisle to the other. The entry portal is at row X.","Facing the field, seat 1 is on your left. That puts seat 1 on the edge facing section 20, with seat numbers counting up toward the edge facing section 24. Seat 1 is the end of the row closest to home plate, and higher seat numbers run away from home plate.",not published,"""Top Pick for Visiting Team Fans Rows A-K"". ""Top Pick for Great Views of the Field"". ""Rows T & Above - Covered"". ""Rows T and above are under cover"". ""Front of sections 1-25 are behind the netting — There is some amount of netting or screening in front of sections 1-25. The height and coverage of netting or screening will vary by section.""","MEDIUM - rows and zone confirmed, the source does not place this section"
23,Field Level (1–53),Field Level,not stated by the source,11,toward third base / left field,A-X,X,"Stairway aisles run along both side edges of the section; rows are not split by a mid-row aisle, so seat numbers run continuously from one side aisle to the other. The entry portal is at row X.","Facing the field, seat 1 is on your right. That puts seat 1 on the edge facing section 21, with seat numbers counting up toward the edge facing section 25. Seat 1 is the end of the row closest to home plate, and higher seat numbers run away from home plate.","Most rows have eight seats or fewer, making it easy to enter and exit.","""Top Pick for Great Views of the Field"". ""For baseball games, we recommend these seats for great views of the field"". ""Rows T & Above - Covered"". ""Rows T and above are under cover"". ""Front of sections 1-25 are behind the netting — There is some amount of netting or screening in front of sections 1-25. The height and coverage of netting or screening will vary by section.""","MEDIUM - rows and zone confirmed, the source does not place this section"
24,Field Level (1–53),Field Level,"Sections 1–25 are located along the infield, while sections in the 26–53 range extend farther down the baselines and near the foul poles.",11,toward first base / right field,A-X,X,"Stairway aisles run along both side edges of the section; rows are not split by a mid-row aisle, so seat numbers run continuously from one side aisle to the other. The entry portal is at row X.","Facing the field, seat 1 is on your left. That puts seat 1 on the edge facing section 22, with seat numbers counting up toward the edge facing section 26. Seat 1 is the end of the row closest to home plate, and higher seat numbers run away from home plate.","Most rows have eight seats or fewer, making it easy to enter and exit.","""Top Pick for Visiting Team Fans Rows A-K""; ""Top Pick for Great Views of the Field"". ""For baseball games, we recommend rows A-K for visiting team fans"". ""Rows T & Above - Covered"". ""Rows T and above are under cover"". ""Front of sections 1-25 are behind the netting — There is some amount of netting or screening in front of sections 1-25. The height and coverage of netting or screening will vary by section.""","HIGH - zone, rows, location and seat direction stated by the source"
25,Field Level (1–53),Field Level,"Sections 1–25 are located along the infield"" ; ""Because the Dugout Club sits directly in front of sections 1–25, the first row of these Field Level sections actually begins roughly ten rows from the field.",12,toward third base / left field,A-X,X,"Stairway aisles run along both side edges of the section; rows are not split by a mid-row aisle, so seat numbers run continuously from one side aisle to the other. The entry portal is at row X.","Facing the field, seat 1 is on your right. That puts seat 1 on the edge facing section 23, with seat numbers counting up toward the edge facing section 27. Seat 1 is the end of the row closest to home plate, and higher seat numbers run away from home plate.","Most rows have eight seats or fewer, making it easy to enter and exit.","""Top Pick for Great Views of the Field"". ""For baseball games, we recommend these seats for great views of the field"". ""Rows T & Above - Covered"". ""Rows T and above are under cover"". ""Front of sections 1-25 are behind the netting — There is some amount of netting or screening in front of sections 1-25. The height and coverage of netting or screening will vary by section.""","HIGH - zone, rows, location and seat direction stated by the source"
26,Field Level (1–53),Field Level,"""Section 26 at Dodger Stadum is just to the right of the visitor dugout down the first base line.""",12,toward first base / right field,"1-6, A-X",X,"Stairway aisles run along both side edges of the section; rows are not split by a mid-row aisle, so seat numbers run continuously from one side aisle to the other. The entry portal is at row X.","Facing the field, seat 1 is on your left. That puts seat 1 on the edge facing section 24, with seat numbers counting up toward the edge facing section 28. Seat 1 is the end of the row closest to home plate, and higher seat numbers run away from home plate.",not published,"the park-wide boilerplate says low seat numbers are on the RIGHT when facing the field, but this page's own Seating and Ticket Q&A says ""Seat 1 is on the left aisle as you look towards the field."" This is the only page in sections 21-40 carrying the seat-1 sentence (checked explicitly on 31, 34, 36 and 40, all NOT PRESENT). ""Top Pick for Visiting Team Fans — Rows 1-3""; ""Baseline Club (Rows 1-6)""; ""Rows T & Above - Covered"". ""For baseball games, we recommend rows 1-3 for visiting team fans""; ""Rows 1-6 are part of the Baseline Club""; ""Rows T and above are under cover"". even sections are the first base / visitor-dugout side.","HIGH - zone, rows, location and seat direction stated by the source"
27,Field Level (1–53),Field Level,not stated by the source,13,toward third base / left field,"1-6, A-X",X,"Stairway aisles run along both side edges of the section; rows are not split by a mid-row aisle, so seat numbers run continuously from one side aisle to the other. The entry portal is at row X.","Facing the field, seat 1 is on your right. That puts seat 1 on the edge facing section 25, with seat numbers counting up toward the edge facing section 29. Seat 1 is the end of the row closest to home plate, and higher seat numbers run away from home plate.",not published,"""Top Pick for Impressing a GuestRows 1-6""; ""Baseline Club (Rows 1-6)""; ""Rows T & Above - Covered"". ""For baseball games, we recommend rows 1-6 for impressing a guest""; ""Rows T and above are under cover"".","MEDIUM - rows and zone confirmed, the source does not place this section"
28,Field Level (1–53),Field Level,not stated by the source,13,toward first base / right field,A-X,X,"Stairway aisles run along both side edges of the section; rows are not split by a mid-row aisle, so seat numbers run continuously from one side aisle to the other. The entry portal is at row X.","Facing the field, seat 1 is on your left. That puts seat 1 on the edge facing section 26, with seat numbers counting up toward the edge facing section 30. Seat 1 is the end of the row closest to home plate, and higher seat numbers run away from home plate.",not published,"the row line reads ""Rows in Section 28 are labeled A-X"" (verified twice) yet Section Insights list ""Baseline Club (Rows 1-6)"" and Seating Notes say ""Rows 1-6 are part of the Baseline Club"" — rows 1-6 are not in the stated row range. ""Rows T & Above - Covered"". ""Rows T and above are under cover"".","MEDIUM - rows and zone confirmed, the source does not place this section"
29,Field Level (1–53),Field Level,not stated by the source,14,toward third base / left field,A-X,X,"Stairway aisles run along both side edges of the section; rows are not split by a mid-row aisle, so seat numbers run continuously from one side aisle to the other. The entry portal is at row X.","Facing the field, seat 1 is on your right. That puts seat 1 on the edge facing section 27, with seat numbers counting up toward the edge facing section 31. Seat 1 is the end of the row closest to home plate, and higher seat numbers run away from home plate.",not published,"the row line reads ""Rows in Section 29 are labeled A-X"" (verified twice) yet Section Insights list ""Baseline Club (Rows 1-6)"" and Seating Notes say ""Rows 1-6 are part of the Baseline Club"" — rows 1-6 are not in the stated row range. ""Rows T & Above - Covered"". ""Rows T and above are under cover"".","MEDIUM - rows and zone confirmed, the source does not place this section"
30,Field Level (1–53),Field Level,not stated by the source,14,toward first base / right field,"1-6, A-X",X,"Stairway aisles run along both side edges of the section; rows are not split by a mid-row aisle, so seat numbers run continuously from one side aisle to the other. The entry portal is at row X.","Facing the field, seat 1 is on your left. That puts seat 1 on the edge facing section 28, with seat numbers counting up toward the edge facing section 32. Seat 1 is the end of the row closest to home plate, and higher seat numbers run away from home plate.",not published,"""Baseline Club (Rows 1-6)"". ""Rows 1-6 are part of the Baseline Club"". ""Rows T & Above - Covered"". ""Rows T and above are under cover"".","MEDIUM - rows and zone confirmed, the source does not place this section"
31,Field Level (1–53),Field Level,not stated by the source,15,toward third base / left field,"1-6, A-X",X,"Stairway aisles run along both side edges of the section; rows are not split by a mid-row aisle, so seat numbers run continuously from one side aisle to the other. The entry portal is at row X.","Facing the field, seat 1 is on your right. That puts seat 1 on the edge facing section 29, with seat numbers counting up toward the edge facing section 33. Seat 1 is the end of the row closest to home plate, and higher seat numbers run away from home plate.",not published,"""Top Pick for Impressing a Guest Rows 1-6"". ""For baseball games, we recommend rows 1-6 for impressing a guest"". ""Baseline Club (Rows 1-6)"". ""Rows 1-6 are part of the Baseline Club"". ""Rows T & Above - Covered"". ""Rows T and above are under cover"".","MEDIUM - rows and zone confirmed, the source does not place this section"
32,Field Level (1–53),Field Level,not stated by the source,15,toward first base / right field,"1-6, A-X",X,"Stairway aisles run along both side edges of the section; rows are not split by a mid-row aisle, so seat numbers run continuously from one side aisle to the other. The entry portal is at row X.","Facing the field, seat 1 is on your left. That puts seat 1 on the edge facing section 30, with seat numbers counting up toward the edge facing section 34. Seat 1 is the end of the row closest to home plate, and higher seat numbers run away from home plate.",not published,"""Top Pick for Outstanding ConvenienceRows T-X"". ""For baseball games, we recommend rows T-X for outstanding convenience"". ""Baseline Club (Rows 1-6)"". ""Rows 1-6 are part of the Baseline Club"". ""Rows T & Above - Covered"". ""Rows T and above are under cover"".","MEDIUM - rows and zone confirmed, the source does not place this section"
33,Field Level (1–53),Field Level,not stated by the source,16,toward third base / left field,"1-6, A-X",X,"Stairway aisles run along both side edges of the section; rows are not split by a mid-row aisle, so seat numbers run continuously from one side aisle to the other. The entry portal is at row X.","Facing the field, seat 1 is on your right. That puts seat 1 on the edge facing section 31, with seat numbers counting up toward the edge facing section 35. Seat 1 is the end of the row closest to home plate, and higher seat numbers run away from home plate.",not published,"""Top Pick for Outstanding Convenience—Rows T-X""; ""Top Pick for Impressing a Guest—Rows 1-6"". ""For baseball games, we recommend rows T-X for outstanding convenience"". ""Baseline Club (Rows 1-6)"". ""Rows 1-6 are part of the Baseline Club"". ""Rows T & Above - Covered"". ""Rows T and above are under cover"".","MEDIUM - rows and zone confirmed, the source does not place this section"
34,Field Level (1–53),Field Level,not stated by the source,16,toward first base / right field,"1-6, A-X",X,"Stairway aisles run along both side edges of the section; rows are not split by a mid-row aisle, so seat numbers run continuously from one side aisle to the other. The entry portal is at row X.","Facing the field, seat 1 is on your left. That puts seat 1 on the edge facing section 32, with seat numbers counting up toward the edge facing section 36. Seat 1 is the end of the row closest to home plate, and higher seat numbers run away from home plate.","Not stated as a site fact; a fan review on the page says there are ""only 8 seats in a row"".","""Baseline Club (Rows 1-6)"". ""Rows 1-6 are part of the Baseline Club"". ""Rows T & Above - Covered"". ""Rows T and above are under cover"". ""Short rows with eight seats or fewer make entry/exit easy""; ""Close proximity to field with poor angle to home plate""; ""Tons of foul balls in this direction""; ""View of scoreboard and outfield are very good"". no ""Seat 1 is on the left/right aisle"" sentence on this page.","MEDIUM - rows and zone confirmed, the source does not place this section"
35,Field Level (1–53),Field Level,not stated by the source,17,toward third base / left field,"1-6, A-X",X,"Stairway aisles run along both side edges of the section; rows are not split by a mid-row aisle, so seat numbers run continuously from one side aisle to the other. The entry portal is at row X.","Facing the field, seat 1 is on your right. That puts seat 1 on the edge facing section 33, with seat numbers counting up toward the edge facing section 37. Seat 1 is the end of the row closest to home plate, and higher seat numbers run away from home plate.",not published,"""Top Pick for Impressing a Guest Rows 1-6"". ""For baseball games, we recommend rows 1-6 for impressing a guest"". ""Baseline Club (Rows 1-6)"". ""Rows 1-6 are part of the Baseline Club"". ""Rows T & Above - Covered"". ""Rows T and above are under cover"". ""Front row and unobstructed"", ""Unlimited gourmet food"", ""widest seats in stadium"", ""Shade, great view of the field"".","MEDIUM - rows and zone confirmed, the source does not place this section"
36,Field Level (1–53),Field Level,"Located on the lower level of Dodger Stadium, just past the Visiting team dugout down the right field line.",17,toward first base / right field,"1-6, A-X",X,"Stairway aisles run along both side edges of the section; rows are not split by a mid-row aisle, so seat numbers run continuously from one side aisle to the other. The entry portal is at row X.","Facing the field, seat 1 is on your left. That puts seat 1 on the edge facing section 34, with seat numbers counting up toward the edge facing section 38. Seat 1 is the end of the row closest to home plate, and higher seat numbers run away from home plate.",not published,"""Baseline Club (Rows 1-6)"". ""Rows 1-6 are part of the Baseline Club"". ""Rows T & Above - Covered"". ""Rows T and above are under cover"". even sections are the first base / visiting-dugout side. no ""Seat 1 is on the left/right aisle"" sentence on this page.","HIGH - zone, rows, location and seat direction stated by the source"
37,Field Level (1–53),Field Level,not stated by the source,18,toward third base / left field,"1-6, A-X",X,"Stairway aisles run along both side edges of the section; rows are not split by a mid-row aisle, so seat numbers run continuously from one side aisle to the other. The entry portal is at row X.","Facing the field, seat 1 is on your right. That puts seat 1 on the edge facing section 35, with seat numbers counting up toward the edge facing section 39. Seat 1 is the end of the row closest to home plate, and higher seat numbers run away from home plate.",not published,"""Top Pick for Impressing a Guest—Rows 1-6"". ""For baseball games, we recommend rows 1-6 for impressing a guest"". ""Baseline Club (Rows 1-6)"". ""Rows 1-6 are part of the Baseline Club"". ""Rows T & Above - Covered"". ""Rows T and above are under cover"".","MEDIUM - rows and zone confirmed, the source does not place this section"
38,Field Level (1–53),Field Level,not stated by the source,18,toward first base / right field,"1-6, A-X",X,"Stairway aisles run along both side edges of the section; rows are not split by a mid-row aisle, so seat numbers run continuously from one side aisle to the other. The entry portal is at row X.","Facing the field, seat 1 is on your left. That puts seat 1 on the edge facing section 36, with seat numbers counting up toward the edge facing section 40. Seat 1 is the end of the row closest to home plate, and higher seat numbers run away from home plate.","Most rows contain no more than eight seats, which makes it much easier for fans to enter and exit their seats","""Baseline Club (Rows 1-6)"". ""Rows 1-6 are part of the Baseline Club"". ""Rows T & Above - Covered"". ""Rows T and above are under cover"". ""the overhang above Row X will shade you and cover you from rain"" but ""will also block your view of a lot of pop-ups"".","MEDIUM - rows and zone confirmed, the source does not place this section"
39,Field Level (1–53),Field Level,not stated by the source,19,toward third base / left field,"1-6, A-X",X,"Stairway aisles run along both side edges of the section; rows are not split by a mid-row aisle, so seat numbers run continuously from one side aisle to the other. The entry portal is at row X.","Facing the field, seat 1 is on your right. That puts seat 1 on the edge facing section 37, with seat numbers counting up toward the edge facing section 41. Seat 1 is the end of the row closest to home plate, and higher seat numbers run away from home plate.",not published,"""Baseline Club (Rows 1-6)"". ""Rows 1-6 are part of the Baseline Club"". ""Rows T & Above - Covered"". ""Rows T and above are under cover"".","MEDIUM - rows and zone confirmed, the source does not place this section"
40,Field Level (1–53),Field Level,not stated by the source,19,toward first base / right field,"3-6, A-X",X,"Stairway aisles run along both side edges of the section; rows are not split by a mid-row aisle, so seat numbers run continuously from one side aisle to the other. The entry portal is at row X.","Facing the field, seat 1 is on your left. That puts seat 1 on the edge facing section 38, with seat numbers counting up toward the edge facing section 42. Seat 1 is the end of the row closest to home plate, and higher seat numbers run away from home plate.",not published,"Row range starts at 3, not 1 — yet Seating Notes still read ""Rows 1-6 are part of the Baseline Club"" (rows 1-2 do not exist here per the row line). Recorded as printed. ""Rows T & Above - Covered"". ""Rows T and above are under cover"". ""awful angle towards the infield"" in the lower rows; a Row U reviewer reports being ""fully covered and shaded"" with better views requiring less head-turning. no ""Seat 1 is on the left/right aisle"" sentence on this page.","MEDIUM - rows and zone confirmed, the source does not place this section"
41,Field Level (1–53),Field Level,"""Sections 1-25 are located along the infield, while sections in the 26-53 range extend farther down the baselines and near the foul poles."" and ""Fans hoping to sit near the Dodgers dugout should look toward odd-numbered sections 15-27, while visiting fans hoping to sit near their team's dugout should consider even-numbered sections 14-26.""",20,toward third base / left field,"3-6, A-X",X,"Stairway aisles run along both side edges of the section; rows are not split by a mid-row aisle, so seat numbers run continuously from one side aisle to the other. The entry portal is at row X.","Facing the field, seat 1 is on your right. That puts seat 1 on the edge facing section 39, with seat numbers counting up toward the edge facing section 43. Seat 1 is the end of the row closest to home plate, and higher seat numbers run away from home plate.","""Row V is the third to last row in the section, and has a total of 8 seats in the row"" (stated only for Row V)","""Baseline Club (Rows 1-6)"", ""Rows T & Above - Covered"", ""Rows 3-6, A-X"". ""Rows 1-6 are part of the Baseline Club"", ""Rows T and above are under cover"". ""The overhanging seating deck above will provide protection from the elements in the last four rows of Field Level Section 41 (Rows U, V, W, and X - with Row X being the last row in the section)."" ""Baseline Club in Front Rows: Rows 1-6 of sections 26-43 are part of the premium Baseline Club."" the Seating Note and Insight say Baseline Club is Rows 1-6, but the row label line for this section lists only ""3-6"" (rows 1 and 2 are not listed as existing in section 41). 5-star reviews praising the view and the availability of shade.","HIGH - zone, rows, location and seat direction stated by the source"
42,Field Level (1–53),Field Level,"""sections in the 26-53 range extend farther down the baselines and near the foul poles"" and, for the premium rows, ""Baseline Club is located along the field level baselines at Dodger Stadium, positioned just down the lines from the dugouts"".",20,toward first base / right field,"3-6, A-X",X,"Stairway aisles run along both side edges of the section; rows are not split by a mid-row aisle, so seat numbers run continuously from one side aisle to the other. The entry portal is at row X.","Facing the field, seat 1 is on your left. That puts seat 1 on the edge facing section 40, with seat numbers counting up toward the edge facing section 44. Seat 1 is the end of the row closest to home plate, and higher seat numbers run away from home plate.",not published,"""Baseline Club (Rows 1-6)"", ""Rows T & Above - Covered"", ""Rows 3-6, A-X"". ""Rows 1-6 are part of the Baseline Club"", ""Rows T and above are under cover"". Generic Field Level line also present: ""Most rows contain no more than eight seats"" - this is shared Field Level boilerplate, not a section-42 statement, so it is not recorded as seats_per_row. ""Good seat, good view of the field. Day time game, it's hot in the sun."" Baseline Club is stated as Rows 1-6 but the row label line lists only ""3-6"".","HIGH - zone, rows, location and seat direction stated by the source"
43,Field Level (1–53),Field Level,"""The Baseline Club is located along the field level baselines at Dodger Stadium, positioned just down the lines from the dugouts.""",21,toward third base / left field,"3-6, A-X",X,"Stairway aisles run along both side edges of the section; rows are not split by a mid-row aisle, so seat numbers run continuously from one side aisle to the other. The entry portal is at row X.","Facing the field, seat 1 is on your right. That puts seat 1 on the edge facing section 41, with seat numbers counting up toward the edge facing section 45. Seat 1 is the end of the row closest to home plate, and higher seat numbers run away from home plate.",not published,"""Rows 1-6 are part of the Baseline Club"", ""Rows T and above are under cover"". ""Most rows contain no more than eight seats, which makes it much easier for fans to enter and exit their seats compared to longer rows found in many other stadium sections."" - shared Field Level boilerplate, not a section-43 count, so not recorded as seats_per_row. Baseline Club stated as Rows 1-6 while the row label line lists only ""3-6"".","HIGH - zone, rows, location and seat direction stated by the source"
44,Field Level (1–53),Field Level,"""The Baseline Club is located along the field level baselines at Dodger Stadium"".",21,toward first base / right field,"AA-CC, A-W",W,"Stairway aisles run along both side edges of the section; rows are not split by a mid-row aisle, so seat numbers run continuously from one side aisle to the other. The entry portal is at row W.","Facing the field, seat 1 is on your left. That puts seat 1 on the edge facing section 42, with seat numbers counting up toward the edge facing section 46. Seat 1 is the end of the row closest to home plate, and higher seat numbers run away from home plate.",not published,"""Baseline Club (Rows AA-CC)"", ""Rows T & Above - Covered"", ""Rows AA-CC, A-W"". ""Rows AA-CC are part of the Baseline Club"", ""Rows T and above are under cover"". the section-level note says ""Rows AA-CC are part of the Baseline Club"" while another Baseline Club line reads ""Rows 1-3 of sections 44 and 45""; a third, page-wide line elsewhere in this batch reads ""Rows 1-6 of sections 26-43 are part of the premium Baseline Club"". Note also that the lettered Baseline Club rows here (AA-CC) differ from the numbered ones (3-6) used in sections 41-43.","HIGH - zone, rows, location and seat direction stated by the source"
45,Field Level (1–53),Field Level,"""sections in the 26-53 range extend farther down the baselines and near the foul poles"" and, for the premium rows, ""Located along the field level baselines at Dodger Stadium, positioned just down the lines from the dugouts"". ""Fans hoping to sit near the Dodgers dugout should look toward odd-numbered sections 15-27"".",22,toward third base / left field,"AA-CC, A-W",W,"Stairway aisles run along both side edges of the section; rows are not split by a mid-row aisle, so seat numbers run continuously from one side aisle to the other. The entry portal is at row W.","Facing the field, seat 1 is on your right. That puts seat 1 on the edge facing section 43, with seat numbers counting up toward the edge facing section 47. Seat 1 is the end of the row closest to home plate, and higher seat numbers run away from home plate.",Rows A-F in Field 45 have 20 seats. Rows G-O have 21 seats and Rows P-T have 22 seats.,"""Baseline Club (Rows AA-CC)"", ""Rows T & Above - Covered"", ""Rows AA-CC, A-W"". ""Rows AA-CC are part of the Baseline Club"", ""Rows T and above are under cover"". this section-specific seats-per-row answer (20-22 seats) directly conflicts with the shared Field Level line ""Most rows contain no more than eight seats"" that appears on neighbouring section pages. Also conflicting Baseline Club definitions across pages (""Rows AA-CC"" here vs ""Rows 1-3 of sections 44 and 45"" on the section 44 page).","HIGH - zone, rows, location and seat direction stated by the source"
46,Field Level (1–53),Field Level,"""The Field Level is the lowest seating tier at Dodger Stadium and runs from foul pole to foul pole."" ""Fans hoping to sit near the Dodgers dugout should look toward odd-numbered sections 15-27, while visiting fans hoping to sit near their team's dugout should consider even-numbered sections 14-26.""",22,toward first base / right field,"A-S, T-X",X,"Stairway aisles run along both side edges of the section; rows are not split by a mid-row aisle, so seat numbers run continuously from one side aisle to the other. The entry portal is at row X.","Facing the field, seat 1 is on your left. That puts seat 1 on the edge facing section 44, with seat numbers counting up toward the edge facing section 48. Seat 1 is the end of the row closest to home plate, and higher seat numbers run away from home plate.",not published,"""Rows T & Above - Covered"", ""Rows A-S, T-X"". ""Rows T and above are under cover""; ""Wheelchair seating is available behind Row S"". multiple positive reviews mentioning a ""great view"" and recommending sunglasses for the lower rows. No Baseline Club rows here - section 46 is the first section in this batch with no premium front rows.","HIGH - zone, rows, location and seat direction stated by the source"
47,Field Level (1–53),Field Level,"The Field Level is the lowest standard seating tier at Dodger Stadium, stretching from foul pole to foul pole in the double-digit and single-digit sections."" ""Sections 1-25 are located along the infield, while sections in the 26-53 range extend farther down the baselines and near the foul poles."" ""Fans hoping to sit near the Dodgers dugout should look toward odd-numbered sections 15-27, while visiting fans hoping to sit near their team's dugout should consider even-numbered sections 14-26.",23,toward third base / left field,"A-S, T-X",X,"Stairway aisles run along both side edges of the section; rows are not split by a mid-row aisle, so seat numbers run continuously from one side aisle to the other. The entry portal is at row X.","Facing the field, seat 1 is on your right. That puts seat 1 on the edge facing section 45, with seat numbers counting up toward the edge facing section 49. Seat 1 is the end of the row closest to home plate, and higher seat numbers run away from home plate.","""On the Field Level, there are 15 seats in Row C"" (stated only for Row C)","""Rows T & Above - Covered"", ""Rows A-S, T-X"". ""Rows T and above are under cover""; ""Wheelchair seating is available behind Row S"". one 5-star review dated Aug 11, 2019 (Arizona Diamondbacks at Los Angeles Dodgers, Sec 47/Row J).","HIGH - zone, rows, location and seat direction stated by the source"
48,Field Level (1–53),Field Level,"""Sections 26-43 extend farther down the baselines and near the foul poles."" and ""Fans hoping to sit near the Dodgers dugout should look toward odd-numbered sections 15-27"". Fan review places the section near the foul pole: ""Kinda cool to be behind the foul pole.""",23,toward first base / right field,"AA, A-T, U-X",X,"Stairway aisles run along both side edges of the section; rows are not split by a mid-row aisle, so seat numbers run continuously from one side aisle to the other. The entry portal is at row X.","Facing the field, seat 1 is on your left. That puts seat 1 on the edge facing section 46, with seat numbers counting up toward the edge facing section 50. Seat 1 is the end of the row closest to home plate, and higher seat numbers run away from home plate.",not published,"""Rows T & Above - Covered"", ""Rows AA, A-T, U-X"". Row Numbers block also states ""There is open space behind Row T"". ""Rows T and above are under cover"", ""See all shaded and covered seating"". the Seating Note says Rows T and above are under cover, while fan feedback says the section is ""not shaded in the afternoon"" (one review does confirm ""Row T is actually covered from above""). ""Most rows contain no more than eight seats, which makes it much easier for fans to enter and exit"" - shared boilerplate, not a section-48 count, so not recorded as seats_per_row. Other fan feedback mentions sun exposure, foul pole proximity, good views of the right fielder, and concourse accessibility. the page-level line quoted as ""Sections 26-43 extend farther down the baselines"" differs from the ""26-53"" range quoted on sections 45, 47, 50 and 51; flagged as an inconsistency in the site's own boilerplate.","HIGH - zone, rows, location and seat direction stated by the source"
49,Field Level (1–53),Field Level,"Both are located near the left field foul pole, however Field Level Section 49 is located on the lower level seating tier at Dodger Stadium, while Reserve Level Section 49 is on the highest seating tier running down the left field line."" ""Fans hoping to sit near the Dodgers dugout should look toward odd-numbered sections 15-27, while visiting fans hoping to sit near their team's dugout should consider even-numbered sections 14-26.",24,toward third base / left field,"AA, A-T, U-X",X,"Stairway aisles run along both side edges of the section; rows are not split by a mid-row aisle, so seat numbers run continuously from one side aisle to the other. The entry portal is at row X.","Facing the field, seat 1 is on your right. That puts seat 1 on the edge facing section 47, with seat numbers counting up toward the edge facing section 51. Seat 1 is the end of the row closest to home plate, and higher seat numbers run away from home plate.",not published,"""Rows T & Above - Covered"", ""Rows AA, A-T, U-X"". ""Rows T and above are under cover"". ""Where is Section 49 Row AA at Dodger Stadium?"" ""Row AA will be the very first row of seating in both the Field Level Section 49 and the Reserve Level Section 49."" This confirms the leading AA row sits in FRONT of Row A, i.e. closest to the field. Odd-numbered / left field placement matches the park-wide parity rule.","HIGH - zone, rows, location and seat direction stated by the source"
50,Field Level (1–53),Field Level,"""The Field Level is the lowest seating tier at Dodger Stadium and runs from foul pole to foul pole."" ""Sections 1-25 are located along the infield, while sections in the 26-53 range extend farther down the baselines and near the foul poles.""",24,toward first base / right field,"AA, A-T, U-X",X,"Stairway aisles run along both side edges of the section; rows are not split by a mid-row aisle, so seat numbers run continuously from one side aisle to the other. The entry portal is at row X.","Facing the field, seat 1 is on your left. That puts seat 1 on the edge facing section 48, with seat numbers counting up toward the edge facing section 52. Seat 1 is the end of the row closest to home plate, and higher seat numbers run away from home plate.",not published,"""Rows T & Above - Covered"", ""Rows AA, A-T, U-X"". Row Numbers block also states ""There is open space behind Row T"". ""Rows T and above are under cover"". ""Most rows have eight seats or fewer, making it easy to enter and exit."" and ""Most rows contain no more than eight seats, which makes it much easier for fans to enter and exit their seats compared to longer rows found in many other stadium sections."" - shared boilerplate, not a section-50 count, so not recorded as seats_per_row. ""Because the Dugout Club sits directly in front of sections 1-25, the first row of these Field Level sections actually begins roughly ten rows from the field.""","HIGH - zone, rows, location and seat direction stated by the source"
51,Field Level (1–53),Field Level,"""Sections 1-25 are located along the infield, while sections in the 26-53 range extend farther down the baselines and near the foul poles."" and ""Fans hoping to sit near the Dodgers dugout should look toward odd-numbered sections 15-27, while visiting fans hoping to sit near their team's dugout should consider even-numbered sections 14-26.""",25,toward third base / left field,"AA, A-T, U-X",X,"Stairway aisles run along both side edges of the section; rows are not split by a mid-row aisle, so seat numbers run continuously from one side aisle to the other. The entry portal is at row X.","Facing the field, seat 1 is on your right. That puts seat 1 on the edge facing section 49, with seat numbers counting up toward the edge facing section 53. Seat 1 is the end of the row closest to home plate, and higher seat numbers run away from home plate.",not published,"""Rows T & Above - Covered"", ""Rows AA, A-T, U-X"". ""Rows T and above are under cover"" plus a link to the site's shaded and covered seating resource. general Field Level note reads ""Limited Shade: Many seats are exposed to the Southern California sun during day games."" ""Most rows have eight seats or fewer, making it easy to enter and exit."" and ""Most rows contain no more than eight seats..."" - shared boilerplate, not a section-51 count, so not recorded as seats_per_row. ""Because the Dugout Club sits directly in front of sections 1-25, the first row of these Field Level sections actually begins roughly ten rows from the field."" ""Perfect seats, you can see everything"" (5-star, Sec 51/Row A, Baseball).","HIGH - zone, rows, location and seat direction stated by the source"
52,Field Level (1–53),Field Level,"""The Field Level is the lowest seating tier at Dodger Stadium and runs from foul pole to foul pole."" ""The Visitor Bullpen is to the Left of Section 302"".",25,toward first base / right field,"AA, A-Z",Z,"Stairway aisles run along both side edges of the section; rows are not split by a mid-row aisle, so seat numbers run continuously from one side aisle to the other. The entry portal is at row Z.","Facing the field, seat 1 is on your left. That puts seat 1 on the edge facing section 50, with seat numbers counting up toward the far edge of the section, with no further section beyond it on that side. Seat 1 is the end of the row closest to home plate, and higher seat numbers run away from home plate.",not published,"""Top Pick for Getting a BallRows AA,A-N"", ""Top Pick for Visiting Team Fans"", ""Rows T & Above - Covered"", ""Rows AA, A-Z"". ""For baseball games, we recommend rows AA,A-N for getting a ball"", ""For baseball games, we recommend these seats for visiting team fans"", ""Rows T and above are under cover"". The page states both facts and does not explain them. Also note the page locates the visitor bullpen relative to Pavilion section 302, not relative to 52. This is the last even-numbered Field Level section.","HIGH - zone, rows, location and seat direction stated by the source"
53,Field Level (1–53),Field Level,"""The Field Level is the lowest standard seating tier at Dodger Stadium, stretching from foul pole to foul pole in the double-digit and single-digit sections."" ""sections in the 26-53 range extend farther down the baselines and near the foul poles."" ""Section 53 is right next to the Dodgers bullpen."" and ""The Dodgers Bullpen is to the Left of Section 53"".",26,toward third base / left field,"AA, A-Z",Z,"Stairway aisles run along both side edges of the section; rows are not split by a mid-row aisle, so seat numbers run continuously from one side aisle to the other. The entry portal is at row Z.","Facing the field, seat 1 is on your right. That puts seat 1 on the edge facing section 51, with seat numbers counting up toward the far edge of the section, with no further section beyond it on that side. Seat 1 is the end of the row closest to home plate, and higher seat numbers run away from home plate.",not published,"""Top Pick for Getting a Ball-Rows AA,A-N"", ""Rows T & Above - Covered"". ""For baseball games, we recommend rows AA,A-N for getting a ball"", ""Rows T and above are under cover"". The Dodgers bullpen placement here (left field, adjacent to section 53) matches the verified park facts and matches the odd-section / third-base-and-left-field parity rule. This is the last odd-numbered Field Level section.","HIGH - zone, rows, location and seat direction stated by the source"
101,Loge Level (101–168),Loge Level,"""Sections 101 and 102 are located directly behind home plate"". ""Excellent Viewing Height: Elevated just enough for strong sightlines while still feeling close to the field."" ""Best Seats Near Home Plate: Sections 101 and 102 offer the most centered views of the game."" ""Sections are numbered based on their side of the field: even-numbered sections run down the first base side, while odd-numbered sections run down the third base side.""",0,behind home plate,"A-T, U-W",W,"Stairway aisles run along both side edges of the section; rows are not split by a mid-row aisle, so seat numbers run continuously from one side aisle to the other. The entry portal is at row W.","Facing the field, seat 1 is on your right. That puts seat 1 on the far edge of the section, with no further section beyond it on that side, with seat numbers counting up toward the edge facing section 103. This section is behind home plate, so seat 1 is on its first-base side.","Fan review tagged Section 101 Row C states: ""Rows in this section only have 6 seats, so you don't have to get up and down all the time"". No official seats-per-row figure is printed.","""Top Pick for Impressing a Guest""; ""Top Pick for Great Views of the Field""; ""Home Plate View""; ""Rows N & Above - Covered""; ""Rows A-E"". ""For baseball games, we recommend rows A-E for impressing a guest"" ""Rows N and above are under cover"" Insight ""Top Pick for Impressing a Guest"" is qualified ""Rows A-E"".","HIGH - zone, rows, location and seat direction stated by the source"
102,Loge Level (101–168),Loge Level,"""Sections 101 and 102 are located directly behind home plate"". ""Excellent Viewing Height: Elevated just enough for strong sightlines while still feeling close to the field."" ""Best Seats Near Home Plate: Sections 101 and 102 offer the most centered views of the game."" ""Sections are numbered based on their side of the field: even-numbered sections run down the first base side, while odd-numbered sections run down the third base side.""",0,behind home plate,"A-T, U-W",W,"Stairway aisles run along both side edges of the section; rows are not split by a mid-row aisle, so seat numbers run continuously from one side aisle to the other. The entry portal is at row W.","Facing the field, seat 1 is on your left. That puts seat 1 on the far edge of the section, with no further section beyond it on that side, with seat numbers counting up toward the edge facing section 104. This section is behind home plate, so seat 1 is on its third-base side.",not published,"""Top Pick for Impressing a Guest""; ""Top Pick for Great Views of the Field""; ""Home Plate View""; ""Rows N & Above - Covered""; ""Rows A-E"". ""For baseball games, we recommend rows A-E for impressing a guest"" ""For baseball games, desirable view from behind home plate"" ""Rows N and above are under cover"" Page also describes a ""centered view of the field"".","HIGH - zone, rows, location and seat direction stated by the source"
103,Loge Level (101–168),Loge Level,"""Excellent Viewing Height: Elevated just enough for strong sightlines while still feeling close to the field."" ""Best Seats Near Home Plate: Sections 101 and 102 offer the most centered views of the game."" ""Sections are numbered based on their side of the field: even-numbered sections run down the first base side, while odd-numbered sections run down the third base side.""",1,toward third base / left field,"A-T, U-W",W,"Stairway aisles run along both side edges of the section; rows are not split by a mid-row aisle, so seat numbers run continuously from one side aisle to the other. The entry portal is at row W.","Facing the field, seat 1 is on your right. That puts seat 1 on the edge facing section 101, with seat numbers counting up toward the edge facing section 105. Seat 1 is the end of the row closest to home plate, and higher seat numbers run away from home plate.",not published,"""Top Pick for Impressing a Guest""; ""Top Pick for Great Views of the Field""; ""Home Plate View""; ""Rows N & Above - Covered""; ""Rows A-E"". ""For baseball games, we recommend rows A-E for impressing a guest"" ""Rows N and above are under cover"" ""Desirable view from behind home plate"" No netting or obstruction text appears on this page.","HIGH - zone, rows, location and seat direction stated by the source"
104,Loge Level (101–168),Loge Level,"""Excellent Viewing Height: Elevated just enough for strong sightlines while still feeling close to the field."" ""Best Seats Near Home Plate: Sections 101 and 102 offer the most centered views of the game."" ""Sections are numbered based on their side of the field: even-numbered sections run down the first base side, while odd-numbered sections run down the third base side.""",1,toward first base / right field,"A-T, U-W",W,"Stairway aisles run along both side edges of the section; rows are not split by a mid-row aisle, so seat numbers run continuously from one side aisle to the other. The entry portal is at row W.","Facing the field, seat 1 is on your left. That puts seat 1 on the edge facing section 102, with seat numbers counting up toward the edge facing section 106. Seat 1 is the end of the row closest to home plate, and higher seat numbers run away from home plate.",not published,"""Top Pick for Impressing a Guest""; ""Top Pick for Great Views of the Field""; ""Home Plate View""; ""Rows N & Above - Covered""; ""Rows A-E"". ""For baseball games, we recommend rows A-E for impressing a guest"" ""Rows N and above are under cover"" No netting or obstruction text appears on this page.","HIGH - zone, rows, location and seat direction stated by the source"
105,Loge Level (101–168),Loge Level,"""Excellent Viewing Height: Elevated just enough for strong sightlines while still feeling close to the field."" ""Best Seats Near Home Plate: Sections 101 and 102 offer the most centered views of the game."" ""Sections are numbered based on their side of the field: even-numbered sections run down the first base side, while odd-numbered sections run down the third base side.""",2,toward third base / left field,"A-T, U-W",W,"Stairway aisles run along both side edges of the section; rows are not split by a mid-row aisle, so seat numbers run continuously from one side aisle to the other. The entry portal is at row W.","Facing the field, seat 1 is on your right. That puts seat 1 on the edge facing section 103, with seat numbers counting up toward the edge facing section 107. Seat 1 is the end of the row closest to home plate, and higher seat numbers run away from home plate.",not published,"""Top Pick for Impressing a Guest""; ""Top Pick for Great Views of the Field""; ""Home Plate View""; ""Rows N & Above - Covered""; ""Rows A-E"". ""For baseball games, we recommend rows A-E for impressing a guest"" ""For baseball games, we recommend these seats for great views of the field"" ""For baseball games, desirable view from behind home plate"" ""Rows N and above are under cover"" No netting or obstruction text appears on this page.","HIGH - zone, rows, location and seat direction stated by the source"
106,Loge Level (101–168),Loge Level,"""Excellent Viewing Height: Elevated just enough for strong sightlines while still feeling close to the field."" ""Best Seats Near Home Plate: Sections 101 and 102 offer the most centered views of the game."" ""Sections are numbered based on their side of the field: even-numbered sections run down the first base side, while odd-numbered sections run down the third base side.""",2,toward first base / right field,"A-T, U-W",W,"Stairway aisles run along both side edges of the section; rows are not split by a mid-row aisle, so seat numbers run continuously from one side aisle to the other. The entry portal is at row W.","Facing the field, seat 1 is on your left. That puts seat 1 on the edge facing section 104, with seat numbers counting up toward the edge facing section 108. Seat 1 is the end of the row closest to home plate, and higher seat numbers run away from home plate.","Q&A answer states: ""There are a total of 8 seats in Loge Section 106 Row R"" (Row R only).","""Top Pick for Impressing a Guest""; ""Top Pick for Great Views of the Field""; ""Home Plate View""; ""Rows N & Above - Covered""; ""Rows A-E"". ""For baseball games, we recommend rows A-E for impressing a guest"" ""Rows N and above are under cover"" ""There is open space behind Row T"".","HIGH - zone, rows, location and seat direction stated by the source"
107,Loge Level (101–168),Loge Level,"""Excellent Viewing Height: Elevated just enough for strong sightlines while still feeling close to the field."" ""Best Seats Near Home Plate: Sections 101 and 102 offer the most centered views of the game."" ""Sections are numbered based on their side of the field: even-numbered sections run down the first base side, while odd-numbered sections run down the third base side.""",3,toward third base / left field,"A-T, U-W",W,"Stairway aisles run along both side edges of the section; rows are not split by a mid-row aisle, so seat numbers run continuously from one side aisle to the other. The entry portal is at row W.","Facing the field, seat 1 is on your right. That puts seat 1 on the edge facing section 105, with seat numbers counting up toward the edge facing section 109. Seat 1 is the end of the row closest to home plate, and higher seat numbers run away from home plate.",not published,"""Top Pick for Impressing a Guest""; ""Top Pick for Great Views of the Field""; ""Home Plate View""; ""Rows N & Above - Covered""; ""Rows A-E"". ""For baseball games, we recommend rows A-E for impressing a guest"" ""Rows N and above are under cover"" No netting or obstruction text appears on this page.","HIGH - zone, rows, location and seat direction stated by the source"
108,Loge Level (101–168),Loge Level,"""Excellent Viewing Height: Elevated just enough for strong sightlines while still feeling close to the field."" ""Best Seats Near Home Plate: Sections 101 and 102 offer the most centered views of the game."" ""Sections are numbered based on their side of the field: even-numbered sections run down the first base side, while odd-numbered sections run down the third base side.""",3,toward first base / right field,"A-T, U-W",W,"Stairway aisles run along both side edges of the section; rows are not split by a mid-row aisle, so seat numbers run continuously from one side aisle to the other. The entry portal is at row W.","Facing the field, seat 1 is on your left. That puts seat 1 on the edge facing section 106, with seat numbers counting up toward the edge facing section 110. Seat 1 is the end of the row closest to home plate, and higher seat numbers run away from home plate.",not published,"""Top Pick for Impressing a Guest""; ""Top Pick for Great Views of the Field""; ""Home Plate View""; ""Rows N & Above - Covered""; ""Rows A-E"". ""For baseball games, we recommend rows A-E for impressing a guest"" ""Rows N and above are under cover"" ""There is open space behind Row T"".","HIGH - zone, rows, location and seat direction stated by the source"
109,Loge Level (101–168),Loge Level,"""Excellent Viewing Height: Elevated just enough for strong sightlines while still feeling close to the field."" ""Best Seats Near Home Plate: Sections 101 and 102 offer the most centered views of the game."" ""Sections are numbered based on their side of the field: even-numbered sections run down the first base side, while odd-numbered sections run down the third base side.""",4,toward third base / left field,"A-T, U-W",W,"Stairway aisles run along both side edges of the section; rows are not split by a mid-row aisle, so seat numbers run continuously from one side aisle to the other. The entry portal is at row W.","Facing the field, seat 1 is on your right. That puts seat 1 on the edge facing section 107, with seat numbers counting up toward the edge facing section 111. Seat 1 is the end of the row closest to home plate, and higher seat numbers run away from home plate.",not published,"""For baseball games, we recommend these seats for great views of the field"" ""Rows N and above are under cover"" ""There is open space behind Row T"". The page carries a ""Seating and Ticket Q&A"" entry whose question is ""How do I view details on Section PB157 at Dodger Stadium?""; no answer text is rendered and it says nothing about section 109 seat numbering.","HIGH - zone, rows, location and seat direction stated by the source"
110,Loge Level (101–168),Loge Level,"""Excellent Viewing Height: Elevated just enough for strong sightlines while still feeling close to the field."" ""Best Seats Near Home Plate: Sections 101 and 102 offer the most centered views of the game."" ""Sections are numbered based on their side of the field: even-numbered sections run down the first base side, while odd-numbered sections run down the third base side.""",4,toward first base / right field,"A-T, BOX",BOX,"Stairway aisles run along both side edges of the section; rows are not split by a mid-row aisle, so seat numbers run continuously from one side aisle to the other. The entry portal is at row BOX.","Facing the field, seat 1 is on your left. That puts seat 1 on the edge facing section 108, with seat numbers counting up toward the edge facing section 112. Seat 1 is the end of the row closest to home plate, and higher seat numbers run away from home plate.",not published,"""Top Pick for Great Views of the Field""; ""Rows N & Above - Covered""; ""Rows A-T, BOX"". ""For baseball games, we recommend these seats for great views of the field"" ""Rows N and above are under cover"" ""There is open space betweeen Rows T and BOX"" (typo ""betweeen"" is from the page). 110 is the only section in this batch whose rows end in a row labeled ""BOX"" rather than the ""U-W"" block used by 101-109 and 111-120; its entrance is correspondingly at Row BOX. Recorded not corrected.","HIGH - zone, rows, location and seat direction stated by the source"
111,Loge Level (101–168),Loge Level,"""Excellent Viewing Height: Elevated just enough for strong sightlines while still feeling close to the field."" ""Best Seats Near Home Plate: Sections 101 and 102 offer the most centered views of the game."" ""Sections are numbered based on their side of the field: even-numbered sections run down the first base side, while odd-numbered sections run down the third base side.""",5,toward third base / left field,"A-T, U-W",W,"Stairway aisles run along both side edges of the section; rows are not split by a mid-row aisle, so seat numbers run continuously from one side aisle to the other. The entry portal is at row W.","Facing the field, seat 1 is on your right. That puts seat 1 on the edge facing section 109, with seat numbers counting up toward the edge facing section 113. Seat 1 is the end of the row closest to home plate, and higher seat numbers run away from home plate.",not published,"""Top Pick for Great Views of the Field""; ""Rows N & Above - Covered""; ""Rows A-T, U-W"". ""For baseball games, we recommend these seats for great views of the field"" ""Rows N and above are under cover"" ""Wheelchair seating is available behind Row T"".","HIGH - zone, rows, location and seat direction stated by the source"
112,Loge Level (101–168),Loge Level,"""Excellent Viewing Height: Elevated just enough for strong sightlines while still feeling close to the field."" ""Best Seats Near Home Plate: Sections 101 and 102 offer the most centered views of the game."" ""Sections are numbered based on their side of the field: even-numbered sections run down the first base side, while odd-numbered sections run down the third base side.""",5,toward first base / right field,"A-T, U-W",W,"Stairway aisles run along both side edges of the section; rows are not split by a mid-row aisle, so seat numbers run continuously from one side aisle to the other. The entry portal is at row W.","Facing the field, seat 1 is on your left. That puts seat 1 on the edge facing section 110, with seat numbers counting up toward the edge facing section 114. Seat 1 is the end of the row closest to home plate, and higher seat numbers run away from home plate.",not published,"""Top Pick for Great Views of the Field""; ""Rows N & Above - Covered""; ""Rows A-T, U-W"". ""For baseball games, we recommend these seats for great views of the field"" ""Rows N and above are under cover"" ""Wheelchair seating is available behind Row T"". Page also lists ""$175 lowest price in Section 112"" (live pricing, not a seating fact).","HIGH - zone, rows, location and seat direction stated by the source"
113,Loge Level (101–168),Loge Level,"""Excellent Viewing Height: Elevated just enough for strong sightlines while still feeling close to the field."" ""Best Seats Near Home Plate: Sections 101 and 102 offer the most centered views of the game."" ""Sections are numbered based on their side of the field: even-numbered sections run down the first base side, while odd-numbered sections run down the third base side.""",6,toward third base / left field,"A-T, U-W",W,"Stairway aisles run along both side edges of the section; rows are not split by a mid-row aisle, so seat numbers run continuously from one side aisle to the other. The entry portal is at row W.","Facing the field, seat 1 is on your right. That puts seat 1 on the edge facing section 111, with seat numbers counting up toward the edge facing section 115. Seat 1 is the end of the row closest to home plate, and higher seat numbers run away from home plate.",not published,"""Top Pick for Great Views of the Field""; ""Rows N & Above - Covered""; ""Rows A-T, U-W"". ""For baseball games, we recommend these seats for great views of the field"" ""Rows N and above are under cover"" ""Wheelchair seating is available behind Row T"".","HIGH - zone, rows, location and seat direction stated by the source"
114,Loge Level (101–168),Loge Level,"""Excellent Viewing Height: Elevated just enough for strong sightlines while still feeling close to the field."" ""Best Seats Near Home Plate: Sections 101 and 102 offer the most centered views of the game."" ""Sections are numbered based on their side of the field: even-numbered sections run down the first base side, while odd-numbered sections run down the third base side.""",6,toward first base / right field,"A-T, U-W",W,"Stairway aisles run along both side edges of the section; rows are not split by a mid-row aisle, so seat numbers run continuously from one side aisle to the other. The entry portal is at row W.","Facing the field, seat 1 is on your left. That puts seat 1 on the edge facing section 112, with seat numbers counting up toward the edge facing section 116. Seat 1 is the end of the row closest to home plate, and higher seat numbers run away from home plate.","Fan review tagged Section 114 Row C (Baseball) states: ""only 6-8 seats per row (VIP section)"". No official seats-per-row figure is printed.","""Top Pick for Great Views of the Field""; ""Rows N & Above - Covered""; ""Rows A-T, U-W"". ""For baseball games, we recommend these seats for great views of the field"" ""Rows N and above are under cover"" ""Wheelchair seating is available behind Row T"". The ""VIP section"" wording is the fan reviewer's, not RateYourSeats'; 114 is listed as ordinary Loge Level.","HIGH - zone, rows, location and seat direction stated by the source"
115,Loge Level (101–168),Loge Level,"""Excellent Viewing Height: Elevated just enough for strong sightlines while still feeling close to the field."" ""Best Seats Near Home Plate: Sections 101 and 102 offer the most centered views of the game."" ""Sections are numbered based on their side of the field: even-numbered sections run down the first base side, while odd-numbered sections run down the third base side.""",7,toward third base / left field,"A-T, U-W",W,"Stairway aisles run along both side edges of the section; rows are not split by a mid-row aisle, so seat numbers run continuously from one side aisle to the other. The entry portal is at row W.","Facing the field, seat 1 is on your right. That puts seat 1 on the edge facing section 113, with seat numbers counting up toward the edge facing section 117. Seat 1 is the end of the row closest to home plate, and higher seat numbers run away from home plate.",not published,"""Top Pick for Great Views of the Field""; ""Rows N & Above - Covered""; ""Rows A-T, U-W"". ""For baseball games, we recommend these seats for great views of the field"" ""Rows N and above are under cover"" ""Wheelchair seating is available behind Row T"".","HIGH - zone, rows, location and seat direction stated by the source"
116,Loge Level (101–168),Loge Level,"""Excellent Viewing Height: Elevated just enough for strong sightlines while still feeling close to the field."" ""Best Seats Near Home Plate: Sections 101 and 102 offer the most centered views of the game."" ""Sections are numbered based on their side of the field: even-numbered sections run down the first base side, while odd-numbered sections run down the third base side.""",7,toward first base / right field,"A-T, U-W",W,"Stairway aisles run along both side edges of the section; rows are not split by a mid-row aisle, so seat numbers run continuously from one side aisle to the other. The entry portal is at row W.","Facing the field, seat 1 is on your left. That puts seat 1 on the edge facing section 114, with seat numbers counting up toward the edge facing section 118. Seat 1 is the end of the row closest to home plate, and higher seat numbers run away from home plate.",not published,"""Top Pick for Great Views of the Field""; ""Rows N & Above - Covered""; ""Rows A-T, U-W"". ""For baseball games, we recommend these seats for great views of the field"" ""Rows N and above are under cover"" ""Wheelchair seating is available behind Row T"". ""The seats were the best we've ever had"" (Sec 116 / Row N - Baseball).","HIGH - zone, rows, location and seat direction stated by the source"
117,Loge Level (101–168),Loge Level,"""Excellent Viewing Height: Elevated just enough for strong sightlines while still feeling close to the field."" ""Best Seats Near Home Plate: Sections 101 and 102 offer the most centered views of the game."" ""Sections are numbered based on their side of the field: even-numbered sections run down the first base side, while odd-numbered sections run down the third base side.""",8,toward third base / left field,"A-T, U-W",W,"Stairway aisles run along both side edges of the section; rows are not split by a mid-row aisle, so seat numbers run continuously from one side aisle to the other. The entry portal is at row W.","Facing the field, seat 1 is on your right. That puts seat 1 on the edge facing section 115, with seat numbers counting up toward the edge facing section 119. Seat 1 is the end of the row closest to home plate, and higher seat numbers run away from home plate.",not published,"""Top Pick for Great Views of the Field""; ""Rows N & Above - Covered""; ""Rows A-T, U-W"". ""For baseball games, we recommend these seats for great views of the field"" ""Rows N and above are under cover"" ""Wheelchair seating is available behind Row T"". ""Back rows often receive shade from the overhanging Club Level above"".","HIGH - zone, rows, location and seat direction stated by the source"
118,Loge Level (101–168),Loge Level,"""Excellent Viewing Height: Elevated just enough for strong sightlines while still feeling close to the field."" ""Best Seats Near Home Plate: Sections 101 and 102 offer the most centered views of the game."" ""Sections are numbered based on their side of the field: even-numbered sections run down the first base side, while odd-numbered sections run down the third base side.""",8,toward first base / right field,"A-T, U-W",W,"Stairway aisles run along both side edges of the section; rows are not split by a mid-row aisle, so seat numbers run continuously from one side aisle to the other. The entry portal is at row W.","Facing the field, seat 1 is on your left. That puts seat 1 on the edge facing section 116, with seat numbers counting up toward the edge facing section 120. Seat 1 is the end of the row closest to home plate, and higher seat numbers run away from home plate.",not published,"""Top Pick for Great Views of the Field""; ""Rows N & Above - Covered""; ""Rows A-T, U-W"". ""For baseball games, we recommend these seats for great views of the field"" ""Rows N and above are under cover"" ""Wheelchair seating is available behind Row T"". ""Padded seat with a great view""; same reviewer: ""No sun by 5:00. Row B was the second row in the section.""","HIGH - zone, rows, location and seat direction stated by the source"
119,Loge Level (101–168),Loge Level,"""Excellent Viewing Height: Elevated just enough for strong sightlines while still feeling close to the field."" ""Best Seats Near Home Plate: Sections 101 and 102 offer the most centered views of the game."" ""Sections are numbered based on their side of the field: even-numbered sections run down the first base side, while odd-numbered sections run down the third base side.""",9,toward third base / left field,"A-T, U-W",W,"Stairway aisles run along both side edges of the section; rows are not split by a mid-row aisle, so seat numbers run continuously from one side aisle to the other. The entry portal is at row W.","Facing the field, seat 1 is on your right. That puts seat 1 on the edge facing section 117, with seat numbers counting up toward the edge facing section 121. Seat 1 is the end of the row closest to home plate, and higher seat numbers run away from home plate.",not published,"""Top Pick for Great Views of the Field""; ""Rows N & Above - Covered""; ""Rows A-T, U-W"". ""For baseball games, we recommend these seats for great views of the field"" ""Rows N and above are under cover"" ""Wheelchair seating is available behind Row T"". ""These Loge seats were great except that the aisle didn't have a cup holder - every other seat did.""","HIGH - zone, rows, location and seat direction stated by the source"
120,Loge Level (101–168),Loge Level,"""Excellent Viewing Height: Elevated just enough for strong sightlines while still feeling close to the field."" ""Best Seats Near Home Plate: Sections 101 and 102 offer the most centered views of the game."" ""Sections are numbered based on their side of the field: even-numbered sections run down the first base side, while odd-numbered sections run down the third base side.""",9,toward first base / right field,"A-T, U-W",W,"Stairway aisles run along both side edges of the section; rows are not split by a mid-row aisle, so seat numbers run continuously from one side aisle to the other. The entry portal is at row W.","Facing the field, seat 1 is on your left. That puts seat 1 on the edge facing section 118, with seat numbers counting up toward the edge facing section 122. Seat 1 is the end of the row closest to home plate, and higher seat numbers run away from home plate.",not published,"""Top Pick for Great Views of the Field""; ""Rows N & Above - Covered""; ""Rows A-T, U-W"". ""For baseball games, we recommend these seats for great views of the field"" ""Rows N and above are under cover"" ""Wheelchair seating is available behind Row T"". Page also lists ""$159 lowest price in Section 120"" (live pricing, not a seating fact).","HIGH - zone, rows, location and seat direction stated by the source"
121,Loge Level (101–168),Loge Level,"The block also states ""this level sits high enough to provide a clear view of the entire diamond, while still feeling close enough to easily follow the action."" ""Sections 101-138 These sections are located between the dugouts and include the most desirable seats on the Loge Level.""",10,toward third base / left field,"A-T, U-W",W,"Stairway aisles run along both side edges of the section; rows are not split by a mid-row aisle, so seat numbers run continuously from one side aisle to the other. The entry portal is at row W.","Facing the field, seat 1 is on your right. That puts seat 1 on the edge facing section 119, with seat numbers counting up toward the edge facing section 123. Seat 1 is the end of the row closest to home plate, and higher seat numbers run away from home plate.",not published,"""Top Pick for Great Views of the Field""; ""Rows N & Above - Covered""; ""Rows A-T, U-W"". ""For baseball games, we recommend these seats for great views of the field""; ""Rows N and above are under cover""; ""Wheelchair seating is available behind Row T"". the zone block also states ""odd-numbered sections run down the third base side"", which matches the project park facts (odd = third base side).","HIGH - zone, rows, location and seat direction stated by the source"
122,Loge Level (101–168),Loge Level,"The block also states ""this level sits high enough to provide a clear view of the entire diamond, while still feeling close enough to easily follow the action."" ""Sections 101-138 These sections are located between the dugouts and include the most desirable seats on the Loge Level.""",10,toward first base / right field,"A-T, U-W",W,"Stairway aisles run along both side edges of the section; rows are not split by a mid-row aisle, so seat numbers run continuously from one side aisle to the other. The entry portal is at row W.","Facing the field, seat 1 is on your left. That puts seat 1 on the edge facing section 120, with seat numbers counting up toward the edge facing section 124. Seat 1 is the end of the row closest to home plate, and higher seat numbers run away from home plate.",not published,"""Top Pick for Great Views of the Field""; ""Rows N & Above - Covered"". ""For baseball games, we recommend these seats for great views of the field""; ""Rows N and above are under cover""; ""Wheelchair seating is available behind Row T"". a first pass returned the claim that ""Section 122 is positioned on the third base side (odd-numbered sections)"". That first-pass claim was an extraction inference, is not sourced, and is also wrong on its face (122 is even, i.e. first base side per the stated pattern); it is therefore NOT recorded as a finding. the zone block also states ""odd-numbered sections run down the third base side"", which matches the project park facts (odd = third base side).","HIGH - zone, rows, location and seat direction stated by the source"
123,Loge Level (101–168),Loge Level,"The block also states ""this level sits high enough to provide a clear view of the entire diamond, while still feeling close enough to easily follow the action."" ""Sections 101-138 These sections are located between the dugouts and include the most desirable seats on the Loge Level.""",11,toward third base / left field,"A-T, U-W",W,"Stairway aisles run along both side edges of the section; rows are not split by a mid-row aisle, so seat numbers run continuously from one side aisle to the other. The entry portal is at row W.","Facing the field, seat 1 is on your right. That puts seat 1 on the edge facing section 121, with seat numbers counting up toward the edge facing section 125. Seat 1 is the end of the row closest to home plate, and higher seat numbers run away from home plate.",not published,"""For baseball games, we recommend these seats for great views of the field""; ""Rows N and above are under cover""; ""Wheelchair seating is available behind Row T"". Fan review (May 31, 2023): ""They were in a better location than I expected. Also helped in comfort was the fact stadium was not that full due to it being a 1pm game on a Wednesday."" Fan review (September 8, 2019): ""Great seats in the shade for a 1:00 pm game great view."" the page carries an orphaned Questions-and-Answers entry, ""How do I view details on Section PB157 at Dodger Stadium?"", with no answer text - it is unrelated to section 123. the zone block also states ""odd-numbered sections run down the third base side"", which matches the project park facts (odd = third base side).","HIGH - zone, rows, location and seat direction stated by the source"
124,Loge Level (101–168),Loge Level,"The block also states ""this level sits high enough to provide a clear view of the entire diamond, while still feeling close enough to easily follow the action."" ""Sections 101-138 These sections are located between the dugouts and include the most desirable seats on the Loge Level.""",11,toward first base / right field,"A-T, U-W",W,"Stairway aisles run along both side edges of the section; rows are not split by a mid-row aisle, so seat numbers run continuously from one side aisle to the other. The entry portal is at row W.","Facing the field, seat 1 is on your left. That puts seat 1 on the edge facing section 122, with seat numbers counting up toward the edge facing section 126. Seat 1 is the end of the row closest to home plate, and higher seat numbers run away from home plate.",not published,"""Top Pick for Great Views of the Field""; ""Rows N & Above - Covered"". ""For baseball games, we recommend these seats for great views of the field""; ""Rows N and above are under cover"". Fan review (Sec 124 / Row G, Baseball): ""Love the Loge Level"". Does not state which side the low seat numbers are on. the zone block also states ""odd-numbered sections run down the third base side"", which matches the project park facts (odd = third base side).","HIGH - zone, rows, location and seat direction stated by the source"
125,Loge Level (101–168),Loge Level,"The block also states ""this level sits high enough to provide a clear view of the entire diamond, while still feeling close enough to easily follow the action."" ""Sections 101-138 These sections are located between the dugouts and include the most desirable seats on the Loge Level.""",12,toward third base / left field,"A-T, BOX",BOX,"Stairway aisles run along both side edges of the section; rows are not split by a mid-row aisle, so seat numbers run continuously from one side aisle to the other. The entry portal is at row BOX.","Facing the field, seat 1 is on your right. That puts seat 1 on the edge facing section 123, with seat numbers counting up toward the edge facing section 127. Seat 1 is the end of the row closest to home plate, and higher seat numbers run away from home plate.",not published,"""Top Pick for Great Views of the Field""; ""Rows N & Above - Covered""; ""Rows A-T, BOX"". ""For baseball games, we recommend these seats for great views of the field""; ""Rows N and above are under cover"". Fan review (Aug 4, 2019): ""Great seats, completely shaded and excellent view of the field."" Does not state which side the low seat numbers are on. ANOMALY / CONFLICT with the rest of the batch: section 125 is the only section in 121-140 whose row line is ""A-T, BOX"" rather than ""A-T, U-W"", and the only one whose entrance is given as ""Row BOX"" rather than ""Row W"". the zone block also states ""odd-numbered sections run down the third base side"", which matches the project park facts (odd = third base side).","HIGH - zone, rows, location and seat direction stated by the source"
126,Loge Level (101–168),Loge Level,"The block also states ""this level sits high enough to provide a clear view of the entire diamond, while still feeling close enough to easily follow the action."" ""Sections 101-138 These sections are located between the dugouts and include the most desirable seats on the Loge Level.""",12,toward first base / right field,"A-T, U-W",W,"Stairway aisles run along both side edges of the section; rows are not split by a mid-row aisle, so seat numbers run continuously from one side aisle to the other. The entry portal is at row W.","Facing the field, seat 1 is on your left. That puts seat 1 on the edge facing section 124, with seat numbers counting up toward the edge facing section 128. Seat 1 is the end of the row closest to home plate, and higher seat numbers run away from home plate.",not published,"""Top Pick for Great Views of the Field""; ""Rows N & Above - Covered"". ""For baseball games, we recommend these seats for great views of the field""; ""Rows N and above are under cover""; ""There is open space behind Row T"". the zone block also states ""odd-numbered sections run down the third base side"", which matches the project park facts (odd = third base side).","HIGH - zone, rows, location and seat direction stated by the source"
127,Loge Level (101–168),Loge Level,"The block also states ""this level sits high enough to provide a clear view of the entire diamond, while still feeling close enough to easily follow the action."" ""Sections 101-138 These sections are located between the dugouts and include the most desirable seats on the Loge Level.""",13,toward third base / left field,"A-T, U-W",W,"Stairway aisles run along both side edges of the section; rows are not split by a mid-row aisle, so seat numbers run continuously from one side aisle to the other. The entry portal is at row W.","Facing the field, seat 1 is on your right. That puts seat 1 on the edge facing section 125, with seat numbers counting up toward the edge facing section 129. Seat 1 is the end of the row closest to home plate, and higher seat numbers run away from home plate.",not published,"""Top Pick for Great Views of the Field""; ""Rows N & Above - Covered"". ""Rows N and above are under cover"". Fan review (Section 127, Row H, Baseball, 5 stars), titled ""Incredible view at a great height"": ""Halfway between third base and home plate on the Dodgers side of the field. You feel really close to the field, even though you're elevated. Views of the infield are awesome, especially the batter-pitcher exchange and the right side of the infield. You can see the whole field clearly, but you just have to turn your head to see all of LF. That was the only small knock on these seats. Otherwise, you're about 10 rows down from the concourse, the Dodgers dugout is right in front of you and shade was abundant during the late afternoon and evening.""","HIGH - zone, rows, location and seat direction stated by the source"
128,Loge Level (101–168),Loge Level,"The block also states ""this level sits high enough to provide a clear view of the entire diamond, while still feeling close enough to easily follow the action."" ""Sections 101-138 These sections are located between the dugouts and include the most desirable seats on the Loge Level.""",13,toward first base / right field,"A-T, U-W",W,"Stairway aisles run along both side edges of the section; rows are not split by a mid-row aisle, so seat numbers run continuously from one side aisle to the other. The entry portal is at row W.","Facing the field, seat 1 is on your left. That puts seat 1 on the edge facing section 126, with seat numbers counting up toward the edge facing section 130. Seat 1 is the end of the row closest to home plate, and higher seat numbers run away from home plate.",not published,"""Top Pick for Kids and FamilyRows N-V""; ""Top Pick for Great Views of the Field""; ""Rows N & Above - Covered"". ""For baseball games, we recommend rows N-V for kids and family""; ""For baseball games, we recommend these seats for great views of the field""; ""Rows N and above are under cover""; ""There is open space behind Row T"". Fan review (Section 128, Row H, September 30, 2025): ""Awesome seats! Would definitely recommend!"" Does not state which side the low seat numbers are on. the zone block also states ""odd-numbered sections run down the third base side"", which matches the project park facts (odd = third base side).","HIGH - zone, rows, location and seat direction stated by the source"
129,Loge Level (101–168),Loge Level,"The block also states ""this level sits high enough to provide a clear view of the entire diamond, while still feeling close enough to easily follow the action."" ""Sections 101-138 These sections are located between the dugouts and include the most desirable seats on the Loge Level.""",14,toward third base / left field,"A-T, U-W",W,"Stairway aisles run along both side edges of the section; rows are not split by a mid-row aisle, so seat numbers run continuously from one side aisle to the other. The entry portal is at row W.","Facing the field, seat 1 is on your right. That puts seat 1 on the edge facing section 127, with seat numbers counting up toward the edge facing section 131. Seat 1 is the end of the row closest to home plate, and higher seat numbers run away from home plate.",not published,"""Top Pick for Great Views of the Field""; ""Rows N & Above - Covered"". ""For baseball games, we recommend these seats for great views of the field""; ""Rows N and above are under cover"". Fan review titled ""Best seats to watch the whole game in Dodger Stadium"": ""Loved watching the game from these padded seats. I buy these whenever they become available. Nobody in front which allows my party to sit or stand when they want. The direct line view to the stairs of the dugout adds to our entertainment. Been going to Dodger Stadium for 55 years, sat in every section and although these are more expensive seats, there are no better. Finally and best secret, because they have the Stadium Club, we get the better and clean bathrooms.""","HIGH - zone, rows, location and seat direction stated by the source"
130,Loge Level (101–168),Loge Level,"The block also states ""this level sits high enough to provide a clear view of the entire diamond, while still feeling close enough to easily follow the action."" ""Sections 101-138 These sections are located between the dugouts and include the most desirable seats on the Loge Level.""",14,toward first base / right field,"A-T, U-W",W,"Stairway aisles run along both side edges of the section; rows are not split by a mid-row aisle, so seat numbers run continuously from one side aisle to the other. The entry portal is at row W.","Facing the field, seat 1 is on your left. That puts seat 1 on the edge facing section 128, with seat numbers counting up toward the edge facing section 132. Seat 1 is the end of the row closest to home plate, and higher seat numbers run away from home plate.",not published,"""Top Pick for Kids and FamilyRows N-V""; ""Top Pick for Great Views of the Field""; ""Rows N & Above - Covered""; ""Rows A-T, U-W"". ""For baseball games, we recommend rows N-V for kids and family""; ""For baseball games, we recommend these seats for great views of the field""; ""Rows N and above are under cover"". ""The seats had a great view and would definitely sit in these again."" A further review carries a rating only (""4 Stars"") with no text. Neither states which side the low seat numbers are on. the zone block also states ""odd-numbered sections run down the third base side"", which matches the project park facts (odd = third base side).","HIGH - zone, rows, location and seat direction stated by the source"
131,Loge Level (101–168),Loge Level,"The block also states ""this level sits high enough to provide a clear view of the entire diamond, while still feeling close enough to easily follow the action."" ""Sections 101-138 These sections are located between the dugouts and include the most desirable seats on the Loge Level.""",15,toward third base / left field,"A-T, U-W",W,"Stairway aisles run along both side edges of the section; rows are not split by a mid-row aisle, so seat numbers run continuously from one side aisle to the other. The entry portal is at row W.","Facing the field, seat 1 is on your right. That puts seat 1 on the edge facing section 129, with seat numbers counting up toward the edge facing section 133. Seat 1 is the end of the row closest to home plate, and higher seat numbers run away from home plate.",not published,"""Top Pick for Great Views of the Field""; ""Rows N & Above - Covered""; ""Rows A-T, U-W"". ""For baseball games, we recommend these seats for great views of the field""; ""Rows N and above are under cover"". the zone block also states ""odd-numbered sections run down the third base side"", which matches the project park facts (odd = third base side).","HIGH - zone, rows, location and seat direction stated by the source"
132,Loge Level (101–168),Loge Level,"The block also states ""this level sits high enough to provide a clear view of the entire diamond, while still feeling close enough to easily follow the action."" ""Sections 101-138 These sections are located between the dugouts and include the most desirable seats on the Loge Level.""",15,toward first base / right field,"A-T, U-W",W,"Stairway aisles run along both side edges of the section; rows are not split by a mid-row aisle, so seat numbers run continuously from one side aisle to the other. The entry portal is at row W.","Facing the field, seat 1 is on your left. That puts seat 1 on the edge facing section 130, with seat numbers counting up toward the edge facing section 134. Seat 1 is the end of the row closest to home plate, and higher seat numbers run away from home plate.",not published,"""Top Pick for Kids and FamilyRows N-V""; ""Top Pick for Great Views of the Field""; ""Rows N & Above - Covered"". ""For baseball games, we recommend rows N-V for kids and family""; ""Rows N and above are under cover"". as with 122, a first pass suggested the page placed section 132 on the third base side. Not recorded as a finding. the zone block also states ""odd-numbered sections run down the third base side"", which matches the project park facts (odd = third base side).","HIGH - zone, rows, location and seat direction stated by the source"
133,Loge Level (101–168),Loge Level,"The block also states ""this level sits high enough to provide a clear view of the entire diamond, while still feeling close enough to easily follow the action."" ""Sections 101-138 These sections are located between the dugouts and include the most desirable seats on the Loge Level.""",16,toward third base / left field,"A-T, U-W",W,"Stairway aisles run along both side edges of the section; rows are not split by a mid-row aisle, so seat numbers run continuously from one side aisle to the other. The entry portal is at row W.","Facing the field, seat 1 is on your right. That puts seat 1 on the edge facing section 131, with seat numbers counting up toward the edge facing section 135. Seat 1 is the end of the row closest to home plate, and higher seat numbers run away from home plate.",not published,"""Top Pick for Great Views of the Field""; ""Rows N & Above - Covered"". ""For baseball games, we recommend these seats for great views""; ""Rows N and above are under cover"". the zone block also states ""odd-numbered sections run down the third base side"", which matches the project park facts (odd = third base side).","HIGH - zone, rows, location and seat direction stated by the source"
134,Loge Level (101–168),Loge Level,"The block also states ""this level sits high enough to provide a clear view of the entire diamond, while still feeling close enough to easily follow the action."" ""Sections 101-138 These sections are located between the dugouts and include the most desirable seats on the Loge Level.""",16,toward first base / right field,"A-T, U-W",W,"Stairway aisles run along both side edges of the section; rows are not split by a mid-row aisle, so seat numbers run continuously from one side aisle to the other. The entry portal is at row W.","Facing the field, seat 1 is on your left. That puts seat 1 on the edge facing section 132, with seat numbers counting up toward the edge facing section 136. Seat 1 is the end of the row closest to home plate, and higher seat numbers run away from home plate.",not published,"""Top Pick for Kids and Family - Rows N-V""; ""Top Pick for Great Views of the Field""; ""Rows N & Above - Covered""; ""Rows A-T, U-W"". ""For baseball games, we recommend rows N-V for kids and family""; ""For baseball games, we recommend these seats for great views""; ""Rows N and above are under cover"". the zone block also states ""odd-numbered sections run down the third base side"", which matches the project park facts (odd = third base side).","HIGH - zone, rows, location and seat direction stated by the source"
135,Loge Level (101–168),Loge Level,"The block also states ""this level sits high enough to provide a clear view of the entire diamond, while still feeling close enough to easily follow the action."" ""Sections 101-138 These sections are located between the dugouts and include the most desirable seats on the Loge Level.""",17,toward third base / left field,"A-T, U-W",W,"Stairway aisles run along both side edges of the section; rows are not split by a mid-row aisle, so seat numbers run continuously from one side aisle to the other. The entry portal is at row W.","Facing the field, seat 1 is on your right. That puts seat 1 on the edge facing section 133, with seat numbers counting up toward the edge facing section 137. Seat 1 is the end of the row closest to home plate, and higher seat numbers run away from home plate.",not published,"""For baseball games, we recommend these seats for great views of the field""; ""Rows N and above are under cover""; ""Wheelchair seating is available behind Row T"". Fan review (5 stars, July 2025, Row G): ""The title says it all. I always sit here when I can. Section 135 is awesome, but so is everywhere else on the 100 level."" A second verified review (August 2019, Section 135 Row B, Yankees-Dodgers) has no text body. Neither states which side the low seat numbers are on. as on the 123 page, an orphaned Questions-and-Answers entry appears - ""How do I view details on Section PB157 at Dodger Stadium?"" - with no answer text, unrelated to section 135. the zone block also states ""odd-numbered sections run down the third base side"", which matches the project park facts (odd = third base side).","HIGH - zone, rows, location and seat direction stated by the source"
136,Loge Level (101–168),Loge Level,"The block also states ""this level sits high enough to provide a clear view of the entire diamond, while still feeling close enough to easily follow the action."" ""Sections 101-138 These sections are located between the dugouts and include the most desirable seats on the Loge Level.""",17,toward first base / right field,"A-T, U-W",W,"Stairway aisles run along both side edges of the section; rows are not split by a mid-row aisle, so seat numbers run continuously from one side aisle to the other. The entry portal is at row W.","Facing the field, seat 1 is on your left. That puts seat 1 on the edge facing section 134, with seat numbers counting up toward the edge facing section 138. Seat 1 is the end of the row closest to home plate, and higher seat numbers run away from home plate.",not published,"""Top Pick for Kids and FamilyRows N-V""; ""Top Pick for Great Views of the Field""; ""Rows N & Above - Covered""; ""Rows A-T, U-W"". ""For baseball games, we recommend rows N-V for kids and family""; ""For baseball games, we recommend these seats for great views of the field""; ""Rows N and above are under cover"". the zone block also states ""odd-numbered sections run down the third base side"", which matches the project park facts (odd = third base side).","HIGH - zone, rows, location and seat direction stated by the source"
137,Loge Level (101–168),Loge Level,"The block also states ""this level sits high enough to provide a clear view of the entire diamond, while still feeling close enough to easily follow the action."" ""Sections 101-138 These sections are located between the dugouts and include the most desirable seats on the Loge Level.""",18,toward third base / left field,"A-T, U-W",W,"Stairway aisles run along both side edges of the section; rows are not split by a mid-row aisle, so seat numbers run continuously from one side aisle to the other. The entry portal is at row W.","Facing the field, seat 1 is on your right. That puts seat 1 on the edge facing section 135, with seat numbers counting up toward the edge facing section 139. Seat 1 is the end of the row closest to home plate, and higher seat numbers run away from home plate.",not published,"""Top Pick for Kids and Family""; ""Rows N & Above - Covered""; ""Rows A-T, U-W"". ""For baseball games, we recommend these seats for kids and family""; ""Rows N and above are under cover"". the zone block also states ""odd-numbered sections run down the third base side"", which matches the project park facts (odd = third base side).","HIGH - zone, rows, location and seat direction stated by the source"
138,Loge Level (101–168),Loge Level,"The block also states ""this level sits high enough to provide a clear view of the entire diamond, while still feeling close enough to easily follow the action."" ""Sections 101-138 These sections are located between the dugouts and include the most desirable seats on the Loge Level.""",18,toward first base / right field,"A-T, U-W",W,"Stairway aisles run along both side edges of the section; rows are not split by a mid-row aisle, so seat numbers run continuously from one side aisle to the other. The entry portal is at row W.","Facing the field, seat 1 is on your left. That puts seat 1 on the edge facing section 136, with seat numbers counting up toward the edge facing section 140. Seat 1 is the end of the row closest to home plate, and higher seat numbers run away from home plate.",not published,"""Rows N & Above - Covered""; ""Rows A-T, U-W"". ""Rows N and above are under cover""; ""See all shaded and covered seating"". Fan review titled ""5 star view of field, 10 star view of the sun"": ""Just past the infield dirt, these seats are awesome for seeing the entire infield - especially the right side. Fantastic views of everything at an ideal height. Row K is even just barely under cover from above. So if it rains, your head will be dry (though your knees might get a bit damp). Despite the cover, these seats were still directly in the sun. It was pretty blinding to begin the game, though it did get better once the sun continued to set. 00 start or a 7:00 start in June and July. The sun is just too much of a factory.""","HIGH - zone, rows, location and seat direction stated by the source"
139,Loge Level (101–168),Loge Level,"The block also states ""this level sits high enough to provide a clear view of the entire diamond, while still feeling close enough to easily follow the action."" the block lists a ""Sections 139-156"" range (mid-baseline).",19,toward third base / left field,"A-T, U-W",W,"Stairway aisles run along both side edges of the section; rows are not split by a mid-row aisle, so seat numbers run continuously from one side aisle to the other. The entry portal is at row W.","Facing the field, seat 1 is on your right. That puts seat 1 on the edge facing section 137, with seat numbers counting up toward the edge facing section 141. Seat 1 is the end of the row closest to home plate, and higher seat numbers run away from home plate.",not published,"""Top Pick for Kids and Family""; ""Rows N & Above - Covered"". ""For baseball games, we recommend these seats for kids and family""; ""Rows N and above are under cover"". ""These seats were fantastic for the sun and being close to food, drink, and restrooms. High enough to see everything, but not too high to miss out."" ""My favorite seats at day games (great seats regardless). You see the whole game, you stay out of the sun, and its close to the food/restrooms."" Neither states which side the low seat numbers are on. the zone block also states ""odd-numbered sections run down the third base side"", which matches the project park facts (odd = third base side).","HIGH - zone, rows, location and seat direction stated by the source"
140,Loge Level (101–168),Loge Level,"The block also states ""this level sits high enough to provide a clear view of the entire diamond, while still feeling close enough to easily follow the action."" the block lists a ""Sections 139-156"" range (mid-baseline).",19,toward first base / right field,"A-T, U-W",W,"Stairway aisles run along both side edges of the section; rows are not split by a mid-row aisle, so seat numbers run continuously from one side aisle to the other. The entry portal is at row W.","Facing the field, seat 1 is on your left. That puts seat 1 on the edge facing section 138, with seat numbers counting up toward the edge facing section 142. Seat 1 is the end of the row closest to home plate, and higher seat numbers run away from home plate.",not published,"""Rows N & Above - Covered""; ""Rows A-T, U-W"". ""Rows N and above are under cover""; ""Wheelchair seating is available behind Row T"". the zone block also states ""odd-numbered sections run down the third base side"", which matches the project park facts (odd = third base side).","HIGH - zone, rows, location and seat direction stated by the source"
141,Loge Level (101–168),Loge Level,not stated by the source,20,toward third base / left field,"A-T, U-W",W,"Stairway aisles run along both side edges of the section; rows are not split by a mid-row aisle, so seat numbers run continuously from one side aisle to the other. The entry portal is at row W.","Facing the field, seat 1 is on your right. That puts seat 1 on the edge facing section 139, with seat numbers counting up toward the edge facing section 143. Seat 1 is the end of the row closest to home plate, and higher seat numbers run away from home plate.","Q&A (row-specific, not section-wide): ""In Loge section 141, row H, there are 8 seats.""","""Top Pick for Kids and Family"" ""Rows N & Above - Covered"" ""Rows A-T, U-W"" ""For baseball games, we recommend these seats for kids and family"" ""Rows N and above are under cover"" Seating and Ticket Q&A question: ""How many seats in sec 141 row H?"" ""In Loge section 141, row H, there are 8 seats."" This is row-specific, not a stated section-wide seats-per-row figure. Fan review (Cincinnati Reds at Los Angeles Dodgers - Apr 15, 2019, Section 141, Row K): ""Perfect shade view awesomeness in location is prime"" No sentence anywhere on the page states where Section 141 sits in the ballpark; location left UNKNOWN rather than inferred. //www.aviewfrommyseat.com/venue/Dodger+Stadium/141/ was also checked and states ""Sorry, we do not have any photos for Section 141 at Dodger Stadium yet.""","MEDIUM - rows and zone confirmed, the source does not place this section"
142,Loge Level (101–168),Loge Level,not stated by the source,20,toward first base / right field,"A-T, U-W",W,"Stairway aisles run along both side edges of the section; rows are not split by a mid-row aisle, so seat numbers run continuously from one side aisle to the other. The entry portal is at row W.","Facing the field, seat 1 is on your left. That puts seat 1 on the edge facing section 140, with seat numbers counting up toward the edge facing section 144. Seat 1 is the end of the row closest to home plate, and higher seat numbers run away from home plate.",not published,"""Rows N & Above - Covered"" ""Rows A-T, U-W"" ""Rows N and above are under cover"" ""Wheelchair seating is available behind Row T"" No questions/Q&A block on the page; no per-section seat-numbering statement to test the boilerplate against.","MEDIUM - rows and zone confirmed, the source does not place this section"
143,Loge Level (101–168),Loge Level,not stated by the source,21,toward third base / left field,"A-T, U-W",W,"Stairway aisles run along both side edges of the section; rows are not split by a mid-row aisle, so seat numbers run continuously from one side aisle to the other. The entry portal is at row W.","Facing the field, seat 1 is on your right. That puts seat 1 on the edge facing section 141, with seat numbers counting up toward the edge facing section 145. Seat 1 is the end of the row closest to home plate, and higher seat numbers run away from home plate.",not published,"""Top Pick for Kids and Family"" ""Rows N & Above - Covered"" ""Rows A-T, U-W"" ""For baseball games, we recommend these seats for kids and family"" ""Rows N and above are under cover"" No questions/Q&A block on the page.","MEDIUM - rows and zone confirmed, the source does not place this section"
144,Loge Level (101–168),Loge Level,not stated by the source,21,toward first base / right field,"A-T, U-W",W,"Stairway aisles run along both side edges of the section; rows are not split by a mid-row aisle, so seat numbers run continuously from one side aisle to the other. The entry portal is at row W.","Facing the field, seat 1 is on your left. That puts seat 1 on the edge facing section 142, with seat numbers counting up toward the edge facing section 146. Seat 1 is the end of the row closest to home plate, and higher seat numbers run away from home plate.","Q&A: ""In Section 144 there 8 seats in each row of seating.""","""Rows N & Above - Covered"" ""Rows A-T, U-W"" ""Rows N and above are under cover"" CONTRADICTION: the park-wide boilerplate says ""lower number seats are on the right"", but this page's own ""Seating and Ticket Q&A"" says ""As you face the field, Seat 1 is on the aisle at the left side of the row (closer to home plate), while Seat 8 is on the right side of the row (closer to the right field corner)."" The two directly disagree.","MEDIUM - rows and zone confirmed, the source does not place this section"
145,Loge Level (101–168),Loge Level,not stated by the source,22,toward third base / left field,"A-T, U-W",W,"Stairway aisles run along both side edges of the section; rows are not split by a mid-row aisle, so seat numbers run continuously from one side aisle to the other. The entry portal is at row W.","Facing the field, seat 1 is on your right. That puts seat 1 on the edge facing section 143, with seat numbers counting up toward the edge facing section 147. Seat 1 is the end of the row closest to home plate, and higher seat numbers run away from home plate.",not published,"""Top Pick for Kids and Family"" ""Rows N & Above - Covered"" ""Rows in Section 145 are labeled A-T, U-W"" ""For baseball games, we recommend these seats for kids and family"" ""Rows N and above are under cover"" ""Wheelchair seating is available behind Row T"" No questions/Q&A block on the page.","MEDIUM - rows and zone confirmed, the source does not place this section"
146,Loge Level (101–168),Loge Level,not stated by the source,22,toward first base / right field,"A-T, U-W",W,"Stairway aisles run along both side edges of the section; rows are not split by a mid-row aisle, so seat numbers run continuously from one side aisle to the other. The entry portal is at row W.","Facing the field, seat 1 is on your left. That puts seat 1 on the edge facing section 144, with seat numbers counting up toward the edge facing section 148. Seat 1 is the end of the row closest to home plate, and higher seat numbers run away from home plate.",not published,"""Rows N & Above - Covered"" ""Rows A-T, U-W"" ""Rows N and above are under cover"" No questions/Q&A block on the page.","MEDIUM - rows and zone confirmed, the source does not place this section"
147,Loge Level (101–168),Loge Level,not stated by the source,23,toward third base / left field,"A-T, U-W",W,"Stairway aisles run along both side edges of the section; rows are not split by a mid-row aisle, so seat numbers run continuously from one side aisle to the other. The entry portal is at row W.","Facing the field, seat 1 is on your right. That puts seat 1 on the edge facing section 145, with seat numbers counting up toward the edge facing section 149. Seat 1 is the end of the row closest to home plate, and higher seat numbers run away from home plate.",not published,"""Top Pick for Kids and Family"" ""Rows N & Above - Covered"" ""Rows A-T, U-W"" ""For baseball games, we recommend these seats for kids and family"" ""Rows N and above are under cover"" No questions/Q&A block on the page.","MEDIUM - rows and zone confirmed, the source does not place this section"
148,Loge Level (101–168),Loge Level,not stated by the source,23,toward first base / right field,"A-T, U-W",W,"Stairway aisles run along both side edges of the section; rows are not split by a mid-row aisle, so seat numbers run continuously from one side aisle to the other. The entry portal is at row W.","Facing the field, seat 1 is on your left. That puts seat 1 on the edge facing section 146, with seat numbers counting up toward the edge facing section 150. Seat 1 is the end of the row closest to home plate, and higher seat numbers run away from home plate.",not published,"""Rows N & Above - Covered"" ""Rows A-T, U-W"" ""Rows N and above are under cover"" ""Wheelchair seating is available behind Row T"" No questions/Q&A block on the page.","MEDIUM - rows and zone confirmed, the source does not place this section"
149,Loge Level (101–168),Loge Level,not stated by the source,24,toward third base / left field,"A-T, U-W",W,"Stairway aisles run along both side edges of the section; rows are not split by a mid-row aisle, so seat numbers run continuously from one side aisle to the other. The entry portal is at row W.","Facing the field, seat 1 is on your right. That puts seat 1 on the edge facing section 147, with seat numbers counting up toward the edge facing section 151. Seat 1 is the end of the row closest to home plate, and higher seat numbers run away from home plate.",not published,"""Top Pick for Kids and Family"" ""Rows N & Above - Covered"" ""For baseball games, we recommend these seats for kids and family"" ""Rows N and above are under cover"" ""Wheelchair seating is available behind Row T"" No questions/Q&A block on the page.","MEDIUM - rows and zone confirmed, the source does not place this section"
150,Loge Level (101–168),Loge Level,not stated by the source,24,toward first base / right field,"A-T, U-W",W,"Stairway aisles run along both side edges of the section; rows are not split by a mid-row aisle, so seat numbers run continuously from one side aisle to the other. The entry portal is at row W.","Facing the field, seat 1 is on your left. That puts seat 1 on the edge facing section 148, with seat numbers counting up toward the edge facing section 152. Seat 1 is the end of the row closest to home plate, and higher seat numbers run away from home plate.",not published,"""Rows N & Above - Covered"" ""Rows A-T, U-W"" ""Rows N and above are under cover"" ""Wheelchair seating is available behind Row T"" No questions/Q&A block on the page.","MEDIUM - rows and zone confirmed, the source does not place this section"
151,Loge Level (101–168),Loge Level,not stated by the source,25,toward third base / left field,"A-T, U-W",W,"Stairway aisles run along both side edges of the section; rows are not split by a mid-row aisle, so seat numbers run continuously from one side aisle to the other. The entry portal is at row W.","Facing the field, seat 1 is on your right. That puts seat 1 on the edge facing section 149, with seat numbers counting up toward the edge facing section 153. Seat 1 is the end of the row closest to home plate, and higher seat numbers run away from home plate.",not published,"""Top Pick for Kids and Family"" ""Rows N & Above - Covered"" ""Rows A-T, U-W"" ""For baseball games, we recommend these seats for kids and family"" ""Rows N and above are under cover"" No questions/Q&A block on the page.","MEDIUM - rows and zone confirmed, the source does not place this section"
152,Loge Level (101–168),Loge Level,not stated by the source,25,toward first base / right field,"A-T, U-W",W,"Stairway aisles run along both side edges of the section; rows are not split by a mid-row aisle, so seat numbers run continuously from one side aisle to the other. The entry portal is at row W.","Facing the field, seat 1 is on your left. That puts seat 1 on the edge facing section 150, with seat numbers counting up toward the edge facing section 154. Seat 1 is the end of the row closest to home plate, and higher seat numbers run away from home plate.",not published,"""Rows N & Above - Covered"" ""There is open space behind Row T"" ""Rows N and above are under cover"" No questions/Q&A block on the page.","MEDIUM - rows and zone confirmed, the source does not place this section"
153,Loge Level (101–168),Loge Level,not stated by the source,26,toward third base / left field,"A-T, U-W",W,"Stairway aisles run along both side edges of the section; rows are not split by a mid-row aisle, so seat numbers run continuously from one side aisle to the other. The entry portal is at row W.","Facing the field, seat 1 is on your right. That puts seat 1 on the edge facing section 151, with seat numbers counting up toward the edge facing section 155. Seat 1 is the end of the row closest to home plate, and higher seat numbers run away from home plate.",not published,"""Top Pick for Kids and Family"" ""Rows N & Above - Covered"" ""Rows A-T, U-W"" ""For baseball games, we recommend these seats for kids and family"" ""Rows N and above are under cover"" ""There is open space behind Row T"" No questions/Q&A block on the page.","MEDIUM - rows and zone confirmed, the source does not place this section"
154,Loge Level (101–168),Loge Level,not stated by the source,26,toward first base / right field,"A-T, U-W",W,"Stairway aisles run along both side edges of the section; rows are not split by a mid-row aisle, so seat numbers run continuously from one side aisle to the other. The entry portal is at row W.","Facing the field, seat 1 is on your left. That puts seat 1 on the edge facing section 152, with seat numbers counting up toward the edge facing section 156. Seat 1 is the end of the row closest to home plate, and higher seat numbers run away from home plate.",not published,"""Rows N & Above - Covered"" ""Rows A-T, U-W"" ""Rows N and above are under cover"" ""See all shaded and covered seating"" No questions/Q&A block on the page.","MEDIUM - rows and zone confirmed, the source does not place this section"
155,Loge Level (101–168),Loge Level,not stated by the source,27,toward third base / left field,"A-T, U-W",W,"Stairway aisles run along both side edges of the section; rows are not split by a mid-row aisle, so seat numbers run continuously from one side aisle to the other. The entry portal is at row W.","Facing the field, seat 1 is on your right. That puts seat 1 on the edge facing section 153, with seat numbers counting up toward the edge facing section 157. Seat 1 is the end of the row closest to home plate, and higher seat numbers run away from home plate.",not published,"""Rows N & Above - Covered"" ""There is open space behind Row T"" ""Rows N and above are under cover"" No questions/Q&A block on the page.","MEDIUM - rows and zone confirmed, the source does not place this section"
156,Loge Level (101–168),Loge Level,not stated by the source,27,toward first base / right field,"A-T, U-W",W,"Stairway aisles run along both side edges of the section; rows are not split by a mid-row aisle, so seat numbers run continuously from one side aisle to the other. The entry portal is at row W.","Facing the field, seat 1 is on your left. That puts seat 1 on the edge facing section 154, with seat numbers counting up toward the edge facing section 158. Seat 1 is the end of the row closest to home plate, and higher seat numbers run away from home plate.",not published,"""Rows N & Above - Covered"" ""Rows A-T, U-W"" ""Rows N and above are under cover"" ""There is open space behind Row T"" No questions/Q&A block on the page.","MEDIUM - rows and zone confirmed, the source does not place this section"
157,Loge Level (101–168),Loge Level,"""Preferred Loge Box Section 157 is located down the left field line on the second tier of seating at Dodger Stadium.""",28,toward third base / left field,"A-T, PB",PB,"Stairway aisles run along both side edges of the section; rows are not split by a mid-row aisle, so seat numbers run continuously from one side aisle to the other. The entry portal is at row PB.","Facing the field, seat 1 is on your right. That puts seat 1 on the edge facing section 155, with seat numbers counting up toward the edge facing section 159. Seat 1 is the end of the row closest to home plate, and higher seat numbers run away from home plate.",not published,"""Rows N & Above - Covered"" ""Rows A-T, PB"" ""Rows N and above are under cover"" Row labels and entrance differ from neighbouring Loge sections: this page gives ""A-T, PB"" with the entrance at Row PB, where sections 141-156, 159 and 160 give ""A-T, U-W"" with the entrance at Row W. The page refers to this section as ""Preferred Loge Box"" and as ""Section PB157"", i.e. a real ticket may read PB157 rather than 157. ""How do I view details on Section PB157 at Dodger Stadium?"" The answer is largely site navigation instructions and includes the filter name ""Loge Level Down the Line"". It contains no seat-numbering or seats-per-row statement. Location sentence places this odd-numbered section down the LEFT field line, consistent with the project park fact that odd sections run down the third base / left field side.","HIGH - zone, rows, location and seat direction stated by the source"
158,Loge Level (101–168),Loge Level,not stated by the source,28,toward first base / right field,"A-T, PB",PB,"Stairway aisles run along both side edges of the section; rows are not split by a mid-row aisle, so seat numbers run continuously from one side aisle to the other. The entry portal is at row PB.","Facing the field, seat 1 is on your left. That puts seat 1 on the edge facing section 156, with seat numbers counting up toward the edge facing section 160. Seat 1 is the end of the row closest to home plate, and higher seat numbers run away from home plate.","Q&A (row-specific): ""There are a total of 23 seats is Loge Section 158 Row K.""","""Rows N & Above - Covered"" ""Rows A-T, PB"" ""Rows N and above are under cover"" ""See all shaded and covered seating"" Row labels and entrance differ from neighbouring Loge sections: ""A-T, PB"" with the entrance at Row PB, versus ""A-T, U-W"" and Row W elsewhere in this batch. the park-wide boilerplate says ""lower number seats are on the right"", but this page's own Q&A says ""As you face the field from the section, Seat 1 will be on the left and Seat 23 will be on the right."" The two directly disagree. The Q&A also gives a much wider row than the 8-seat rows quoted for 141 and 144: ""There are a total of 23 seats is Loge Section 158 Row K."" (sic - ""is"" appears in the source).","MEDIUM - rows and zone confirmed, the source does not place this section"
159,Loge Level (101–168),Loge Level,not stated by the source,29,toward third base / left field,"A-T, U-W",W,"Stairway aisles run along both side edges of the section; rows are not split by a mid-row aisle, so seat numbers run continuously from one side aisle to the other. The entry portal is at row W.","Facing the field, seat 1 is on your right. That puts seat 1 on the edge facing section 157, with seat numbers counting up toward the edge facing section 161. Seat 1 is the end of the row closest to home plate, and higher seat numbers run away from home plate.",not published,"""Rows N & Above - Covered"" ""Rows A-T, U-W"" ""Rows N and above are under cover"" ""Wheelchair seating is available behind Row T"" No questions/Q&A block on the page.","MEDIUM - rows and zone confirmed, the source does not place this section"
160,Loge Level (101–168),Loge Level,not stated by the source,29,toward first base / right field,"A-T, U-W",W,"Stairway aisles run along both side edges of the section; rows are not split by a mid-row aisle, so seat numbers run continuously from one side aisle to the other. The entry portal is at row W.","Facing the field, seat 1 is on your left. That puts seat 1 on the edge facing section 158, with seat numbers counting up toward the edge facing section 162. Seat 1 is the end of the row closest to home plate, and higher seat numbers run away from home plate.",not published,"""Loge Level"" ""Rows N and above are under cover"" ""Wheelchair seating is available behind Row T"" The page shows a ""Seating & Ticket Questions"" block, but the only entry is a question about a DIFFERENT section - ""How do I view details on Section PB157 at Dodger Stadium?"" - with no answer text on this page (only an ""All Questions & Answers"" link). It is not evidence about Section 160. Fan review states a row width that conflicts with the site's other Loge figures: ""Most loge sections are 8 or so seats wide. This row had 18 seats, which meant that seat 10 was almost smack in the middle."" Left out of seats_per_row because it is one fan's row-specific count, not a site statement.","MEDIUM - rows and zone confirmed, the source does not place this section"
161,Loge Level (101–168),Loge Level,"""Loge Section 161 is located between 3rd base and the left field foul pole, and is closer to the outfield (please note that the LG suffix in the section you listed stands for Loge)."" ""Row O will be the 14th row of the section, and is 32 rows from the field as section 49 is located between section 161 and the field."" Zone-level passage under the ""Loge Level Pricing Breakdown"" heading : ""Sections 157–168 These sections sit closest to the outfield corners and are typically the cheapest tickets on the Loge Level. While the views become more angled toward the outfield, they can offer good value for fans who want Loge Level seating without paying infield prices.""",30,toward third base / left field,"A-T, U-W",W,"Stairway aisles run along both side edges of the section; rows are not split by a mid-row aisle, so seat numbers run continuously from one side aisle to the other. The entry portal is at row W.","Facing the field, seat 1 is on your right. That puts seat 1 on the edge facing section 159, with seat numbers counting up toward the edge facing section 163. Seat 1 is the end of the row closest to home plate, and higher seat numbers run away from home plate.","Row-specific only, from the Q&A answer: ""There are 19 total seats in row O."" No section-wide seats-per-row figure is stated.","""Rows N & Above - Covered"" ; ""Rows A-T, U-W"". ""Rows N and above are under cover"" ; ""Wheelchair seating is available behind Row T"". ""Where is Section 161LG Row O at Dodger Stadium?"" ""Loge Section 161 is located between 3rd base and the left field foul pole, and is closer to the outfield (please note that the LG suffix in the section you listed stands for Loge). There are 19 totals rows in the section, running from Row A to Row T (no rows at I or Q), and is followed by Row W which is designated for handicapped seating. Row O will be the 14th row of the section, and is 32 rows from the field as section 49 is located between section 161 and the field. There are 19 total seats in row O, with seat 1 being furthest to the right as you face the field.""","HIGH - zone, rows, location and seat direction stated by the source"
162,Loge Level (101–168),Loge Level,"Zone-level passage under the ""Loge Level Pricing Breakdown"" heading : ""Sections 157–168 These sections sit closest to the outfield corners and are typically the cheapest tickets on the Loge Level. While the views become more angled toward the outfield, they can offer good value for fans who want Loge Level seating without paying infield prices.""",30,toward first base / right field,"A-T, U-W",W,"Stairway aisles run along both side edges of the section; rows are not split by a mid-row aisle, so seat numbers run continuously from one side aisle to the other. The entry portal is at row W.","Facing the field, seat 1 is on your left. That puts seat 1 on the edge facing section 160, with seat numbers counting up toward the edge facing section 164. Seat 1 is the end of the row closest to home plate, and higher seat numbers run away from home plate.",not published,"""Rows N and above are under cover"" ; ""Wheelchair seating is available behind Row T"" ; ""Related Seating: Loge Level"" ; ""See all shaded and covered seating"". Fan review labelled ""Baseball Review, Section 162"": ""View is bad."" The page's Q&A block shows a question about a different section — ""How do I view details on Section PB157 at Dodger Stadium?"" — with no answer text rendered; it is not about Section 162. Other reviews displayed on the page are labelled Section 157, Section 159 and Section 154, i.e. pooled from neighbouring sections, not Section 162.","HIGH - zone, rows, location and seat direction stated by the source"
163,Loge Level (101–168),Loge Level,"Zone-level passage under the ""Loge Level Pricing Breakdown"" heading : ""Sections 157–168 These sections sit closest to the outfield corners and are typically the cheapest tickets on the Loge Level. While the views become more angled toward the outfield, they can offer good value for fans who want Loge Level seating without paying infield prices."" A fan review (Sec 163 / Row E) states: ""You're 350 feet from home plate.""",31,toward third base / left field,"A-T, U-W",W,"Stairway aisles run along both side edges of the section; rows are not split by a mid-row aisle, so seat numbers run continuously from one side aisle to the other. The entry portal is at row W.","Facing the field, seat 1 is on your right. That puts seat 1 on the edge facing section 161, with seat numbers counting up toward the edge facing section 165. Seat 1 is the end of the row closest to home plate, and higher seat numbers run away from home plate.",not published,"""Rows N & Above - Covered"" ; ""Rows A-T, U-W"". ""Rows N and above are under cover"" ; ""See all shaded and covered seating"" ; ""There is open space behind Row T"". Fan review, Sec 163 / Row E • Baseball: ""Really cool perspective of the game — I'm a sucker for seats that look straight in on homeplate down a foul line - especially in left field. There's just so much action that comes this direction that you almost feel like you're playing left field and a part of the game. The only problem is that in order to get your down the line view, you have to look right the whole game. If you sit in your seat and look straight ahead, you're looking at RF. This can be a little bit straining after a while. Among Loge level seats, Section 163 certainly isn't the greatest.""","HIGH - zone, rows, location and seat direction stated by the source"
164,Loge Level (101–168),Loge Level,"Zone-level passage under the ""Loge Level Pricing Breakdown"" heading : ""Sections 157–168 These sections sit closest to the outfield corners and are typically the cheapest tickets on the Loge Level. While the views become more angled toward the outfield, they can offer good value for fans who want Loge Level seating without paying infield prices.""",31,toward first base / right field,"A-T, U-W",W,"Stairway aisles run along both side edges of the section; rows are not split by a mid-row aisle, so seat numbers run continuously from one side aisle to the other. The entry portal is at row W.","Facing the field, seat 1 is on your left. That puts seat 1 on the edge facing section 162, with seat numbers counting up toward the edge facing section 166. Seat 1 is the end of the row closest to home plate, and higher seat numbers run away from home plate.",not published,"""Rows N and above are under cover"" ; ""There is open space behind Row T"" ; ""Related Seating: Loge Level"" ; ""See all shaded and covered seating"". The Q&A block shows a question about a different section — ""How do I view details on Section PB157 at Dodger Stadium?"" — with no answer text rendered. The fan reviews displayed are labelled Section 159 (""Convenient seats"" ★★★★★ ""Close to everything, especially if you have kids."") and Section 154 (""Cleveland Guardians at Los Angeles Dodgers - Sep 8, 2024"" ★★★★ ""Need more cooling stations.""), i.e. pooled from neighbouring sections, not Section 164.","HIGH - zone, rows, location and seat direction stated by the source"
165,Loge Level (101–168),Loge Level,"Zone-level passage under the ""Loge Level Pricing Breakdown"" heading : ""Sections 157–168 These sections sit closest to the outfield corners and are typically the cheapest tickets on the Loge Level. While the views become more angled toward the outfield, they can offer good value for fans who want Loge Level seating without paying infield prices.""",32,toward third base / left field,"A-T, U-W",W,"Stairway aisles run along both side edges of the section; rows are not split by a mid-row aisle, so seat numbers run continuously from one side aisle to the other. The entry portal is at row W.","Facing the field, seat 1 is on your right. That puts seat 1 on the edge facing section 163, with seat numbers counting up toward the edge facing section 167. Seat 1 is the end of the row closest to home plate, and higher seat numbers run away from home plate.",not published,"""Rows N & Above - Covered"" ; ""Rows A-T, U-W"". ""Rows N and above are under cover"" ; ""Wheelchair seating is available behind Row T"". Fan review, Sec 165 / Row A • Baseball, ★★★★★ ""Awesome view"": ""Can see the bullpen as well as a great view of the whole diamond"".","HIGH - zone, rows, location and seat direction stated by the source"
166,Loge Level (101–168),Loge Level,"Zone-level passage under the ""Loge Level Pricing Breakdown"" heading : ""Sections 157–168 These sections sit closest to the outfield corners and are typically the cheapest tickets on the Loge Level. While the views become more angled toward the outfield, they can offer good value for fans who want Loge Level seating without paying infield prices.""",32,toward first base / right field,"A-T, U-W",W,"Stairway aisles run along both side edges of the section; rows are not split by a mid-row aisle, so seat numbers run continuously from one side aisle to the other. The entry portal is at row W.","Facing the field, seat 1 is on your left. That puts seat 1 on the edge facing section 164, with seat numbers counting up toward the edge facing section 168. Seat 1 is the end of the row closest to home plate, and higher seat numbers run away from home plate.",not published,"""Top Pick for Outstanding Convenience"" / ""Rows S-W"" ; ""Rows N & Above - Covered"". ""For baseball games, we recommend rows S-W for outstanding convenience"" ; ""Rows N and above are under cover"" ; ""Wheelchair seating is available behind Row T"".","HIGH - zone, rows, location and seat direction stated by the source"
167,Loge Level (101–168),Loge Level,"Zone-level passage under the ""Loge Level Pricing Breakdown"" heading : ""Sections 157–168 These sections sit closest to the outfield corners and are typically the cheapest tickets on the Loge Level. While the views become more angled toward the outfield, they can offer good value for fans who want Loge Level seating without paying infield prices.""",33,toward third base / left field,A-V,V,"Stairway aisles run along both side edges of the section; rows are not split by a mid-row aisle, so seat numbers run continuously from one side aisle to the other. The entry portal is at row V.","Facing the field, seat 1 is on your right. That puts seat 1 on the edge facing section 165, with seat numbers counting up toward the far edge of the section, with no further section beyond it on that side. Seat 1 is the end of the row closest to home plate, and higher seat numbers run away from home plate.",not published,"""Rows N & Above - Covered"" ; ""Rows A-V"". ""Rows N and above are under cover"" ; ""See all shaded and covered seating"". Note the row scheme differs from its neighbours 161-166, which are all labelled ""A-T, U-W""; 167 and 168 are labelled ""A-V"" with the entrance at Row V. Recorded as printed. The brief notes the Dodgers bullpen is in left field near section 167, but nothing on this page states that.","HIGH - zone, rows, location and seat direction stated by the source"
168,Loge Level (101–168),Loge Level,"No editorial sentence on the page places Section 168; a fan review states: ""Section 168 is the last section down the right field line on the loge level."" A panoramic photo is captioned ""Section 166/168"". Zone-level passage under the ""Loge Level Pricing Breakdown"" heading : ""Sections 157–168 These sections sit closest to the outfield corners and are typically the cheapest tickets on the Loge Level. While the views become more angled toward the outfield, they can offer good value for fans who want Loge Level seating without paying infield prices.""",33,toward first base / right field,A-V,V,"Stairway aisles run along both side edges of the section; rows are not split by a mid-row aisle, so seat numbers run continuously from one side aisle to the other. The entry portal is at row V.","Facing the field, seat 1 is on your left. That puts seat 1 on the edge facing section 166, with seat numbers counting up toward the far edge of the section, with no further section beyond it on that side. Seat 1 is the end of the row closest to home plate, and higher seat numbers run away from home plate.",not published,"the park-wide ""Row Numbers"" boilerplate says ""When looking towards the field/stage, lower number seats are on the right"", while section-specific fan feedback for Sec 168 says ""Seat 1 is on the left aisle, and seat 8 is on the right end. But seat 8 runs up against the fence so it is not a true aisle seat."" ""Top Pick for Outstanding Convenience"" / ""Rows S-W"" ; ""Top Pick for Visiting Team Fans"" / ""Rows A-L"" ; ""Rows N & Above - Covered"" ; ""Rows A-V"". ""For baseball games, we recommend rows S-W for outstanding convenience"" ; ""For baseball games, we recommend rows A-L for visiting team fans"" ; ""Rows N and above are under cover"". the insight recommends ""Rows S-W"" although the stated row labels for this section are ""A-V"" (no row W).","HIGH - zone, rows, location and seat direction stated by the source"
229,Executive Club (229–261 odd),Club Level,"""The Club Level at Dodger Stadium sits below the Reserve Level, creating a nicely elevated vantage point for watching the game.""",,not established for this level,A-H,H,"Stairway aisles run along both side edges of the section; rows are not split by a mid-row aisle, so seat numbers run continuously from one side aisle to the other. The entry portal is at row H.","Facing the field, seat 1 is on your right. That puts seat 1 on the far edge of the section, with no further section beyond it on that side, with seat numbers counting up toward the edge facing section 231.",not published,"""Executive Club Sections: Sections 229-261 feature small sections and a quieter seating environment."" ""Covered Seats"" ""Rows A-H"" ""All seats in this section are under cover"" ""Premium Elevated Seating: The Club Level hangs below the Reserve Level and provides a nicely elevated view of the field."" ""Limited Individual Seating: Most of the level consists of suites, with individual seats primarily along the left field line."" ""Excellent Shade: Most seats are well protected from the sun thanks to the Reserve Level overhang above."" Zone heading on the page reads ""Club Level"", not ""Executive Club""; the Executive Club label appears only inside a zone bullet.","HIGH - zone, rows, location and seat direction stated by the source"
231,Executive Club (229–261 odd),Club Level,"""The Club Level at Dodger Stadium sits below the Reserve Level, creating a nicely elevated vantage point for watching the game.""",,not established for this level,A-H,H,"Stairway aisles run along both side edges of the section; rows are not split by a mid-row aisle, so seat numbers run continuously from one side aisle to the other. The entry portal is at row H.","Facing the field, seat 1 is on your right. That puts seat 1 on the edge facing section 229, with seat numbers counting up toward the edge facing section 233.",not published,"""Covered Seats"" ""Rows A-H"" ""All seats in this section are under cover"" ""Premium Elevated Seating: The Club Level hangs below the Reserve Level and provides a nicely elevated view of the field."" ""Excellent Shade: Most seats are well protected from the sun thanks to the Reserve Level overhang above."" Zone heading on the page reads ""Club Level"", not ""Executive Club""; the Executive Club label appears only inside a zone bullet.","HIGH - zone, rows, location and seat direction stated by the source"
233,Executive Club (229–261 odd),Club Level,"""The Club Level at Dodger Stadium sits below the Reserve Level, creating a nicely elevated vantage point for watching the game.""",,not established for this level,A-H,H,"Stairway aisles run along both side edges of the section; rows are not split by a mid-row aisle, so seat numbers run continuously from one side aisle to the other. The entry portal is at row H.","Facing the field, seat 1 is on your right. That puts seat 1 on the edge facing section 231, with seat numbers counting up toward the edge facing section 235.",not published,"""Top Pick for Outstanding Convenience Rows D-H"" ""For baseball games, we recommend rows D-H for outstanding convenience"" A fan review on the page is dated ""(2026 Review)"" with no further text captured. ""Covered Seats"" ""Rows A-H"" ""All seats in this section are under cover"" ""Premium Elevated Seating: The Club Level hangs below the Reserve Level and provides a nicely elevated view of the field."" ""Limited Individual Seating: Most of the level consists of suites, with individual seats primarily along the left field line."" ""Excellent Shade: Most seats are well protected from the sun thanks to the Reserve Level overhang above."" Zone heading on the page reads ""Club Level"", not ""Executive Club""; the Executive Club label appears only inside a zone bullet.","HIGH - zone, rows, location and seat direction stated by the source"
235,Executive Club (229–261 odd),Club Level,"""The Club Level at Dodger Stadium sits below the Reserve Level, creating a nicely elevated vantage point for watching the game.""",,not established for this level,A-H,H,"Stairway aisles run along both side edges of the section; rows are not split by a mid-row aisle, so seat numbers run continuously from one side aisle to the other. The entry portal is at row H.","Facing the field, seat 1 is on your right. That puts seat 1 on the edge facing section 233, with seat numbers counting up toward the edge facing section 237.",not published,"""***** Great seat Sec 235 / Row D - Baseball"" ""Covered Seats"" ""Rows A-H"" ""All seats in this section are under cover"" ""Premium Elevated Seating: The Club Level hangs below the Reserve Level and provides a nicely elevated view of the field."" ""Limited Individual Seating: Most of the level consists of suites, with individual seats primarily along the left field line."" ""Excellent Shade: Most seats are well protected from the sun thanks to the Reserve Level overhang above."" Zone heading on the page reads ""Club Level"", not ""Executive Club""; the Executive Club label appears only inside a zone bullet.","HIGH - zone, rows, location and seat direction stated by the source"
237,Executive Club (229–261 odd),Club Level,"""The Club Level at Dodger Stadium sits below the Reserve Level, creating a nicely elevated vantage point for watching the game.""",,not established for this level,A-H,H,"Stairway aisles run along both side edges of the section; rows are not split by a mid-row aisle, so seat numbers run continuously from one side aisle to the other. The entry portal is at row H.","Facing the field, seat 1 is on your right. That puts seat 1 on the edge facing section 235, with seat numbers counting up toward the edge facing section 239.",not published,"""***** Great Sec 237 / Row D - Baseball"" ""Covered Seats"" ""Rows A-H"" ""All seats in this section are under cover"" Zone heading on the page reads ""Club Level"", not ""Executive Club""; the Executive Club label appears only inside a zone bullet.","HIGH - zone, rows, location and seat direction stated by the source"
239,Executive Club (229–261 odd),Club Level,"""The Club Level at Dodger Stadium sits below the Reserve Level, creating a nicely elevated vantage point for watching the game.""",,not established for this level,A-H,H,"Stairway aisles run along both side edges of the section; rows are not split by a mid-row aisle, so seat numbers run continuously from one side aisle to the other. The entry portal is at row H.","Facing the field, seat 1 is on your right. That puts seat 1 on the edge facing section 237, with seat numbers counting up toward the edge facing section 241.",not published,"""Covered Seats"" ""All seats in this section are under cover"" ""Premium Elevated Seating: The Club Level hangs below the Reserve Level and provides a nicely elevated view of the field."" ""Limited Individual Seating: Most of the level consists of suites, with individual seats primarily along the left field line."" ""Excellent Shade: Most seats are well protected from the sun thanks to the Reserve Level overhang above."" Zone heading on the page reads ""Club Level"", not ""Executive Club""; the Executive Club label appears only inside a zone bullet.","HIGH - zone, rows, location and seat direction stated by the source"
241,Executive Club (229–261 odd),Club Level,"""The Club Level at Dodger Stadium sits below the Reserve Level, creating a nicely elevated vantage point for watching the game.""",,not established for this level,A-H,H,"Stairway aisles run along both side edges of the section; rows are not split by a mid-row aisle, so seat numbers run continuously from one side aisle to the other. The entry portal is at row H.","Facing the field, seat 1 is on your right. That puts seat 1 on the edge facing section 239, with seat numbers counting up toward the edge facing section 243.",not published,"""Covered Seats"" ""Rows A-H"" ""All seats in this section are under cover"" ""Premium Elevated Seating: The Club Level hangs below the Reserve Level and provides a nicely elevated view of the field."" ""Limited Individual Seating: Most of the level consists of suites, with individual seats primarily along the left field line."" ""Excellent Shade: Most seats are well protected from the sun thanks to the Reserve Level overhang above."" Zone heading on the page reads ""Club Level"", not ""Executive Club""; the Executive Club label appears only inside a zone bullet.","HIGH - zone, rows, location and seat direction stated by the source"
243,Executive Club (229–261 odd),Club Level,"""The Club Level at Dodger Stadium sits below the Reserve Level, creating a nicely elevated vantage point for watching the game.""",,not established for this level,A-G,G,"Stairway aisles run along both side edges of the section; rows are not split by a mid-row aisle, so seat numbers run continuously from one side aisle to the other. The entry portal is at row G.","Facing the field, seat 1 is on your right. That puts seat 1 on the edge facing section 241, with seat numbers counting up toward the edge facing section 245.",not published,"""Covered Seats"" ""Rows A-G"" ""All seats in this section are under cover"" ""Premium Elevated Seating: The Club Level hangs below the Reserve Level and provides a nicely elevated view of the field."" ""Limited Individual Seating: Most of the level consists of suites, with individual seats primarily along the left field line."" ""Excellent Shade: Most seats are well protected from the sun thanks to the Reserve Level overhang above."" Zone heading on the page reads ""Club Level"", not ""Executive Club""; the Executive Club label appears only inside a zone bullet.","HIGH - zone, rows, location and seat direction stated by the source"
245,Executive Club (229–261 odd),Club Level,"""The Club Level at Dodger Stadium sits below the Reserve Level, creating a nicely elevated vantage point for watching the game.""",,not established for this level,A-F,F,"Stairway aisles run along both side edges of the section; rows are not split by a mid-row aisle, so seat numbers run continuously from one side aisle to the other. The entry portal is at row F.","Facing the field, seat 1 is on your right. That puts seat 1 on the edge facing section 243, with seat numbers counting up toward the edge facing section 247.",not published,"""Suite Options Available: Private suites on this level offer indoor lounge space and outdoor seating overlooking the field."" ""Covered Seats"" ""Rows A-F"" ""All seats in this section are under cover"" ""Premium Elevated Seating: The Club Level hangs below the Reserve Level and provides a nicely elevated view of the field."" ""Limited Individual Seating: Most of the level consists of suites, with individual seats primarily along the left field line."" ""Excellent Shade: Most seats are well protected from the sun thanks to the Reserve Level overhang above."" Zone heading on the page reads ""Club Level"", not ""Executive Club""; the Executive Club label appears only inside a zone bullet.","HIGH - zone, rows, location and seat direction stated by the source"
247,Executive Club (229–261 odd),Club Level,"""The Club Level at Dodger Stadium sits below the Reserve Level, creating a nicely elevated vantage point for watching the game.""",,not established for this level,A-F,F,"Stairway aisles run along both side edges of the section; rows are not split by a mid-row aisle, so seat numbers run continuously from one side aisle to the other. The entry portal is at row F.","Facing the field, seat 1 is on your right. That puts seat 1 on the edge facing section 245, with seat numbers counting up toward the edge facing section 249.",not published,"""Seats along the left field line offer strong views of the infield and outfield play while maintaining a relaxed atmosphere compared to busier areas of the stadium."" ""Covered Seats"" ""Rows A-F"" ""All seats in this section are under cover"" ""Premium Elevated Seating: The Club Level hangs below the Reserve Level and provides a nicely elevated view of the field."" ""Limited Individual Seating: Most of the level consists of suites, with individual seats primarily along the left field line."" ""Excellent Shade: Most seats are well protected from the sun thanks to the Reserve Level overhang above."" Zone heading on the page reads ""Club Level"", not ""Executive Club""; the Executive Club label appears only inside a zone bullet.","HIGH - zone, rows, location and seat direction stated by the source"
249,Executive Club (229–261 odd),Club Level,"""The Club Level at Dodger Stadium sits below the Reserve Level, creating a nicely elevated vantage point for watching the game.""",,not established for this level,A-F,F,"Stairway aisles run along both side edges of the section; rows are not split by a mid-row aisle, so seat numbers run continuously from one side aisle to the other. The entry portal is at row F.","Facing the field, seat 1 is on your right. That puts seat 1 on the edge facing section 247, with seat numbers counting up toward the edge facing section 251.",not published,"""Covered Seats"" ""Rows A-F"" ""All seats in this section are under cover"" ""Premium Elevated Seating: The Club Level hangs below the Reserve Level and provides a nicely elevated view of the field."" ""Limited Individual Seating: Most of the level consists of suites, with individual seats primarily along the left field line."" ""Excellent Shade: Most seats are well protected from the sun thanks to the Reserve Level overhang above."" Zone heading on the page reads ""Club Level"", not ""Executive Club""; the Executive Club label appears only inside a zone bullet.","HIGH - zone, rows, location and seat direction stated by the source"
251,Executive Club (229–261 odd),Club Level,"""The Club Level at Dodger Stadium sits below the Reserve Level, creating a nicely elevated vantage point for watching the game.""",,not established for this level,A-F,F,"Stairway aisles run along both side edges of the section; rows are not split by a mid-row aisle, so seat numbers run continuously from one side aisle to the other. The entry portal is at row F.","Facing the field, seat 1 is on your right. That puts seat 1 on the edge facing section 249, with seat numbers counting up toward the edge facing section 253.",not published,"""Covered Seats"" ""All seats in this section are under cover"" ""Premium Elevated Seating: The Club Level hangs below the Reserve Level and provides a nicely elevated view of the field."" ""Limited Individual Seating: Most of the level consists of suites, with individual seats primarily along the left field line."" ""Excellent Shade: Most seats are well protected from the sun thanks to the Reserve Level overhang above."" Zone heading on the page reads ""Club Level"", not ""Executive Club""; the Executive Club label appears only inside a zone bullet.","HIGH - zone, rows, location and seat direction stated by the source"
253,Executive Club (229–261 odd),Club Level,"""The Club Level at Dodger Stadium sits below the Reserve Level, creating a nicely elevated vantage point for watching the game.""",,not established for this level,A-F,F,"Stairway aisles run along both side edges of the section; rows are not split by a mid-row aisle, so seat numbers run continuously from one side aisle to the other. The entry portal is at row F.","Facing the field, seat 1 is on your right. That puts seat 1 on the edge facing section 251, with seat numbers counting up toward the edge facing section 255.",not published,"""Covered Seats"" ""All seats in this section are under cover"" ""Premium Elevated Seating: The Club Level hangs below the Reserve Level and provides a nicely elevated view of the field."" ""Limited Individual Seating: Most of the level consists of suites, with individual seats primarily along the left field line."" ""Excellent Shade: Most seats are well protected from the sun thanks to the Reserve Level overhang above."" Zone heading on the page reads ""Club Level"", not ""Executive Club""; the Executive Club label appears only inside a zone bullet.","HIGH - zone, rows, location and seat direction stated by the source"
255,Executive Club (229–261 odd),Club Level,"""The Club Level at Dodger Stadium sits below the Reserve Level, creating a nicely elevated vantage point for watching the game.""",,not established for this level,A-F,F,"Stairway aisles run along both side edges of the section; rows are not split by a mid-row aisle, so seat numbers run continuously from one side aisle to the other. The entry portal is at row F.","Facing the field, seat 1 is on your right. That puts seat 1 on the edge facing section 253, with seat numbers counting up toward the edge facing section 257.",not published,"Fan review, Sec 255 / Row A - Baseball: ""Excellent!!! Looking forward to next years. I believe our seats are some of the best seats. View is great, fans are awesome! And you have your own concession stand and restrooms. Oh! did I mention concierge service to boot. Great experience I would recommend to any fans."" ""Detroit Tigers at Los Angeles Dodgers - Sep 19, 2023 Sec 255 / Row C - Baseball"" ""Covered Seats"" ""Rows A-F"" ""All seats in this section are under cover"" ""Premium Elevated Seating: The Club Level hangs below the Reserve Level and provides a nicely elevated view of the field."" ""Excellent Shade: Most seats are well protected from the sun thanks to the Reserve Level overhang above."" Zone heading on the page reads ""Club Level"", not ""Executive Club""; the Executive Club label appears only inside a zone bullet.","HIGH - zone, rows, location and seat direction stated by the source"
257,Executive Club (229–261 odd),Club Level,"""The Club Level at Dodger Stadium sits below the Reserve Level, creating a nicely elevated vantage point for watching the game.""",,not established for this level,A-F,F,"Stairway aisles run along both side edges of the section; rows are not split by a mid-row aisle, so seat numbers run continuously from one side aisle to the other. The entry portal is at row F.","Facing the field, seat 1 is on your right. That puts seat 1 on the edge facing section 255, with seat numbers counting up toward the edge facing section 259.",not published,"""Suite Options Available: Private suites on this level offer indoor lounge space and outdoor seating overlooking the field."" ""Covered Seats"" ""Rows A-F"" ""All seats in this section are under cover"" ""Premium Elevated Seating: The Club Level hangs below the Reserve Level and provides a nicely elevated view of the field."" ""Limited Individual Seating: Most of the level consists of suites, with individual seats primarily along the left field line."" ""Excellent Shade: Most seats are well protected from the sun thanks to the Reserve Level overhang above."" Zone heading on the page reads ""Club Level"", not ""Executive Club""; the Executive Club label appears only inside a zone bullet.","HIGH - zone, rows, location and seat direction stated by the source"
259,Executive Club (229–261 odd),Club Level,"""The Club Level at Dodger Stadium sits below the Reserve Level, creating a nicely elevated vantage point for watching the game.""",,not established for this level,A-F,F,"Stairway aisles run along both side edges of the section; rows are not split by a mid-row aisle, so seat numbers run continuously from one side aisle to the other. The entry portal is at row F.","Facing the field, seat 1 is on your right. That puts seat 1 on the edge facing section 257, with seat numbers counting up toward the edge facing section 261.",not published,"""Covered Seats"" ""Rows A-F"" ""All seats in this section are under cover"" ""Premium Elevated Seating: The Club Level hangs below the Reserve Level and provides a nicely elevated view of the field."" ""Limited Individual Seating: Most of the level consists of suites, with individual seats primarily along the left field line."" ""Excellent Shade: Most seats are well protected from the sun thanks to the Reserve Level overhang above."" Zone heading on the page reads ""Club Level"", not ""Executive Club""; the Executive Club label appears only inside a zone bullet.","HIGH - zone, rows, location and seat direction stated by the source"
261,Executive Club (229–261 odd),Club Level,"""The Club Level at Dodger Stadium sits below the Reserve Level, creating a nicely elevated vantage point for watching the game.""",,not established for this level,A-F,F,"Stairway aisles run along both side edges of the section; rows are not split by a mid-row aisle, so seat numbers run continuously from one side aisle to the other. The entry portal is at row F.","Facing the field, seat 1 is on your right. That puts seat 1 on the edge facing section 259, with seat numbers counting up toward the far edge of the section, with no further section beyond it on that side.",not published,"""Covered Seats"" ""Rows A-F"" ""All seats in this section are under cover"" ""Premium Elevated Seating: The Club Level hangs below the Reserve Level and provides a nicely elevated view of the field."" ""Limited Individual Seating: Most of the level consists of suites, with individual seats primarily along the left field line."" ""Excellent Shade: Most seats are well protected from the sun thanks to the Reserve Level overhang above."" Zone heading on the page reads ""Club Level"", not ""Executive Club""; the Executive Club label appears only inside a zone bullet.","HIGH - zone, rows, location and seat direction stated by the source"
301,Pavilion (301–316),Pavilion Seats,"By the paragraph's own odd/even rule, section 301 falls in the Left Field Pavilion. Left Field Pavilion paragraph ""The Left Field Pavilion, sometimes referred to as the Spectrum Pavilion, includes odd-numbered sections 301–315 located beyond the outfield wall in left field. The Dodgers bullpen is closest to section 301, giving fans in this area a close look at relief pitchers warming up throughout the game. Rows in these sections are labeled A through V, with the front rows positioned closest to the outfield wall.""",,not established for this level,A-X,Entrances to this section are located at Rows A and N,"Stairway aisles run along both side edges of the section; rows are not split by a mid-row aisle, so seat numbers run continuously from one side aisle to the other. The entry portal is at row Entrances to this section are located at Rows A and N.","Facing the field, seat 1 is on your right. That puts seat 1 on the far edge of the section, with no further section beyond it on that side, with seat numbers counting up toward the edge facing section 303.",not published,"""Top Pick for Outstanding Convenience — Rows A-E"" ""Top Pick for Getting a Ball — Rows A-H"" ""Rows T & Above - Covered"" ""Rows A-X"" ""Behind/Side Stage (most shows)"" ""For baseball games, we recommend rows A-E for outstanding convenience"" ""For baseball games, we recommend rows A-H for getting a ball"" ""Rows T and above are under cover"" ""See all shaded and covered seating"" CONTRADICTION on the page itself: the per-section line says ""Rows in Section 301 are labeled A-X"", while the shared Pavilion zone description on the same page says rows in these sections ""are labeled A through V"" (left field wording) / ""run from A through V"" (right field wording). ""Entrances to this section are located at Rows A and N"".","HIGH - zone, rows, location and seat direction stated by the source"
302,Pavilion (301–316),Pavilion Seats,"By the paragraph's own odd/even rule, section 302 falls in the Right Field Pavilion. Left Field Pavilion paragraph ""The Left Field Pavilion, sometimes referred to as the Spectrum Pavilion, includes odd-numbered sections 301–315 located beyond the outfield wall in left field. The Dodgers bullpen is closest to section 301, giving fans in this area a close look at relief pitchers warming up throughout the game. Rows in these sections are labeled A through V, with the front rows positioned closest to the outfield wall.""",,not established for this level,A-X,Entrances to this section are located at Rows A and N,"Stairway aisles run along both side edges of the section; rows are not split by a mid-row aisle, so seat numbers run continuously from one side aisle to the other. The entry portal is at row Entrances to this section are located at Rows A and N.","Facing the field, seat 1 is on your left. That puts seat 1 on the far edge of the section, with no further section beyond it on that side, with seat numbers counting up toward the edge facing section 304.",not published,"""Top Pick for Outstanding Convenience — Rows A-E"" ""Top Pick for Getting a Ball — Rows A-G"" ""Rows T & Above - Covered"" ""Rows A-X"" ""Behind/Side Stage (most shows)"" ""For baseball games, we recommend rows A-E for outstanding convenience"" ""For baseball games, we recommend rows A-G for getting a ball"" ""Rows T and above are under cover"" CONTRADICTION on the page itself: the per-section line says ""Rows in Section 302 are labeled A-X"", while the shared Pavilion zone description on the same page says rows in these sections ""are labeled A through V"" (left field wording) / ""run from A through V"" (right field wording). ""Entrances to this section are located at Rows A and N"". Note this points at the FRONT of the section — the same page's zone description says the front rows are ""closest to the outfield wall"" — which runs against the usual Dodger Stadium pattern of entering from a concourse at the back/top.","HIGH - zone, rows, location and seat direction stated by the source"
303,Pavilion (301–316),Pavilion Seats,"By the paragraph's own odd/even rule, section 303 falls in the Left Field Pavilion. Left Field Pavilion paragraph ""The Left Field Pavilion, sometimes referred to as the Spectrum Pavilion, includes odd-numbered sections 301–315 located beyond the outfield wall in left field. The Dodgers bullpen is closest to section 301, giving fans in this area a close look at relief pitchers warming up throughout the game. Rows in these sections are labeled A through V, with the front rows positioned closest to the outfield wall.""",,not established for this level,A-X,A,"Stairway aisles run along both side edges of the section; rows are not split by a mid-row aisle, so seat numbers run continuously from one side aisle to the other. The entry portal is at row A.","Facing the field, seat 1 is on your right. That puts seat 1 on the edge facing section 301, with seat numbers counting up toward the edge facing section 305.",not published,"""Top Pick for Getting a Ball — Rows A-H"" ""Rows T & Above - Covered"" ""Rows A-X"" ""Behind/Side Stage (most shows)"" ""For baseball games, we recommend rows A-H for getting a ball"" ""Rows T and above are under cover"" ""See all shaded and covered seating"" CONTRADICTION on the page itself: the per-section line says ""Rows in Section 303 are labeled A-X"", while the shared Pavilion zone description on the same page says rows in these sections ""are labeled A through V"" (left field wording) / ""run from A through V"" (right field wording). ""An entrance to this section is located at Row A"". Note this points at the FRONT of the section — the same page's zone description says the front rows are ""closest to the outfield wall"" — which runs against the usual Dodger Stadium pattern of entering from a concourse at the back/top.","HIGH - zone, rows, location and seat direction stated by the source"
304,Pavilion (301–316),Pavilion Seats,"By the paragraph's own odd/even rule, section 304 falls in the Right Field Pavilion. Left Field Pavilion paragraph ""The Left Field Pavilion, sometimes referred to as the Spectrum Pavilion, includes odd-numbered sections 301–315 located beyond the outfield wall in left field. The Dodgers bullpen is closest to section 301, giving fans in this area a close look at relief pitchers warming up throughout the game. Rows in these sections are labeled A through V, with the front rows positioned closest to the outfield wall.""",,not established for this level,A-X,A,"Stairway aisles run along both side edges of the section; rows are not split by a mid-row aisle, so seat numbers run continuously from one side aisle to the other. The entry portal is at row A.","Facing the field, seat 1 is on your left. That puts seat 1 on the edge facing section 302, with seat numbers counting up toward the edge facing section 306.",not published,"""Top Pick for Getting a Ball — Rows A-G"" ""Rows T & Above - Covered"" ""Rows A-X"" ""Behind/Side Stage (most shows)"" ""For baseball games, we recommend rows A-G for getting a ball"" ""Rows T and above are under cover"" ""See all shaded and covered seating"" CONTRADICTION on the page itself: the per-section line says ""Rows in Section 304 are labeled A-X"", while the shared Pavilion zone description on the same page says rows in these sections ""are labeled A through V"" (left field wording) / ""run from A through V"" (right field wording). ""An entrance to this section is located at Row A"". Note this points at the FRONT of the section — the same page's zone description says the front rows are ""closest to the outfield wall"" — which runs against the usual Dodger Stadium pattern of entering from a concourse at the back/top.","HIGH - zone, rows, location and seat direction stated by the source"
305,Pavilion (301–316),Pavilion Seats,"By the paragraph's own odd/even rule, section 305 falls in the Left Field Pavilion. Left Field Pavilion paragraph ""The Left Field Pavilion, sometimes referred to as the Spectrum Pavilion, includes odd-numbered sections 301–315 located beyond the outfield wall in left field. The Dodgers bullpen is closest to section 301, giving fans in this area a close look at relief pitchers warming up throughout the game. Rows in these sections are labeled A through V, with the front rows positioned closest to the outfield wall.""",,not established for this level,A-X,A,"Stairway aisles run along both side edges of the section; rows are not split by a mid-row aisle, so seat numbers run continuously from one side aisle to the other. The entry portal is at row A.","Facing the field, seat 1 is on your right. That puts seat 1 on the edge facing section 303, with seat numbers counting up toward the edge facing section 307.",not published,"""Top Pick for Getting a Ball — Rows A-H"" ""Rows T & Above - Covered"" ""Rows A-X"" ""Behind/Side Stage (most shows)"" ""For baseball games, we recommend rows A-H for getting a ball"" ""Rows T and above are under cover"" ""See all shaded and covered seating"" CONTRADICTION on the page itself: the per-section line says ""Rows in Section 305 are labeled A-X"", while the shared Pavilion zone description on the same page says rows in these sections ""are labeled A through V"" (left field wording) / ""run from A through V"" (right field wording). ""An entrance to this section is located at Row A"". Note this points at the FRONT of the section — the same page's zone description says the front rows are ""closest to the outfield wall"" — which runs against the usual Dodger Stadium pattern of entering from a concourse at the back/top.","HIGH - zone, rows, location and seat direction stated by the source"
306,Pavilion (301–316),Pavilion Seats,"By the paragraph's own odd/even rule, section 306 falls in the Right Field Pavilion. Left Field Pavilion paragraph ""The Left Field Pavilion, sometimes referred to as the Spectrum Pavilion, includes odd-numbered sections 301–315 located beyond the outfield wall in left field. The Dodgers bullpen is closest to section 301, giving fans in this area a close look at relief pitchers warming up throughout the game. Rows in these sections are labeled A through V, with the front rows positioned closest to the outfield wall.""",,not established for this level,A-X,A,"Stairway aisles run along both side edges of the section; rows are not split by a mid-row aisle, so seat numbers run continuously from one side aisle to the other. The entry portal is at row A.","Facing the field, seat 1 is on your left. That puts seat 1 on the edge facing section 304, with seat numbers counting up toward the edge facing section 308.","Q&A answer, row-specific (not stated as a section-wide figure): ""There are 20 seats in Section 306, row Q.""","""Top Pick for Getting a Ball — Rows A-G"" ""Rows T & Above - Covered"" ""Rows A-X"" ""Behind/Side Stage (most shows)"" ""For baseball games, we recommend rows A-G for getting a ball"" ""Rows T and above are under cover"" ""See all shaded and covered seating"" CONTRADICTION on the page itself: the per-section line says ""Rows in Section 306 are labeled A-X"", while the shared Pavilion zone description on the same page says rows in these sections ""are labeled A through V"" (left field wording) / ""run from A through V"" (right field wording). ""An entrance to this section is located at Row A"". Note this points at the FRONT of the section — the same page's zone description says the front rows are ""closest to the outfield wall"" — which runs against the usual Dodger Stadium pattern of entering from a concourse at the back/top.","HIGH - zone, rows, location and seat direction stated by the source"
307,Pavilion (301–316),Pavilion Seats,"By the paragraph's own odd/even rule, section 307 falls in the Left Field Pavilion. Left Field Pavilion paragraph ""The Left Field Pavilion, sometimes referred to as the Spectrum Pavilion, includes odd-numbered sections 301–315 located beyond the outfield wall in left field. The Dodgers bullpen is closest to section 301, giving fans in this area a close look at relief pitchers warming up throughout the game. Rows in these sections are labeled A through V, with the front rows positioned closest to the outfield wall.""",,not established for this level,A-W,A,"Stairway aisles run along both side edges of the section; rows are not split by a mid-row aisle, so seat numbers run continuously from one side aisle to the other. The entry portal is at row A.","Facing the field, seat 1 is on your right. That puts seat 1 on the edge facing section 305, with seat numbers counting up toward the edge facing section 309.",not published,"""Top Pick for Getting a Ball — Rows A-H"" ""Rows T & Above - Covered"" ""Rows A-W"" ""Behind/Side Stage (most shows)"" ""For baseball games, we recommend rows A-H for getting a ball"" ""Rows T and above are under cover"" CONTRADICTION on the page itself: the per-section line says ""Rows in Section 307 are labeled A-W"", while the shared Pavilion zone description on the same page says rows in these sections ""are labeled A through V"" (left field wording) / ""run from A through V"" (right field wording). ""An entrance to this section is located at Row A"". Note this points at the FRONT of the section — the same page's zone description says the front rows are ""closest to the outfield wall"" — which runs against the usual Dodger Stadium pattern of entering from a concourse at the back/top.","HIGH - zone, rows, location and seat direction stated by the source"
308,Pavilion (301–316),Pavilion Seats,"By the paragraph's own odd/even rule, section 308 falls in the Right Field Pavilion. Left Field Pavilion paragraph ""The Left Field Pavilion, sometimes referred to as the Spectrum Pavilion, includes odd-numbered sections 301–315 located beyond the outfield wall in left field. The Dodgers bullpen is closest to section 301, giving fans in this area a close look at relief pitchers warming up throughout the game. Rows in these sections are labeled A through V, with the front rows positioned closest to the outfield wall.""",,not established for this level,A-W,A,"Stairway aisles run along both side edges of the section; rows are not split by a mid-row aisle, so seat numbers run continuously from one side aisle to the other. The entry portal is at row A.","Facing the field, seat 1 is on your left. That puts seat 1 on the edge facing section 306, with seat numbers counting up toward the edge facing section 310.",not published,"""Top Pick for Getting a Ball — Rows A-G"" ""Rows T & Above - Covered"" ""Rows A-W"" ""Behind/Side Stage (most shows)"" ""For baseball games, we recommend rows A-G for getting a ball"" ""Rows T and above are under cover"" CONTRADICTION on the page itself: the per-section line says ""Rows in Section 308 are labeled A-W"", while the shared Pavilion zone description on the same page says rows in these sections ""are labeled A through V"" (left field wording) / ""run from A through V"" (right field wording). ""An entrance to this section is located at Row A"". Note this points at the FRONT of the section — the same page's zone description says the front rows are ""closest to the outfield wall"" — which runs against the usual Dodger Stadium pattern of entering from a concourse at the back/top.","HIGH - zone, rows, location and seat direction stated by the source"
309,Pavilion (301–316),Pavilion Seats,"By the paragraph's own odd/even rule, section 309 falls in the Left Field Pavilion. Left Field Pavilion paragraph ""The Left Field Pavilion, sometimes referred to as the Spectrum Pavilion, includes odd-numbered sections 301–315 located beyond the outfield wall in left field. The Dodgers bullpen is closest to section 301, giving fans in this area a close look at relief pitchers warming up throughout the game. Rows in these sections are labeled A through V, with the front rows positioned closest to the outfield wall.""",,not established for this level,A-W,A,"Stairway aisles run along both side edges of the section; rows are not split by a mid-row aisle, so seat numbers run continuously from one side aisle to the other. The entry portal is at row A.","Facing the field, seat 1 is on your right. That puts seat 1 on the edge facing section 307, with seat numbers counting up toward the edge facing section 311.",not published,"""Top Pick for Getting a Ball — Rows A-H"" ""Rows T & Above - Covered"" ""Rows A-W"" ""Behind/Side Stage (most shows)"" ""For baseball games, we recommend rows A-H for getting a ball"" ""Rows T and above are under cover"" CONTRADICTION on the page itself: the per-section line says ""Rows in Section 309 are labeled A-W"", while the shared Pavilion zone description on the same page says rows in these sections ""are labeled A through V"" (left field wording) / ""run from A through V"" (right field wording). ""An entrance to this section is located at Row A"". Note this points at the FRONT of the section — the same page's zone description says the front rows are ""closest to the outfield wall"" — which runs against the usual Dodger Stadium pattern of entering from a concourse at the back/top.","HIGH - zone, rows, location and seat direction stated by the source"
310,Pavilion (301–316),Pavilion Seats,"By the paragraph's own odd/even rule, section 310 falls in the Right Field Pavilion. Left Field Pavilion paragraph ""The Left Field Pavilion, sometimes referred to as the Spectrum Pavilion, includes odd-numbered sections 301–315 located beyond the outfield wall in left field. The Dodgers bullpen is closest to section 301, giving fans in this area a close look at relief pitchers warming up throughout the game. Rows in these sections are labeled A through V, with the front rows positioned closest to the outfield wall.""",,not established for this level,A-W,A,"Stairway aisles run along both side edges of the section; rows are not split by a mid-row aisle, so seat numbers run continuously from one side aisle to the other. The entry portal is at row A.","Facing the field, seat 1 is on your left. That puts seat 1 on the edge facing section 308, with seat numbers counting up toward the edge facing section 312.",not published,"""Top Pick for Getting a Ball — Rows A-G"" ""Rows T & Above - Covered"" ""Rows A-W"" ""Behind/Side Stage (most shows)"" ""For baseball games, we recommend rows A-G for getting a ball"" ""Rows T and above are under cover"" ""See all shaded and covered seating"" CONTRADICTION on the page itself: the per-section line says ""Rows in Section 310 are labeled A-W"", while the shared Pavilion zone description on the same page says rows in these sections ""are labeled A through V"" (left field wording) / ""run from A through V"" (right field wording). ""An entrance to this section is located at Row A"". Note this points at the FRONT of the section — the same page's zone description says the front rows are ""closest to the outfield wall"" — which runs against the usual Dodger Stadium pattern of entering from a concourse at the back/top.","HIGH - zone, rows, location and seat direction stated by the source"
311,Pavilion (301–316),Pavilion Seats,"By the paragraph's own odd/even rule, section 311 falls in the Left Field Pavilion. Left Field Pavilion paragraph ""The Left Field Pavilion, sometimes referred to as the Spectrum Pavilion, includes odd-numbered sections 301–315 located beyond the outfield wall in left field. The Dodgers bullpen is closest to section 301, giving fans in this area a close look at relief pitchers warming up throughout the game. Rows in these sections are labeled A through V, with the front rows positioned closest to the outfield wall.""",,not established for this level,A-X,A,"Stairway aisles run along both side edges of the section; rows are not split by a mid-row aisle, so seat numbers run continuously from one side aisle to the other. The entry portal is at row A.","Facing the field, seat 1 is on your right. That puts seat 1 on the edge facing section 309, with seat numbers counting up toward the edge facing section 313.",not published,"""Top Pick for Getting a Ball — Rows A-H"" ""Rows T & Above - Covered"" ""Rows A-X"" ""Behind/Side Stage (most shows)"" ""For baseball games, we recommend rows A-H for getting a ball"" ""Rows T and above are under cover"" ""See all shaded and covered seating"" CONTRADICTION on the page itself: the per-section line says ""Rows in Section 311 are labeled A-X"", while the shared Pavilion zone description on the same page says rows in these sections ""are labeled A through V"" (left field wording) / ""run from A through V"" (right field wording). ""An entrance to this section is located at Row A"". Note this points at the FRONT of the section — the same page's zone description says the front rows are ""closest to the outfield wall"" — which runs against the usual Dodger Stadium pattern of entering from a concourse at the back/top.","HIGH - zone, rows, location and seat direction stated by the source"
312,Pavilion (301–316),Pavilion Seats,"By the paragraph's own odd/even rule, section 312 falls in the Right Field Pavilion. Left Field Pavilion paragraph ""The Left Field Pavilion, sometimes referred to as the Spectrum Pavilion, includes odd-numbered sections 301–315 located beyond the outfield wall in left field. The Dodgers bullpen is closest to section 301, giving fans in this area a close look at relief pitchers warming up throughout the game. Rows in these sections are labeled A through V, with the front rows positioned closest to the outfield wall.""",,not established for this level,A-X,A,"Stairway aisles run along both side edges of the section; rows are not split by a mid-row aisle, so seat numbers run continuously from one side aisle to the other. The entry portal is at row A.","Facing the field, seat 1 is on your left. That puts seat 1 on the edge facing section 310, with seat numbers counting up toward the edge facing section 314.",not published,"""Top Pick for Getting a Ball — Rows A-G"" ""Rows T & Above - Covered"" ""Rows A-X"" ""Behind/Side Stage (most shows)"" ""For baseball games, we recommend rows A-G for getting a ball"" ""Rows T and above are under cover"" ""See all shaded and covered seating"" CONTRADICTION on the page itself: the per-section line says ""Rows in Section 312 are labeled A-X"", while the shared Pavilion zone description on the same page says rows in these sections ""are labeled A through V"" (left field wording) / ""run from A through V"" (right field wording). ""An entrance to this section is located at Row A"". Note this points at the FRONT of the section — the same page's zone description says the front rows are ""closest to the outfield wall"" — which runs against the usual Dodger Stadium pattern of entering from a concourse at the back/top.","HIGH - zone, rows, location and seat direction stated by the source"
313,Pavilion (301–316),Pavilion Seats,"By the paragraph's own odd/even rule, section 313 falls in the Left Field Pavilion. Left Field Pavilion paragraph ""The Left Field Pavilion, sometimes referred to as the Spectrum Pavilion, includes odd-numbered sections 301–315 located beyond the outfield wall in left field. The Dodgers bullpen is closest to section 301, giving fans in this area a close look at relief pitchers warming up throughout the game. Rows in these sections are labeled A through V, with the front rows positioned closest to the outfield wall.""",,not established for this level,A-X,A,"Stairway aisles run along both side edges of the section; rows are not split by a mid-row aisle, so seat numbers run continuously from one side aisle to the other. The entry portal is at row A.","Facing the field, seat 1 is on your right. That puts seat 1 on the edge facing section 311, with seat numbers counting up toward the edge facing section 315.",not published,"""Top Pick for Getting a Ball — Rows A-H"" ""Rows T & Above - Covered"" ""Rows A-X"" ""Behind/Side Stage (most shows)"" ""For baseball games, we recommend rows A-H for getting a ball"" ""Rows T and above are under cover"" ""See all shaded and covered seating"" CONTRADICTION on the page itself: the per-section line says ""Rows in Section 313 are labeled A-X"", while the shared Pavilion zone description on the same page says rows in these sections ""are labeled A through V"" (left field wording) / ""run from A through V"" (right field wording). ""An entrance to this section is located at Row A"". Note this points at the FRONT of the section — the same page's zone description says the front rows are ""closest to the outfield wall"" — which runs against the usual Dodger Stadium pattern of entering from a concourse at the back/top.","HIGH - zone, rows, location and seat direction stated by the source"
314,Pavilion (301–316),Pavilion Seats,"By the paragraph's own odd/even rule, section 314 falls in the Right Field Pavilion. Left Field Pavilion paragraph ""The Left Field Pavilion, sometimes referred to as the Spectrum Pavilion, includes odd-numbered sections 301–315 located beyond the outfield wall in left field. The Dodgers bullpen is closest to section 301, giving fans in this area a close look at relief pitchers warming up throughout the game. Rows in these sections are labeled A through V, with the front rows positioned closest to the outfield wall.""",,not established for this level,A-X,A,"Stairway aisles run along both side edges of the section; rows are not split by a mid-row aisle, so seat numbers run continuously from one side aisle to the other. The entry portal is at row A.","Facing the field, seat 1 is on your left. That puts seat 1 on the edge facing section 312, with seat numbers counting up toward the edge facing section 316.",not published,"""Top Pick for Getting a Ball — Rows A-G"" ""Rows T & Above - Covered"" ""Rows A-X"" ""Behind/Side Stage (most shows)"" ""For baseball games, we recommend rows A-G for getting a ball"" ""Rows T and above are under cover"" CONTRADICTION on the page itself: the per-section line says ""Rows in Section 314 are labeled A-X"", while the shared Pavilion zone description on the same page says rows in these sections ""are labeled A through V"" (left field wording) / ""run from A through V"" (right field wording). ""An entrance to this section is located at Row A"". Note this points at the FRONT of the section — the same page's zone description says the front rows are ""closest to the outfield wall"" — which runs against the usual Dodger Stadium pattern of entering from a concourse at the back/top.","HIGH - zone, rows, location and seat direction stated by the source"
315,Pavilion (301–316),Pavilion Seats,"By the paragraph's own odd/even rule, section 315 falls in the Left Field Pavilion. Left Field Pavilion paragraph ""The Left Field Pavilion, sometimes referred to as the Spectrum Pavilion, includes odd-numbered sections 301–315 located beyond the outfield wall in left field. The Dodgers bullpen is closest to section 301, giving fans in this area a close look at relief pitchers warming up throughout the game. Rows in these sections are labeled A through V, with the front rows positioned closest to the outfield wall.""",,not established for this level,A-X,Entrances to this section are located at Rows A and N,"Stairway aisles run along both side edges of the section; rows are not split by a mid-row aisle, so seat numbers run continuously from one side aisle to the other. The entry portal is at row Entrances to this section are located at Rows A and N.","Facing the field, seat 1 is on your right. That puts seat 1 on the edge facing section 313, with seat numbers counting up toward the far edge of the section, with no further section beyond it on that side.",not published,"""Rows T & Above - Covered"" ""Rows A-X"" ""Behind/Side Stage (most shows)"" ""Rows T and above are under cover"" ""See all shaded and covered seating"" CONTRADICTION on the page itself: the per-section line says ""Rows in Section 315 are labeled A-X"", while the shared Pavilion zone description on the same page says rows in these sections ""are labeled A through V"" (left field wording) / ""run from A through V"" (right field wording). ""Entrances to this section are located at Rows A and N"". Note this points at the FRONT of the section — the same page's zone description says the front rows are ""closest to the outfield wall"" — which runs against the usual Dodger Stadium pattern of entering from a concourse at the back/top.","HIGH - zone, rows, location and seat direction stated by the source"
316,Pavilion (301–316),Pavilion Seats,"By the paragraph's own odd/even rule, section 316 falls in the Right Field Pavilion. Left Field Pavilion paragraph ""The Left Field Pavilion, sometimes referred to as the Spectrum Pavilion, includes odd-numbered sections 301–315 located beyond the outfield wall in left field. The Dodgers bullpen is closest to section 301, giving fans in this area a close look at relief pitchers warming up throughout the game. Rows in these sections are labeled A through V, with the front rows positioned closest to the outfield wall.""",,not established for this level,A-X,Entrances to this section are located at Rows A and N,"Stairway aisles run along both side edges of the section; rows are not split by a mid-row aisle, so seat numbers run continuously from one side aisle to the other. The entry portal is at row Entrances to this section are located at Rows A and N.","Facing the field, seat 1 is on your left. That puts seat 1 on the edge facing section 314, with seat numbers counting up toward the far edge of the section, with no further section beyond it on that side.",not published,"""Top Pick for Getting a Ball — Rows A-G"" ""Rows T & Above - Covered"" ""Rows A-X"" ""Behind/Side Stage (most shows)"" ""For baseball games, we recommend rows A-G for getting a ball"" ""Rows T and above are under cover"" CONTRADICTION on the page itself: the per-section line says ""Rows in Section 316 are labeled A-X"", while the shared Pavilion zone description on the same page says rows in these sections ""are labeled A through V"" (left field wording) / ""run from A through V"" (right field wording). ""Entrances to this section are located at Rows A and N"". Note this points at the FRONT of the section — the same page's zone description says the front rows are ""closest to the outfield wall"" — which runs against the usual Dodger Stadium pattern of entering from a concourse at the back/top.","HIGH - zone, rows, location and seat direction stated by the source"
E1,"Club Suites (201LS–233LS, E1, E2)",Club Suites,"""Much of this level is occupied by private suites located behind home plate and along the right field side. Because of this layout, individual ticketed seating is primarily located along the left field line."" ""The main individual seating sections on this level are known as the Executive Club seats, which run from section 229 through section 261. These sections begin in shallow left field and extend toward the left field foul pole.""",,not established for this level,"1, SRO-ADD",UNKNOWN,"Stairway aisles run along both side edges of the section; rows are not split by a mid-row aisle, so seat numbers run continuously from one side aisle to the other. The entry portal row is not published for this section.","No source publishes which side seat 1 is on at this ballpark, so this guide does not state one. Seat 1 is against one side aisle of the section and the numbers count up to the other; check the seat numbers on your own ticket.",not published,"""Covered Seats"" / ""Rows 1, SRO-ADD"". ""All seats in this section are under cover"". The row label ""1, SRO-ADD"" is a numbered/standing-room listing rather than the lettered rows used elsewhere at Dodger Stadium — recorded ; SRO-ADD appears to denote standing room, but the page does not say so. ""Premium Elevated Seating: The Club Level hangs below the Reserve Level and provides a nicely elevated view of the field."" ""Limited Individual Seating: Most of the level consists of suites, with individual seats primarily along the left field line."" ""Excellent Shade: Most seats are well protected from the sun thanks to the Reserve Level overhang above."" Identifier E1 carries no numeric suffix; the page heading reads ""Club Suites E1"".","MEDIUM - rows confirmed, no seat numbering published for this section"
E2,"Club Suites (201LS–233LS, E1, E2)",Club Suites,"""Much of this level is occupied by private suites located behind home plate and along the right field side. Because of this layout, individual ticketed seating is primarily located along the left field line."" ""The main individual seating sections on this level are known as the Executive Club seats, which run from section 229 through section 261. These sections begin in shallow left field and extend toward the left field foul pole.""",,not established for this level,"1, SRO-ADD",UNKNOWN,"Stairway aisles run along both side edges of the section; rows are not split by a mid-row aisle, so seat numbers run continuously from one side aisle to the other. The entry portal row is not published for this section.","No source publishes which side seat 1 is on at this ballpark, so this guide does not state one. Seat 1 is against one side aisle of the section and the numbers count up to the other; check the seat numbers on your own ticket.",not published,"""Covered Seats"" / ""Rows 1, SRO-ADD"". ""All seats in this section are under cover"". The row label ""1, SRO-ADD"" is a numbered/standing-room listing rather than the lettered rows used elsewhere at Dodger Stadium — recorded ; SRO-ADD appears to denote standing room, but the page does not say so. ""Club Level seats are a great choice for fans looking for Dodgers tickets with premium comfort, shade, and smaller seating sections."" Identifier E2 carries no numeric suffix; the page heading reads ""Club Suites E2"".","MEDIUM - rows confirmed, no seat numbering published for this section"
201LS,"Club Suites (201LS–233LS, E1, E2)",Club Suites,not stated by the source,,not established for this level,"1, SRO-ADD",UNKNOWN,"Stairway aisles run along both side edges of the section; rows are not split by a mid-row aisle, so seat numbers run continuously from one side aisle to the other. The entry portal row is not published for this section.","No source publishes which side seat 1 is on at this ballpark, so this guide does not state one. Seat 1 is against one side aisle of the section and the numbers count up to the other; check the seat numbers on your own ticket.",not published,"""Covered Seats"" / ""Rows 1, SRO-ADD"". ""All seats in this section are under cover"" / ""See all shaded and covered seating"". the project park-facts note that Dodger Stadium rows are LETTERED, but this page states the row labels as ""1, SRO-ADD"" (a numeric row 1 plus what appears to be a standing-room/added-seat code). ""Premium Elevated Seating: The Club Level hangs below the Reserve Level and provides a nicely elevated view of the field."" ""Limited Individual Seating: Most of the level consists of suites, with individual seats primarily along the left field line."" ""Executive Club Sections: Sections 229-261 feature small sections and a quieter seating environment."" ""Excellent Shade: Most seats are well protected from the sun thanks to the Reserve Level overhang above.""","MEDIUM - rows confirmed, no seat numbering published for this section"
202LS,"Club Suites (201LS–233LS, E1, E2)",Club Suites,not stated by the source,,not established for this level,"1, SRO-ADD",UNKNOWN,"Stairway aisles run along both side edges of the section; rows are not split by a mid-row aisle, so seat numbers run continuously from one side aisle to the other. The entry portal row is not published for this section.","No source publishes which side seat 1 is on at this ballpark, so this guide does not state one. Seat 1 is against one side aisle of the section and the numbers count up to the other; check the seat numbers on your own ticket.",not published,"""Covered Seats"" / ""Rows 1, SRO-ADD"". ""All seats in this section are under cover"" / ""See all shaded and covered seating"". the project park-facts note that Dodger Stadium rows are LETTERED, but this page states the row labels as ""1, SRO-ADD"" (a numeric row 1 plus what appears to be a standing-room/added-seat code). ""Premium Elevated Seating: The Club Level hangs below the Reserve Level and provides a nicely elevated view of the field."" ""Limited Individual Seating: Most of the level consists of suites, with individual seats primarily along the left field line."" ""Executive Club Sections: Sections 229-261 feature small sections and a quieter seating environment."" ""Excellent Shade: Most seats are well protected from the sun thanks to the Reserve Level overhang above.""","MEDIUM - rows confirmed, no seat numbering published for this section"
203LS,"Club Suites (201LS–233LS, E1, E2)",Club Suites,not stated by the source,,not established for this level,"1, SRO-ADD",UNKNOWN,"Stairway aisles run along both side edges of the section; rows are not split by a mid-row aisle, so seat numbers run continuously from one side aisle to the other. The entry portal row is not published for this section.","No source publishes which side seat 1 is on at this ballpark, so this guide does not state one. Seat 1 is against one side aisle of the section and the numbers count up to the other; check the seat numbers on your own ticket.",not published,"""Covered Seats"" / ""Rows 1, SRO-ADD"". ""All seats in this section are under cover"" / ""See all shaded and covered seating"". the project park-facts note that Dodger Stadium rows are LETTERED, but this page states the row labels as ""1, SRO-ADD"" (a numeric row 1 plus what appears to be a standing-room/added-seat code). ""Premium Elevated Seating: The Club Level hangs below the Reserve Level and provides a nicely elevated view of the field."" ""Limited Individual Seating: Most of the level consists of suites, with individual seats primarily along the left field line."" ""Executive Club Sections: Sections 229-261 feature small sections and a quieter seating environment."" ""Excellent Shade: Most seats are well protected from the sun thanks to the Reserve Level overhang above.""","MEDIUM - rows confirmed, no seat numbering published for this section"
204LS,"Club Suites (201LS–233LS, E1, E2)",Club Suites,not stated by the source,,not established for this level,"1, SRO-ADD",UNKNOWN,"Stairway aisles run along both side edges of the section; rows are not split by a mid-row aisle, so seat numbers run continuously from one side aisle to the other. The entry portal row is not published for this section.","No source publishes which side seat 1 is on at this ballpark, so this guide does not state one. Seat 1 is against one side aisle of the section and the numbers count up to the other; check the seat numbers on your own ticket.",not published,"""Covered Seats"" / ""Rows 1, SRO-ADD"". ""All seats in this section are under cover"" / ""See all shaded and covered seating"". the project park-facts note that Dodger Stadium rows are LETTERED, but this page states the row labels as ""1, SRO-ADD"" (a numeric row 1 plus what appears to be a standing-room/added-seat code). ""Premium Elevated Seating: The Club Level hangs below the Reserve Level and provides a nicely elevated view of the field."" ""Limited Individual Seating: Most of the level consists of suites, with individual seats primarily along the left field line."" ""Executive Club Sections: Sections 229-261 feature small sections and a quieter seating environment."" ""Excellent Shade: Most seats are well protected from the sun thanks to the Reserve Level overhang above.""","MEDIUM - rows confirmed, no seat numbering published for this section"
205LS,"Club Suites (201LS–233LS, E1, E2)",Club Suites,not stated by the source,,not established for this level,"1, SRO-ADD",UNKNOWN,"Stairway aisles run along both side edges of the section; rows are not split by a mid-row aisle, so seat numbers run continuously from one side aisle to the other. The entry portal row is not published for this section.","No source publishes which side seat 1 is on at this ballpark, so this guide does not state one. Seat 1 is against one side aisle of the section and the numbers count up to the other; check the seat numbers on your own ticket.",not published,"""Covered Seats"" / ""Rows 1, SRO-ADD"". ""All seats in this section are under cover"" / ""See all shaded and covered seating"". the project park-facts note that Dodger Stadium rows are LETTERED, but this page states the row labels as ""1, SRO-ADD"" (a numeric row 1 plus what appears to be a standing-room/added-seat code). ""Premium Elevated Seating: The Club Level hangs below the Reserve Level and provides a nicely elevated view of the field."" ""Limited Individual Seating: Most of the level consists of suites, with individual seats primarily along the left field line."" ""Executive Club Sections: Sections 229-261 feature small sections and a quieter seating environment."" ""Excellent Shade: Most seats are well protected from the sun thanks to the Reserve Level overhang above.""","MEDIUM - rows confirmed, no seat numbering published for this section"
206LS,"Club Suites (201LS–233LS, E1, E2)",Club Suites,not stated by the source,,not established for this level,"1, SRO-ADD",UNKNOWN,"Stairway aisles run along both side edges of the section; rows are not split by a mid-row aisle, so seat numbers run continuously from one side aisle to the other. The entry portal row is not published for this section.","No source publishes which side seat 1 is on at this ballpark, so this guide does not state one. Seat 1 is against one side aisle of the section and the numbers count up to the other; check the seat numbers on your own ticket.",not published,"""Covered Seats"" / ""Rows 1, SRO-ADD"". ""All seats in this section are under cover"" / ""See all shaded and covered seating"". the project park-facts note that Dodger Stadium rows are LETTERED, but this page states the row labels as ""1, SRO-ADD"" (a numeric row 1 plus what appears to be a standing-room/added-seat code). ""Premium Elevated Seating: The Club Level hangs below the Reserve Level and provides a nicely elevated view of the field."" ""Limited Individual Seating: Most of the level consists of suites, with individual seats primarily along the left field line."" ""Executive Club Sections: Sections 229-261 feature small sections and a quieter seating environment."" ""Excellent Shade: Most seats are well protected from the sun thanks to the Reserve Level overhang above.""","MEDIUM - rows confirmed, no seat numbering published for this section"
207LS,"Club Suites (201LS–233LS, E1, E2)",Club Suites,not stated by the source,,not established for this level,"1, SRO-ADD",UNKNOWN,"Stairway aisles run along both side edges of the section; rows are not split by a mid-row aisle, so seat numbers run continuously from one side aisle to the other. The entry portal row is not published for this section.","No source publishes which side seat 1 is on at this ballpark, so this guide does not state one. Seat 1 is against one side aisle of the section and the numbers count up to the other; check the seat numbers on your own ticket.",not published,"""Covered Seats"" / ""Rows 1, SRO-ADD"". ""All seats in this section are under cover"" / ""See all shaded and covered seating"". the project park-facts note that Dodger Stadium rows are LETTERED, but this page states the row labels as ""1, SRO-ADD"" (a numeric row 1 plus what appears to be a standing-room/added-seat code). ""Premium Elevated Seating: The Club Level hangs below the Reserve Level and provides a nicely elevated view of the field."" ""Limited Individual Seating: Most of the level consists of suites, with individual seats primarily along the left field line."" ""Executive Club Sections: Sections 229-261 feature small sections and a quieter seating environment."" ""Excellent Shade: Most seats are well protected from the sun thanks to the Reserve Level overhang above.""","MEDIUM - rows confirmed, no seat numbering published for this section"
208LS,"Club Suites (201LS–233LS, E1, E2)",Club Suites,not stated by the source,,not established for this level,"1, SRO-ADD",UNKNOWN,"Stairway aisles run along both side edges of the section; rows are not split by a mid-row aisle, so seat numbers run continuously from one side aisle to the other. The entry portal row is not published for this section.","No source publishes which side seat 1 is on at this ballpark, so this guide does not state one. Seat 1 is against one side aisle of the section and the numbers count up to the other; check the seat numbers on your own ticket.",not published,"""Covered Seats"" / ""Rows 1, SRO-ADD"". ""All seats in this section are under cover"" / ""See all shaded and covered seating"". the project park-facts note that Dodger Stadium rows are LETTERED, but this page states the row labels as ""1, SRO-ADD"" (a numeric row 1 plus what appears to be a standing-room/added-seat code). ""Premium Elevated Seating: The Club Level hangs below the Reserve Level and provides a nicely elevated view of the field."" ""Limited Individual Seating: Most of the level consists of suites, with individual seats primarily along the left field line."" ""Executive Club Sections: Sections 229-261 feature small sections and a quieter seating environment."" ""Excellent Shade: Most seats are well protected from the sun thanks to the Reserve Level overhang above.""","MEDIUM - rows confirmed, no seat numbering published for this section"
209LS,"Club Suites (201LS–233LS, E1, E2)",Club Suites,not stated by the source,,not established for this level,"1, SRO-ADD",UNKNOWN,"Stairway aisles run along both side edges of the section; rows are not split by a mid-row aisle, so seat numbers run continuously from one side aisle to the other. The entry portal row is not published for this section.","No source publishes which side seat 1 is on at this ballpark, so this guide does not state one. Seat 1 is against one side aisle of the section and the numbers count up to the other; check the seat numbers on your own ticket.",not published,"""Covered Seats"" / ""Rows 1, SRO-ADD"". ""All seats in this section are under cover"" / ""See all shaded and covered seating"". the project park-facts note that Dodger Stadium rows are LETTERED, but this page states the row labels as ""1, SRO-ADD"" (a numeric row 1 plus what appears to be a standing-room/added-seat code). ""Premium Elevated Seating: The Club Level hangs below the Reserve Level and provides a nicely elevated view of the field."" ""Limited Individual Seating: Most of the level consists of suites, with individual seats primarily along the left field line."" ""Executive Club Sections: Sections 229-261 feature small sections and a quieter seating environment."" ""Excellent Shade: Most seats are well protected from the sun thanks to the Reserve Level overhang above.""","MEDIUM - rows confirmed, no seat numbering published for this section"
210LS,"Club Suites (201LS–233LS, E1, E2)",Club Suites,not stated by the source,,not established for this level,"1, SRO-ADD",UNKNOWN,"Stairway aisles run along both side edges of the section; rows are not split by a mid-row aisle, so seat numbers run continuously from one side aisle to the other. The entry portal row is not published for this section.","No source publishes which side seat 1 is on at this ballpark, so this guide does not state one. Seat 1 is against one side aisle of the section and the numbers count up to the other; check the seat numbers on your own ticket.",not published,"""Covered Seats"" / ""Rows 1, SRO-ADD"". ""All seats in this section are under cover"" / ""See all shaded and covered seating"". the project park-facts note that Dodger Stadium rows are LETTERED, but this page states the row labels as ""1, SRO-ADD"" (a numeric row 1 plus what appears to be a standing-room/added-seat code). ""Premium Elevated Seating: The Club Level hangs below the Reserve Level and provides a nicely elevated view of the field."" ""Limited Individual Seating: Most of the level consists of suites, with individual seats primarily along the left field line."" ""Executive Club Sections: Sections 229-261 feature small sections and a quieter seating environment."" ""Excellent Shade: Most seats are well protected from the sun thanks to the Reserve Level overhang above.""","MEDIUM - rows confirmed, no seat numbering published for this section"
211LS,"Club Suites (201LS–233LS, E1, E2)",Club Suites,not stated by the source,,not established for this level,"1, SRO-ADD",UNKNOWN,"Stairway aisles run along both side edges of the section; rows are not split by a mid-row aisle, so seat numbers run continuously from one side aisle to the other. The entry portal row is not published for this section.","No source publishes which side seat 1 is on at this ballpark, so this guide does not state one. Seat 1 is against one side aisle of the section and the numbers count up to the other; check the seat numbers on your own ticket.",not published,"""Covered Seats"" / ""Rows 1, SRO-ADD"". ""All seats in this section are under cover"" / ""See all shaded and covered seating"". the project park-facts note that Dodger Stadium rows are LETTERED, but this page states the row labels as ""1, SRO-ADD"" (a numeric row 1 plus what appears to be a standing-room/added-seat code). ""Premium Elevated Seating: The Club Level hangs below the Reserve Level and provides a nicely elevated view of the field."" ""Limited Individual Seating: Most of the level consists of suites, with individual seats primarily along the left field line."" ""Executive Club Sections: Sections 229-261 feature small sections and a quieter seating environment."" ""Excellent Shade: Most seats are well protected from the sun thanks to the Reserve Level overhang above.""","MEDIUM - rows confirmed, no seat numbering published for this section"
212LS,"Club Suites (201LS–233LS, E1, E2)",Club Suites,not stated by the source,,not established for this level,"1, SRO-ADD",UNKNOWN,"Stairway aisles run along both side edges of the section; rows are not split by a mid-row aisle, so seat numbers run continuously from one side aisle to the other. The entry portal row is not published for this section.","No source publishes which side seat 1 is on at this ballpark, so this guide does not state one. Seat 1 is against one side aisle of the section and the numbers count up to the other; check the seat numbers on your own ticket.",not published,"""Covered Seats"" / ""Rows 1, SRO-ADD"". ""All seats in this section are under cover"" / ""See all shaded and covered seating"". the project park-facts note that Dodger Stadium rows are LETTERED, but this page states the row labels as ""1, SRO-ADD"" (a numeric row 1 plus what appears to be a standing-room/added-seat code). Fan review (the only fan text found anywhere in this batch): ""Fantastic view of the entire stadium - and even high enough to see off in the distance beyond the ballpark. The suite itself is comparable to other suites I've been in."" (Club Suites 212 - Baseball; no row label given). ""Premium Elevated Seating: The Club Level hangs below the Reserve Level and provides a nicely elevated view of the field.""","MEDIUM - rows confirmed, no seat numbering published for this section"
213LS,"Club Suites (201LS–233LS, E1, E2)",Club Suites,not stated by the source,,not established for this level,"1, SRO-ADD",UNKNOWN,"Stairway aisles run along both side edges of the section; rows are not split by a mid-row aisle, so seat numbers run continuously from one side aisle to the other. The entry portal row is not published for this section.","No source publishes which side seat 1 is on at this ballpark, so this guide does not state one. Seat 1 is against one side aisle of the section and the numbers count up to the other; check the seat numbers on your own ticket.",not published,"""Covered Seats"" / ""Rows 1, SRO-ADD"". ""All seats in this section are under cover"" / ""See all shaded and covered seating"". the project park-facts note that Dodger Stadium rows are LETTERED, but this page states the row labels as ""1, SRO-ADD"" (a numeric row 1 plus what appears to be a standing-room/added-seat code). ""Premium Elevated Seating: The Club Level hangs below the Reserve Level and provides a nicely elevated view of the field."" ""Limited Individual Seating: Most of the level consists of suites, with individual seats primarily along the left field line."" ""Executive Club Sections: Sections 229-261 feature small sections and a quieter seating environment."" ""Excellent Shade: Most seats are well protected from the sun thanks to the Reserve Level overhang above.""","MEDIUM - rows confirmed, no seat numbering published for this section"
214LS,"Club Suites (201LS–233LS, E1, E2)",Club Suites,not stated by the source,,not established for this level,"1, SRO-ADD",UNKNOWN,"Stairway aisles run along both side edges of the section; rows are not split by a mid-row aisle, so seat numbers run continuously from one side aisle to the other. The entry portal row is not published for this section.","No source publishes which side seat 1 is on at this ballpark, so this guide does not state one. Seat 1 is against one side aisle of the section and the numbers count up to the other; check the seat numbers on your own ticket.",not published,"""Covered Seats"" / ""Rows 1, SRO-ADD"". ""All seats in this section are under cover"" / ""See all shaded and covered seating"". the project park-facts note that Dodger Stadium rows are LETTERED, but this page states the row labels as ""1, SRO-ADD"" (a numeric row 1 plus what appears to be a standing-room/added-seat code). ""Premium Elevated Seating: The Club Level hangs below the Reserve Level and provides a nicely elevated view of the field."" ""Limited Individual Seating: Most of the level consists of suites, with individual seats primarily along the left field line."" ""Executive Club Sections: Sections 229-261 feature small sections and a quieter seating environment."" ""Excellent Shade: Most seats are well protected from the sun thanks to the Reserve Level overhang above.""","MEDIUM - rows confirmed, no seat numbering published for this section"
215LS,"Club Suites (201LS–233LS, E1, E2)",Club Suites,not stated by the source,,not established for this level,"1, SRO-ADD",UNKNOWN,"Stairway aisles run along both side edges of the section; rows are not split by a mid-row aisle, so seat numbers run continuously from one side aisle to the other. The entry portal row is not published for this section.","No source publishes which side seat 1 is on at this ballpark, so this guide does not state one. Seat 1 is against one side aisle of the section and the numbers count up to the other; check the seat numbers on your own ticket.",not published,"""Covered Seats"" / ""Rows 1, SRO-ADD"". ""All seats in this section are under cover"" / ""See all shaded and covered seating"". the project park-facts note that Dodger Stadium rows are LETTERED, but this page states the row labels as ""1, SRO-ADD"" (a numeric row 1 plus what appears to be a standing-room/added-seat code). ""Premium Elevated Seating: The Club Level hangs below the Reserve Level and provides a nicely elevated view of the field."" ""Limited Individual Seating: Most of the level consists of suites, with individual seats primarily along the left field line."" ""Executive Club Sections: Sections 229-261 feature small sections and a quieter seating environment."" ""Excellent Shade: Most seats are well protected from the sun thanks to the Reserve Level overhang above.""","MEDIUM - rows confirmed, no seat numbering published for this section"
216LS,"Club Suites (201LS–233LS, E1, E2)",Club Suites,not stated by the source,,not established for this level,"1, SRO-ADD",UNKNOWN,"Stairway aisles run along both side edges of the section; rows are not split by a mid-row aisle, so seat numbers run continuously from one side aisle to the other. The entry portal row is not published for this section.","No source publishes which side seat 1 is on at this ballpark, so this guide does not state one. Seat 1 is against one side aisle of the section and the numbers count up to the other; check the seat numbers on your own ticket.",not published,"""Covered Seats"" / ""Rows 1, SRO-ADD"". ""All seats in this section are under cover"" / ""See all shaded and covered seating"". the project park-facts note that Dodger Stadium rows are LETTERED, but this page states the row labels as ""1, SRO-ADD"" (a numeric row 1 plus what appears to be a standing-room/added-seat code). ""Premium Elevated Seating: The Club Level hangs below the Reserve Level and provides a nicely elevated view of the field."" ""Limited Individual Seating: Most of the level consists of suites, with individual seats primarily along the left field line."" ""Executive Club Sections: Sections 229-261 feature small sections and a quieter seating environment."" ""Excellent Shade: Most seats are well protected from the sun thanks to the Reserve Level overhang above.""","MEDIUM - rows confirmed, no seat numbering published for this section"
217LS,"Club Suites (201LS–233LS, E1, E2)",Club Suites,not stated by the source,,not established for this level,"1, SRO-ADD",UNKNOWN,"Stairway aisles run along both side edges of the section; rows are not split by a mid-row aisle, so seat numbers run continuously from one side aisle to the other. The entry portal row is not published for this section.","No source publishes which side seat 1 is on at this ballpark, so this guide does not state one. Seat 1 is against one side aisle of the section and the numbers count up to the other; check the seat numbers on your own ticket.",not published,"""Covered Seats"" / ""Rows 1, SRO-ADD"". ""All seats in this section are under cover"" / ""See all shaded and covered seating"". the project park-facts note that Dodger Stadium rows are LETTERED, but this page states the row labels as ""1, SRO-ADD"" (a numeric row 1 plus what appears to be a standing-room/added-seat code). ""Premium Elevated Seating: The Club Level hangs below the Reserve Level and provides a nicely elevated view of the field."" ""Limited Individual Seating: Most of the level consists of suites, with individual seats primarily along the left field line."" ""Executive Club Sections: Sections 229-261 feature small sections and a quieter seating environment."" ""Excellent Shade: Most seats are well protected from the sun thanks to the Reserve Level overhang above.""","MEDIUM - rows confirmed, no seat numbering published for this section"
218LS,"Club Suites (201LS–233LS, E1, E2)",Club Suites,not stated by the source,,not established for this level,"1, SRO-ADD",UNKNOWN,"Stairway aisles run along both side edges of the section; rows are not split by a mid-row aisle, so seat numbers run continuously from one side aisle to the other. The entry portal row is not published for this section.","No source publishes which side seat 1 is on at this ballpark, so this guide does not state one. Seat 1 is against one side aisle of the section and the numbers count up to the other; check the seat numbers on your own ticket.",not published,"""Covered Seats"" / ""Rows 1, SRO-ADD"". ""All seats in this section are under cover"" / ""See all shaded and covered seating"". the project park-facts note that Dodger Stadium rows are LETTERED, but this page states the row labels as ""1, SRO-ADD"" (a numeric row 1 plus what appears to be a standing-room/added-seat code). ""Premium Elevated Seating: The Club Level hangs below the Reserve Level and provides a nicely elevated view of the field."" ""Limited Individual Seating: Most of the level consists of suites, with individual seats primarily along the left field line."" ""Executive Club Sections: Sections 229-261 feature small sections and a quieter seating environment."" ""Excellent Shade: Most seats are well protected from the sun thanks to the Reserve Level overhang above.""","MEDIUM - rows confirmed, no seat numbering published for this section"
219LS,"Club Suites (201LS–233LS, E1, E2)",Club Suites,not stated by the source,,not established for this level,"1, SRO-ADD",UNKNOWN,"Stairway aisles run along both side edges of the section; rows are not split by a mid-row aisle, so seat numbers run continuously from one side aisle to the other. The entry portal row is not published for this section.","No source publishes which side seat 1 is on at this ballpark, so this guide does not state one. Seat 1 is against one side aisle of the section and the numbers count up to the other; check the seat numbers on your own ticket.",not published,"""Covered Seats"" / ""Rows 1, SRO-ADD"". ""All seats in this section are under cover"". The row label ""1, SRO-ADD"" is a numbered/standing-room listing rather than the lettered rows used elsewhere at Dodger Stadium — recorded ; SRO-ADD appears to denote standing room, but the page does not say so. ""Club Level seats are a great choice for fans looking for Dodgers tickets with premium comfort, shade, and smaller seating sections.""","MEDIUM - rows confirmed, no seat numbering published for this section"
220LS,"Club Suites (201LS–233LS, E1, E2)",Club Suites,"""Much of this level is occupied by private suites located behind home plate and along the right field side. Because of this layout, individual ticketed seating is primarily located along the left field line."" ""The main individual seating sections on this level are known as the Executive Club seats, which run from section 229 through section 261. These sections begin in shallow left field and extend toward the left field foul pole.""",,not established for this level,"1, SRO-ADD",UNKNOWN,"Stairway aisles run along both side edges of the section; rows are not split by a mid-row aisle, so seat numbers run continuously from one side aisle to the other. The entry portal row is not published for this section.","No source publishes which side seat 1 is on at this ballpark, so this guide does not state one. Seat 1 is against one side aisle of the section and the numbers count up to the other; check the seat numbers on your own ticket.",not published,"""Covered Seats"" / ""Rows 1, SRO-ADD"". ""All seats in this section are under cover"". The row label ""1, SRO-ADD"" is a numbered/standing-room listing rather than the lettered rows used elsewhere at Dodger Stadium — recorded ; SRO-ADD appears to denote standing room, but the page does not say so. ""Club Level seats are a great choice for fans looking for Dodgers tickets with premium comfort, shade, and smaller seating sections.""","MEDIUM - rows confirmed, no seat numbering published for this section"
221LS,"Club Suites (201LS–233LS, E1, E2)",Club Suites,"""Much of this level is occupied by private suites located behind home plate and along the right field side. Because of this layout, individual ticketed seating is primarily located along the left field line."" ""The main individual seating sections on this level are known as the Executive Club seats, which run from section 229 through section 261. These sections begin in shallow left field and extend toward the left field foul pole.""",,not established for this level,"1, SRO-ADD",UNKNOWN,"Stairway aisles run along both side edges of the section; rows are not split by a mid-row aisle, so seat numbers run continuously from one side aisle to the other. The entry portal row is not published for this section.","No source publishes which side seat 1 is on at this ballpark, so this guide does not state one. Seat 1 is against one side aisle of the section and the numbers count up to the other; check the seat numbers on your own ticket.",not published,"""Covered Seats"" / ""Rows 1, SRO-ADD"". ""All seats in this section are under cover"". The row label ""1, SRO-ADD"" is a numbered/standing-room listing rather than the lettered rows used elsewhere at Dodger Stadium — recorded ; SRO-ADD appears to denote standing room, but the page does not say so. ""Premium Elevated Seating: The Club Level hangs below the Reserve Level and provides a nicely elevated view of the field."" ""Limited Individual Seating: Most of the level consists of suites, with individual seats primarily along the left field line."" ""Excellent Shade: Most seats are well protected from the sun thanks to the Reserve Level overhang above.""","MEDIUM - rows confirmed, no seat numbering published for this section"
222LS,"Club Suites (201LS–233LS, E1, E2)",Club Suites,"""Much of this level is occupied by private suites located behind home plate and along the right field side. Because of this layout, individual ticketed seating is primarily located along the left field line."" ""The main individual seating sections on this level are known as the Executive Club seats, which run from section 229 through section 261. These sections begin in shallow left field and extend toward the left field foul pole.""",,not established for this level,"1, SRO-ADD",UNKNOWN,"Stairway aisles run along both side edges of the section; rows are not split by a mid-row aisle, so seat numbers run continuously from one side aisle to the other. The entry portal row is not published for this section.","No source publishes which side seat 1 is on at this ballpark, so this guide does not state one. Seat 1 is against one side aisle of the section and the numbers count up to the other; check the seat numbers on your own ticket.",not published,"""Covered Seats"" / ""Rows 1, SRO-ADD"". ""All seats in this section are under cover"". The row label ""1, SRO-ADD"" is a numbered/standing-room listing rather than the lettered rows used elsewhere at Dodger Stadium — recorded ; SRO-ADD appears to denote standing room, but the page does not say so. ""Premium Elevated Seating: The Club Level hangs below the Reserve Level and provides a nicely elevated view of the field."" ""Limited Individual Seating: Most of the level consists of suites, with individual seats primarily along the left field line.""","MEDIUM - rows confirmed, no seat numbering published for this section"
223LS,"Club Suites (201LS–233LS, E1, E2)",Club Suites,"Much of this level is occupied by private suites located behind home plate and along the right field side. Because of this layout, individual ticketed seating is primarily located along the left field line.",,not established for this level,"1, SRO-ADD",UNKNOWN,"Stairway aisles run along both side edges of the section; rows are not split by a mid-row aisle, so seat numbers run continuously from one side aisle to the other. The entry portal row is not published for this section.","No source publishes which side seat 1 is on at this ballpark, so this guide does not state one. Seat 1 is against one side aisle of the section and the numbers count up to the other; check the seat numbers on your own ticket.",not published,"""Covered Seats"" / ""Rows 1, SRO-ADD"". ""All seats in this section are under cover"". The row label ""1, SRO-ADD"" is a numbered/standing-room listing rather than the lettered rows used elsewhere at Dodger Stadium — recorded ; SRO-ADD appears to denote standing room, but the page does not say so. Fan/expert comment shown on the page (not attributed to this suite in the text): ""Fantastic view of the entire stadium - and even high enough to see off in the distance beyond the ballpark.""","MEDIUM - rows confirmed, no seat numbering published for this section"
224LS,"Club Suites (201LS–233LS, E1, E2)",Club Suites,"""Individual ticketed seating is primarily located along the left field line."" ""The main individual seating sections on this level are known as the Executive Club seats, which run from section 229 through section 261.""",,not established for this level,"1, SRO-ADD",UNKNOWN,"Stairway aisles run along both side edges of the section; rows are not split by a mid-row aisle, so seat numbers run continuously from one side aisle to the other. The entry portal row is not published for this section.","No source publishes which side seat 1 is on at this ballpark, so this guide does not state one. Seat 1 is against one side aisle of the section and the numbers count up to the other; check the seat numbers on your own ticket.",not published,"""Covered Seats"" / ""Rows 1, SRO-ADD"". ""All seats in this section are under cover"". The row label ""1, SRO-ADD"" is a numbered/standing-room listing rather than the lettered rows used elsewhere at Dodger Stadium — recorded ; SRO-ADD appears to denote standing room, but the page does not say so. ""Premium Elevated Seating: The Club Level hangs below the Reserve Level and provides a nicely elevated view of the field."" ""Private suites on this level, commonly referred to as the Bank of America Suites, feature a spacious indoor lounge area along with an outdoor seating deck.""","MEDIUM - rows confirmed, no seat numbering published for this section"
225LS,"Club Suites (201LS–233LS, E1, E2)",Club Suites,"""Much of this level is occupied by private suites located behind home plate and along the right field side. Because of this layout, individual ticketed seating is primarily located along the left field line."" ""The main individual seating sections on this level are known as the Executive Club seats, which run from section 229 through section 261. These sections begin in shallow left field and extend toward the left field foul pole.""",,not established for this level,"1, SRO-ADD",UNKNOWN,"Stairway aisles run along both side edges of the section; rows are not split by a mid-row aisle, so seat numbers run continuously from one side aisle to the other. The entry portal row is not published for this section.","No source publishes which side seat 1 is on at this ballpark, so this guide does not state one. Seat 1 is against one side aisle of the section and the numbers count up to the other; check the seat numbers on your own ticket.",not published,"""Covered Seats"" / ""Rows 1, SRO-ADD"". ""All seats in this section are under cover"". The row label ""1, SRO-ADD"" is a numbered/standing-room listing rather than the lettered rows used elsewhere at Dodger Stadium — recorded ; SRO-ADD appears to denote standing room, but the page does not say so. ""Premium Elevated Seating: The Club Level hangs below the Reserve Level and provides a nicely elevated view of the field."" ""Limited Individual Seating: Most of the level consists of suites, with individual seats primarily along the left field line.""","MEDIUM - rows confirmed, no seat numbering published for this section"
226LS,"Club Suites (201LS–233LS, E1, E2)",Club Suites,"""Much of this level is occupied by private suites located behind home plate and along the right field side. Because of this layout, individual ticketed seating is primarily located along the left field line."" ""The main individual seating sections on this level are known as the Executive Club seats, which run from section 229 through section 261. These sections begin in shallow left field and extend toward the left field foul pole.""",,not established for this level,"1, SRO-ADD",UNKNOWN,"Stairway aisles run along both side edges of the section; rows are not split by a mid-row aisle, so seat numbers run continuously from one side aisle to the other. The entry portal row is not published for this section.","No source publishes which side seat 1 is on at this ballpark, so this guide does not state one. Seat 1 is against one side aisle of the section and the numbers count up to the other; check the seat numbers on your own ticket.",not published,"""Covered Seats"" / ""Rows 1, SRO-ADD"". ""All seats in this section are under cover"". The row label ""1, SRO-ADD"" is a numbered/standing-room listing rather than the lettered rows used elsewhere at Dodger Stadium — recorded ; SRO-ADD appears to denote standing room, but the page does not say so. ""Club Level seats are a great choice for fans looking for Dodgers tickets with premium comfort, shade, and smaller seating sections.""","MEDIUM - rows confirmed, no seat numbering published for this section"
227LS,"Club Suites (201LS–233LS, E1, E2)",Club Suites,"""Much of this level is occupied by private suites located behind home plate and along the right field side. Because of this layout, individual ticketed seating is primarily located along the left field line."" ""The main individual seating sections on this level are known as the Executive Club seats, which run from section 229 through section 261. These sections begin in shallow left field and extend toward the left field foul pole.""",,not established for this level,"1, SRO-ADD",UNKNOWN,"Stairway aisles run along both side edges of the section; rows are not split by a mid-row aisle, so seat numbers run continuously from one side aisle to the other. The entry portal row is not published for this section.","No source publishes which side seat 1 is on at this ballpark, so this guide does not state one. Seat 1 is against one side aisle of the section and the numbers count up to the other; check the seat numbers on your own ticket.",not published,"""Covered Seats"" / ""Rows 1, SRO-ADD"". ""All seats in this section are under cover"". The row label ""1, SRO-ADD"" is a numbered/standing-room listing rather than the lettered rows used elsewhere at Dodger Stadium — recorded ; SRO-ADD appears to denote standing room, but the page does not say so. ""Premium Elevated Seating: The Club Level hangs below the Reserve Level and provides a nicely elevated view of the field."" ""Limited Individual Seating: Most of the level consists of suites, with individual seats primarily along the left field line."" ""Excellent Shade: Most seats are well protected from the sun thanks to the Reserve Level overhang above.""","MEDIUM - rows confirmed, no seat numbering published for this section"
228LS,"Club Suites (201LS–233LS, E1, E2)",Club Suites,"""Much of this level is occupied by private suites located behind home plate and along the right field side. Because of this layout, individual ticketed seating is primarily located along the left field line."" ""The main individual seating sections on this level are known as the Executive Club seats, which run from section 229 through section 261. These sections begin in shallow left field and extend toward the left field foul pole.""",,not established for this level,"1, SRO-ADD",UNKNOWN,"Stairway aisles run along both side edges of the section; rows are not split by a mid-row aisle, so seat numbers run continuously from one side aisle to the other. The entry portal row is not published for this section.","No source publishes which side seat 1 is on at this ballpark, so this guide does not state one. Seat 1 is against one side aisle of the section and the numbers count up to the other; check the seat numbers on your own ticket.",not published,"""Covered Seats"" / ""Rows 1, SRO-ADD"". ""All seats in this section are under cover"". The row label ""1, SRO-ADD"" is a numbered/standing-room listing rather than the lettered rows used elsewhere at Dodger Stadium — recorded ; SRO-ADD appears to denote standing room, but the page does not say so. ""Premium Elevated Seating: The Club Level hangs below the Reserve Level and provides a nicely elevated view of the field."" ""Limited Individual Seating: Most of the level consists of suites, with individual seats primarily along the left field line."" ""Excellent Shade: Most seats are well protected from the sun thanks to the Reserve Level overhang above.""","MEDIUM - rows confirmed, no seat numbering published for this section"
229LS,"Club Suites (201LS–233LS, E1, E2)",Club Suites,"""Much of this level is occupied by private suites located behind home plate and along the right field side. Because of this layout, individual ticketed seating is primarily located along the left field line."" ""The main individual seating sections on this level are known as the Executive Club seats, which run from section 229 through section 261. These sections begin in shallow left field and extend toward the left field foul pole.""",,not established for this level,"1, SRO-ADD",UNKNOWN,"Stairway aisles run along both side edges of the section; rows are not split by a mid-row aisle, so seat numbers run continuously from one side aisle to the other. The entry portal row is not published for this section.","No source publishes which side seat 1 is on at this ballpark, so this guide does not state one. Seat 1 is against one side aisle of the section and the numbers count up to the other; check the seat numbers on your own ticket.",not published,"""Covered Seats"" / ""Rows 1, SRO-ADD"". ""All seats in this section are under cover"". The row label ""1, SRO-ADD"" is a numbered/standing-room listing rather than the lettered rows used elsewhere at Dodger Stadium — recorded ; SRO-ADD appears to denote standing room, but the page does not say so. ""Club Level seats are a great choice for fans looking for Dodgers tickets with premium comfort, shade, and smaller seating sections."" ""$179 lowest price in Club Suites 229"". the zone prose says the private suites sit ""behind home plate and along the right field side"", yet RateYourSeats also lists Executive Club individual sections 229–261 in LEFT field. Section numbers 229, 231 and 233 therefore appear twice in the RateYourSeats scheme — once as a Club Suite here and once as an Executive Club section — and the page does not distinguish them.","MEDIUM - rows confirmed, no seat numbering published for this section"
230LS,"Club Suites (201LS–233LS, E1, E2)",Club Suites,"""Sections 229–261 feature small sections and a quieter seating environment."" ""Individual seating is primarily located along the left field line."" ""These sections begin in shallow left field and extend toward the left field foul pole.""",,not established for this level,"1, SRO-ADD",UNKNOWN,"Stairway aisles run along both side edges of the section; rows are not split by a mid-row aisle, so seat numbers run continuously from one side aisle to the other. The entry portal row is not published for this section.","No source publishes which side seat 1 is on at this ballpark, so this guide does not state one. Seat 1 is against one side aisle of the section and the numbers count up to the other; check the seat numbers on your own ticket.",not published,"""Covered Seats"" / ""Rows 1, SRO-ADD"". ""All seats in this section are under cover"". The row label ""1, SRO-ADD"" is a numbered/standing-room listing rather than the lettered rows used elsewhere at Dodger Stadium — recorded ; SRO-ADD appears to denote standing room, but the page does not say so. ""Premium Elevated Seating: The Club Level hangs below the Reserve Level and provides a nicely elevated view of the field."" ""Limited Individual Seating: Most of the level consists of suites, with individual seats primarily along the left field line."" ""Excellent Shade: Most seats are well protected from the sun."" ""Private suites on this level offer indoor lounge space and outdoor seating overlooking the field.""","MEDIUM - rows confirmed, no seat numbering published for this section"
231LS,"Club Suites (201LS–233LS, E1, E2)",Club Suites,"""Much of this level is occupied by private suites located behind home plate and along the right field side. Because of this layout, individual ticketed seating is primarily located along the left field line."" ""The main individual seating sections on this level are known as the Executive Club seats, which run from section 229 through section 261. These sections begin in shallow left field and extend toward the left field foul pole.""",,not established for this level,"1, SRO-ADD",UNKNOWN,"Stairway aisles run along both side edges of the section; rows are not split by a mid-row aisle, so seat numbers run continuously from one side aisle to the other. The entry portal row is not published for this section.","No source publishes which side seat 1 is on at this ballpark, so this guide does not state one. Seat 1 is against one side aisle of the section and the numbers count up to the other; check the seat numbers on your own ticket.",not published,"""Covered Seats"" / ""Rows 1, SRO-ADD"". ""All seats in this section are under cover"". The row label ""1, SRO-ADD"" is a numbered/standing-room listing rather than the lettered rows used elsewhere at Dodger Stadium — recorded ; SRO-ADD appears to denote standing room, but the page does not say so. ""Club Level seats are a great choice for fans looking for Dodgers tickets with premium comfort, shade, and smaller seating sections."" ""$469 lowest price in Club Suites 231"". The page also mentions the private suites as the ""Bank of America Suites"". the zone prose says the private suites sit ""behind home plate and along the right field side"", yet RateYourSeats also lists Executive Club individual sections 229–261 in LEFT field.","MEDIUM - rows confirmed, no seat numbering published for this section"
232LS,"Club Suites (201LS–233LS, E1, E2)",Club Suites,"""Much of this level is occupied by private suites located behind home plate and along the right field side. Because of this layout, individual ticketed seating is primarily located along the left field line."" ""The main individual seating sections on this level are known as the Executive Club seats, which run from section 229 through section 261. These sections begin in shallow left field and extend toward the left field foul pole.""",,not established for this level,"1, SRO-ADD",UNKNOWN,"Stairway aisles run along both side edges of the section; rows are not split by a mid-row aisle, so seat numbers run continuously from one side aisle to the other. The entry portal row is not published for this section.","No source publishes which side seat 1 is on at this ballpark, so this guide does not state one. Seat 1 is against one side aisle of the section and the numbers count up to the other; check the seat numbers on your own ticket.",not published,"""Covered Seats"" / ""Rows 1, SRO-ADD"". ""All seats in this section are under cover"". The row label ""1, SRO-ADD"" is a numbered/standing-room listing rather than the lettered rows used elsewhere at Dodger Stadium — recorded ; SRO-ADD appears to denote standing room, but the page does not say so. ""Premium Elevated Seating: The Club Level hangs below the Reserve Level and provides a nicely elevated view of the field."" ""Executive Club Sections: Sections 229–261 feature small sections and a quieter seating environment.""","MEDIUM - rows confirmed, no seat numbering published for this section"
233LS,"Club Suites (201LS–233LS, E1, E2)",Club Suites,"""Much of this level is occupied by private suites located behind home plate and along the right field side. Because of this layout, individual ticketed seating is primarily located along the left field line."" ""The main individual seating sections on this level are known as the Executive Club seats, which run from section 229 through section 261. These sections begin in shallow left field and extend toward the left field foul pole.""",,not established for this level,"1, SRO-ADD",UNKNOWN,"Stairway aisles run along both side edges of the section; rows are not split by a mid-row aisle, so seat numbers run continuously from one side aisle to the other. The entry portal row is not published for this section.","No source publishes which side seat 1 is on at this ballpark, so this guide does not state one. Seat 1 is against one side aisle of the section and the numbers count up to the other; check the seat numbers on your own ticket.",not published,"""Covered Seats"" / ""Rows 1, SRO-ADD"". ""All seats in this section are under cover"". The row label ""1, SRO-ADD"" is a numbered/standing-room listing rather than the lettered rows used elsewhere at Dodger Stadium — recorded ; SRO-ADD appears to denote standing room, but the page does not say so. ""Premium Elevated Seating: The Club Level hangs below the Reserve Level and provides a nicely elevated view of the field."" ""Limited Individual Seating: Most of the level consists of suites, with individual seats primarily along the left field line."" ""Excellent Shade: Most seats are well protected from the sun thanks to the Reserve Level overhang above."" ""$179 lowest price in Club Suites 233"". the zone prose says the private suites sit ""behind home plate and along the right field side"", yet RateYourSeats also lists Executive Club individual sections 229–261 in LEFT field.","MEDIUM - rows confirmed, no seat numbering published for this section"
1IR,"Reserve Level (1–61, tagged IR, LR or R)",Infield Reserve,"Reserve Level ""Sections 1-11 are located between the dugouts and behind home plate, making them the most centered seats."" ""These sections also do not have Upper Reserve sections directly above them.""",0,behind home plate,"A-U, V",V,"Stairway aisles run along both side edges of the section; rows are not split by a mid-row aisle, so seat numbers run continuously from one side aisle to the other. The entry portal is at row V.","Facing the field, seat 1 is on your right. That puts seat 1 on the far edge of the section, with no further section beyond it on that side, with seat numbers counting up toward the edge facing section 3IR. This section is behind home plate, so seat 1 is on its first-base side.",not published,"""Top Pick for Great Views of the FieldRows C-H"" / ""Home Plate View"" / ""Rows N & Above - Covered"" / ""Rows A-U, V"". ""For baseball games, we recommend rows C-H for great views"" / ""For baseball games, desirable view from behind home plate"" / ""Rows N and above are under cover"". Fan review (Infield Reserve 1 / Row O, Baseball), 5 stars, titled ""Right smack in the middle"": ""Great seats, in the evening shade, easy access to food and beer."" Page-wide ""Reserve Level"" expert review (2026 Review) text, which is repeated on the Infield Reserve section pages: ""The Blue Shield Reserve Level is the biggest seating level at Dodger Stadium and stretches from foul pole to foul pole."" ""The height of this level provides a great perspective of the entire diamond.""","HIGH - zone, rows, location and seat direction stated by the source"
2IR,"Reserve Level (1–61, tagged IR, LR or R)",Infield Reserve,"Reserve Level ""Sections 1-11 are located between the dugouts and behind home plate, making them the most centered seats."" ""These sections also do not have Upper Reserve sections directly above them.""",0,behind home plate,"A-U, V",V,"Stairway aisles run along both side edges of the section; rows are not split by a mid-row aisle, so seat numbers run continuously from one side aisle to the other. The entry portal is at row V.","Facing the field, seat 1 is on your left. That puts seat 1 on the far edge of the section, with no further section beyond it on that side, with seat numbers counting up toward the edge facing section 4IR. This section is behind home plate, so seat 1 is on its third-base side.",not published,"""Top Pick for Great Views of the FieldRows C-H"" / ""Home Plate View"" / ""Rows N & Above - Covered"" / ""Rows A-U, V"". ""For baseball games, we recommend rows C-H for great views"" / ""For baseball games, desirable view from behind home plate"" / ""Rows N and above are under cover"". Fan review (Infield Reserve 2 / Row R, Baseball; event line ""Milwaukee Brewers at Los Angeles Dodgers - Apr 14, 2019"") titled ""Covered and Shaded"": ""Best day game seats"". Page-wide ""Reserve Level"" expert review (2026 Review) text, which is repeated on the Infield Reserve section pages: ""The Blue Shield Reserve Level is the biggest seating level at Dodger Stadium and stretches from foul pole to foul pole."" ""The height of this level provides a great perspective of the entire diamond.""","HIGH - zone, rows, location and seat direction stated by the source"
3IR,"Reserve Level (1–61, tagged IR, LR or R)",Infield Reserve,"Reserve Level ""Sections 1-11 are located between the dugouts and behind home plate, making them the most centered seats."" ""These sections also do not have Upper Reserve sections directly above them.""",1,toward third base / left field,"A-U, V",V,"Stairway aisles run along both side edges of the section; rows are not split by a mid-row aisle, so seat numbers run continuously from one side aisle to the other. The entry portal is at row V.","Facing the field, seat 1 is on your right. That puts seat 1 on the edge facing section 1IR, with seat numbers counting up toward the edge facing section 5IR. Seat 1 is the end of the row closest to home plate, and higher seat numbers run away from home plate.",not published,"""Top Pick for Views of the Mountains - Rows D-M"" / ""Top Pick for Great Views of the Field - Rows C-H"" / ""Home Plate View"" / ""Rows N & Above - Covered"" / ""Rows A-U, V"". ""Wheelchair seating is available behind Row U"" / ""Rows N and above are under cover"". Page-wide ""Reserve Level"" expert review (2026 Review) text, which is repeated on the Infield Reserve section pages: ""The Blue Shield Reserve Level is the biggest seating level at Dodger Stadium and stretches from foul pole to foul pole."" ""The height of this level provides a great perspective of the entire diamond."" ""The level is divided into Lower Reserve and Value Reserve sections."" ""Some seats receive shade from the Top Deck overhang above.""","HIGH - zone, rows, location and seat direction stated by the source"
4IR,"Reserve Level (1–61, tagged IR, LR or R)",Infield Reserve,"Reserve Level ""Sections 1-11 are located between the dugouts and behind home plate, making them the most centered seats."" ""These sections also do not have Upper Reserve sections directly above them.""",1,toward first base / right field,"A-U, V",V,"Stairway aisles run along both side edges of the section; rows are not split by a mid-row aisle, so seat numbers run continuously from one side aisle to the other. The entry portal is at row V.","Facing the field, seat 1 is on your left. That puts seat 1 on the edge facing section 2IR, with seat numbers counting up toward the edge facing section 6IR. Seat 1 is the end of the row closest to home plate, and higher seat numbers run away from home plate.",not published,"""Top Pick for Great Views of the FieldRows C-H"" / ""Rows N & Above - Covered"" / ""Rows A-U, V"". ""For baseball games, we recommend rows C-H for great views of the field"" / ""Rows N and above are under cover"". Fan review, 5 stars: ""Great seats for my Mom and I (she uses a walker)"" - tagged ""Infield Reserve 4 / Row W - Baseball"". the review is filed under Row W but the page states rows are labeled A-U, V (no W). Page-wide ""Reserve Level"" expert review (2026 Review) text, which is repeated on the Infield Reserve section pages: ""The Blue Shield Reserve Level is the biggest seating level at Dodger Stadium and stretches from foul pole to foul pole."" ""The height of this level provides a great perspective of the entire diamond.""","HIGH - zone, rows, location and seat direction stated by the source"
5IR,"Reserve Level (1–61, tagged IR, LR or R)",Infield Reserve,"Reserve Level ""Sections 1-11 are located between the dugouts and behind home plate, making them the most centered seats."" ""These sections also do not have Upper Reserve sections directly above them.""",2,toward third base / left field,"A-U, W",W,"Stairway aisles run along both side edges of the section; rows are not split by a mid-row aisle, so seat numbers run continuously from one side aisle to the other. The entry portal is at row W.","Facing the field, seat 1 is on your right. That puts seat 1 on the edge facing section 3IR, with seat numbers counting up toward the edge facing section 7IR. Seat 1 is the end of the row closest to home plate, and higher seat numbers run away from home plate.",not published,"""Top Pick for Views of the Mountains - Rows D-M"" / ""Top Pick for Great Views of the Field - Rows C-H"" / ""Rows N & Above - Covered"" / ""Rows A-U, W"". ""For baseball games, we recommend rows D-M for views of the mountains"" / ""For baseball games, we recommend rows C-H for great views of the field"" / ""Rows N and above are under cover"". Fan review (Infield Reserve 5 / Row B, Baseball) titled ""Avoid the aisle seats here"": ""At Row B I was just the second row from the front of the section, and was seated on the left aisle. Aisle seats are usually my preference as it gives me quick and easy access going to and from, but these aisle seats put you in a difficult place to watch the game due to the guard railing at the bottom of the walkway.""","HIGH - zone, rows, location and seat direction stated by the source"
6IR,"Reserve Level (1–61, tagged IR, LR or R)",Infield Reserve,"Reserve Level ""Sections 1-11 are located between the dugouts and behind home plate, making them the most centered seats."" ""These sections also do not have Upper Reserve sections directly above them.""",2,toward first base / right field,"A-U, W",W,"Stairway aisles run along both side edges of the section; rows are not split by a mid-row aisle, so seat numbers run continuously from one side aisle to the other. The entry portal is at row W.","Facing the field, seat 1 is on your left. That puts seat 1 on the edge facing section 4IR, with seat numbers counting up toward the edge facing section 8IR. Seat 1 is the end of the row closest to home plate, and higher seat numbers run away from home plate.",not published,"""Top Pick for Outstanding ConvenienceRows R-V"" / ""Rows N & Above - Covered"" / ""Rows A-U, W"". ""For baseball games, we recommend rows R-V for outstanding convenience"" / ""Rows N and above are under cover"". the convenience insight cites ""Rows R-V"" while the row label line ends at ""A-U, W"". Recorded as found. Page-wide ""Reserve Level"" expert review (2026 Review) text, which is repeated on the Infield Reserve section pages: ""The Blue Shield Reserve Level is the biggest seating level at Dodger Stadium and stretches from foul pole to foul pole."" ""The height of this level provides a great perspective of the entire diamond."" ""The level is divided into Lower Reserve and Value Reserve sections."" ""Some seats receive shade from the Top Deck overhang above.""","HIGH - zone, rows, location and seat direction stated by the source"
7IR,"Reserve Level (1–61, tagged IR, LR or R)",Infield Reserve,"Reserve Level ""Sections 1-11 are located between the dugouts and behind home plate, making them the most centered seats."" ""These sections also do not have Upper Reserve sections directly above them."" Fan review (Infield Reserve 7 / Row R): ""The view is between third and home bases and with enough elevation to see the entire field of play but not from the nose-bleed section.""",3,toward third base / left field,"A-U, W",W,"Stairway aisles run along both side edges of the section; rows are not split by a mid-row aisle, so seat numbers run continuously from one side aisle to the other. The entry portal is at row W.","Facing the field, seat 1 is on your right. That puts seat 1 on the edge facing section 5IR, with seat numbers counting up toward the edge facing section 9IR. Seat 1 is the end of the row closest to home plate, and higher seat numbers run away from home plate.",not published,"""Top Pick for Outstanding Convenience Rows R-V"" / ""Top Pick for Views of the Mountains Rows D-M"" / ""Rows N & Above - Covered"". ""For baseball games, we recommend rows R-V for outstanding convenience"" / ""For baseball games, we recommend rows D-M for views of the mountains"" / ""Rows N and above are under cover"". Fan review (Infield Reserve 7 / Row R, Baseball), 5 stars, titled ""Great view, easy to get to"": ""This is the perfect section! The view is between third and home bases and with enough elevation to see the entire field of play but not from the nose-bleed section. This area is in the shade, with food, drinks and restrooms just steps away. Loved it!"" Page-wide ""Reserve Level"" expert review (2026 Review) text, which is repeated on the Infield Reserve section pages: ""The Blue Shield Reserve Level is the biggest seating level at Dodger Stadium and stretches from foul pole to foul pole.""","HIGH - zone, rows, location and seat direction stated by the source"
8IR,"Reserve Level (1–61, tagged IR, LR or R)",Infield Reserve,"Reserve Level ""Sections 1-11 are located between the dugouts and behind home plate, making them the most centered seats."" ""These sections also do not have Upper Reserve sections directly above them.""",3,toward first base / right field,A-W,W,"Stairway aisles run along both side edges of the section; rows are not split by a mid-row aisle, so seat numbers run continuously from one side aisle to the other. The entry portal is at row W.","Facing the field, seat 1 is on your left. That puts seat 1 on the edge facing section 6IR, with seat numbers counting up toward the edge facing section 10IR. Seat 1 is the end of the row closest to home plate, and higher seat numbers run away from home plate.",not published,"""Rows N & Above - Covered"" / ""Rows A-W"". ""Rows N and above are under cover"". Fan review (Infield Reserve 8 / Row A, Baseball; event line ""Cincinnati Reds at Los Angeles Dodgers - Apr 15, 2019""), 5 stars: ""Front row of the Infield Reserve sections provides a great look down on the infield."" Page-wide ""Reserve Level"" expert review (2026 Review) text, which is repeated on the Infield Reserve section pages: ""The Blue Shield Reserve Level is the biggest seating level at Dodger Stadium and stretches from foul pole to foul pole."" ""The height of this level provides a great perspective of the entire diamond."" ""The level is divided into Lower Reserve and Value Reserve sections."" ""Some seats receive shade from the Top Deck overhang above.""","HIGH - zone, rows, location and seat direction stated by the source"
9IR,"Reserve Level (1–61, tagged IR, LR or R)",Infield Reserve,"Reserve Level ""Sections 1-11 are located between the dugouts and behind home plate, making them the most centered seats."" ""These sections also do not have Upper Reserve sections directly above them."" Seating and Ticket Q&A answer, section-specific: ""Reserve Section 9 is located just on the third base side of home plate, and has a total of 20 lettered rows starting with Row A at the very front and Row B being the second row from the front."" ""RS is an often used abbreviation for the Reserve Level at Dodger Stadium, which is the third seating deck up from the field.""",4,toward third base / left field,"A-U, V",V,"Stairway aisles run along both side edges of the section; rows are not split by a mid-row aisle, so seat numbers run continuously from one side aisle to the other. The entry portal is at row V.","Facing the field, seat 1 is on your right. That puts seat 1 on the edge facing section 7IR, with seat numbers counting up toward the edge facing section 11IR. Seat 1 is the end of the row closest to home plate, and higher seat numbers run away from home plate.",not published,"""Top Pick for Views of the MountainsRows D-M"" / ""Rows N & Above - Covered"". ""For baseball games, we recommend rows D-M for views of the mountains"" / ""Rows N and above are under cover"". ""Where is section 9RS row B at Dodger Stadium?"" A: ""RS is an often used abbreviation for the Reserve Level at Dodger Stadium, which is the third seating deck up from the field. Reserve Section 9 is located just on the third base side of home plate, and has a total of 20 lettered rows starting with Row A at the very front and Row B being the second row from the front."" That answer confirms the RateYourSeats ""IR"" tag is a zone tag and a real ticket may read 9RS; it also states 20 lettered rows (a row count, not seats per row), consistent with A-V skipping I.","HIGH - zone, rows, location and seat direction stated by the source"
10IR,"Reserve Level (1–61, tagged IR, LR or R)",Infield Reserve,"Reserve Level ""Sections 1-11 are located between the dugouts and behind home plate, making them the most centered seats."" ""These sections also do not have Upper Reserve sections directly above them.""",4,toward first base / right field,A-V,V,"Stairway aisles run along both side edges of the section; rows are not split by a mid-row aisle, so seat numbers run continuously from one side aisle to the other. The entry portal is at row V.","Facing the field, seat 1 is on your left. That puts seat 1 on the edge facing section 8IR, with seat numbers counting up toward the edge facing section 12R. Seat 1 is the end of the row closest to home plate, and higher seat numbers run away from home plate.",not published,"""Rows N & Above - Covered"" / ""Rows A-V"". ""Rows N and above are under cover"" / ""See all shaded and covered seating"". Fan review (Infield Reserve 10 / Row K, Baseball), 5 stars, titled ""Pretty good view"" - no body text beyond the title was present. Page-wide ""Reserve Level"" expert review (2026 Review) text, which is repeated on the Infield Reserve section pages: ""The Blue Shield Reserve Level is the biggest seating level at Dodger Stadium and stretches from foul pole to foul pole."" ""The height of this level provides a great perspective of the entire diamond."" ""The level is divided into Lower Reserve and Value Reserve sections."" ""Some seats receive shade from the Top Deck overhang above."" ""Lower Reserve sections are identified by 'LR' or 'IR' listed after the section number.""","HIGH - zone, rows, location and seat direction stated by the source"
11IR,"Reserve Level (1–61, tagged IR, LR or R)",Infield Reserve,"Reserve Level ""Sections 1-11 are located between the dugouts and behind home plate, making them the most centered seats."" ""These sections also do not have Upper Reserve sections directly above them.""",5,toward third base / left field,A-V,V,"Stairway aisles run along both side edges of the section; rows are not split by a mid-row aisle, so seat numbers run continuously from one side aisle to the other. The entry portal is at row V.","Facing the field, seat 1 is on your right. That puts seat 1 on the edge facing section 9IR, with seat numbers counting up toward the edge facing section 13R. Seat 1 is the end of the row closest to home plate, and higher seat numbers run away from home plate.",not published,"""Top Pick for Views of the MountainsRows D-M"" / ""Rows N & Above - Covered"" / ""Rows A-V"". ""For baseball games, we recommend rows D-M for views of the mountains"" / ""Rows N and above are under cover"". Page-wide ""Reserve Level"" expert review (2026 Review) text, which is repeated on the Infield Reserve section pages: ""The Blue Shield Reserve Level is the biggest seating level at Dodger Stadium and stretches from foul pole to foul pole."" ""The height of this level provides a great perspective of the entire diamond."" ""The level is divided into Lower Reserve and Value Reserve sections."" ""Some seats receive shade from the Top Deck overhang above."" ""Lower Reserve sections are identified by 'LR' or 'IR' listed after the section number.""","HIGH - zone, rows, location and seat direction stated by the source"
12R,"Reserve Level (1–61, tagged IR, LR or R)",Reserve / Value Reserve,not stated by the source,5,toward first base / right field,AA-KK,AA,"Stairway aisles run along both side edges of the section; rows are not split by a mid-row aisle, so seat numbers run continuously from one side aisle to the other. The entry portal is at row AA.","Facing the field, seat 1 is on your left. That puts seat 1 on the edge facing section 10IR, with seat numbers counting up toward the edge facing section 14R. Seat 1 is the end of the row closest to home plate, and higher seat numbers run away from home plate.",not published,"""Rows CC & Above - Covered"" / ""Rows AA-KK"". ""Rows CC and above are under cover"" plus a ""See all shaded and covered seating"" link. Fan review header only, no review body text: ""Houston Astros at Los Angeles Dodgers - Jun 25, 2023 Reserve 12 / Row KK - Baseball"" (5 stars). ""$260 lowest price in Reserve 12"". rows run AA-KK here (11 rows) while most sections in this batch are AA-JJ.","MEDIUM - rows and zone confirmed, the source does not place this section"
13R,"Reserve Level (1–61, tagged IR, LR or R)",Reserve / Value Reserve,not stated by the source,6,toward third base / left field,AA-KK,AA,"Stairway aisles run along both side edges of the section; rows are not split by a mid-row aisle, so seat numbers run continuously from one side aisle to the other. The entry portal is at row AA.","Facing the field, seat 1 is on your right. That puts seat 1 on the edge facing section 11IR, with seat numbers counting up toward the edge facing section 15IR. Seat 1 is the end of the row closest to home plate, and higher seat numbers run away from home plate.",not published,"""Rows CC & Above - Covered"" / ""Rows AA-KK"". ""Rows CC and above are under cover"" / ""See all shaded and covered seating"". Fan review (Reserve 13 / Row KK - Baseball): ""I purchased these seats because it was a day game and I wanted shade. Well all was good from game time at 1 pm until 3 pm, but at 3 pm the sun hit us from our backs causing us to leave the game early and not get to see the entire game. I was happy with the seats but disappointed as I purchased them for shade and I didn't get it for the entire game."" — note this fan report partly contradicts the ""Rows CC and above are under cover"" note for late-afternoon sun. ""$255 lowest price in Reserve 13"". Same AA-KK (11-row) and entrance-at-front-row anomalies as Reserve 12.","MEDIUM - rows and zone confirmed, the source does not place this section"
14R,"Reserve Level (1–61, tagged IR, LR or R)",Reserve / Value Reserve,not stated by the source,6,toward first base / right field,AA-JJ,AA,"Stairway aisles run along both side edges of the section; rows are not split by a mid-row aisle, so seat numbers run continuously from one side aisle to the other. The entry portal is at row AA.","Facing the field, seat 1 is on your left. That puts seat 1 on the edge facing section 12R, with seat numbers counting up toward the edge facing section 16IR. Seat 1 is the end of the row closest to home plate, and higher seat numbers run away from home plate.",not published,"""Rows CC & Above - Covered"" / ""Rows AA-JJ"". ""Rows CC and above are under cover"". Fan review (Reserve 14 / Row CC - Baseball), includes an obstruction report: ""My seat was in the upper portion of the Reserved level, which looks far away on the seating chart, but the view didn't feel as distant as I was expecting. The seats face nicely towards the pitchers mound, but being on the aisle I had to contend with the taller guard railing located at the bottom of the aisle, and it couldn't have been in a worse spot. The railing was perfectly positioned to destroy my view of the batters box, making me wish I had opted for seats further into the row rather than on the aisle. Being close to the Top Deck seating sections above provided some good protection from the sun in the late afternoon, and didn't interfere with my view at all.""","MEDIUM - rows and zone confirmed, the source does not place this section"
15IR,"Reserve Level (1–61, tagged IR, LR or R)",Infield Reserve,not stated by the source,7,toward third base / left field,A-V,V,"Stairway aisles run along both side edges of the section; rows are not split by a mid-row aisle, so seat numbers run continuously from one side aisle to the other. The entry portal is at row V.","Facing the field, seat 1 is on your right. That puts seat 1 on the edge facing section 13R, with seat numbers counting up toward the edge facing section 17R. Seat 1 is the end of the row closest to home plate, and higher seat numbers run away from home plate.",not published,"""Top Pick for Great Views of the FieldRows C-H"" / ""Afternoon Shade in Select Rows"" / ""Rows A-V"". ""For baseball games, we recommend rows C-H for great views of the field"" / ""Rows G and above are shaded during most late afternoon games"". Note this section carries no ""Rows N & Above - Covered"" insight, unlike sections 1-11; the expert review sentence about being between the dugouts and behind home plate is stated only for sections 1-11 and was NOT applied to 15. Page-wide ""Reserve Level"" expert review (2026 Review) text, which is repeated on the Infield Reserve section pages: ""The Blue Shield Reserve Level is the biggest seating level at Dodger Stadium and stretches from foul pole to foul pole.""","MEDIUM - rows and zone confirmed, the source does not place this section"
16IR,"Reserve Level (1–61, tagged IR, LR or R)",Infield Reserve,not stated by the source,7,toward first base / right field,A-V,V,"Stairway aisles run along both side edges of the section; rows are not split by a mid-row aisle, so seat numbers run continuously from one side aisle to the other. The entry portal is at row V.","Facing the field, seat 1 is on your left. That puts seat 1 on the edge facing section 14R, with seat numbers counting up toward the edge facing section 18R. Seat 1 is the end of the row closest to home plate, and higher seat numbers run away from home plate.",not published,"""Rows A-V"" (no shade/covered insight on this page). Fan review (Infield Reserve 16 / Row D, Baseball) titled ""Impressive Reserve level, but watch out for sun"": ""Considering my seats were on the second highest seating tier at Dodger Stadium, the views were very impressive from where I was sitting. In Row D it was just 4 rows from the front of the section, and in Seat 14 I was 5 seats in off the at the right side of the section. My seat had me pointed directly in between the pitchers mound and home plate, which allowed me to just watch straight ahead without turning my head significantly in either direction. The guard railing at the front of the section is only an issue for viewing the right field corner, but otherwise these seats have a great height to clearly down to the field.""","MEDIUM - rows and zone confirmed, the source does not place this section"
17R,"Reserve Level (1–61, tagged IR, LR or R)",Reserve / Value Reserve,not stated by the source,8,toward third base / left field,AA-JJ,AA,"Stairway aisles run along both side edges of the section; rows are not split by a mid-row aisle, so seat numbers run continuously from one side aisle to the other. The entry portal is at row AA.","Facing the field, seat 1 is on your right. That puts seat 1 on the edge facing section 15IR, with seat numbers counting up toward the edge facing section 19IR. Seat 1 is the end of the row closest to home plate, and higher seat numbers run away from home plate.",not published,"""Rows CC & Above - Covered"" / ""Rows AA-JJ"". ""Rows CC and above are under cover"" / ""See all shaded and covered seating"". Fan review (Reserve 17 / Row CC - Baseball): ""Shaded seats — The view was shaded and what I expected for the price. I'll be buying future tickets from Rate Your Seats."" ""$415 lowest price in Reserve 17"". Entrance stated at Row AA (front row), against the usual back-of-section pattern.","MEDIUM - rows and zone confirmed, the source does not place this section"
18R,"Reserve Level (1–61, tagged IR, LR or R)",Reserve / Value Reserve,not stated by the source,8,toward first base / right field,AA-JJ,AA,"Stairway aisles run along both side edges of the section; rows are not split by a mid-row aisle, so seat numbers run continuously from one side aisle to the other. The entry portal is at row AA.","Facing the field, seat 1 is on your left. That puts seat 1 on the edge facing section 16IR, with seat numbers counting up toward the edge facing section 20IR. Seat 1 is the end of the row closest to home plate, and higher seat numbers run away from home plate.",not published,"""Rows CC & Above - Covered"" / ""Rows AA-JJ"". ""Rows CC and above are under cover"". Fan review (Reserve 18 / Row AA - Baseball), obstruction report: ""I was definitely locked in a battle with the guard railing located just in front of my seat which was located in the very first row of the section...the railing started to cut off my view of the first base line and continued its reign of obstruction down to the right field corner."" (ellipsis by the extraction; review body may be longer on the page). Second review (Reserve 18 / Row DD - Baseball): ""Great"". The Row AA review describes looking toward the first-base line and right-field corner, consistent with an even (first-base side) section. ""$159 lowest price in Reserve 18"".","MEDIUM - rows and zone confirmed, the source does not place this section"
19IR,"Reserve Level (1–61, tagged IR, LR or R)",Infield Reserve,not stated by the source,9,toward third base / left field,A-V,V,"Stairway aisles run along both side edges of the section; rows are not split by a mid-row aisle, so seat numbers run continuously from one side aisle to the other. The entry portal is at row V.","Facing the field, seat 1 is on your right. That puts seat 1 on the edge facing section 17R, with seat numbers counting up toward the edge facing section 21R. Seat 1 is the end of the row closest to home plate, and higher seat numbers run away from home plate.",not published,"""Afternoon Shade in Select Rows"" / ""Rows A-V"". ""Rows G and above are shaded during most late afternoon games"" / ""See all shaded and covered seating"". Fan review 1 (Infield Reserve 19 / Row N, Baseball; event line ""Atlanta Braves at Los Angeles Dodgers - Sep 2, 2023""): ""Good view of field but pretty high up. Lots of stairs to get there. I understood \""shaded\"" as covered, but there is no cover or roof above-maybe shaded at a certain time of day (we were there for a night game)."" That fan directly disputes the page's shade claim for this section. Fan review 2 (Infield Reserve 19 / Row E, Baseball) titled ""Great Seats, Great Price"": ""We had an amazing time! Dodgers vs Boston Strong! Thanks RateYourSeats!!!""","MEDIUM - rows and zone confirmed, the source does not place this section"
20IR,"Reserve Level (1–61, tagged IR, LR or R)",Infield Reserve,not stated by the source,9,toward first base / right field,A-V,V,"Stairway aisles run along both side edges of the section; rows are not split by a mid-row aisle, so seat numbers run continuously from one side aisle to the other. The entry portal is at row V.","Facing the field, seat 1 is on your left. That puts seat 1 on the edge facing section 18R, with seat numbers counting up toward the edge facing section 22R. Seat 1 is the end of the row closest to home plate, and higher seat numbers run away from home plate.",not published,"""Rows A-V"" (no shade or covered insight on this page). Fan review (Infield Reserve 20 / Row E, Baseball; event line ""NLDS - TBD at Los Angeles Dodgers - Oct 9, 2023""): ""Straight in and down the steps from the concourse"" (followed by two thumbs-up emoji). Consistent with the expert-review line ""Fans will enter near Row V and walk down toward their seats."" Page-wide ""Reserve Level"" expert review (2026 Review) text, which is repeated on the Infield Reserve section pages: ""The Blue Shield Reserve Level is the biggest seating level at Dodger Stadium and stretches from foul pole to foul pole."" ""The height of this level provides a great perspective of the entire diamond."" ""The level is divided into Lower Reserve and Value Reserve sections.""","MEDIUM - rows and zone confirmed, the source does not place this section"
21R,"Reserve Level (1–61, tagged IR, LR or R)",Infield Reserve,not stated by the source,10,toward third base / left field,AA-JJ,AA,"Stairway aisles run along both side edges of the section; rows are not split by a mid-row aisle, so seat numbers run continuously from one side aisle to the other. The entry portal is at row AA.","Facing the field, seat 1 is on your right. That puts seat 1 on the edge facing section 19IR, with seat numbers counting up toward the edge facing section 23LR. Seat 1 is the end of the row closest to home plate, and higher seat numbers run away from home plate.",not published,"the /sections/21R URL serves a page headed ""Infield Reserve 21"", not ""Reserve 21"" — the RateYourSeats zone tag on this page disagrees with the R (Value Reserve) suffix requested. ""Rows CC & Above - Covered"" / ""Rows AA-JJ"". ""Rows CC and above are under cover"". ""Not bad for being at the top"" — ""You can see the whole field no problem...You also have the sun at your back"" (Row FF - Baseball); ""San Diego Padres at Los Angeles Dodgers - Aug 4, 2019 — The seats were in the shade the whole game on a 85 degree day!"" (Row DD - Baseball). ""$289 lowest price in Infield Reserve 21"". Entrance stated at Row AA (front row), against the usual back-of-section pattern.","MEDIUM - rows and zone confirmed, the source does not place this section"
22R,"Reserve Level (1–61, tagged IR, LR or R)",Reserve / Value Reserve,not stated by the source,10,toward first base / right field,AA-JJ,AA,"Stairway aisles run along both side edges of the section; rows are not split by a mid-row aisle, so seat numbers run continuously from one side aisle to the other. The entry portal is at row AA.","Facing the field, seat 1 is on your left. That puts seat 1 on the edge facing section 20IR, with seat numbers counting up toward the edge facing section 24LR. Seat 1 is the end of the row closest to home plate, and higher seat numbers run away from home plate.",not published,"""Rows CC & Above - Covered"" / ""Rows AA-JJ"". ""Rows CC and above are under cover"". ""$229 lowest price in Reserve 22"". Entrance stated at Row AA (front row), against the usual back-of-section pattern.","MEDIUM - rows and zone confirmed, the source does not place this section"
23LR,"Reserve Level (1–61, tagged IR, LR or R)",Lower Reserve,not stated by the source,11,toward third base / left field,A-V,V,"Stairway aisles run along both side edges of the section; rows are not split by a mid-row aisle, so seat numbers run continuously from one side aisle to the other. The entry portal is at row V.","Facing the field, seat 1 is on your right. That puts seat 1 on the edge facing section 21R, with seat numbers counting up toward the edge facing section 25R. Seat 1 is the end of the row closest to home plate, and higher seat numbers run away from home plate.",not published,"""Top Pick for Great Views of the FieldRows C-H"" / ""Afternoon Shade in Select Rows"" / ""Rows A-V"" ""For baseball games, we recommend rows C-H for great views of the field"" ""Rows G and above are shaded during most late afternoon games"" ""See all shaded and covered seating"" No Q&A on the page. ""Great view, great value. — Saved $32 by not buying this seat directly from Dodgers.com, and I feel like I stole a ticket (don't worry, I didn't). Excellent view, away from the setting sun. The only problem is those pesky steep steps you have to take to get to this second-to-rail row."" (Lower Reserve 23 / Row B • Baseball); ""Great view of the park."" (Lower Reserve 23 • Baseball). ""$165 lowest price in Lower Reserve 23"".","MEDIUM - rows and zone confirmed, the source does not place this section"
24LR,"Reserve Level (1–61, tagged IR, LR or R)",Lower Reserve,not stated by the source,11,toward first base / right field,A-V,V,"Stairway aisles run along both side edges of the section; rows are not split by a mid-row aisle, so seat numbers run continuously from one side aisle to the other. The entry portal is at row V.","Facing the field, seat 1 is on your left. That puts seat 1 on the edge facing section 22R, with seat numbers counting up toward the edge facing section 26R. Seat 1 is the end of the row closest to home plate, and higher seat numbers run away from home plate.",not published,"""$218 lowest price in Lower Reserve 24"". ""The Blue Shield Reserve Level is the biggest seating level at Dodger Stadium and stretches from foul pole to foul pole."" ""The height of this level provides a great perspective of the entire diamond."" ""The level is divided into Lower Reserve and Value Reserve sections."" ""All sections on this level share a single concourse, where fans enter from the back of the section and walk down toward their seats."" ""Lower Reserve sections are identified by \""LR\"" or \""IR\"" listed after the section number and sit closer to the field than the Value Reserve sections above."" ""Rows are labeled A through V, with Row A located at the bottom of the section closest to the field.""","MEDIUM - rows and zone confirmed, the source does not place this section"
25R,"Reserve Level (1–61, tagged IR, LR or R)",Reserve / Value Reserve,not stated by the source,12,toward third base / left field,AA-JJ,AA,"Stairway aisles run along both side edges of the section; rows are not split by a mid-row aisle, so seat numbers run continuously from one side aisle to the other. The entry portal is at row AA.","Facing the field, seat 1 is on your right. That puts seat 1 on the edge facing section 23LR, with seat numbers counting up toward the edge facing section 27LR. Seat 1 is the end of the row closest to home plate, and higher seat numbers run away from home plate.",not published,"""Rows CC & Above - Covered"" / ""Rows AA-JJ"". ""Rows CC and above are under cover"". Fan review (Reserve 25 / Row JJ - Baseball): ""High up, but great view. In the shade for the entire game with 1:10 start time."" ""$223 lowest price in Reserve 25"". Entrance stated at Row AA (front row), against the usual back-of-section pattern.","MEDIUM - rows and zone confirmed, the source does not place this section"
26R,"Reserve Level (1–61, tagged IR, LR or R)",Reserve / Value Reserve,not stated by the source,12,toward first base / right field,AA-JJ,AA,"Stairway aisles run along both side edges of the section; rows are not split by a mid-row aisle, so seat numbers run continuously from one side aisle to the other. The entry portal is at row AA.","Facing the field, seat 1 is on your left. That puts seat 1 on the edge facing section 24LR, with seat numbers counting up toward the edge facing section 28LR. Seat 1 is the end of the row closest to home plate, and higher seat numbers run away from home plate.",not published,"""Rows CC & Above - Covered"" / ""Rows AA-JJ"". ""Rows CC and above are under cover"". The extraction returned no genuine fan-review body for this section; the only prose returned was zone-level text that appears on every Reserve Level page and is NOT specific to section 26: ""(2026 Review) - Largest Seating Tier: The Blue Shield Reserve Level is the biggest seating level at Dodger Stadium and stretches from foul pole to foul pole."" ""Baseball Seat View From Reserve 26, Row FF"" and ""Baseball Seat View From Reserve 26, Row CC"". ""$164 lowest price in Reserve 26"". Entrance stated at Row AA (front row), against the usual back-of-section pattern.","MEDIUM - rows and zone confirmed, the source does not place this section"
27LR,"Reserve Level (1–61, tagged IR, LR or R)",Lower Reserve,not stated by the source,13,toward third base / left field,A-V,V,"Stairway aisles run along both side edges of the section; rows are not split by a mid-row aisle, so seat numbers run continuously from one side aisle to the other. The entry portal is at row V.","Facing the field, seat 1 is on your right. That puts seat 1 on the edge facing section 25R, with seat numbers counting up toward the edge facing section 29R. Seat 1 is the end of the row closest to home plate, and higher seat numbers run away from home plate.",not published,"""Top Pick for Great Views of the FieldRows C-H"" / ""Afternoon Shade in Select Rows"" / ""Rows A-V"" ""For baseball games, we recommend rows C-H for great views of the field"" ""Rows G and above are shaded during most late afternoon games"" ""See all shaded and covered seating"" No Q&A and no fan reviews on the page (only the site's own 2026 Reserve Level review text). ""$200 lowest price in Lower Reserve 27"". ""The Blue Shield Reserve Level is the biggest seating level at Dodger Stadium and stretches from foul pole to foul pole."" ""The height of this level provides a great perspective of the entire diamond."" ""The level is divided into Lower Reserve and Value Reserve sections."" ""All sections on this level share a single concourse, where fans enter from the back of the section and walk down toward their seats.""","MEDIUM - rows and zone confirmed, the source does not place this section"
28LR,"Reserve Level (1–61, tagged IR, LR or R)",Lower Reserve,not stated by the source,13,toward first base / right field,A-V,V,"Stairway aisles run along both side edges of the section; rows are not split by a mid-row aisle, so seat numbers run continuously from one side aisle to the other. The entry portal is at row V.","Facing the field, seat 1 is on your left. That puts seat 1 on the edge facing section 26R, with seat numbers counting up toward the edge facing section 30R. Seat 1 is the end of the row closest to home plate, and higher seat numbers run away from home plate.",not published,"""$171 lowest price in Lower Reserve 28"". ""The Blue Shield Reserve Level is the biggest seating level at Dodger Stadium and stretches from foul pole to foul pole."" ""The height of this level provides a great perspective of the entire diamond."" ""The level is divided into Lower Reserve and Value Reserve sections."" ""All sections on this level share a single concourse, where fans enter from the back of the section and walk down toward their seats."" ""Lower Reserve sections are identified by \""LR\"" or \""IR\"" listed after the section number and sit closer to the field than the Value Reserve sections above."" ""Rows are labeled A through V, with Row A located at the bottom of the section closest to the field.""","MEDIUM - rows and zone confirmed, the source does not place this section"
29R,"Reserve Level (1–61, tagged IR, LR or R)",Reserve / Value Reserve,not stated by the source,14,toward third base / left field,AA-JJ,AA,"Stairway aisles run along both side edges of the section; rows are not split by a mid-row aisle, so seat numbers run continuously from one side aisle to the other. The entry portal is at row AA.","Facing the field, seat 1 is on your right. That puts seat 1 on the edge facing section 27LR, with seat numbers counting up toward the edge facing section 31LR. Seat 1 is the end of the row closest to home plate, and higher seat numbers run away from home plate.",not published,"""Rows CC & Above - Covered"" / ""Rows AA-JJ"". ""Rows CC and above are under cover"". Fan review (Reserve 29 / Row GG - Baseball, June 16, 2024): ""Had shade the entire ball game. Game started at 1 pm and the sun was beating down. Great seats."" ""Baseball Seat View From Reserve 29/Reserve 33"" — the page shares a seat-view photo with Reserve 33. ""$104 lowest price in Reserve 29"". Entrance stated at Row AA (front row), against the usual back-of-section pattern.","MEDIUM - rows and zone confirmed, the source does not place this section"
30R,"Reserve Level (1–61, tagged IR, LR or R)",Reserve / Value Reserve,"""Section 30RS, or Reserve 30, is located down the right-field line in the highest level of seating.""",14,toward first base / right field,AA-JJ,AA,"Stairway aisles run along both side edges of the section; rows are not split by a mid-row aisle, so seat numbers run continuously from one side aisle to the other. The entry portal is at row AA.","Facing the field, seat 1 is on your left. That puts seat 1 on the edge facing section 28LR, with seat numbers counting up toward the edge facing section 32LR. Seat 1 is the end of the row closest to home plate, and higher seat numbers run away from home plate.",not published,"Section 30RS, or Reserve 30, is located down the right-field line in the highest level of seating. In the upper deck you'll find 20 rows of seating in Lower Reserve seating, followed by roughly 9 rows of Reserve seats. Row DD is the fourth row in the section. This is one of the sunniest sections in the stadium during the late afternoon and evening, so you may want to bring some sunglasses."" This confirms the real ticket designation 30RS for this RateYourSeats ""30R"" tag, and that Row AA is the first row (Row DD = fourth), i.e. the stated entrance at Row AA is at the FRONT of the section. the Q&A calls this ""one of the sunniest sections in the stadium during the late afternoon and evening"" while the Section Insights / Seating Notes on the same page say ""Rows CC & Above - Covered"" / ""Rows CC and above are under cover"".""","HIGH - zone, rows, location and seat direction stated by the source"
31LR,"Reserve Level (1–61, tagged IR, LR or R)",Lower Reserve,not stated by the source,15,toward third base / left field,A-V,V,"Stairway aisles run along both side edges of the section; rows are not split by a mid-row aisle, so seat numbers run continuously from one side aisle to the other. The entry portal is at row V.","Facing the field, seat 1 is on your right. That puts seat 1 on the edge facing section 29R, with seat numbers counting up toward the edge facing section 33R. Seat 1 is the end of the row closest to home plate, and higher seat numbers run away from home plate.",not published,"""Top Pick for Kids and FamilyRows P-V"" / ""Top Pick for Great Views of the FieldRows C-H"" / ""Afternoon Shade in Select Rows"" / ""Rows A-V"" ""For baseball games, we recommend rows P-V for kids and family"" ""For baseball games, we recommend rows C-H for great views of the field"" ""Rows G and above are shaded during most late afternoon games"" No Q&A. Fan review (Lower Reserve 31 / Row C • Baseball): ""The view is good, but not remotely shady — For a 1:00 game they were in direct sun the whole time."" Note the contradiction with the page's own ""Afternoon Shade in Select Rows"" insight (the insight covers Rows G and above; the review is from Row C). ""$163 lowest price in Lower Reserve 31"". ""The Blue Shield Reserve Level is the biggest seating level at Dodger Stadium and stretches from foul pole to foul pole.""","MEDIUM - rows and zone confirmed, the source does not place this section"
32LR,"Reserve Level (1–61, tagged IR, LR or R)",Lower Reserve,not stated by the source,15,toward first base / right field,A-V,V,"Stairway aisles run along both side edges of the section; rows are not split by a mid-row aisle, so seat numbers run continuously from one side aisle to the other. The entry portal is at row V.","Facing the field, seat 1 is on your left. That puts seat 1 on the edge facing section 30R, with seat numbers counting up toward the edge facing section 34R. Seat 1 is the end of the row closest to home plate, and higher seat numbers run away from home plate.",not published,"""$173 lowest price in Lower Reserve 32"". ""The Blue Shield Reserve Level is the biggest seating level at Dodger Stadium and stretches from foul pole to foul pole."" ""The height of this level provides a great perspective of the entire diamond."" ""The level is divided into Lower Reserve and Value Reserve sections."" ""All sections on this level share a single concourse, where fans enter from the back of the section and walk down toward their seats."" ""Lower Reserve sections are identified by \""LR\"" or \""IR\"" listed after the section number and sit closer to the field than the Value Reserve sections above."" ""Rows are labeled A through V, with Row A located at the bottom of the section closest to the field.""","MEDIUM - rows and zone confirmed, the source does not place this section"
33R,"Reserve Level (1–61, tagged IR, LR or R)",Reserve / Value Reserve,"""Section 33RS is located just beyond third base and on the highest tier of seating down the lines"" (from the page's Q&A answer)",16,toward third base / left field,AA-JJ,AA,"Stairway aisles run along both side edges of the section; rows are not split by a mid-row aisle, so seat numbers run continuously from one side aisle to the other. The entry portal is at row AA.","Facing the field, seat 1 is on your right. That puts seat 1 on the edge facing section 31LR, with seat numbers counting up toward the edge facing section 35LR. Seat 1 is the end of the row closest to home plate, and higher seat numbers run away from home plate.",not published,"Section 33RS is located just beyond third base and on the highest tier of seating down the lines (the Reserved Level). The Reserved Level is divided by a walkway which separates the Lower Reserved (LR sections) from the regular Reserved sections (RS sections), so from section 33RS you will be in the upper portion. There are 9 rows of seating in sections 33RS, with row AA being at the front, so these seats will be in the third row of the section."" This explicitly confirms (a) the real ticket designation 33RS versus the RateYourSeats ""33R"" tag, (b) the LR/RS split of one physical Reserve tier by a walkway, and (c) ""row AA being at the front"" — so the stated entrance at Row AA is at the FRONT of the section, contrary to the park-wide back/top entrance pattern.""","HIGH - zone, rows, location and seat direction stated by the source"
34R,"Reserve Level (1–61, tagged IR, LR or R)",Reserve / Value Reserve,"""in the upper level down the first-base line, just past first base"" (from the page's Q&A answer: ""These names all refer to the upper level Section 34, which is in the upper level down the first-base line, just past first base."")",16,toward first base / right field,AA-JJ,AA,"Stairway aisles run along both side edges of the section; rows are not split by a mid-row aisle, so seat numbers run continuously from one side aisle to the other. The entry portal is at row AA.","Facing the field, seat 1 is on your left. That puts seat 1 on the edge facing section 32LR, with seat numbers counting up toward the edge facing section 36LR. Seat 1 is the end of the row closest to home plate, and higher seat numbers run away from home plate.",not published,"Section 34RS at Dodger Stadium also goes by the names Infield Reserve, Upper Deck 34 and just 34R. These names all refer to the upper level Section 34, which is in the upper level down the first-base line, just past first base. Row BB is the second row in the section, though it's really about Row 22 in the upper deck."" This confirms the naming overlap (34RS = Infield Reserve = Upper Deck 34 = 34R) and that Row AA is the first row of the section but roughly row 21 counting the whole upper deck including the Lower Reserve portion below the walkway — so the stated entrance at Row AA is at the FRONT of the RS portion. Even-numbered section, consistent with the first-base side per the park numbering rule.""","HIGH - zone, rows, location and seat direction stated by the source"
35LR,"Reserve Level (1–61, tagged IR, LR or R)",Lower Reserve,not stated by the source,17,toward third base / left field,A-V,V,"Stairway aisles run along both side edges of the section; rows are not split by a mid-row aisle, so seat numbers run continuously from one side aisle to the other. The entry portal is at row V.","Facing the field, seat 1 is on your right. That puts seat 1 on the edge facing section 33R, with seat numbers counting up toward the edge facing section 37R. Seat 1 is the end of the row closest to home plate, and higher seat numbers run away from home plate.",not published,"""Top Pick for Kids and FamilyRows P-V"" / ""Afternoon Shade in Select Rows"" / ""Rows A-V"" ""For baseball games, we recommend rows P-V for kids and family"" ""Rows G and above are shaded during most late afternoon games"" ""See all shaded and covered seating"" No Q&A. Fan review (Colorado Rockies at Los Angeles Dodgers - Sep 3, 2019, Lower Reserve 35 / Row A • Baseball): ""great VIEW"". ""$115 lowest price in Lower Reserve 35"". ""The Blue Shield Reserve Level is the biggest seating level at Dodger Stadium and stretches from foul pole to foul pole."" ""The height of this level provides a great perspective of the entire diamond."" ""The level is divided into Lower Reserve and Value Reserve sections."" ""All sections on this level share a single concourse, where fans enter from the back of the section and walk down toward their seats.""","MEDIUM - rows and zone confirmed, the source does not place this section"
36LR,"Reserve Level (1–61, tagged IR, LR or R)",Lower Reserve,not stated by the source,17,toward first base / right field,A-V,V,"Stairway aisles run along both side edges of the section; rows are not split by a mid-row aisle, so seat numbers run continuously from one side aisle to the other. The entry portal is at row V.","Facing the field, seat 1 is on your left. That puts seat 1 on the edge facing section 34R, with seat numbers counting up toward the edge facing section 38R. Seat 1 is the end of the row closest to home plate, and higher seat numbers run away from home plate.",not published,"""$136 lowest price in Lower Reserve 36"". ""The Blue Shield Reserve Level is the biggest seating level at Dodger Stadium and stretches from foul pole to foul pole."" ""The height of this level provides a great perspective of the entire diamond."" ""The level is divided into Lower Reserve and Value Reserve sections."" ""All sections on this level share a single concourse, where fans enter from the back of the section and walk down toward their seats."" ""Lower Reserve sections are identified by \""LR\"" or \""IR\"" listed after the section number and sit closer to the field than the Value Reserve sections above."" ""Rows are labeled A through V, with Row A located at the bottom of the section closest to the field.""","MEDIUM - rows and zone confirmed, the source does not place this section"
37R,"Reserve Level (1–61, tagged IR, LR or R)",Value Reserve,not stated by the source,18,toward third base / left field,AA-JJ,AA,"Stairway aisles run along both side edges of the section; rows are not split by a mid-row aisle, so seat numbers run continuously from one side aisle to the other. The entry portal is at row AA.","Facing the field, seat 1 is on your right. That puts seat 1 on the edge facing section 35LR, with seat numbers counting up toward the edge facing section 39LR. Seat 1 is the end of the row closest to home plate, and higher seat numbers run away from home plate.",not published,"""Rows CC & Above - Covered"" / ""Rows AA-JJ"". ""Rows CC and above are under cover"" ""See all shaded and covered seating"". ""$85 lowest price in Reserve 37"". the Reserve Level zone prose says ""All sections on this level share a single concourse, where fans enter from the back of the section and walk down toward their seats"", but this Value Reserve section page states the entrance is at Row AA and the zone prose also says Row AA is ""at the front near the concourse tunnels"". ""The Blue Shield Reserve Level is the biggest seating level at Dodger Stadium and stretches from foul pole to foul pole."" ""The level is divided into Lower Reserve and Value Reserve sections."" ""All sections on this level share a single concourse, where fans enter from the back of the section and walk down toward their seats.""","MEDIUM - rows and zone confirmed, the source does not place this section"
38R,"Reserve Level (1–61, tagged IR, LR or R)",Value Reserve,"""Section 38RS is on the Reserve Level at Dodger Stadium and between first base and the right field foul pole.""",18,toward first base / right field,AA-JJ,AA,"Stairway aisles run along both side edges of the section; rows are not split by a mid-row aisle, so seat numbers run continuously from one side aisle to the other. The entry portal is at row AA.","Facing the field, seat 1 is on your left. That puts seat 1 on the edge facing section 36LR, with seat numbers counting up toward the edge facing section 40LR. Seat 1 is the end of the row closest to home plate, and higher seat numbers run away from home plate.",not published,"""Rows CC & Above - Covered"" / ""Rows AA-JJ"". ""Rows CC and above are under cover"" ""See all shaded and covered seating"". Q: ""Where is my seat - Section 38R Row AA - Dodger Stadium?"" A: ""Section 38RS is on the Reserve Level at Dodger Stadium and between first base and the right field foul pole. There are a total of 9 seating rows in Section 38RS with Row AA being at the front of the section, and Row JJ at the back of the section."" the Q&A calls the section ""38RS"" while the RateYourSeats URL/heading uses 38R / ""Reserve 38"" - i.e. a real ticket may read 38RS. ""a total of 9 seating rows"" is consistent with AA-JJ if II is skipped (AA,BB,CC,DD,EE,FF,GG,HH,JJ), but the page does not say II is skipped.","HIGH - zone, rows, location and seat direction stated by the source"
39LR,"Reserve Level (1–61, tagged IR, LR or R)",Lower Reserve,not stated by the source,19,toward third base / left field,A-V,V,"Stairway aisles run along both side edges of the section; rows are not split by a mid-row aisle, so seat numbers run continuously from one side aisle to the other. The entry portal is at row V.","Facing the field, seat 1 is on your right. That puts seat 1 on the edge facing section 37R, with seat numbers counting up toward the edge facing section 41R. Seat 1 is the end of the row closest to home plate, and higher seat numbers run away from home plate.",not published,"""Top Pick for Kids and FamilyRows P-V"" / ""Afternoon Shade in Select Rows"" / ""Rows A-V"" ""For baseball games, we recommend rows P-V for kids and family"" ""Rows G and above are shaded during most late afternoon games"" ""See all shaded and covered seating"" No Q&A. Fan review (Lower Reserve 39 / Row A • Baseball), which is the only text on the page bearing on where the section sits: ""Incredibly cramped — Legroom is nothing but terrible in these front row seats on the Reserve level. I'm six feet tall and it was a very tight fit, which gets even worse with the cup holders mounted on the railing just in front of the seats. Having a cramped seat is one thing, but adding in a partially obstructed view courtesy of the safety railing was more than enough to bring me to the conclusion that these just aren't very good seats.""","MEDIUM - rows and zone confirmed, the source does not place this section"
40LR,"Reserve Level (1–61, tagged IR, LR or R)",Lower Reserve,not stated by the source,19,toward first base / right field,A-V,V,"Stairway aisles run along both side edges of the section; rows are not split by a mid-row aisle, so seat numbers run continuously from one side aisle to the other. The entry portal is at row V.","Facing the field, seat 1 is on your left. That puts seat 1 on the edge facing section 38R, with seat numbers counting up toward the edge facing section 42R. Seat 1 is the end of the row closest to home plate, and higher seat numbers run away from home plate.",not published,"""Top Pick for Outstanding ConvenienceRows R-V"" / ""Rows A-V"" ""For baseball games, we recommend rows R-V for outstanding convenience"" No Q&A. Fan review (Lower Reserve 40 / Row E • Baseball), the only text bearing on where the section sits: ""Toaster oven — Building up a sweat while working out is great, but building up a sweat just sitting in a seat watching a baseball game? Not so much. That is pretty much what you can expect from sitting down near the right field foul pole on the reserve level of the stadium. The occasional breeze that came through the section was nice, but it wasn't nearly enough to combat getting toasted by the sun in my seat. Aside from getting cooked, the views were nothing all too special.""","MEDIUM - rows and zone confirmed, the source does not place this section"
41R,"Reserve Level (1–61, tagged IR, LR or R)",Value Reserve,not stated by the source,20,toward third base / left field,AA-JJ,AA,"Stairway aisles run along both side edges of the section; rows are not split by a mid-row aisle, so seat numbers run continuously from one side aisle to the other. The entry portal is at row AA.","Facing the field, seat 1 is on your right. That puts seat 1 on the edge facing section 39LR, with seat numbers counting up toward the edge facing section 43LR. Seat 1 is the end of the row closest to home plate, and higher seat numbers run away from home plate.",not published,"""Top Pick for Outstanding Convenience Rows AA-EE"" / ""Rows CC & Above - Covered"" / ""Rows AA-JJ"". ""For baseball games, we recommend rows AA-EE for outstanding convenience"" ""Rows CC and above are under cover"" ""See all shaded and covered seating"". ""$74 lowest price in Reserve 41"". the Reserve Level zone prose says ""All sections on this level share a single concourse, where fans enter from the back of the section and walk down toward their seats"", but this Value Reserve section page states the entrance is at Row AA and the zone prose also says Row AA is ""at the front near the concourse tunnels"". ""The Blue Shield Reserve Level is the biggest seating level at Dodger Stadium and stretches from foul pole to foul pole.""","MEDIUM - rows and zone confirmed, the source does not place this section"
42R,"Reserve Level (1–61, tagged IR, LR or R)",Value Reserve,not stated by the source,20,toward first base / right field,AA-JJ,AA,"Stairway aisles run along both side edges of the section; rows are not split by a mid-row aisle, so seat numbers run continuously from one side aisle to the other. The entry portal is at row AA.","Facing the field, seat 1 is on your left. That puts seat 1 on the edge facing section 40LR, with seat numbers counting up toward the edge facing section 44LR. Seat 1 is the end of the row closest to home plate, and higher seat numbers run away from home plate.","""There are a total 24 seats in Reserve Section 42 Row GG"" (stated for Row GG only, in the page Q&A)","""Rows CC & Above - Covered"" / ""Rows AA-JJ"". ""Rows CC and above are under cover"" ""See all shaded and covered seating"". CONTRADICTION (seat numbering): the park-wide boilerplate says ""When looking towards the field/stage, lower number seats are on the right"", but this page's own Q&A says ""Seat 1 being on the left as you face the field, and Seat 24 being on the right"" for Reserve Section 42 Row GG. Q: ""How many seats are in Section 42 Reserve, Row GG at Dodger Stadium?"" A: ""There are a total 24 seats in Reserve Section 42 Row GG, with Seat 1 being on the left as you face the field, and Seat 24 being on the right."" Fan review (Reserve 42 / Row EE - Baseball), title ""Don't sit above the entry tunnel"": ""I was curious as to what it might be like to sit just above the entry tunnel to a section.""","MEDIUM - rows and zone confirmed, the source does not place this section"
43LR,"Reserve Level (1–61, tagged IR, LR or R)",Lower Reserve,It is about half-way between third base and the left field wall.,21,toward third base / left field,A-V,V,"Stairway aisles run along both side edges of the section; rows are not split by a mid-row aisle, so seat numbers run continuously from one side aisle to the other. The entry portal is at row V.","Facing the field, seat 1 is on your right. That puts seat 1 on the edge facing section 41R, with seat numbers counting up toward the edge facing section 45R. Seat 1 is the end of the row closest to home plate, and higher seat numbers run away from home plate.","Row-specific, not section-wide, from the Q&A: ""Row O is the fourteenth row in this section, and features 22 seats in the row.""","""Top Pick for Outstanding ConvenienceRows R-V"" / ""Afternoon Shade in Select Rows"" / ""Rows A-V"" ""For baseball games, we recommend rows R-V for outstanding convenience"" ""Rows G and above are shaded during most late afternoon games"" ""See all shaded and covered seating"" Full Q&A, ""Where is Section 43RS Row O Seat 8 at Dodger Stadium?"": ""Section 43RS is on the third base side of the field and located on the lower portion of the Upper Deck (please note that the RS abbreviation commonly stands for Reserved among ticket sellers). It is about half-way between third base and the left field wall. Row O is the fourteenth row in this section, and features 22 seats in the row. As you face the field, Seat 1 will be on the aisle to the the right (closer to home plate), while Seat 22 is on the aisle at the left.""","HIGH - zone, rows, location and seat direction stated by the source"
44LR,"Reserve Level (1–61, tagged IR, LR or R)",Lower Reserve,not stated by the source,21,toward first base / right field,A-V,V,"Stairway aisles run along both side edges of the section; rows are not split by a mid-row aisle, so seat numbers run continuously from one side aisle to the other. The entry portal is at row V.","Facing the field, seat 1 is on your left. That puts seat 1 on the edge facing section 42R, with seat numbers counting up toward the edge facing section 46R. Seat 1 is the end of the row closest to home plate, and higher seat numbers run away from home plate.",not published,"Fan review (Lower Reserve 44 / Row H • Baseball): ""Could see all the ballballs I wanted"" (sic). ""$80 lowest price in Lower Reserve 44"". ""The Blue Shield Reserve Level is the biggest seating level at Dodger Stadium and stretches from foul pole to foul pole."" ""The height of this level provides a great perspective of the entire diamond."" ""The level is divided into Lower Reserve and Value Reserve sections."" ""All sections on this level share a single concourse, where fans enter from the back of the section and walk down toward their seats."" ""Lower Reserve sections are identified by \""LR\"" or \""IR\"" listed after the section number and sit closer to the field than the Value Reserve sections above.""","MEDIUM - rows and zone confirmed, the source does not place this section"
45R,"Reserve Level (1–61, tagged IR, LR or R)",Value Reserve,not stated by the source,22,toward third base / left field,AA-JJ,AA,"Stairway aisles run along both side edges of the section; rows are not split by a mid-row aisle, so seat numbers run continuously from one side aisle to the other. The entry portal is at row AA.","Facing the field, seat 1 is on your right. That puts seat 1 on the edge facing section 43LR, with seat numbers counting up toward the edge facing section 47LR. Seat 1 is the end of the row closest to home plate, and higher seat numbers run away from home plate.",not published,"""Rows CC & Above - Covered"" / ""Rows AA-JJ"". ""Rows CC and above are under cover"" ""See all shaded and covered seating"". ""$96 lowest price in Reserve 45"". the Reserve Level zone prose says ""All sections on this level share a single concourse, where fans enter from the back of the section and walk down toward their seats"", but this Value Reserve section page states the entrance is at Row AA and the zone prose also says Row AA is ""at the front near the concourse tunnels"". ""The Blue Shield Reserve Level is the biggest seating level at Dodger Stadium and stretches from foul pole to foul pole."" ""The level is divided into Lower Reserve and Value Reserve sections."" ""All sections on this level share a single concourse, where fans enter from the back of the section and walk down toward their seats.""","MEDIUM - rows and zone confirmed, the source does not place this section"
46R,"Reserve Level (1–61, tagged IR, LR or R)",Value Reserve,not stated by the source,22,toward first base / right field,AA-JJ,AA,"Stairway aisles run along both side edges of the section; rows are not split by a mid-row aisle, so seat numbers run continuously from one side aisle to the other. The entry portal is at row AA.","Facing the field, seat 1 is on your left. That puts seat 1 on the edge facing section 44LR, with seat numbers counting up toward the edge facing section 48LR. Seat 1 is the end of the row closest to home plate, and higher seat numbers run away from home plate.",not published,"""Rows CC & Above - Covered"" / ""Rows AA-JJ"". ""Rows CC and above are under cover"" ""See all shaded and covered seating"". ""$80 lowest price in Reserve 46"". the Reserve Level zone prose says ""All sections on this level share a single concourse, where fans enter from the back of the section and walk down toward their seats"", but this Value Reserve section page states the entrance is at Row AA and the zone prose also says Row AA is ""at the front near the concourse tunnels"". ""The Blue Shield Reserve Level is the biggest seating level at Dodger Stadium and stretches from foul pole to foul pole."" ""The level is divided into Lower Reserve and Value Reserve sections."" ""All sections on this level share a single concourse, where fans enter from the back of the section and walk down toward their seats.""","MEDIUM - rows and zone confirmed, the source does not place this section"
47LR,"Reserve Level (1–61, tagged IR, LR or R)",Lower Reserve,not stated by the source,23,toward third base / left field,A-V,V,"Stairway aisles run along both side edges of the section; rows are not split by a mid-row aisle, so seat numbers run continuously from one side aisle to the other. The entry portal is at row V.","Facing the field, seat 1 is on your right. That puts seat 1 on the edge facing section 45R, with seat numbers counting up toward the edge facing section 49R. Seat 1 is the end of the row closest to home plate, and higher seat numbers run away from home plate.",not published,"""Afternoon Shade in Select Rows"" / ""Rows A-V"" ""Rows K and above are shaded during most late afternoon games"" ""See all shaded and covered seating"" No Q&A, no fan reviews. ""$93 lowest price in Lower Reserve 47"". ""The Blue Shield Reserve Level is the biggest seating level at Dodger Stadium and stretches from foul pole to foul pole."" ""The height of this level provides a great perspective of the entire diamond."" ""The level is divided into Lower Reserve and Value Reserve sections."" ""All sections on this level share a single concourse, where fans enter from the back of the section and walk down toward their seats."" ""Lower Reserve sections are identified by \""LR\"" or \""IR\"" listed after the section number and sit closer to the field than the Value Reserve sections above.""","MEDIUM - rows and zone confirmed, the source does not place this section"
48LR,"Reserve Level (1–61, tagged IR, LR or R)",Lower Reserve,not stated by the source,23,toward first base / right field,A-V,V,"Stairway aisles run along both side edges of the section; rows are not split by a mid-row aisle, so seat numbers run continuously from one side aisle to the other. The entry portal is at row V.","Facing the field, seat 1 is on your left. That puts seat 1 on the edge facing section 46R, with seat numbers counting up toward the edge facing section 50R. Seat 1 is the end of the row closest to home plate, and higher seat numbers run away from home plate.",not published,"Fan review (Lower Reserve 48 / Row S • Baseball): ""Good"". ""$81 lowest price in Lower Reserve 48"". ""The Blue Shield Reserve Level is the biggest seating level at Dodger Stadium and stretches from foul pole to foul pole."" ""The height of this level provides a great perspective of the entire diamond."" ""The level is divided into Lower Reserve and Value Reserve sections."" ""All sections on this level share a single concourse, where fans enter from the back of the section and walk down toward their seats."" ""Lower Reserve sections are identified by \""LR\"" or \""IR\"" listed after the section number and sit closer to the field than the Value Reserve sections above."" ""Rows are labeled A through V, with Row A located at the bottom of the section closest to the field.""","MEDIUM - rows and zone confirmed, the source does not place this section"
49R,"Reserve Level (1–61, tagged IR, LR or R)",Value Reserve,not stated by the source,24,toward third base / left field,AA-JJ,AA,"Stairway aisles run along both side edges of the section; rows are not split by a mid-row aisle, so seat numbers run continuously from one side aisle to the other. The entry portal is at row AA.","Facing the field, seat 1 is on your right. That puts seat 1 on the edge facing section 47LR, with seat numbers counting up toward the edge facing section 51LR. Seat 1 is the end of the row closest to home plate, and higher seat numbers run away from home plate.",not published,"""Rows CC & Above - Covered"" / ""Rows AA-JJ"". ""Rows CC and above are under cover"" ""See all shaded and covered seating"". ""$93 lowest price in Reserve 49"". the Reserve Level zone prose says ""All sections on this level share a single concourse, where fans enter from the back of the section and walk down toward their seats"", but this Value Reserve section page states the entrance is at Row AA and the zone prose also says Row AA is ""at the front near the concourse tunnels"". ""The Blue Shield Reserve Level is the biggest seating level at Dodger Stadium and stretches from foul pole to foul pole."" ""The level is divided into Lower Reserve and Value Reserve sections."" ""All sections on this level share a single concourse, where fans enter from the back of the section and walk down toward their seats.""","MEDIUM - rows and zone confirmed, the source does not place this section"
50R,"Reserve Level (1–61, tagged IR, LR or R)",Value Reserve,not stated by the source,24,toward first base / right field,AA-JJ,AA,"Stairway aisles run along both side edges of the section; rows are not split by a mid-row aisle, so seat numbers run continuously from one side aisle to the other. The entry portal is at row AA.","Facing the field, seat 1 is on your left. That puts seat 1 on the edge facing section 48LR, with seat numbers counting up toward the edge facing section 52LR. Seat 1 is the end of the row closest to home plate, and higher seat numbers run away from home plate.",not published,"""Rows CC & Above - Covered"" / ""Rows AA-JJ"". ""Rows CC and above are under cover"". ""$76 lowest price in Reserve 50"". the Reserve Level zone prose says ""All sections on this level share a single concourse, where fans enter from the back of the section and walk down toward their seats"", but this Value Reserve section page states the entrance is at Row AA and the zone prose also says Row AA is ""at the front near the concourse tunnels"". ""The Blue Shield Reserve Level is the biggest seating level at Dodger Stadium and stretches from foul pole to foul pole."" ""The level is divided into Lower Reserve and Value Reserve sections."" ""All sections on this level share a single concourse, where fans enter from the back of the section and walk down toward their seats.""","MEDIUM - rows and zone confirmed, the source does not place this section"
51LR,"Reserve Level (1–61, tagged IR, LR or R)",Lower Reserve,not stated by the source,25,toward third base / left field,A-V,V,"Stairway aisles run along both side edges of the section; rows are not split by a mid-row aisle, so seat numbers run continuously from one side aisle to the other. The entry portal is at row V.","Facing the field, seat 1 is on your right. That puts seat 1 on the edge facing section 49R, with seat numbers counting up toward the edge facing section 53R. Seat 1 is the end of the row closest to home plate, and higher seat numbers run away from home plate.",not published,"""Afternoon Shade in Select Rows"" / ""Rows A-V"" ""Rows M and above are shaded during most late afternoon games"" ""See all shaded and covered seating"" No Q&A, no fan reviews. ""$85 lowest price in Lower Reserve 51"". ""The Blue Shield Reserve Level is the biggest seating level at Dodger Stadium and stretches from foul pole to foul pole."" ""The height of this level provides a great perspective of the entire diamond."" ""The level is divided into Lower Reserve and Value Reserve sections."" ""All sections on this level share a single concourse, where fans enter from the back of the section and walk down toward their seats."" ""Lower Reserve sections are identified by \""LR\"" or \""IR\"" listed after the section number and sit closer to the field than the Value Reserve sections above.""","MEDIUM - rows and zone confirmed, the source does not place this section"
52LR,"Reserve Level (1–61, tagged IR, LR or R)",Lower Reserve,"Q&A ""Reserve Level Section 52 is located on the 3rd seating tier at Dodger Stadium, down the first base line near the right field corner.""",25,toward first base / right field,A-V,V,"Stairway aisles run along both side edges of the section; rows are not split by a mid-row aisle, so seat numbers run continuously from one side aisle to the other. The entry portal is at row V.","Facing the field, seat 1 is on your left. That puts seat 1 on the edge facing section 50R, with seat numbers counting up toward the edge facing section 54R. Seat 1 is the end of the row closest to home plate, and higher seat numbers run away from home plate.","Row-specific, not section-wide, from the Q&A: ""There are 16 seats in Row A of Reserved Section 52 at Dodger Stadium"" and ""Row K will be the 10th row from the front of the section, and features 19 seats in the row.""","""Rows A-V"" No Seating Notes, no fan reviews (only the site's own 2026 Reserve Level review text). Q1 ""Which seats are on the aisle for RS52 Row A at Dodger Stadium?"" — answer states ""There are 16 seats in Row A of Reserved Section 52 at Dodger Stadium"" and ""As you look toward the field, Seat 1 will be on the aisle to the left, while Seat 16 is on the aisle to the right."" Q2 ""Where is Section 52RS Reserve Level Row K Seat 9 at Dodger Stadium?"" — answer states ""Reserve Level Section 52 is located on the 3rd seating tier at Dodger Stadium, down the first base line near the right field corner."" and ""Row K will be the 10th row from the front of the section, and features 19 seats in the row."" ""Row K will be the 10th row from the front"" implies a lettering that skips row I (A,B,C,D,E,F,G,H,J,K = 10th), matching the discovery pass, though the page's row line states only ""A-V"".","HIGH - zone, rows, location and seat direction stated by the source"
53R,"Reserve Level (1–61, tagged IR, LR or R)",Value Reserve,not stated by the source,26,toward third base / left field,AA-JJ,AA,"Stairway aisles run along both side edges of the section; rows are not split by a mid-row aisle, so seat numbers run continuously from one side aisle to the other. The entry portal is at row AA.","Facing the field, seat 1 is on your right. That puts seat 1 on the edge facing section 51LR, with seat numbers counting up toward the edge facing section 55LR. Seat 1 is the end of the row closest to home plate, and higher seat numbers run away from home plate.",not published,"""Rows CC & Above - Covered"" / ""Rows AA-JJ"". ""Rows CC and above are under cover"" ""See all shaded and covered seating"". (Reserve 53 / Row HH - Baseball), title ""Corner comforts on the Reserve Level"": ""These have to be some of the furthest views available at Dodger Stadium. Buried in the left field corner, the seats feel like they are sitting even higher than the top of the left field foul pole."" (Reserve 53 / Row GG - Baseball, Arizona Diamondbacks at Los Angeles Dodgers, Aug 31, 2025): ""We were in the shade the whole time. The seats were a tad challenging for those with height issues but it was all good when the fans filled out the seats."" (Reserve 53 / Row DD - Baseball), title ""Awesome"": ""They were great seats"".","MEDIUM - rows and zone confirmed, the source does not place this section"
54R,"Reserve Level (1–61, tagged IR, LR or R)",Value Reserve,not stated by the source,26,toward first base / right field,AA-JJ,AA,"Stairway aisles run along both side edges of the section; rows are not split by a mid-row aisle, so seat numbers run continuously from one side aisle to the other. The entry portal is at row AA.","Facing the field, seat 1 is on your left. That puts seat 1 on the edge facing section 52LR, with seat numbers counting up toward the edge facing section 56LR. Seat 1 is the end of the row closest to home plate, and higher seat numbers run away from home plate.",not published,"""Rows CC & Above - Covered"" / ""Rows AA-JJ"". ""Rows CC and above are under cover"" ""See all shaded and covered seating"". the Reserve Level zone prose says ""All sections on this level share a single concourse, where fans enter from the back of the section and walk down toward their seats"", but this Value Reserve section page states the entrance is at Row AA and the zone prose also says Row AA is ""at the front near the concourse tunnels"". ""The Blue Shield Reserve Level is the biggest seating level at Dodger Stadium and stretches from foul pole to foul pole."" ""The level is divided into Lower Reserve and Value Reserve sections."" ""All sections on this level share a single concourse, where fans enter from the back of the section and walk down toward their seats.""","MEDIUM - rows and zone confirmed, the source does not place this section"
55LR,"Reserve Level (1–61, tagged IR, LR or R)",Lower Reserve,not stated by the source,27,toward third base / left field,A-V,V,"Stairway aisles run along both side edges of the section; rows are not split by a mid-row aisle, so seat numbers run continuously from one side aisle to the other. The entry portal is at row V.","Facing the field, seat 1 is on your right. That puts seat 1 on the edge facing section 53R, with seat numbers counting up toward the edge facing section 57R. Seat 1 is the end of the row closest to home plate, and higher seat numbers run away from home plate.",not published,"""Afternoon Shade in Select Rows"" / ""Rows A-V"" ""Rows T and above are shaded during most late afternoon games"" ""See all shaded and covered seating"" No Q&A, no fan reviews, no price line shown. ""The Blue Shield Reserve Level is the biggest seating level at Dodger Stadium and stretches from foul pole to foul pole."" ""The height of this level provides a great perspective of the entire diamond."" ""The level is divided into Lower Reserve and Value Reserve sections."" ""All sections on this level share a single concourse, where fans enter from the back of the section and walk down toward their seats."" ""Lower Reserve sections are identified by \""LR\"" or \""IR\"" listed after the section number and sit closer to the field than the Value Reserve sections above.""","MEDIUM - rows and zone confirmed, the source does not place this section"
56LR,"Reserve Level (1–61, tagged IR, LR or R)",Lower Reserve,not stated by the source,27,toward first base / right field,A-V,V,"Stairway aisles run along both side edges of the section; rows are not split by a mid-row aisle, so seat numbers run continuously from one side aisle to the other. The entry portal is at row V.","Facing the field, seat 1 is on your left. That puts seat 1 on the edge facing section 54R, with seat numbers counting up toward the edge facing section 58R. Seat 1 is the end of the row closest to home plate, and higher seat numbers run away from home plate.",not published,"""The Blue Shield Reserve Level is the biggest seating level at Dodger Stadium and stretches from foul pole to foul pole."" ""The height of this level provides a great perspective of the entire diamond."" ""The level is divided into Lower Reserve and Value Reserve sections."" ""All sections on this level share a single concourse, where fans enter from the back of the section and walk down toward their seats."" ""Lower Reserve sections are identified by \""LR\"" or \""IR\"" listed after the section number and sit closer to the field than the Value Reserve sections above."" ""Rows are labeled A through V, with Row A located at the bottom of the section closest to the field."" ""Since the concourse is located behind the sections, fans will enter near Row V and walk down toward their seats.""","MEDIUM - rows and zone confirmed, the source does not place this section"
57R,"Reserve Level (1–61, tagged IR, LR or R)",Value Reserve,not stated by the source,28,toward third base / left field,AA-JJ,AA,"Stairway aisles run along both side edges of the section; rows are not split by a mid-row aisle, so seat numbers run continuously from one side aisle to the other. The entry portal is at row AA.","Facing the field, seat 1 is on your right. That puts seat 1 on the edge facing section 55LR, with seat numbers counting up toward the edge facing section 59LR. Seat 1 is the end of the row closest to home plate, and higher seat numbers run away from home plate.",not published,"""Rows CC & Above - Covered"" / ""Rows AA-JJ"". ""Rows CC and above are under cover"" ""See all shaded and covered seating"". the Reserve Level zone prose says ""All sections on this level share a single concourse, where fans enter from the back of the section and walk down toward their seats"", but this Value Reserve section page states the entrance is at Row AA and the zone prose also says Row AA is ""at the front near the concourse tunnels"". ""The Blue Shield Reserve Level is the biggest seating level at Dodger Stadium and stretches from foul pole to foul pole."" ""The level is divided into Lower Reserve and Value Reserve sections."" ""All sections on this level share a single concourse, where fans enter from the back of the section and walk down toward their seats.""","MEDIUM - rows and zone confirmed, the source does not place this section"
58R,"Reserve Level (1–61, tagged IR, LR or R)",Value Reserve,not stated by the source,28,toward first base / right field,AA-JJ,AA,"Stairway aisles run along both side edges of the section; rows are not split by a mid-row aisle, so seat numbers run continuously from one side aisle to the other. The entry portal is at row AA.","Facing the field, seat 1 is on your left. That puts seat 1 on the edge facing section 56LR, with seat numbers counting up toward the edge facing section 60LR. Seat 1 is the end of the row closest to home plate, and higher seat numbers run away from home plate.",not published,"""Top Pick for Views of the Mountains"" / ""Rows CC & Above - Covered"" / ""Rows AA-JJ"". ""For baseball games, we recommend these seats for views of the mountains"" ""Rows CC and above are under cover"" ""See all shaded and covered seating"". the Reserve Level zone prose says ""All sections on this level share a single concourse, where fans enter from the back of the section and walk down toward their seats"", but this Value Reserve section page states the entrance is at Row AA and the zone prose also says Row AA is ""at the front near the concourse tunnels"". ""The Blue Shield Reserve Level is the biggest seating level at Dodger Stadium and stretches from foul pole to foul pole."" ""The level is divided into Lower Reserve and Value Reserve sections.""","MEDIUM - rows and zone confirmed, the source does not place this section"
59LR,"Reserve Level (1–61, tagged IR, LR or R)",Lower Reserve,not stated by the source,29,toward third base / left field,A-V,V,"Stairway aisles run along both side edges of the section; rows are not split by a mid-row aisle, so seat numbers run continuously from one side aisle to the other. The entry portal is at row V.","Facing the field, seat 1 is on your right. That puts seat 1 on the edge facing section 57R, with seat numbers counting up toward the edge facing section 61R. Seat 1 is the end of the row closest to home plate, and higher seat numbers run away from home plate.",not published,"""The Blue Shield Reserve Level is the biggest seating level at Dodger Stadium and stretches from foul pole to foul pole."" ""The height of this level provides a great perspective of the entire diamond."" ""The level is divided into Lower Reserve and Value Reserve sections."" ""All sections on this level share a single concourse, where fans enter from the back of the section and walk down toward their seats."" ""Lower Reserve sections are identified by \""LR\"" or \""IR\"" listed after the section number and sit closer to the field than the Value Reserve sections above."" ""Rows are labeled A through V, with Row A located at the bottom of the section closest to the field."" ""Since the concourse is located behind the sections, fans will enter near Row V and walk down toward their seats.""","MEDIUM - rows and zone confirmed, the source does not place this section"
60LR,"Reserve Level (1–61, tagged IR, LR or R)",Lower Reserve,not stated by the source,29,toward first base / right field,A-V,V,"Stairway aisles run along both side edges of the section; rows are not split by a mid-row aisle, so seat numbers run continuously from one side aisle to the other. The entry portal is at row V.","Facing the field, seat 1 is on your left. That puts seat 1 on the edge facing section 58R, with seat numbers counting up toward the far edge of the section, with no further section beyond it on that side. Seat 1 is the end of the row closest to home plate, and higher seat numbers run away from home plate.",not published,"""Top Pick for Views of the Mountains"" / ""Rows A-V"" ""For baseball games, we recommend these seats for views of the mountains"" No Q&A. Fan review (Lower Reserve 60 / Row A • Baseball), the only text bearing on where the section sits: ""Bring six pairs of sunglasses — And I don't even know if six pairs is enough. You are so blinded by the sun in the late afternoon that you're better off watching the game at home on a non-HDTV. Row A didn't make matters much better. The first row has less legroom and the railing is right in your face. Furthermore, the foul pole was a distraction in these seats. As the game gets going, you realize that the sun finally sets over the stadium and no one else sits around here, so you can move up a few rows.""","MEDIUM - rows and zone confirmed, the source does not place this section"
61R,"Reserve Level (1–61, tagged IR, LR or R)",Value Reserve,not stated by the source,30,toward third base / left field,AA-JJ,AA,"Stairway aisles run along both side edges of the section; rows are not split by a mid-row aisle, so seat numbers run continuously from one side aisle to the other. The entry portal is at row AA.","Facing the field, seat 1 is on your right. That puts seat 1 on the edge facing section 59LR, with seat numbers counting up toward the far edge of the section, with no further section beyond it on that side. Seat 1 is the end of the row closest to home plate, and higher seat numbers run away from home plate.",not published,"""Rows CC & Above - Covered"" / ""Rows AA-JJ"". ""Rows CC and above are under cover"". One fan rating is present, labeled ""Reserve 61 / Row AA - Baseball"" with a 2-star rating; no review body text was returned for it. the Reserve Level zone prose says ""All sections on this level share a single concourse, where fans enter from the back of the section and walk down toward their seats"", but this Value Reserve section page states the entrance is at Row AA and the zone prose also says Row AA is ""at the front near the concourse tunnels"". ""The Blue Shield Reserve Level is the biggest seating level at Dodger Stadium and stretches from foul pole to foul pole."" ""The level is divided into Lower Reserve and Value Reserve sections.""","MEDIUM - rows and zone confirmed, the source does not place this section"
1TD,Top Deck (1TD–13TD),Top Deck,"""Views from the Top Deck are among the furthest from the field at Dodger Stadium, but the elevated height provides a full perspective."" ""Sections 1TD-3TD sit directly behind home plate and are generally considered the most desirable seats on this level thanks to their centered location. As sections extend toward the baselines, the viewing angle becomes more extreme.""",0,behind home plate,A-W,Q,"Stairway aisles run along both side edges of the section; rows are not split by a mid-row aisle, so seat numbers run continuously from one side aisle to the other. The entry portal is at row Q.","Facing the field, seat 1 is on your right. That puts seat 1 on the far edge of the section, with no further section beyond it on that side, with seat numbers counting up toward the edge facing section 3TD. This section is behind home plate, so seat 1 is on its first-base side.",not published,"""Home Plate View"" ""Rows O & Above - Covered"" ""Rows A-W"" ""For baseball games, desirable view from behind home plate"" ""Rows O and above are under cover"" ""See all shaded and covered seating"" Price line: ""$248 lowest price in Top Deck 1T"" PAGE-LABEL ANOMALY: the page heading and the row/entrance sentences render this section as ""Top Deck 1T"", NOT ""1TD"" — e.g. ""Rows in Top Deck 1T are labeled A-W"". The URL id is 1TD. Recorded ; the discovery pass independently observed the same ""Top Deck 1T"" label in the RYS section index and shade-tool dropdown and treats it as an RYS data typo. ""Budget-Friendly Dodgers Tickets: Often home to some of the cheapest tickets for Dodgers games."" ""Very Steep Seating: Steep aisles help maintain clear sightlines but require climbing many stairs.""","HIGH - zone, rows, location and seat direction stated by the source"
2TD,Top Deck (1TD–13TD),Top Deck,"""Views from the Top Deck are among the furthest from the field at Dodger Stadium, but the elevated height provides a full perspective."" ""Sections 1TD-3TD sit directly behind home plate and are generally considered the most desirable seats on this level thanks to their centered location. As sections extend toward the baselines, the viewing angle becomes more extreme.""",0,behind home plate,A-W,Q,"Stairway aisles run along both side edges of the section; rows are not split by a mid-row aisle, so seat numbers run continuously from one side aisle to the other. The entry portal is at row Q.","Facing the field, seat 1 is on your left. That puts seat 1 on the far edge of the section, with no further section beyond it on that side, with seat numbers counting up toward the edge facing section 4TD. This section is behind home plate, so seat 1 is on its third-base side.",not published,"""Home Plate View"" ""Rows O & Above - Covered"" ""Rows A-W"" ""For baseball games, desirable view from behind home plate"" ""Rows O and above are under cover"" ""See all shaded and covered seating"" Price line: ""$245 lowest price in Top Deck 2"" No fan reviews on this page. ""Budget-Friendly Dodgers Tickets: Often home to some of the cheapest tickets for Dodgers games."" ""Very Steep Seating: Steep aisles help maintain clear sightlines but require climbing many stairs."" ""Limited Shade: Most seats are exposed to the Southern California sun with minimal overhead coverage."" RYS Expert Review ""): ""Top Deck seats are a good option for fans looking for the most affordable Dodgers tickets at Dodger Stadium."" The ""TD"" suffix is the RateYourSeats identifier for the Top Deck; the official Dodgers ticket designation for this level also appears to be TD.""","HIGH - zone, rows, location and seat direction stated by the source"
3TD,Top Deck (1TD–13TD),Top Deck,"""Views from the Top Deck are among the furthest from the field at Dodger Stadium, but the elevated height provides a full perspective."" ""Sections 1TD-3TD sit directly behind home plate and are generally considered the most desirable seats on this level thanks to their centered location. As sections extend toward the baselines, the viewing angle becomes more extreme.""",1,toward third base / left field,A-W,Q,"Stairway aisles run along both side edges of the section; rows are not split by a mid-row aisle, so seat numbers run continuously from one side aisle to the other. The entry portal is at row Q.","Facing the field, seat 1 is on your right. That puts seat 1 on the edge facing section 1TD, with seat numbers counting up toward the edge facing section 5TD. Seat 1 is the end of the row closest to home plate, and higher seat numbers run away from home plate.",not published,"the ""Rows in Top Deck 3 are labeled A-W"" sentence stops at W, but the Section Insights / Seating Notes refer to ""rows H-WC"", implying a row labelled WC (apparently an accessible/wheelchair row) beyond W. ""Budget-Friendly Dodgers Tickets: Often home to some of the cheapest tickets for Dodgers games."" ""Very Steep Seating: Steep aisles help maintain clear sightlines but require climbing many stairs."" ""Limited Shade: Most seats are exposed to the Southern California sun with minimal overhead coverage."" RYS Expert Review ""): ""Top Deck seats are a good option for fans looking for the most affordable Dodgers tickets at Dodger Stadium."" The ""TD"" suffix is the RateYourSeats identifier for the Top Deck; the official Dodgers ticket designation for this level also appears to be TD.""","HIGH - zone, rows, location and seat direction stated by the source"
4TD,Top Deck (1TD–13TD),Top Deck,"""Views from the Top Deck are among the furthest from the field at Dodger Stadium, but the elevated height provides a full perspective.""",1,toward first base / right field,A-W,Q,"Stairway aisles run along both side edges of the section; rows are not split by a mid-row aisle, so seat numbers run continuously from one side aisle to the other. The entry portal is at row Q.","Facing the field, seat 1 is on your left. That puts seat 1 on the edge facing section 2TD, with seat numbers counting up toward the edge facing section 6TD. Seat 1 is the end of the row closest to home plate, and higher seat numbers run away from home plate.",not published,"""Rows O & Above - Covered"" ""Rows A-W"" ""Rows O and above are under cover"" ""See all shaded and covered seating"" Price line: UNKNOWN No lowest-price line was returned for this page. Look elsewhere"" — Top Deck 5), so they are not recorded as Top Deck 4 feedback. ""Budget-Friendly Dodgers Tickets: Often home to some of the cheapest tickets for Dodgers games."" ""Very Steep Seating: Steep aisles help maintain clear sightlines but require climbing many stairs."" ""Limited Shade: Most seats are exposed to the Southern California sun with minimal overhead coverage."" RYS Expert Review ""): ""Top Deck seats are a good option for fans looking for the most affordable Dodgers tickets at Dodger Stadium."" The ""TD"" suffix is the RateYourSeats identifier for the Top Deck; the official Dodgers ticket designation for this level also appears to be TD.","HIGH - zone, rows, location and seat direction stated by the source"
5TD,Top Deck (1TD–13TD),Top Deck,"""Views from the Top Deck are among the furthest from the field at Dodger Stadium, but the elevated height provides a full perspective.""",2,toward third base / left field,A-W,Q,"Stairway aisles run along both side edges of the section; rows are not split by a mid-row aisle, so seat numbers run continuously from one side aisle to the other. The entry portal is at row Q.","Facing the field, seat 1 is on your right. That puts seat 1 on the edge facing section 3TD, with seat numbers counting up toward the edge facing section 7TD. Seat 1 is the end of the row closest to home plate, and higher seat numbers run away from home plate.",not published,"""Top Pick for Views of the Mountains Rows H-WC"" ""Rows O & Above - Covered"" ""For baseball games, we recommend rows H-WC for views of the mountains"" ""Rows O and above are under cover"" Price line: ""$229 lowest price in Top Deck 5"" Fan feedback labelled ""Top Deck 5 / Row A • Baseball"", titled ""Fear of heights? Look elsewhere"": ""I think I stayed in my seat for a grand total of 60 seconds. Long enough to learn that in order to see anything with a clear view (and not from behind a wire grated fence), I had to lean far forward to avoid having the safety railing completely ruining my view."" front-of-section safety railing / wire grated fence. The star rating for this review could not be read reliably (two fetches of the same page reported different ratings), so it is not recorded.","HIGH - zone, rows, location and seat direction stated by the source"
6TD,Top Deck (1TD–13TD),Top Deck,"""Views from the Top Deck are among the furthest from the field at Dodger Stadium, but the elevated height provides a full perspective.""",2,toward first base / right field,A-W,Q,"Stairway aisles run along both side edges of the section; rows are not split by a mid-row aisle, so seat numbers run continuously from one side aisle to the other. The entry portal is at row Q.","Facing the field, seat 1 is on your left. That puts seat 1 on the edge facing section 4TD, with seat numbers counting up toward the edge facing section 8TD. Seat 1 is the end of the row closest to home plate, and higher seat numbers run away from home plate.",not published,"""Rows O & Above - Covered"" ""Rows A-W"" ""Rows O and above are under cover"" ""See all shaded and covered seating"" Price line: ""$231 lowest price in Top Deck 6"" No fan reviews on this page. ""Budget-Friendly Dodgers Tickets: Often home to some of the cheapest tickets for Dodgers games."" ""Very Steep Seating: Steep aisles help maintain clear sightlines but require climbing many stairs."" ""Limited Shade: Most seats are exposed to the Southern California sun with minimal overhead coverage."" RYS Expert Review ""): ""Top Deck seats are a good option for fans looking for the most affordable Dodgers tickets at Dodger Stadium."" The ""TD"" suffix is the RateYourSeats identifier for the Top Deck; the official Dodgers ticket designation for this level also appears to be TD.""","HIGH - zone, rows, location and seat direction stated by the source"
7TD,Top Deck (1TD–13TD),Top Deck,"""Views from the Top Deck are among the furthest from the field at Dodger Stadium, but the elevated height provides a full perspective.""",3,toward third base / left field,A-W,Q,"Stairway aisles run along both side edges of the section; rows are not split by a mid-row aisle, so seat numbers run continuously from one side aisle to the other. The entry portal is at row Q.","Facing the field, seat 1 is on your right. That puts seat 1 on the edge facing section 5TD, with seat numbers counting up toward the edge facing section 9TD. Seat 1 is the end of the row closest to home plate, and higher seat numbers run away from home plate.",not published,"""Top Pick for Views of the MountainsRows H-WC"" ""Rows O & Above - Covered"" ""Rows A-W"" ""For baseball games, we recommend rows H-WC for views of the mountains"" ""Rows O and above are under cover"" ""See all shaded and covered seating"" Price line: ""$262 lowest price in Top Deck 7"" No fan reviews on this page. rows sentence stops at W but notes reference ""rows H-WC"". ""Budget-Friendly Dodgers Tickets: Often home to some of the cheapest tickets for Dodgers games."" ""Very Steep Seating: Steep aisles help maintain clear sightlines but require climbing many stairs."" ""Limited Shade: Most seats are exposed to the Southern California sun with minimal overhead coverage."" RYS Expert Review ""): ""Top Deck seats are a good option for fans looking for the most affordable Dodgers tickets at Dodger Stadium.""""","HIGH - zone, rows, location and seat direction stated by the source"
8TD,Top Deck (1TD–13TD),Top Deck,"""Views from the Top Deck are among the furthest from the field at Dodger Stadium, but the elevated height provides a full perspective.""",3,toward first base / right field,A-W,Q,"Stairway aisles run along both side edges of the section; rows are not split by a mid-row aisle, so seat numbers run continuously from one side aisle to the other. The entry portal is at row Q.","Facing the field, seat 1 is on your left. That puts seat 1 on the edge facing section 6TD, with seat numbers counting up toward the edge facing section 10TD. Seat 1 is the end of the row closest to home plate, and higher seat numbers run away from home plate.",not published,"""Rows O & Above - Covered"" ""Rows A-W"" ""Rows O and above are under cover"" ""See all shaded and covered seating"" Price line: ""$201 lowest price in Top Deck 8"" No fan reviews on this page. ""Budget-Friendly Dodgers Tickets: Often home to some of the cheapest tickets for Dodgers games."" ""Very Steep Seating: Steep aisles help maintain clear sightlines but require climbing many stairs."" ""Limited Shade: Most seats are exposed to the Southern California sun with minimal overhead coverage."" RYS Expert Review ""): ""Top Deck seats are a good option for fans looking for the most affordable Dodgers tickets at Dodger Stadium."" The ""TD"" suffix is the RateYourSeats identifier for the Top Deck; the official Dodgers ticket designation for this level also appears to be TD.""","HIGH - zone, rows, location and seat direction stated by the source"
9TD,Top Deck (1TD–13TD),Top Deck,"""Views from the Top Deck are among the furthest from the field at Dodger Stadium, but the elevated height provides a full perspective.""",4,toward third base / left field,A-W,Q,"Stairway aisles run along both side edges of the section; rows are not split by a mid-row aisle, so seat numbers run continuously from one side aisle to the other. The entry portal is at row Q.","Facing the field, seat 1 is on your right. That puts seat 1 on the edge facing section 7TD, with seat numbers counting up toward the edge facing section 11TD. Seat 1 is the end of the row closest to home plate, and higher seat numbers run away from home plate.",not published,"""Top Pick for Views of the MountainsRows H-WC"" ""Rows O & Above - Covered"" ""For baseball games, we recommend rows H-WC for views of the mountains"" ""Rows O and above are under cover"" Price line: ""$262 lowest price in Top Deck 9"" No fan reviews on this page. rows sentence stops at W but notes reference ""rows H-WC"". The only location sentence surfaced on this page is the zone line about sections 1TD-3TD, which does NOT cover section 9TD. ""Budget-Friendly Dodgers Tickets: Often home to some of the cheapest tickets for Dodgers games."" ""Very Steep Seating: Steep aisles help maintain clear sightlines but require climbing many stairs."" ""Limited Shade: Most seats are exposed to the Southern California sun with minimal overhead coverage.""","HIGH - zone, rows, location and seat direction stated by the source"
10TD,Top Deck (1TD–13TD),Top Deck,"""Views from the Top Deck are among the furthest from the field at Dodger Stadium, but the elevated height provides a full perspective.""",4,toward first base / right field,A-W,Q,"Stairway aisles run along both side edges of the section; rows are not split by a mid-row aisle, so seat numbers run continuously from one side aisle to the other. The entry portal is at row Q.","Facing the field, seat 1 is on your left. That puts seat 1 on the edge facing section 8TD, with seat numbers counting up toward the edge facing section 12TD. Seat 1 is the end of the row closest to home plate, and higher seat numbers run away from home plate.",not published,"""Rows O & Above - Covered"" ""Rows A-W"" ""Rows O and above are under cover"" Price line: ""$262 lowest price in Top Deck 10"" No fan reviews on this page. ""Budget-Friendly Dodgers Tickets: Often home to some of the cheapest tickets for Dodgers games."" ""Very Steep Seating: Steep aisles help maintain clear sightlines but require climbing many stairs."" ""Limited Shade: Most seats are exposed to the Southern California sun with minimal overhead coverage."" RYS Expert Review ""): ""Top Deck seats are a good option for fans looking for the most affordable Dodgers tickets at Dodger Stadium."" The ""TD"" suffix is the RateYourSeats identifier for the Top Deck; the official Dodgers ticket designation for this level also appears to be TD.""","HIGH - zone, rows, location and seat direction stated by the source"
11TD,Top Deck (1TD–13TD),Top Deck,"""Views from the Top Deck are among the furthest from the field at Dodger Stadium, but the elevated height provides a full perspective.""",5,toward third base / left field,A-W,Q,"Stairway aisles run along both side edges of the section; rows are not split by a mid-row aisle, so seat numbers run continuously from one side aisle to the other. The entry portal is at row Q.","Facing the field, seat 1 is on your right. That puts seat 1 on the edge facing section 9TD, with seat numbers counting up toward the edge facing section 13TD. Seat 1 is the end of the row closest to home plate, and higher seat numbers run away from home plate.",not published,"""Rows O & Above - Covered"" ""Rows A-W"" ""Rows O and above are under cover"" ""See all shaded and covered seating"" Price line: ""$249 lowest price in Top Deck 11"" No fan reviews on this page. ""Budget-Friendly Dodgers Tickets: Often home to some of the cheapest tickets for Dodgers games."" ""Very Steep Seating: Steep aisles help maintain clear sightlines but require climbing many stairs."" ""Limited Shade: Most seats are exposed to the Southern California sun with minimal overhead coverage."" RYS Expert Review ""): ""Top Deck seats are a good option for fans looking for the most affordable Dodgers tickets at Dodger Stadium."" The ""TD"" suffix is the RateYourSeats identifier for the Top Deck; the official Dodgers ticket designation for this level also appears to be TD.""","HIGH - zone, rows, location and seat direction stated by the source"
12TD,Top Deck (1TD–13TD),Top Deck,"""Views from the Top Deck are among the furthest from the field at Dodger Stadium, but the elevated height provides a full perspective.""",5,toward first base / right field,A-R,R,"Stairway aisles run along both side edges of the section; rows are not split by a mid-row aisle, so seat numbers run continuously from one side aisle to the other. The entry portal is at row R.","Facing the field, seat 1 is on your left. That puts seat 1 on the edge facing section 10TD, with seat numbers counting up toward the far edge of the section, with no further section beyond it on that side. Seat 1 is the end of the row closest to home plate, and higher seat numbers run away from home plate.",not published,"""Rows P & Above - Covered"" ""Rows A-R"" ""Rows P and above are under cover"" Price line: ""$232 lowest price in Top Deck 12"" SHORTER SECTION: rows stop at R (not W) and the covered-rows threshold moves up to P, unlike sections 1TD-11TD. NOTE the entrance row equals the LAST row (R), consistent with the park-wide rule that entrances are at the back/top of the section. Fan feedback labelled ""Top Deck 12 / Row F • Baseball"", titled ""Excellent""; the review body text beyond the title was not returned and is recorded as UNKNOWN rather than guessed. ""Budget-Friendly Dodgers Tickets: Often home to some of the cheapest tickets for Dodgers games."" ""Very Steep Seating: Steep aisles help maintain clear sightlines but require climbing many stairs.""","HIGH - zone, rows, location and seat direction stated by the source"
13TD,Top Deck (1TD–13TD),Top Deck,"""Views from the Top Deck are among the furthest from the field at Dodger Stadium, but the elevated height provides a full perspective.""",6,toward third base / left field,A-R,R,"Stairway aisles run along both side edges of the section; rows are not split by a mid-row aisle, so seat numbers run continuously from one side aisle to the other. The entry portal is at row R.","Facing the field, seat 1 is on your right. That puts seat 1 on the edge facing section 11TD, with seat numbers counting up toward the far edge of the section, with no further section beyond it on that side. Seat 1 is the end of the row closest to home plate, and higher seat numbers run away from home plate.",not published,"""Rows P & Above - Covered"" ""Rows P and above are under cover"" Price line: ""$218 lowest price in Top Deck 13"" SHORTER SECTION: rows stop at R (not W) and the covered-rows threshold moves up to P, unlike sections 1TD-11TD. Fan feedback labelled ""Top Deck 13 / Row B • Baseball"", titled ""Great for scenery, but not for the game"": ""Even when sitting in the front rows of the Top Deck sections, the views still feel noticeably high and far. I was in Row B which was the second row from the front of Top Deck Section 13, and the views of the field were very aerial when looking so far down to the playing surface. A guard railing at the front of our section started to cross into my line of sight just beyond third base, and muddled my view leading down the left field line.""","HIGH - zone, rows, location and seat direction stated by the source"
