section,level,zone,location_in_stadium,sections_from_home_plate,direction_from_home_plate,rows_in_section,entrance_row,aisle_and_walkway_locations,seat_numbering,seats_per_row,notes,confidence
FB1,Field Box (FB1–FB82),Field Box,"Located on the lower level down the first base line near right field."" ""Right Field Box sections are located on the main seating level down the first base line toward right field."" and ""On the Fenway Park seating chart, these sections appear adjacent to the Field Box and Loge Box areas, though they provide a slightly different viewing experience due to their position closer to the outfield.",38,toward first base / right field,A-N,UNKNOWN,"Stairway aisles run along both side edges of the section; rows are not split by a mid-row aisle, so seat numbers run continuously from one side aisle to the other. The entry portal row is not published for this section.","Facing the field, seat 1 is on your right. That puts seat 1 on the far edge of the section, with no further section beyond it on that side, with seat numbers counting up toward the edge facing section FB2. Seat 1 is the end of the row farthest from home plate, and higher seat numbers run back toward home plate.",not published,"""Top Pick for Getting a Ball - Rows A-D""; ""Rows A-N""; ""Behind/Side Stage (most shows)"". ""For baseball games, we recommend rows A-D for getting a ball"" and ""Field Box 1 is behind the stage or to the side of the stage for most concerts. This may restrict or limit your view of the performance."" Fan review ""My favorite seats at Fenway - Touch the field, smell the grass, talk to the players on field and in the bull pin. Close to beer!"" Page carries the zone review block headed ""Right Field Boxes"" / ""Right Field Box Seats"" rather than a Field Box review ""Budget-Friendly Lower Level Seats: Often the cheapest unobstructed tickets on the main level of Fenway Park."" / ""Unique Viewing Angle: Many seats face toward the outfield rather than home plate, creating a sharp angle to the infield."" / ""Full Sun Exposure: These sections are uncovered and among the last seats in the ballpark to receive shade."" / ""Because they sit in front of the Grandstand seating, Right Field Box seats still offer unobstructed views, avoiding the support poles that affect some other areas of the ballpark."" / ""Because the sections are positioned down the first base line, many seats face toward the outfield rather than toward the infield.""","HIGH - zone, rows, location and seat direction stated by the source"
FB2,Field Box (FB1–FB82),Field Box,"Located on the lower level down the first base line near right field."" ""Right Field Box sections are located on the main seating level down the first base line toward right field."" and ""On the Fenway Park seating chart, these sections appear adjacent to the Field Box and Loge Box areas, though they provide a slightly different viewing experience due to their position closer to the outfield.",37,toward first base / right field,A-N,UNKNOWN,"Stairway aisles run along both side edges of the section; rows are not split by a mid-row aisle, so seat numbers run continuously from one side aisle to the other. The entry portal row is not published for this section.","Facing the field, seat 1 is on your right. That puts seat 1 on the edge facing section FB1, with seat numbers counting up toward the edge facing section FB3. Seat 1 is the end of the row farthest from home plate, and higher seat numbers run back toward home plate.",not published,"""Top Pick for Getting a Ball - Rows A-D""; ""Rows A-N"". ""For baseball games, we recommend rows A-D for getting a ball"". Page carries the zone review block headed ""Right Field Boxes"" / ""Right Field Box Seats"" rather than a Field Box review ""Budget-Friendly Lower Level Seats: Often the cheapest unobstructed tickets on the main level of Fenway Park."" / ""Unique Viewing Angle: Many seats face toward the outfield rather than home plate, creating a sharp angle to the infield."" / ""Full Sun Exposure: These sections are uncovered and among the last seats in the ballpark to receive shade."" / ""Because they sit in front of the Grandstand seating, Right Field Box seats still offer unobstructed views, avoiding the support poles that affect some other areas of the ballpark."" / ""Because the sections are positioned down the first base line, many seats face toward the outfield rather than toward the infield.""","HIGH - zone, rows, location and seat direction stated by the source"
FB3,Field Box (FB1–FB82),Field Box,"Located on the lower level down the first base line near right field."" ""Right Field Box sections are located on the main seating level down the first base line toward right field."" and ""On the Fenway Park seating chart, these sections appear adjacent to the Field Box and Loge Box areas, though they provide a slightly different viewing experience due to their position closer to the outfield.",36,toward first base / right field,B-N,N,"Stairway aisles run along both side edges of the section; rows are not split by a mid-row aisle, so seat numbers run continuously from one side aisle to the other. The entry portal is at row N.","Facing the field, seat 1 is on your right. That puts seat 1 on the edge facing section FB2, with seat numbers counting up toward the edge facing section FB4. Seat 1 is the end of the row farthest from home plate, and higher seat numbers run back toward home plate.",not published,"""Top Pick for Outstanding Convenience Rows J-N""; ""Top Pick for Getting a Ball Rows A-D""; ""Rows B-N"". ""For baseball games, we recommend rows J-N for outstanding convenience"" and ""For baseball games, we recommend rows A-D for getting a ball"". Fan review ""You can't see the pitcher or hitter - All you can see is the outfield..."" Page carries the zone review block headed ""Right Field Boxes"" / ""Right Field Box Seats"" rather than a Field Box review ""Budget-Friendly Lower Level Seats: Often the cheapest unobstructed tickets on the main level of Fenway Park."" / ""Unique Viewing Angle: Many seats face toward the outfield rather than home plate, creating a sharp angle to the infield."" / ""Full Sun Exposure: These sections are uncovered and among the last seats in the ballpark to receive shade."" / ""Because they sit in front of the Grandstand seating, Right Field Box seats still offer unobstructed views, avoiding the support poles that affect some other areas of the ballpark."" / ""Because the sections are positioned down the first base line, many seats face toward the outfield rather than toward the infield.""","HIGH - zone, rows, location and seat direction stated by the source"
FB4,Field Box (FB1–FB82),Field Box,"Located on the lower level down the first base line near right field."" ""Right Field Box sections are located on the main seating level down the first base line toward right field."" and ""On the Fenway Park seating chart, these sections appear adjacent to the Field Box and Loge Box areas, though they provide a slightly different viewing experience due to their position closer to the outfield.",35,toward first base / right field,F-N,N,"Stairway aisles run along both side edges of the section; rows are not split by a mid-row aisle, so seat numbers run continuously from one side aisle to the other. The entry portal is at row N.","Facing the field, seat 1 is on your right. That puts seat 1 on the edge facing section FB3, with seat numbers counting up toward the edge facing section FB5. Seat 1 is the end of the row farthest from home plate, and higher seat numbers run back toward home plate.",not published,"""Top Pick for Outstanding Convenience Rows J-N""; ""Rows F-N"". ""For baseball games, we recommend rows J-N for outstanding convenience"". Page carries the zone review block headed ""Right Field Boxes"" / ""Right Field Box Seats"" rather than a Field Box review ""Budget-Friendly Lower Level Seats: Often the cheapest unobstructed tickets on the main level of Fenway Park."" / ""Unique Viewing Angle: Many seats face toward the outfield rather than home plate, creating a sharp angle to the infield."" / ""Full Sun Exposure: These sections are uncovered and among the last seats in the ballpark to receive shade."" / ""Because they sit in front of the Grandstand seating, Right Field Box seats still offer unobstructed views, avoiding the support poles that affect some other areas of the ballpark."" / ""Because the sections are positioned down the first base line, many seats face toward the outfield rather than toward the infield.""","HIGH - zone, rows, location and seat direction stated by the source"
FB5,Field Box (FB1–FB82),Field Box,"Located on the lower level down the first base line near right field."" ""Right Field Box sections are located on the main seating level down the first base line toward right field."" and ""On the Fenway Park seating chart, these sections appear adjacent to the Field Box and Loge Box areas, though they provide a slightly different viewing experience due to their position closer to the outfield.",34,toward first base / right field,F-N,N,"Stairway aisles run along both side edges of the section; rows are not split by a mid-row aisle, so seat numbers run continuously from one side aisle to the other. The entry portal is at row N.","Facing the field, seat 1 is on your right. That puts seat 1 on the edge facing section FB4, with seat numbers counting up toward the edge facing section FB6. Seat 1 is the end of the row farthest from home plate, and higher seat numbers run back toward home plate.",not published,"The zone review on this page singles out this section number ""For example, seats in Section 5 look more directly toward right field, meaning fans often need to turn their body to follow the action around home plate."" Page carries the zone review block headed ""Right Field Boxes"" / ""Right Field Box Seats"" rather than a Field Box review ""Budget-Friendly Lower Level Seats: Often the cheapest unobstructed tickets on the main level of Fenway Park."" / ""Unique Viewing Angle: Many seats face toward the outfield rather than home plate, creating a sharp angle to the infield."" / ""Full Sun Exposure: These sections are uncovered and among the last seats in the ballpark to receive shade."" / ""Because they sit in front of the Grandstand seating, Right Field Box seats still offer unobstructed views, avoiding the support poles that affect some other areas of the ballpark."" / ""Because the sections are positioned down the first base line, many seats face toward the outfield rather than toward the infield.""","HIGH - zone, rows, location and seat direction stated by the source"
FB6,Field Box (FB1–FB82),Field Box,"Located on the lower level down the first base line near right field."" ""Right Field Box sections are located on the main seating level down the first base line toward right field."" and ""On the Fenway Park seating chart, these sections appear adjacent to the Field Box and Loge Box areas, though they provide a slightly different viewing experience due to their position closer to the outfield.",33,toward first base / right field,C-K,K,"Stairway aisles run along both side edges of the section; rows are not split by a mid-row aisle, so seat numbers run continuously from one side aisle to the other. The entry portal is at row K.","Facing the field, seat 1 is on your right. That puts seat 1 on the edge facing section FB5, with seat numbers counting up toward the edge facing section FB7. Seat 1 is the end of the row farthest from home plate, and higher seat numbers run back toward home plate.",not published,"""Top Pick for Outstanding Convenience Rows G-K""; ""Midfield View""; ""Rows C-K"". ""For baseball games, we recommend rows G-K for outstanding convenience"" and ""For football games, desirable view from near midfield"". Page carries the zone review block headed ""Right Field Boxes"" / ""Right Field Box Seats"" rather than a Field Box review ""Budget-Friendly Lower Level Seats: Often the cheapest unobstructed tickets on the main level of Fenway Park."" / ""Unique Viewing Angle: Many seats face toward the outfield rather than home plate, creating a sharp angle to the infield."" / ""Full Sun Exposure: These sections are uncovered and among the last seats in the ballpark to receive shade."" / ""Because they sit in front of the Grandstand seating, Right Field Box seats still offer unobstructed views, avoiding the support poles that affect some other areas of the ballpark."" / ""Because the sections are positioned down the first base line, many seats face toward the outfield rather than toward the infield.""","HIGH - zone, rows, location and seat direction stated by the source"
FB7,Field Box (FB1–FB82),Field Box,"Located on the lower level down the first base line near right field."" ""Right Field Box sections are located on the main seating level down the first base line toward right field."" and ""On the Fenway Park seating chart, these sections appear adjacent to the Field Box and Loge Box areas, though they provide a slightly different viewing experience due to their position closer to the outfield.",32,toward first base / right field,"1-3, A-K",K,"Stairway aisles run along both side edges of the section; rows are not split by a mid-row aisle, so seat numbers run continuously from one side aisle to the other. The entry portal is at row K.","Facing the field, seat 1 is on your right. That puts seat 1 on the edge facing section FB6, with seat numbers counting up toward the edge facing section FB8. Seat 1 is the end of the row farthest from home plate, and higher seat numbers run back toward home plate.",not published,"""Top Pick for Outstanding Convenience Rows G-K""; ""Midfield View""; ""Rows 1-3, A-K"". ""For baseball games, we recommend rows G-K for outstanding convenience""; ""For football games, desirable view from near midfield"". Fan reviews ""Firstly, the seats are way too shallow to the field, making it very hard to see the infield over the fans in front.""; ""The seating angle was incredibly poor as well, as we were facing left center field rather than angled back towards the infield.""; ""To see, you have to turn your entire body or neck completely sideways.""; ""Little relief in terms of shade here during day games""; ""Great location good views of field. Easy in and out to get to concessions!"" Page carries the zone review block headed ""Right Field Boxes"" / ""Right Field Box Seats"" rather than a Field Box review ""Budget-Friendly Lower Level Seats: Often the cheapest unobstructed tickets on the main level of Fenway Park."" / ""Unique Viewing Angle: Many seats face toward the outfield rather than home plate, creating a sharp angle to the infield."" / ""Full Sun Exposure: These sections are uncovered and among the last seats in the ballpark to receive shade."" / ""Because they sit in front of the Grandstand seating, Right Field Box seats still offer unobstructed views, avoiding the support poles that affect some other areas of the ballpark."" / ""Because the sections are positioned down the first base line, many seats face toward the outfield rather than toward the infield.""","HIGH - zone, rows, location and seat direction stated by the source"
FB8,Field Box (FB1–FB82),Field Box,"Located on the lower level down the first base line near right field."" ""Right Field Box sections are located on the main seating level down the first base line toward right field."" and ""On the Fenway Park seating chart, these sections appear adjacent to the Field Box and Loge Box areas, though they provide a slightly different viewing experience due to their position closer to the outfield.",31,toward first base / right field,"1, A-K",K,"Stairway aisles run along both side edges of the section; rows are not split by a mid-row aisle, so seat numbers run continuously from one side aisle to the other. The entry portal is at row K.","Facing the field, seat 1 is on your right. That puts seat 1 on the edge facing section FB7, with seat numbers counting up toward the edge facing section FB9. Seat 1 is the end of the row farthest from home plate, and higher seat numbers run back toward home plate.",not published,"""Midfield View""; ""Rows 1, A-K"". ""For football games, desirable view from near midfield"". Fan review (Field Box 8 / Row G - Baseball, Houston Astros at Boston Red Sox, Aug 30, 2023) ""Very close to the field! Good possibility of catching a foul ball. Only drawback may be you have to keep looking left to see plate action."" This names a direction but describes the VIEWING angle toward home plate, NOT seat numbering; it is not evidence for the seat-1 side. It does independently confirm the section is down the first base line with home plate to the fan's left. Page carries the zone review block headed ""Right Field Boxes"" / ""Right Field Box Seats"" rather than a Field Box review ""Budget-Friendly Lower Level Seats: Often the cheapest unobstructed tickets on the main level of Fenway Park."" / ""Unique Viewing Angle: Many seats face toward the outfield rather than home plate, creating a sharp angle to the infield."" / ""Full Sun Exposure: These sections are uncovered and among the last seats in the ballpark to receive shade."" / ""Because they sit in front of the Grandstand seating, Right Field Box seats still offer unobstructed views, avoiding the support poles that affect some other areas of the ballpark."" / ""Because the sections are positioned down the first base line, many seats face toward the outfield rather than toward the infield.""","HIGH - zone, rows, location and seat direction stated by the source"
FB9,Field Box (FB1–FB82),Field Box,"""Field Box seats are located in the lower level of Fenway Park, directly behind the Dugout Box seating and positioned between the baselines."" ""These sections typically sit within 20 rows of the playing field, placing fans extremely close to the action."" ""Because they are positioned in front of the Grandstand, fans sitting in Field Box sections do not have to worry about the support poles that obstruct views in other parts of the stadium.""",30,toward first base / right field,"1-2, A-M",M,"Stairway aisles run along both side edges of the section; rows are not split by a mid-row aisle, so seat numbers run continuously from one side aisle to the other. The entry portal is at row M.","Facing the field, seat 1 is on your right. That puts seat 1 on the edge facing section FB8, with seat numbers counting up toward the edge facing section FB10. Seat 1 is the end of the row farthest from home plate, and higher seat numbers run back toward home plate.",not published,"""Midfield View""; ""Rows 1-2, A-M"". ""For football games, desirable view from near midfield"". Page carries the ""Field Boxes"" zone review ""Close to the Action: Located within 20 rows of the field, offering some of the closest unobstructed views at Fenway Park."" / ""Excellent Sightlines: Positioned in front of the Grandstand, meaning no support poles obstruct the view."" / ""Dugout Proximity: Sections 21-28 sit behind the Red Sox dugout, while Sections 62-68 are behind the visitor dugout."" / ""Premium Lower-Level Seats: Among the most desirable non-club seats for Boston Red Sox games."" / ""Protective Netting: All rows in these sections sit behind protective netting near home plate."" / ""All seats in these sections sit behind protective netting, which extends across the infield to help protect fans from foul balls."" / ""Provides a direct view of the Green Monster in left field"" / ""Rows in the Field Box sections are labeled with letters, generally running from the front rows up to Row M, where the main concourse walkway is located."" / ""While the proximity is excellent, some fans note that the historic Fenway seats themselves can feel narrow or less comfortable than seats found in modern stadiums."" / ""Field Box seats should not be confused with the Right Field Box sections.""","HIGH - zone, rows, location and seat direction stated by the source"
FB10,Field Box (FB1–FB82),Field Box,"""Field Box seats are located in the lower level of Fenway Park, directly behind the Dugout Box seating and positioned between the baselines."" ""These sections typically sit within 20 rows of the playing field, placing fans extremely close to the action."" ""Because they are positioned in front of the Grandstand, fans sitting in Field Box sections do not have to worry about the support poles that obstruct views in other parts of the stadium.""",29,toward first base / right field,"1-3, A-M",UNKNOWN,"Stairway aisles run along both side edges of the section; rows are not split by a mid-row aisle, so seat numbers run continuously from one side aisle to the other. The entry portal row is not published for this section.","Facing the field, seat 1 is on your right. That puts seat 1 on the edge facing section FB9, with seat numbers counting up toward the edge facing section FB11. Seat 1 is the end of the row farthest from home plate, and higher seat numbers run back toward home plate.",not published,"""Midfield View""; ""Rows 1-3, A-M"". ""For football games, desirable view from near midfield"". Page carries the ""Field Boxes"" zone review ""Close to the Action: Located within 20 rows of the field, offering some of the closest unobstructed views at Fenway Park."" / ""Excellent Sightlines: Positioned in front of the Grandstand, meaning no support poles obstruct the view."" / ""Dugout Proximity: Sections 21-28 sit behind the Red Sox dugout, while Sections 62-68 are behind the visitor dugout."" / ""Premium Lower-Level Seats: Among the most desirable non-club seats for Boston Red Sox games."" / ""Protective Netting: All rows in these sections sit behind protective netting near home plate."" / ""All seats in these sections sit behind protective netting, which extends across the infield to help protect fans from foul balls."" / ""Provides a direct view of the Green Monster in left field"" / ""Rows in the Field Box sections are labeled with letters, generally running from the front rows up to Row M, where the main concourse walkway is located."" / ""While the proximity is excellent, some fans note that the historic Fenway seats themselves can feel narrow or less comfortable than seats found in modern stadiums."" / ""Field Box seats should not be confused with the Right Field Box sections.""","HIGH - zone, rows, location and seat direction stated by the source"
FB11,Field Box (FB1–FB82),Field Box,"""Field Box seats are located in the lower level of Fenway Park, directly behind the Dugout Box seating and positioned between the baselines."" ""These sections typically sit within 20 rows of the playing field, placing fans extremely close to the action."" ""Because they are positioned in front of the Grandstand, fans sitting in Field Box sections do not have to worry about the support poles that obstruct views in other parts of the stadium.""",28,toward first base / right field,"1-3, A-M",UNKNOWN,"Stairway aisles run along both side edges of the section; rows are not split by a mid-row aisle, so seat numbers run continuously from one side aisle to the other. The entry portal row is not published for this section.","Facing the field, seat 1 is on your right. That puts seat 1 on the edge facing section FB10, with seat numbers counting up toward the edge facing section FB12. Seat 1 is the end of the row farthest from home plate, and higher seat numbers run back toward home plate.",not published,"""Midfield View""; ""Rows 1-3, A-M"". ""For football games, desirable view from near midfield"". Page carries the ""Field Boxes"" zone review ""Close to the Action: Located within 20 rows of the field, offering some of the closest unobstructed views at Fenway Park."" / ""Excellent Sightlines: Positioned in front of the Grandstand, meaning no support poles obstruct the view."" / ""Dugout Proximity: Sections 21-28 sit behind the Red Sox dugout, while Sections 62-68 are behind the visitor dugout."" / ""Premium Lower-Level Seats: Among the most desirable non-club seats for Boston Red Sox games."" / ""Protective Netting: All rows in these sections sit behind protective netting near home plate."" / ""All seats in these sections sit behind protective netting, which extends across the infield to help protect fans from foul balls."" / ""Provides a direct view of the Green Monster in left field"" / ""Rows in the Field Box sections are labeled with letters, generally running from the front rows up to Row M, where the main concourse walkway is located."" / ""While the proximity is excellent, some fans note that the historic Fenway seats themselves can feel narrow or less comfortable than seats found in modern stadiums."" / ""Field Box seats should not be confused with the Right Field Box sections.""","HIGH - zone, rows, location and seat direction stated by the source"
FB12,Field Box (FB1–FB82),Field Box,"""Field Box seats are located in the lower level of Fenway Park, directly behind the Dugout Box seating and positioned between the baselines."" ""These sections typically sit within 20 rows of the playing field, placing fans extremely close to the action."" ""Because they are positioned in front of the Grandstand, fans sitting in Field Box sections do not have to worry about the support poles that obstruct views in other parts of the stadium.""",27,toward first base / right field,"1-3, A-M",UNKNOWN,"Stairway aisles run along both side edges of the section; rows are not split by a mid-row aisle, so seat numbers run continuously from one side aisle to the other. The entry portal row is not published for this section.","Facing the field, seat 1 is on your right. That puts seat 1 on the edge facing section FB11, with seat numbers counting up toward the edge facing section FB13. Seat 1 is the end of the row farthest from home plate, and higher seat numbers run back toward home plate.",not published,"""Top Pick for Impressing a Guest""; ""Midfield View""; ""Dugout Club (Rows A1, 1-2)""; ""Rows 1-3, A-M"". ""For baseball games, we recommend these seats for impressing a guest""; ""For football games, desirable view from near midfield""; ""Rows A1, 1-2 are part of the Dugout Club"". NOTE the mismatch between the Section Insight ""Dugout Club (Rows A1, 1-2)"" and the row label line ""Rows in Field Box 12 are labeled 1-3, A-M"" - the insight names a Row A1 that the row-label line does not list. Page carries the ""Field Boxes"" zone review ""Close to the Action: Located within 20 rows of the field, offering some of the closest unobstructed views at Fenway Park."" / ""Excellent Sightlines: Positioned in front of the Grandstand, meaning no support poles obstruct the view."" / ""Dugout Proximity: Sections 21-28 sit behind the Red Sox dugout, while Sections 62-68 are behind the visitor dugout."" / ""Premium Lower-Level Seats: Among the most desirable non-club seats for Boston Red Sox games."" / ""Protective Netting: All rows in these sections sit behind protective netting near home plate."" / ""All seats in these sections sit behind protective netting, which extends across the infield to help protect fans from foul balls."" / ""Provides a direct view of the Green Monster in left field"" / ""Rows in the Field Box sections are labeled with letters, generally running from the front rows up to Row M, where the main concourse walkway is located."" / ""While the proximity is excellent, some fans note that the historic Fenway seats themselves can feel narrow or less comfortable than seats found in modern stadiums."" / ""Field Box seats should not be confused with the Right Field Box sections.""","HIGH - zone, rows, location and seat direction stated by the source"
FB13,Field Box (FB1–FB82),Field Box,"""Field Box seats are located in the lower level of Fenway Park, directly behind the Dugout Box seating and positioned between the baselines."" ""These sections typically sit within 20 rows of the playing field, placing fans extremely close to the action."" ""Because they are positioned in front of the Grandstand, fans sitting in Field Box sections do not have to worry about the support poles that obstruct views in other parts of the stadium.""",26,toward first base / right field,"1-3, A-M",UNKNOWN,"Stairway aisles run along both side edges of the section; rows are not split by a mid-row aisle, so seat numbers run continuously from one side aisle to the other. The entry portal row is not published for this section.","Facing the field, seat 1 is on your right. That puts seat 1 on the edge facing section FB12, with seat numbers counting up toward the edge facing section FB14. Seat 1 is the end of the row farthest from home plate, and higher seat numbers run back toward home plate.",not published,"""Top Pick for Impressing a Guest""; ""Midfield View""; ""Dugout Club (Rows A1, 1-2)""; ""Rows 1-3, A-M"". ""For baseball games, we recommend these seats for impressing a guest""; ""For football games, desirable view from near midfield""; ""Rows A1, 1-2 are part of the Dugout Club"". Fan review (Field Box 13 / Row C) ""Too many people were standing on the sidelines, so much of the gameplay was blocked as you're right at the same level as the playing field."" Page carries the ""Field Boxes"" zone review ""Close to the Action: Located within 20 rows of the field, offering some of the closest unobstructed views at Fenway Park."" / ""Excellent Sightlines: Positioned in front of the Grandstand, meaning no support poles obstruct the view."" / ""Dugout Proximity: Sections 21-28 sit behind the Red Sox dugout, while Sections 62-68 are behind the visitor dugout."" / ""Premium Lower-Level Seats: Among the most desirable non-club seats for Boston Red Sox games."" / ""Protective Netting: All rows in these sections sit behind protective netting near home plate."" / ""All seats in these sections sit behind protective netting, which extends across the infield to help protect fans from foul balls."" / ""Provides a direct view of the Green Monster in left field"" / ""Rows in the Field Box sections are labeled with letters, generally running from the front rows up to Row M, where the main concourse walkway is located."" / ""While the proximity is excellent, some fans note that the historic Fenway seats themselves can feel narrow or less comfortable than seats found in modern stadiums."" / ""Field Box seats should not be confused with the Right Field Box sections.""","HIGH - zone, rows, location and seat direction stated by the source"
FB14,Field Box (FB1–FB82),Field Box,"""Field Box seats are located in the lower level of Fenway Park, directly behind the Dugout Box seating and positioned between the baselines."" ""These sections typically sit within 20 rows of the playing field, placing fans extremely close to the action."" ""Because they are positioned in front of the Grandstand, fans sitting in Field Box sections do not have to worry about the support poles that obstruct views in other parts of the stadium.""",25,toward first base / right field,"1-3, A-M",UNKNOWN,"Stairway aisles run along both side edges of the section; rows are not split by a mid-row aisle, so seat numbers run continuously from one side aisle to the other. The entry portal row is not published for this section.","Facing the field, seat 1 is on your right. That puts seat 1 on the edge facing section FB13, with seat numbers counting up toward the edge facing section FB15. Seat 1 is the end of the row farthest from home plate, and higher seat numbers run back toward home plate.",not published,"""Top Pick for Impressing a Guest""; ""Midfield View""; ""Dugout Club (Rows A1, 1-2)""; ""Rows 1-3, A-M"". ""For baseball games, we recommend these seats for impressing a guest""; ""For football games, desirable view from near midfield""; ""Rows A1, 1-2 are part of the Dugout Club"". Page carries the ""Field Boxes"" zone review ""Close to the Action: Located within 20 rows of the field, offering some of the closest unobstructed views at Fenway Park."" / ""Excellent Sightlines: Positioned in front of the Grandstand, meaning no support poles obstruct the view."" / ""Dugout Proximity: Sections 21-28 sit behind the Red Sox dugout, while Sections 62-68 are behind the visitor dugout."" / ""Premium Lower-Level Seats: Among the most desirable non-club seats for Boston Red Sox games."" / ""Protective Netting: All rows in these sections sit behind protective netting near home plate."" / ""All seats in these sections sit behind protective netting, which extends across the infield to help protect fans from foul balls."" / ""Provides a direct view of the Green Monster in left field"" / ""Rows in the Field Box sections are labeled with letters, generally running from the front rows up to Row M, where the main concourse walkway is located."" / ""While the proximity is excellent, some fans note that the historic Fenway seats themselves can feel narrow or less comfortable than seats found in modern stadiums."" / ""Field Box seats should not be confused with the Right Field Box sections.""","HIGH - zone, rows, location and seat direction stated by the source"
FB15,Field Box (FB1–FB82),Field Box,"""Field Box seats are located in the lower level of Fenway Park, directly behind the Dugout Box seating and positioned between the baselines."" ""These sections typically sit within 20 rows of the playing field, placing fans extremely close to the action."" ""Because they are positioned in front of the Grandstand, fans sitting in Field Box sections do not have to worry about the support poles that obstruct views in other parts of the stadium.""",24,toward first base / right field,"1-3, A-M",M,"Stairway aisles run along both side edges of the section; rows are not split by a mid-row aisle, so seat numbers run continuously from one side aisle to the other. The entry portal is at row M.","Facing the field, seat 1 is on your right. That puts seat 1 on the edge facing section FB14, with seat numbers counting up toward the edge facing section FB16. Seat 1 is the end of the row farthest from home plate, and higher seat numbers run back toward home plate.",not published,"""Top Pick for Impressing a Guest""; ""Midfield View""; ""Dugout Club (Rows A1, 1-2)""; ""Rows 1-3, A-M"". ""For baseball games, we recommend these seats for impressing a guest""; ""For football games, desirable view from near midfield""; ""Rows A1, 1-2 are part of the Dugout Club"". Page carries the ""Field Boxes"" zone review ""Close to the Action: Located within 20 rows of the field, offering some of the closest unobstructed views at Fenway Park."" / ""Excellent Sightlines: Positioned in front of the Grandstand, meaning no support poles obstruct the view."" / ""Dugout Proximity: Sections 21-28 sit behind the Red Sox dugout, while Sections 62-68 are behind the visitor dugout."" / ""Premium Lower-Level Seats: Among the most desirable non-club seats for Boston Red Sox games."" / ""Protective Netting: All rows in these sections sit behind protective netting near home plate."" / ""All seats in these sections sit behind protective netting, which extends across the infield to help protect fans from foul balls."" / ""Provides a direct view of the Green Monster in left field"" / ""Rows in the Field Box sections are labeled with letters, generally running from the front rows up to Row M, where the main concourse walkway is located."" / ""While the proximity is excellent, some fans note that the historic Fenway seats themselves can feel narrow or less comfortable than seats found in modern stadiums."" / ""Field Box seats should not be confused with the Right Field Box sections.""","HIGH - zone, rows, location and seat direction stated by the source"
FB16,Field Box (FB1–FB82),Field Box,"""Field Box seats are located in the lower level of Fenway Park, directly behind the Dugout Box seating and positioned between the baselines."" ""These sections typically sit within 20 rows of the playing field, placing fans extremely close to the action."" ""Because they are positioned in front of the Grandstand, fans sitting in Field Box sections do not have to worry about the support poles that obstruct views in other parts of the stadium.""",23,toward first base / right field,"1-3, A-M",M,"Stairway aisles run along both side edges of the section; rows are not split by a mid-row aisle, so seat numbers run continuously from one side aisle to the other. The entry portal is at row M.","Facing the field, seat 1 is on your right. That puts seat 1 on the edge facing section FB15, with seat numbers counting up toward the edge facing section FB17. Seat 1 is the end of the row farthest from home plate, and higher seat numbers run back toward home plate.",not published,"""Top Pick for Impressing a Guest""; ""Midfield View""; ""Dugout Club (Rows A1, 1-2)""; ""Rows 1-3, A-M"". ""For baseball games, we recommend these seats for impressing a guest""; ""For football games, desirable view from near midfield""; ""Rows A1, 1-2 are part of the Dugout Club"". A fan review header appears as ""Field Box 16 / Row E - Baseball"". Shade line ""Typically stays in the sun longer during day games"". Page carries the ""Field Boxes"" zone review ""Close to the Action: Located within 20 rows of the field, offering some of the closest unobstructed views at Fenway Park."" / ""Excellent Sightlines: Positioned in front of the Grandstand, meaning no support poles obstruct the view."" / ""Dugout Proximity: Sections 21-28 sit behind the Red Sox dugout, while Sections 62-68 are behind the visitor dugout."" / ""Premium Lower-Level Seats: Among the most desirable non-club seats for Boston Red Sox games."" / ""Protective Netting: All rows in these sections sit behind protective netting near home plate."" / ""All seats in these sections sit behind protective netting, which extends across the infield to help protect fans from foul balls."" / ""Provides a direct view of the Green Monster in left field"" / ""Rows in the Field Box sections are labeled with letters, generally running from the front rows up to Row M, where the main concourse walkway is located."" / ""While the proximity is excellent, some fans note that the historic Fenway seats themselves can feel narrow or less comfortable than seats found in modern stadiums."" / ""Field Box seats should not be confused with the Right Field Box sections.""","HIGH - zone, rows, location and seat direction stated by the source"
FB17,Field Box (FB1–FB82),Field Box,"""Field Box seats are located in the lower level of Fenway Park, directly behind the Dugout Box seating and positioned between the baselines."" ""These sections typically sit within 20 rows of the playing field, placing fans extremely close to the action."" ""Because they are positioned in front of the Grandstand, fans sitting in Field Box sections do not have to worry about the support poles that obstruct views in other parts of the stadium.""",22,toward first base / right field,"1-2, A-M",M,"Stairway aisles run along both side edges of the section; rows are not split by a mid-row aisle, so seat numbers run continuously from one side aisle to the other. The entry portal is at row M.","Facing the field, seat 1 is on your right. That puts seat 1 on the edge facing section FB16, with seat numbers counting up toward the edge facing section FB18. Seat 1 is the end of the row farthest from home plate, and higher seat numbers run back toward home plate.",not published,"""Top Pick for Impressing a Guest""; ""Midfield View""; ""Dugout Club (Rows A1, 1-2)""; ""Rows 1-2, A-M"". ""For baseball games, we recommend these seats for impressing a guest""; ""For football games, desirable view from near midfield""; ""Rows A1, 1-2 are part of the Dugout Club"". Page carries the ""Field Boxes"" zone review ""Close to the Action: Located within 20 rows of the field, offering some of the closest unobstructed views at Fenway Park."" / ""Excellent Sightlines: Positioned in front of the Grandstand, meaning no support poles obstruct the view."" / ""Dugout Proximity: Sections 21-28 sit behind the Red Sox dugout, while Sections 62-68 are behind the visitor dugout."" / ""Premium Lower-Level Seats: Among the most desirable non-club seats for Boston Red Sox games."" / ""Protective Netting: All rows in these sections sit behind protective netting near home plate."" / ""All seats in these sections sit behind protective netting, which extends across the infield to help protect fans from foul balls."" / ""Provides a direct view of the Green Monster in left field"" / ""Rows in the Field Box sections are labeled with letters, generally running from the front rows up to Row M, where the main concourse walkway is located."" / ""While the proximity is excellent, some fans note that the historic Fenway seats themselves can feel narrow or less comfortable than seats found in modern stadiums."" / ""Field Box seats should not be confused with the Right Field Box sections.""","HIGH - zone, rows, location and seat direction stated by the source"
FB18,Field Box (FB1–FB82),Field Box,"""Field Box seats are located in the lower level of Fenway Park, directly behind the Dugout Box seating and positioned between the baselines."" ""These sections typically sit within 20 rows of the playing field, placing fans extremely close to the action."" ""Because they are positioned in front of the Grandstand, fans sitting in Field Box sections do not have to worry about the support poles that obstruct views in other parts of the stadium.""",21,toward first base / right field,"1-2, A-M",UNKNOWN,"Stairway aisles run along both side edges of the section; rows are not split by a mid-row aisle, so seat numbers run continuously from one side aisle to the other. The entry portal row is not published for this section.","Facing the field, seat 1 is on your right. That puts seat 1 on the edge facing section FB17, with seat numbers counting up toward the edge facing section FB19. Seat 1 is the end of the row farthest from home plate, and higher seat numbers run back toward home plate.",not published,"""Midfield View""; ""Dugout Club (Rows A1, 1-2)""; ""Rows 1-2, A-M"". ""For football games, desirable view from near midfield""; ""Rows A1, 1-2 are part of the Dugout Club"". Page carries the ""Field Boxes"" zone review ""Close to the Action: Located within 20 rows of the field, offering some of the closest unobstructed views at Fenway Park."" / ""Excellent Sightlines: Positioned in front of the Grandstand, meaning no support poles obstruct the view."" / ""Dugout Proximity: Sections 21-28 sit behind the Red Sox dugout, while Sections 62-68 are behind the visitor dugout."" / ""Premium Lower-Level Seats: Among the most desirable non-club seats for Boston Red Sox games."" / ""Protective Netting: All rows in these sections sit behind protective netting near home plate."" / ""All seats in these sections sit behind protective netting, which extends across the infield to help protect fans from foul balls."" / ""Provides a direct view of the Green Monster in left field"" / ""Rows in the Field Box sections are labeled with letters, generally running from the front rows up to Row M, where the main concourse walkway is located."" / ""While the proximity is excellent, some fans note that the historic Fenway seats themselves can feel narrow or less comfortable than seats found in modern stadiums."" / ""Field Box seats should not be confused with the Right Field Box sections.""","HIGH - zone, rows, location and seat direction stated by the source"
FB19,Field Box (FB1–FB82),Field Box,"""Field Box seats are located in the lower level of Fenway Park, directly behind the Dugout Box seating and positioned between the baselines."" ""These sections typically sit within 20 rows of the playing field, placing fans extremely close to the action."" ""Because they are positioned in front of the Grandstand, fans sitting in Field Box sections do not have to worry about the support poles that obstruct views in other parts of the stadium.""",20,toward first base / right field,"1-2, A-M",UNKNOWN,"Stairway aisles run along both side edges of the section; rows are not split by a mid-row aisle, so seat numbers run continuously from one side aisle to the other. The entry portal row is not published for this section.","Facing the field, seat 1 is on your right. That puts seat 1 on the edge facing section FB18, with seat numbers counting up toward the edge facing section FB20. Seat 1 is the end of the row farthest from home plate, and higher seat numbers run back toward home plate.",not published,"""Midfield View""; ""Dugout Club (Rows A1, 1-2)""; ""Rows 1-2, A-M"". ""For football games, desirable view from near midfield""; ""Rows A1, 1-2 are part of the Dugout Club"". Page carries the ""Field Boxes"" zone review ""Close to the Action: Located within 20 rows of the field, offering some of the closest unobstructed views at Fenway Park."" / ""Excellent Sightlines: Positioned in front of the Grandstand, meaning no support poles obstruct the view."" / ""Dugout Proximity: Sections 21-28 sit behind the Red Sox dugout, while Sections 62-68 are behind the visitor dugout."" / ""Premium Lower-Level Seats: Among the most desirable non-club seats for Boston Red Sox games."" / ""Protective Netting: All rows in these sections sit behind protective netting near home plate."" / ""All seats in these sections sit behind protective netting, which extends across the infield to help protect fans from foul balls."" / ""Provides a direct view of the Green Monster in left field"" / ""Rows in the Field Box sections are labeled with letters, generally running from the front rows up to Row M, where the main concourse walkway is located."" / ""While the proximity is excellent, some fans note that the historic Fenway seats themselves can feel narrow or less comfortable than seats found in modern stadiums."" / ""Field Box seats should not be confused with the Right Field Box sections.""","HIGH - zone, rows, location and seat direction stated by the source"
FB20,Field Box (FB1–FB82),Field Box,"""Field Box seats are located in the lower level of Fenway Park, directly behind the Dugout Box seating and positioned between the baselines."" ""These sections typically sit within 20 rows of the playing field, placing fans extremely close to the action."" ""Because they are positioned in front of the Grandstand, fans sitting in Field Box sections do not have to worry about the support poles that obstruct views in other parts of the stadium.""",19,toward first base / right field,"1-2, A-M",UNKNOWN,"Stairway aisles run along both side edges of the section; rows are not split by a mid-row aisle, so seat numbers run continuously from one side aisle to the other. The entry portal row is not published for this section.","Facing the field, seat 1 is on your right. That puts seat 1 on the edge facing section FB19, with seat numbers counting up toward the edge facing section FB21. Seat 1 is the end of the row farthest from home plate, and higher seat numbers run back toward home plate.",not published,"""Midfield View""; ""Dugout Club (Rows A1, 1-2)""; ""Rows 1-2, A-M"". ""For football games, desirable view from near midfield""; ""Rows A1, 1-2 are part of the Dugout Club"". Page carries the ""Field Boxes"" zone review ""Close to the Action: Located within 20 rows of the field, offering some of the closest unobstructed views at Fenway Park."" / ""Excellent Sightlines: Positioned in front of the Grandstand, meaning no support poles obstruct the view."" / ""Dugout Proximity: Sections 21-28 sit behind the Red Sox dugout, while Sections 62-68 are behind the visitor dugout."" / ""Premium Lower-Level Seats: Among the most desirable non-club seats for Boston Red Sox games."" / ""Protective Netting: All rows in these sections sit behind protective netting near home plate."" / ""All seats in these sections sit behind protective netting, which extends across the infield to help protect fans from foul balls."" / ""Provides a direct view of the Green Monster in left field"" / ""Rows in the Field Box sections are labeled with letters, generally running from the front rows up to Row M, where the main concourse walkway is located."" / ""While the proximity is excellent, some fans note that the historic Fenway seats themselves can feel narrow or less comfortable than seats found in modern stadiums."" / ""Field Box seats should not be confused with the Right Field Box sections.""","HIGH - zone, rows, location and seat direction stated by the source"
FB21,Field Box (FB1–FB82),Field Box,"""These seats are located behind the Red Sox dugout"". ""Sections 21-28 are located behind the Red Sox dugout""; ""Sections 21-28 sit behind the Red Sox dugout, while Sections 62-68 are behind the visitor dugout.""; ""Field Box seats are located in the lower level of Fenway Park, directly behind the Dugout Box seating and positioned between the baselines.""; ""These sections typically sit within 20 rows of the playing field, placing fans extremely close to the action.""; ""Located within 20 rows of the field, offering some of the closest unobstructed views at Fenway Park.""; ""Positioned in front of the Grandstand, meaning no support poles obstruct the view.""",18,toward first base / right field,A-M,UNKNOWN,"Stairway aisles run along both side edges of the section; rows are not split by a mid-row aisle, so seat numbers run continuously from one side aisle to the other. The entry portal row is not published for this section.","Facing the field, seat 1 is on your right. That puts seat 1 on the edge facing section FB20, with seat numbers counting up toward the edge facing section FB22. Seat 1 is the end of the row farthest from home plate, and higher seat numbers run back toward home plate.",not published,"""Near Red Sox Dugout"", ""Rows A-M"". ""Row C is the first row behind the Red Sox dugout in Section FB21."" (This same sentence appears on several sections in this batch with the section identifier swapped - see notes on FB24, FB26 and FB27 - so it reads as a templated per-section insight rather than free-text fan prose.) Netting (Field Boxes ""All seats in these sections sit behind protective netting, which extends across the infield to help protect fans from foul balls."" (rendered on some pages as ""All rows in these sections sit behind protective netting, which extends across the infield to help protect fans from foul balls.""). ""Front of sections 9-79 are behind the netting - There is some amount of netting or screening in front of sections 9-79.""","HIGH - zone, rows, location and seat direction stated by the source"
FB22,Field Box (FB1–FB82),Field Box,"""These seats are located behind the Red Sox dugout"". ""Sections 21-28 are located behind the Red Sox dugout""; ""Sections 21-28 sit behind the Red Sox dugout, while Sections 62-68 are behind the visitor dugout.""; ""Field Box seats are located in the lower level of Fenway Park, directly behind the Dugout Box seating and positioned between the baselines.""; ""These sections typically sit within 20 rows of the playing field, placing fans extremely close to the action.""; ""Located within 20 rows of the field, offering some of the closest unobstructed views at Fenway Park.""; ""Positioned in front of the Grandstand, meaning no support poles obstruct the view.""",17,toward first base / right field,A-M,UNKNOWN,"Stairway aisles run along both side edges of the section; rows are not split by a mid-row aisle, so seat numbers run continuously from one side aisle to the other. The entry portal row is not published for this section.","Facing the field, seat 1 is on your right. That puts seat 1 on the edge facing section FB21, with seat numbers counting up toward the edge facing section FB23. Seat 1 is the end of the row farthest from home plate, and higher seat numbers run back toward home plate.",not published,"""Near Red Sox Dugout"", ""Rows A-M"". Netting (Field Boxes ""All seats in these sections sit behind protective netting, which extends across the infield to help protect fans from foul balls."" (rendered on some pages as ""All rows in these sections sit behind protective netting, which extends across the infield to help protect fans from foul balls.""). ""Front of sections 9-79 are behind the netting - There is some amount of netting or screening in front of sections 9-79. The height and coverage of netting or screening will vary by section."" Shade Third Base Side ""Receives shade earlier in the day"" and is ""Often preferred for afternoon games""; First Base Side ""Typically stays in the sun longer during day games"".","HIGH - zone, rows, location and seat direction stated by the source"
FB23,Field Box (FB1–FB82),Field Box,"""These seats are located behind the Red Sox dugout"". ""Sections 21-28 are located behind the Red Sox dugout""; ""Sections 21-28 sit behind the Red Sox dugout, while Sections 62-68 are behind the visitor dugout.""; ""Field Box seats are located in the lower level of Fenway Park, directly behind the Dugout Box seating and positioned between the baselines.""; ""These sections typically sit within 20 rows of the playing field, placing fans extremely close to the action.""; ""Located within 20 rows of the field, offering some of the closest unobstructed views at Fenway Park.""; ""Positioned in front of the Grandstand, meaning no support poles obstruct the view.""",16,toward first base / right field,A-M,UNKNOWN,"Stairway aisles run along both side edges of the section; rows are not split by a mid-row aisle, so seat numbers run continuously from one side aisle to the other. The entry portal row is not published for this section.","Facing the field, seat 1 is on your right. That puts seat 1 on the edge facing section FB22, with seat numbers counting up toward the edge facing section FB24. Seat 1 is the end of the row farthest from home plate, and higher seat numbers run back toward home plate.",not published,"""Near Red Sox Dugout"", ""Rows A-M"". ""Row C is the first row behind the Red Sox dugout"" (rendered here without a section identifier). Also ""some fans note that the historic Fenway seats themselves can feel narrow"". Netting (Field Boxes ""All seats in these sections sit behind protective netting, which extends across the infield to help protect fans from foul balls."" (rendered on some pages as ""All rows in these sections sit behind protective netting, which extends across the infield to help protect fans from foul balls.""). ""Front of sections 9-79 are behind the netting - There is some amount of netting or screening in front of sections 9-79. The height and coverage of netting or screening will vary by section.""","HIGH - zone, rows, location and seat direction stated by the source"
FB24,Field Box (FB1–FB82),Field Box,"""These seats are located behind the Red Sox dugout"". ""Sections 21-28 are located behind the Red Sox dugout""; ""Sections 21-28 sit behind the Red Sox dugout, while Sections 62-68 are behind the visitor dugout.""; ""Field Box seats are located in the lower level of Fenway Park, directly behind the Dugout Box seating and positioned between the baselines.""; ""These sections typically sit within 20 rows of the playing field, placing fans extremely close to the action.""; ""Located within 20 rows of the field, offering some of the closest unobstructed views at Fenway Park.""; ""Positioned in front of the Grandstand, meaning no support poles obstruct the view.""",15,toward first base / right field,A-M,UNKNOWN,"Stairway aisles run along both side edges of the section; rows are not split by a mid-row aisle, so seat numbers run continuously from one side aisle to the other. The entry portal row is not published for this section.","Facing the field, seat 1 is on your right. That puts seat 1 on the edge facing section FB23, with seat numbers counting up toward the edge facing section FB25. Seat 1 is the end of the row farthest from home plate, and higher seat numbers run back toward home plate.",not published,"""Near Red Sox Dugout"", ""Rows A-M"". ""Row C is the first row behind the Red Sox dugout in Section FB24."" Netting (Field Boxes ""All seats in these sections sit behind protective netting, which extends across the infield to help protect fans from foul balls."" (rendered on some pages as ""All rows in these sections sit behind protective netting, which extends across the infield to help protect fans from foul balls.""). ""Front of sections 9-79 are behind the netting - There is some amount of netting or screening in front of sections 9-79. The height and coverage of netting or screening will vary by section."" Shade Third Base Side ""Receives shade earlier in the day"" and is ""Often preferred for afternoon games""; First Base Side ""Typically stays in the sun longer during day games"".","HIGH - zone, rows, location and seat direction stated by the source"
FB25,Field Box (FB1–FB82),Field Box,"""These seats are located behind the Red Sox dugout"". ""Sections 21-28 are located behind the Red Sox dugout""; ""Sections 21-28 sit behind the Red Sox dugout, while Sections 62-68 are behind the visitor dugout.""; ""Field Box seats are located in the lower level of Fenway Park, directly behind the Dugout Box seating and positioned between the baselines.""; ""These sections typically sit within 20 rows of the playing field, placing fans extremely close to the action.""; ""Located within 20 rows of the field, offering some of the closest unobstructed views at Fenway Park.""; ""Positioned in front of the Grandstand, meaning no support poles obstruct the view.""",14,toward first base / right field,A-M,UNKNOWN,"Stairway aisles run along both side edges of the section; rows are not split by a mid-row aisle, so seat numbers run continuously from one side aisle to the other. The entry portal row is not published for this section.","Facing the field, seat 1 is on your right. That puts seat 1 on the edge facing section FB24, with seat numbers counting up toward the edge facing section FB26. Seat 1 is the end of the row farthest from home plate, and higher seat numbers run back toward home plate.",not published,"""Near Red Sox Dugout"", ""Rows A-M"". Fan review ""May be difficult for young fans to see since you're essentially at field level."" Netting (Field Boxes ""All seats in these sections sit behind protective netting, which extends across the infield to help protect fans from foul balls."" (rendered on some pages as ""All rows in these sections sit behind protective netting, which extends across the infield to help protect fans from foul balls.""). ""Front of sections 9-79 are behind the netting - There is some amount of netting or screening in front of sections 9-79. The height and coverage of netting or screening will vary by section."" Obstruction ""Because they are positioned in front of the Grandstand, fans sitting in Field Box sections do not have to worry about the support poles that obstruct views in other parts of the stadium.""","HIGH - zone, rows, location and seat direction stated by the source"
FB26,Field Box (FB1–FB82),Field Box,"""These seats are located behind the Red Sox dugout"". ""Sections 21-28 are located behind the Red Sox dugout""; ""Sections 21-28 sit behind the Red Sox dugout, while Sections 62-68 are behind the visitor dugout.""; ""Field Box seats are located in the lower level of Fenway Park, directly behind the Dugout Box seating and positioned between the baselines.""; ""These sections typically sit within 20 rows of the playing field, placing fans extremely close to the action.""; ""Located within 20 rows of the field, offering some of the closest unobstructed views at Fenway Park.""; ""Positioned in front of the Grandstand, meaning no support poles obstruct the view.""",13,toward first base / right field,A-M,UNKNOWN,"Stairway aisles run along both side edges of the section; rows are not split by a mid-row aisle, so seat numbers run continuously from one side aisle to the other. The entry portal row is not published for this section.","Facing the field, seat 1 is on your right. That puts seat 1 on the edge facing section FB25, with seat numbers counting up toward the edge facing section FB27. Seat 1 is the end of the row farthest from home plate, and higher seat numbers run back toward home plate.",not published,"""Near Red Sox Dugout"", ""Rows A-M"". ""Row C is the first row behind the Red Sox dugout in Section FB26."" Netting (Field Boxes ""All seats in these sections sit behind protective netting, which extends across the infield to help protect fans from foul balls."" (rendered on some pages as ""All rows in these sections sit behind protective netting, which extends across the infield to help protect fans from foul balls.""). ""Front of sections 9-79 are behind the netting - There is some amount of netting or screening in front of sections 9-79. The height and coverage of netting or screening will vary by section."" Shade Third Base Side ""Receives shade earlier in the day"" and is ""Often preferred for afternoon games""; First Base Side ""Typically stays in the sun longer during day games"".","HIGH - zone, rows, location and seat direction stated by the source"
FB27,Field Box (FB1–FB82),Field Box,"""These seats are located behind the Red Sox dugout"". ""Sections 21-28 are located behind the Red Sox dugout""; ""Sections 21-28 sit behind the Red Sox dugout, while Sections 62-68 are behind the visitor dugout.""; ""Field Box seats are located in the lower level of Fenway Park, directly behind the Dugout Box seating and positioned between the baselines.""; ""These sections typically sit within 20 rows of the playing field, placing fans extremely close to the action.""; ""Located within 20 rows of the field, offering some of the closest unobstructed views at Fenway Park.""; ""Positioned in front of the Grandstand, meaning no support poles obstruct the view.""",12,toward first base / right field,A-M,UNKNOWN,"Stairway aisles run along both side edges of the section; rows are not split by a mid-row aisle, so seat numbers run continuously from one side aisle to the other. The entry portal row is not published for this section.","Facing the field, seat 1 is on your right. That puts seat 1 on the edge facing section FB26, with seat numbers counting up toward the edge facing section FB28. Seat 1 is the end of the row farthest from home plate, and higher seat numbers run back toward home plate.",not published,"""Near Red Sox Dugout"", ""Rows A-M"". ""Row C is the first row behind the Red Sox dugout in Section FB27."" Fan reviews with row labels: Row L - ""Great seats. Awesome atmosphere. It is a single fan-written review title and is contradicted by the editorial text on the same page. *** Netting (Field Boxes ""All seats in these sections sit behind protective netting, which extends across the infield to help protect fans from foul balls."" (rendered on some pages as ""All rows in these sections sit behind protective netting, which extends across the infield to help protect fans from foul balls.""). ""Front of sections 9-79 are behind the netting - There is some amount of netting or screening in front of sections 9-79.","HIGH - zone, rows, location and seat direction stated by the source"
FB28,Field Box (FB1–FB82),Field Box,"""These seats are located behind the Red Sox dugout"". ""Sections 21-28 are located behind the Red Sox dugout""; ""Sections 21-28 sit behind the Red Sox dugout, while Sections 62-68 are behind the visitor dugout.""; ""Field Box seats are located in the lower level of Fenway Park, directly behind the Dugout Box seating and positioned between the baselines.""; ""These sections typically sit within 20 rows of the playing field, placing fans extremely close to the action.""; ""Located within 20 rows of the field, offering some of the closest unobstructed views at Fenway Park.""; ""Positioned in front of the Grandstand, meaning no support poles obstruct the view.""",11,toward first base / right field,A-M,UNKNOWN,"Stairway aisles run along both side edges of the section; rows are not split by a mid-row aisle, so seat numbers run continuously from one side aisle to the other. The entry portal row is not published for this section.","Facing the field, seat 1 is on your right. That puts seat 1 on the edge facing section FB27, with seat numbers counting up toward the edge facing section FB29. Seat 1 is the end of the row farthest from home plate, and higher seat numbers run back toward home plate.",not published,"""Near Red Sox Dugout"", ""Rows A-M"". Fan review Row H: ""No obstructed views here! Red Sox dugout? Check! Green Monster? Check! The screen ends right at this section, so you look through it to see home plate, but not when looking at the rest of the infield. Incredible views of first base. (rendered on some pages as ""All rows in these sections sit behind protective netting, which extends across the infield to help protect fans from foul balls.""). ""Front of sections 9-79 are behind the netting - There is some amount of netting or screening in front of sections 9-79. The height and coverage of netting or screening will vary by section."" Shade Third Base Side ""Receives shade earlier in the day"" and is ""Often preferred for afternoon games""; First Base Side ""Typically stays in the sun longer during day games"".""","HIGH - zone, rows, location and seat direction stated by the source"
FB29,Field Box (FB1–FB82),Field Box,"""Field Box seats are located in the lower level of Fenway Park, directly behind the Dugout Box seating and positioned between the baselines.""; ""These sections typically sit within 20 rows of the playing field, placing fans extremely close to the action.""; ""Located within 20 rows of the field, offering some of the closest unobstructed views at Fenway Park.""; ""Positioned in front of the Grandstand, meaning no support poles obstruct the view.""; ""Sections 21-28 are located behind the Red Sox dugout"" and ""Sections 62-68 sit behind the visitor dugout"" - neither range includes this section, so the page never states which dugout this section is nearer.",10,toward first base / right field,"1-2, AAA, A-M",M,"Stairway aisles run along both side edges of the section; rows are not split by a mid-row aisle, so seat numbers run continuously from one side aisle to the other. The entry portal is at row M.","Facing the field, seat 1 is on your right. That puts seat 1 on the edge facing section FB28, with seat numbers counting up toward the edge facing section FB30. Seat 1 is the end of the row farthest from home plate, and higher seat numbers run back toward home plate.",not published,"""Top Pick for Impressing a Guest"", ""Dugout Club (Rows A1, 1-2)"", ""Rows 1-2, AAA, A-M"". Netting (Field Boxes ""All seats in these sections sit behind protective netting, which extends across the infield to help protect fans from foul balls."" (rendered on some pages as ""All rows in these sections sit behind protective netting, which extends across the infield to help protect fans from foul balls.""). ""Front of sections 9-79 are behind the netting - There is some amount of netting or screening in front of sections 9-79. The height and coverage of netting or screening will vary by section."" Shade Third Base Side ""Receives shade earlier in the day"" and is ""Often preferred for afternoon games""; First Base Side ""Typically stays in the sun longer during day games"".","HIGH - zone, rows, location and seat direction stated by the source"
FB30,Field Box (FB1–FB82),Field Box,"""Field Box seats are located in the lower level of Fenway Park, directly behind the Dugout Box seating and positioned between the baselines.""; ""These sections typically sit within 20 rows of the playing field, placing fans extremely close to the action.""; ""Located within 20 rows of the field, offering some of the closest unobstructed views at Fenway Park.""; ""Positioned in front of the Grandstand, meaning no support poles obstruct the view.""; ""Sections 21-28 are located behind the Red Sox dugout"" and ""Sections 62-68 sit behind the visitor dugout"" - neither range includes this section, so the page never states which dugout this section is nearer.",9,toward first base / right field,"1-2, AAA, A-M",M,"Stairway aisles run along both side edges of the section; rows are not split by a mid-row aisle, so seat numbers run continuously from one side aisle to the other. The entry portal is at row M.","Facing the field, seat 1 is on your right. That puts seat 1 on the edge facing section FB29, with seat numbers counting up toward the edge facing section FB31. Seat 1 is the end of the row farthest from home plate, and higher seat numbers run back toward home plate.",not published,"""Top Pick for Impressing a Guest"". Netting (Field Boxes ""All seats in these sections sit behind protective netting, which extends across the infield to help protect fans from foul balls."" (rendered on some pages as ""All rows in these sections sit behind protective netting, which extends across the infield to help protect fans from foul balls.""). ""Front of sections 9-79 are behind the netting - There is some amount of netting or screening in front of sections 9-79. The height and coverage of netting or screening will vary by section."" Shade Third Base Side ""Receives shade earlier in the day"" and is ""Often preferred for afternoon games""; First Base Side ""Typically stays in the sun longer during day games"".","HIGH - zone, rows, location and seat direction stated by the source"
FB31,Field Box (FB1–FB82),Field Box,"""Field Box seats are located in the lower level of Fenway Park, directly behind the Dugout Box seating and positioned between the baselines.""; ""These sections typically sit within 20 rows of the playing field, placing fans extremely close to the action.""; ""Located within 20 rows of the field, offering some of the closest unobstructed views at Fenway Park.""; ""Positioned in front of the Grandstand, meaning no support poles obstruct the view.""; ""Sections 21-28 are located behind the Red Sox dugout"" and ""Sections 62-68 sit behind the visitor dugout"" - neither range includes this section, so the page never states which dugout this section is nearer.",8,toward first base / right field,"1-2, AAA, A-M",UNKNOWN,"Stairway aisles run along both side edges of the section; rows are not split by a mid-row aisle, so seat numbers run continuously from one side aisle to the other. The entry portal row is not published for this section.","Facing the field, seat 1 is on your right. That puts seat 1 on the edge facing section FB30, with seat numbers counting up toward the edge facing section FB32. Seat 1 is the end of the row farthest from home plate, and higher seat numbers run back toward home plate.",not published,"""Top Pick for Impressing a Guest"". Netting (Field Boxes ""All seats in these sections sit behind protective netting, which extends across the infield to help protect fans from foul balls."" (rendered on some pages as ""All rows in these sections sit behind protective netting, which extends across the infield to help protect fans from foul balls.""). ""Front of sections 9-79 are behind the netting - There is some amount of netting or screening in front of sections 9-79. The height and coverage of netting or screening will vary by section."" Shade Third Base Side ""Receives shade earlier in the day"" and is ""Often preferred for afternoon games""; First Base Side ""Typically stays in the sun longer during day games"".","HIGH - zone, rows, location and seat direction stated by the source"
FB32,Field Box (FB1–FB82),Field Box,"""Field Box seats are located in the lower level of Fenway Park, directly behind the Dugout Box seating and positioned between the baselines.""; ""These sections typically sit within 20 rows of the playing field, placing fans extremely close to the action.""; ""Located within 20 rows of the field, offering some of the closest unobstructed views at Fenway Park.""; ""Positioned in front of the Grandstand, meaning no support poles obstruct the view.""; ""Sections 21-28 are located behind the Red Sox dugout"" and ""Sections 62-68 sit behind the visitor dugout"" - neither range includes this section, so the page never states which dugout this section is nearer.",7,toward first base / right field,"1-2, AAA, A-M",UNKNOWN,"Stairway aisles run along both side edges of the section; rows are not split by a mid-row aisle, so seat numbers run continuously from one side aisle to the other. The entry portal row is not published for this section.","Facing the field, seat 1 is on your right. That puts seat 1 on the edge facing section FB31, with seat numbers counting up toward the edge facing section FB33. Seat 1 is the end of the row farthest from home plate, and higher seat numbers run back toward home plate.",not published,"""Top Pick for Impressing a Guest"". Netting (Field Boxes ""All seats in these sections sit behind protective netting, which extends across the infield to help protect fans from foul balls."" (rendered on some pages as ""All rows in these sections sit behind protective netting, which extends across the infield to help protect fans from foul balls.""). ""Front of sections 9-79 are behind the netting - There is some amount of netting or screening in front of sections 9-79. The height and coverage of netting or screening will vary by section."" Shade Third Base Side ""Receives shade earlier in the day"" and is ""Often preferred for afternoon games""; First Base Side ""Typically stays in the sun longer during day games"".","HIGH - zone, rows, location and seat direction stated by the source"
FB33,Field Box (FB1–FB82),Field Box,"""Field Box seats are located in the lower level of Fenway Park, directly behind the Dugout Box seating and positioned between the baselines.""; ""These sections typically sit within 20 rows of the playing field, placing fans extremely close to the action.""; ""Located within 20 rows of the field, offering some of the closest unobstructed views at Fenway Park.""; ""Positioned in front of the Grandstand, meaning no support poles obstruct the view.""; ""Sections 21-28 are located behind the Red Sox dugout"" and ""Sections 62-68 sit behind the visitor dugout"" - neither range includes this section, so the page never states which dugout this section is nearer.",6,toward first base / right field,"1-2, AAA, A-M",UNKNOWN,"Stairway aisles run along both side edges of the section; rows are not split by a mid-row aisle, so seat numbers run continuously from one side aisle to the other. The entry portal row is not published for this section.","Facing the field, seat 1 is on your right. That puts seat 1 on the edge facing section FB32, with seat numbers counting up toward the edge facing section FB34. Seat 1 is the end of the row farthest from home plate, and higher seat numbers run back toward home plate.",not published,"""Top Pick for Impressing a Guest"". Netting (Field Boxes ""All seats in these sections sit behind protective netting, which extends across the infield to help protect fans from foul balls."" (rendered on some pages as ""All rows in these sections sit behind protective netting, which extends across the infield to help protect fans from foul balls.""). ""Front of sections 9-79 are behind the netting - There is some amount of netting or screening in front of sections 9-79. The height and coverage of netting or screening will vary by section."" Shade Third Base Side ""Receives shade earlier in the day"" and is ""Often preferred for afternoon games""; First Base Side ""Typically stays in the sun longer during day games"".","HIGH - zone, rows, location and seat direction stated by the source"
FB34,Field Box (FB1–FB82),Field Box,"""Field Box seats are located in the lower level of Fenway Park, directly behind the Dugout Box seating and positioned between the baselines.""; ""These sections typically sit within 20 rows of the playing field, placing fans extremely close to the action.""; ""Located within 20 rows of the field, offering some of the closest unobstructed views at Fenway Park.""; ""Positioned in front of the Grandstand, meaning no support poles obstruct the view.""; ""Sections 21-28 are located behind the Red Sox dugout"" and ""Sections 62-68 sit behind the visitor dugout"" - neither range includes this section, so the page never states which dugout this section is nearer.",5,toward first base / right field,"1-2, AAA, A-M",UNKNOWN,"Stairway aisles run along both side edges of the section; rows are not split by a mid-row aisle, so seat numbers run continuously from one side aisle to the other. The entry portal row is not published for this section.","Facing the field, seat 1 is on your right. That puts seat 1 on the edge facing section FB33, with seat numbers counting up toward the edge facing section FB35. Seat 1 is the end of the row farthest from home plate, and higher seat numbers run back toward home plate.",not published,"""Top Pick for Impressing a Guest"", ""Dugout Club (Rows A1, 1-2)"", ""Rows 1-2, AAA, A-M"". Netting (Field Boxes ""All seats in these sections sit behind protective netting, which extends across the infield to help protect fans from foul balls."" (rendered on some pages as ""All rows in these sections sit behind protective netting, which extends across the infield to help protect fans from foul balls.""). ""Front of sections 9-79 are behind the netting - There is some amount of netting or screening in front of sections 9-79. The height and coverage of netting or screening will vary by section."" Shade Third Base Side ""Receives shade earlier in the day"" and is ""Often preferred for afternoon games""; First Base Side ""Typically stays in the sun longer during day games"".","HIGH - zone, rows, location and seat direction stated by the source"
FB35,Field Box (FB1–FB82),Field Box,"""Field Box seats are located in the lower level of Fenway Park, directly behind the Dugout Box seating and positioned between the baselines.""; ""These sections typically sit within 20 rows of the playing field, placing fans extremely close to the action.""; ""Located within 20 rows of the field, offering some of the closest unobstructed views at Fenway Park.""; ""Positioned in front of the Grandstand, meaning no support poles obstruct the view.""; ""Sections 21-28 are located behind the Red Sox dugout"" and ""Sections 62-68 sit behind the visitor dugout"" - neither range includes this section, so the page never states which dugout this section is nearer.",4,toward first base / right field,"1-2, AAA, A-M",UNKNOWN,"Stairway aisles run along both side edges of the section; rows are not split by a mid-row aisle, so seat numbers run continuously from one side aisle to the other. The entry portal row is not published for this section.","Facing the field, seat 1 is on your right. That puts seat 1 on the edge facing section FB34, with seat numbers counting up toward the edge facing section FB36. Seat 1 is the end of the row farthest from home plate, and higher seat numbers run back toward home plate.",not published,"""Top Pick for Impressing a Guest"", ""Dugout Club (Rows A1, 1-2)"", ""Rows 1-2, AAA, A-M"". Netting (Field Boxes ""All seats in these sections sit behind protective netting, which extends across the infield to help protect fans from foul balls."" (rendered on some pages as ""All rows in these sections sit behind protective netting, which extends across the infield to help protect fans from foul balls.""). ""Front of sections 9-79 are behind the netting - There is some amount of netting or screening in front of sections 9-79. The height and coverage of netting or screening will vary by section."" Shade Third Base Side ""Receives shade earlier in the day"" and is ""Often preferred for afternoon games""; First Base Side ""Typically stays in the sun longer during day games"".","HIGH - zone, rows, location and seat direction stated by the source"
FB36,Field Box (FB1–FB82),Field Box,"""Field Box seats are located in the lower level of Fenway Park, directly behind the Dugout Box seating and positioned between the baselines.""; ""These sections typically sit within 20 rows of the playing field, placing fans extremely close to the action.""; ""Located within 20 rows of the field, offering some of the closest unobstructed views at Fenway Park.""; ""Positioned in front of the Grandstand, meaning no support poles obstruct the view.""; ""Sections 21-28 are located behind the Red Sox dugout"" and ""Sections 62-68 sit behind the visitor dugout"" - neither range includes this section, so the page never states which dugout this section is nearer.",3,toward first base / right field,"1-2, AAA, A-M",UNKNOWN,"Stairway aisles run along both side edges of the section; rows are not split by a mid-row aisle, so seat numbers run continuously from one side aisle to the other. The entry portal row is not published for this section.","Facing the field, seat 1 is on your right. That puts seat 1 on the edge facing section FB35, with seat numbers counting up toward the edge facing section FB37. Seat 1 is the end of the row farthest from home plate, and higher seat numbers run back toward home plate.",not published,"""Top Pick for Impressing a Guest"". Netting (Field Boxes ""All seats in these sections sit behind protective netting, which extends across the infield to help protect fans from foul balls."" (rendered on some pages as ""All rows in these sections sit behind protective netting, which extends across the infield to help protect fans from foul balls.""). ""Front of sections 9-79 are behind the netting - There is some amount of netting or screening in front of sections 9-79. The height and coverage of netting or screening will vary by section."" Shade Third Base Side ""Receives shade earlier in the day"" and is ""Often preferred for afternoon games""; First Base Side ""Typically stays in the sun longer during day games"".","HIGH - zone, rows, location and seat direction stated by the source"
FB37,Field Box (FB1–FB82),Field Box,"""Field Box seats are located in the lower level of Fenway Park, directly behind the Dugout Box seating and positioned between the baselines.""; ""These sections typically sit within 20 rows of the playing field, placing fans extremely close to the action.""; ""Located within 20 rows of the field, offering some of the closest unobstructed views at Fenway Park.""; ""Positioned in front of the Grandstand, meaning no support poles obstruct the view.""; ""Sections 21-28 are located behind the Red Sox dugout"" and ""Sections 62-68 sit behind the visitor dugout"" - neither range includes this section, so the page never states which dugout this section is nearer.",2,toward first base / right field,"1-3, AAA, A-M",UNKNOWN,"Stairway aisles run along both side edges of the section; rows are not split by a mid-row aisle, so seat numbers run continuously from one side aisle to the other. The entry portal row is not published for this section.","Facing the field, seat 1 is on your right. That puts seat 1 on the edge facing section FB36, with seat numbers counting up toward the edge facing section FB38. Seat 1 is the end of the row farthest from home plate, and higher seat numbers run back toward home plate.",not published,"""Top Pick for Impressing a Guest"", ""Dugout Club (Rows A1, 1-2)"", ""Rows 1-3, AAA, A-M"". Netting (Field Boxes ""All seats in these sections sit behind protective netting, which extends across the infield to help protect fans from foul balls."" (rendered on some pages as ""All rows in these sections sit behind protective netting, which extends across the infield to help protect fans from foul balls.""). ""Front of sections 9-79 are behind the netting - There is some amount of netting or screening in front of sections 9-79. The height and coverage of netting or screening will vary by section."" Shade Third Base Side ""Receives shade earlier in the day"" and is ""Often preferred for afternoon games""; First Base Side ""Typically stays in the sun longer during day games"".","HIGH - zone, rows, location and seat direction stated by the source"
FB38,Field Box (FB1–FB82),Field Box,"""Field Box seats are located in the lower level of Fenway Park, directly behind the Dugout Box seating and positioned between the baselines.""; ""These sections typically sit within 20 rows of the playing field, placing fans extremely close to the action.""; ""Located within 20 rows of the field, offering some of the closest unobstructed views at Fenway Park.""; ""Positioned in front of the Grandstand, meaning no support poles obstruct the view.""; ""Sections 21-28 are located behind the Red Sox dugout"" and ""Sections 62-68 sit behind the visitor dugout"" - neither range includes this section, so the page never states which dugout this section is nearer.",1,toward first base / right field,"1-2, AAA, A-M",UNKNOWN,"Stairway aisles run along both side edges of the section; rows are not split by a mid-row aisle, so seat numbers run continuously from one side aisle to the other. The entry portal row is not published for this section.","Facing the field, seat 1 is on your right. That puts seat 1 on the edge facing section FB37, with seat numbers counting up toward the edge facing section FB39. Seat 1 is the end of the row farthest from home plate, and higher seat numbers run back toward home plate.",not published,"""Top Pick for Impressing a Guest"", ""Dugout Club (Rows A1, 1-2)"", ""Rows 1-2, AAA, A-M"". Netting (Field Boxes ""All seats in these sections sit behind protective netting, which extends across the infield to help protect fans from foul balls."" (rendered on some pages as ""All rows in these sections sit behind protective netting, which extends across the infield to help protect fans from foul balls.""). ""Front of sections 9-79 are behind the netting - There is some amount of netting or screening in front of sections 9-79. The height and coverage of netting or screening will vary by section."" Obstruction ""Because they are positioned in front of the Grandstand, fans sitting in Field Box sections do not have to worry about the support poles that obstruct views in other parts of the stadium.""","HIGH - zone, rows, location and seat direction stated by the source"
FB39,Field Box (FB1–FB82),Field Box,"""Field Box seats are located in the lower level of Fenway Park, directly behind the Dugout Box seating and positioned between the baselines.""; ""These sections typically sit within 20 rows of the playing field, placing fans extremely close to the action.""; ""Located within 20 rows of the field, offering some of the closest unobstructed views at Fenway Park.""; ""Positioned in front of the Grandstand, meaning no support poles obstruct the view.""; ""Sections 21-28 are located behind the Red Sox dugout"" and ""Sections 62-68 sit behind the visitor dugout"" - neither range includes this section, so the page never states which dugout this section is nearer.",0,behind home plate,"A1, 2-3, A-M",UNKNOWN,"Stairway aisles run along both side edges of the section; rows are not split by a mid-row aisle, so seat numbers run continuously from one side aisle to the other. The entry portal row is not published for this section.","Facing the field, seat 1 is on your right. That puts seat 1 on the edge facing section FB38, with seat numbers counting up toward the edge facing section FB40. This section is behind home plate, so seat 1 is on its first-base side.",not published,"""Top Pick for Impressing a Guest"", ""Home Plate View"", ""Dugout Club (Rows A1, 1-2)"", ""Afternoon Shade in Select Rows"", ""Rows A1, 2-3, A-M"". Shade, per-section ""Rows J and above are shaded during most day games"". Netting (Field Boxes ""All seats in these sections sit behind protective netting, which extends across the infield to help protect fans from foul balls."" (rendered on some pages as ""All rows in these sections sit behind protective netting, which extends across the infield to help protect fans from foul balls.""). ""Front of sections 9-79 are behind the netting - There is some amount of netting or screening in front of sections 9-79. The height and coverage of netting or screening will vary by section.""","HIGH - zone, rows, location and seat direction stated by the source"
FB40,Field Box (FB1–FB82),Field Box,"""Field Box seats are located in the lower level of Fenway Park, directly behind the Dugout Box seating and positioned between the baselines.""; ""These sections typically sit within 20 rows of the playing field, placing fans extremely close to the action.""; ""Located within 20 rows of the field, offering some of the closest unobstructed views at Fenway Park.""; ""Positioned in front of the Grandstand, meaning no support poles obstruct the view.""; ""Sections 21-28 are located behind the Red Sox dugout"" and ""Sections 62-68 sit behind the visitor dugout"" - neither range includes this section, so the page never states which dugout this section is nearer.",0,behind home plate,"A1, 2-3, A-M",M,"Stairway aisles run along both side edges of the section; rows are not split by a mid-row aisle, so seat numbers run continuously from one side aisle to the other. The entry portal is at row M.","Facing the field, seat 1 is on your right. That puts seat 1 on the edge facing section FB39, with seat numbers counting up toward the edge facing section FB41. This section is behind home plate, so seat 1 is on its first-base side.",not published,"""Top Pick for Impressing a Guest"", ""Home Plate View"", ""Dugout Club (Rows A1, 1-2)"", ""Afternoon Shade in Select Rows"", ""Rows A1, 2-3, A-M"". Shade, per-section ""Rows H and above are shaded during most day games"". Fan reviews with row labels: Row A - ""Great place to feel a part of the game. - The seats were four rows back of the field and between home plate and the on-deck circle. It was the first time I've been close enough to hear every pitch hit the mitt and every hit crack. The Red Sox got pummeled, but the view was great, being just outside the edge of the protective netting. Only the view of third base was obstructed by the umpire and players at the plate, but otherwise a full field of view.""","HIGH - zone, rows, location and seat direction stated by the source"
FB41,Field Box (FB1–FB82),Field Box,"""Located directly at field level along the infield, just feet from the playing surface."" ""Sections 39-50 (Rows A1-3) sit directly behind home plate."" Zone/review block ""Field Box seats are located in the lower level of Fenway Park, directly behind the Dugout Box seating and positioned between the baselines.""",0,behind home plate,"A1, 2-3, A-M",M,"Stairway aisles run along both side edges of the section; rows are not split by a mid-row aisle, so seat numbers run continuously from one side aisle to the other. The entry portal is at row M.","Facing the field, seat 1 is on your right. That puts seat 1 on the edge facing section FB40, with seat numbers counting up toward the edge facing section FB42. This section is behind home plate, so seat 1 is on its first-base side.",not published,"""Top Pick for Impressing a Guest""; ""Home Plate View""; ""Afternoon Shade in Select Rows"". Shade line ""Rows H and above are shaded during most day games"". Netting ""Front of sections 9-79 are behind the netting"" and ""There is some amount of netting or screening in front of sections 9-79. The height and coverage of netting or screening will vary by section."" When seated looking at the field, the lowest number seat (typically seat 1).""""","HIGH - zone, rows, location and seat direction stated by the source"
FB42,Field Box (FB1–FB82),Field Box,"""Located directly at field level along the infield, just feet from the playing surface."" ""Located within 20 rows of the field, offering some of the closest unobstructed views at Fenway Park."" ""Positioned in front of the Grandstand, meaning no support poles obstruct the view.""",0,behind home plate,"A1, 2-3, A-M",UNKNOWN,"Stairway aisles run along both side edges of the section; rows are not split by a mid-row aisle, so seat numbers run continuously from one side aisle to the other. The entry portal row is not published for this section.","Facing the field, seat 1 is on your right. That puts seat 1 on the edge facing section FB41, with seat numbers counting up toward the edge facing section FB43. This section is behind home plate, so seat 1 is on its first-base side.",not published,"""Rows A1, 1-2 are part of the Dugout Club"". Shade line ""Rows H and above are shaded during most day games"". Netting ""Front of sections 9-79 are behind the netting"" and ""There is some amount of netting or screening in front of sections 9-79. The height and coverage of netting or screening will vary by section."" Fan review ""Great seats and good group of people around us made it very enjoyable."" This page says nothing about the red seat. When seated looking at the field, the lowest number seat (typically seat 1).""""","HIGH - zone, rows, location and seat direction stated by the source"
FB43,Field Box (FB1–FB82),Field Box,"Zone/review block ""Field Box seats are located in the lower level of Fenway Park, directly behind the Dugout Box seating and positioned between the baselines.""",0,behind home plate,"A1, 2-3, A-M",UNKNOWN,"Stairway aisles run along both side edges of the section; rows are not split by a mid-row aisle, so seat numbers run continuously from one side aisle to the other. The entry portal row is not published for this section.","Facing the field, seat 1 is on your right. That puts seat 1 on the edge facing section FB42, with seat numbers counting up toward the edge facing section FB44. This section is behind home plate, so seat 1 is on its first-base side.",not published,"""Top Pick for Impressing a Guest""; ""Home Plate View"". Shade line ""Rows H and above are shaded during most day games"". Netting ""Front of sections 9-79 are behind the netting"" and ""There is some amount of netting or screening in front of sections 9-79. The height and coverage of netting or screening will vary by section."" Fan review ""Easy to follow instructions to receive tickets and great seats."" When seated looking at the field, the lowest number seat (typically seat 1).""""","HIGH - zone, rows, location and seat direction stated by the source"
FB44,Field Box (FB1–FB82),Field Box,"""Located within 20 rows of the field, offering some of the closest unobstructed views at Fenway Park."" ""Positioned in front of the Grandstand, meaning no support poles obstruct the view."" ""Sections 21-28 sit behind the Red Sox dugout, while Sections 62-68 are behind the visitor dugout."" ""Dugout Club seating places fans just feet from the field, creating one of the most immersive viewing experiences in the ballpark.""",0,behind home plate,"A1, 2-3, A-M",UNKNOWN,"Stairway aisles run along both side edges of the section; rows are not split by a mid-row aisle, so seat numbers run continuously from one side aisle to the other. The entry portal row is not published for this section.","Facing the field, seat 1 is on your right. That puts seat 1 on the edge facing section FB43, with seat numbers counting up toward the edge facing section FB45. This section is behind home plate, so seat 1 is on its first-base side.",not published,"""All rows in these sections sit behind protective netting"". Shade line ""Rows H and above are shaded during most day games"". Netting ""Front of sections 9-79 are behind the netting"" and ""There is some amount of netting or screening in front of sections 9-79. The height and coverage of netting or screening will vary by section."" When seated looking at the field, the lowest number seat (typically seat 1).""""","HIGH - zone, rows, location and seat direction stated by the source"
FB45,Field Box (FB1–FB82),Field Box,"""Sections 39-50 (Rows A1-3) These sections sit directly behind home plate"". Zone/review block ""Field Box seats are located in the lower level of Fenway Park, directly behind the Dugout Box seating and positioned between the baselines.""",0,behind home plate,"A1, 2-3, A-M",UNKNOWN,"Stairway aisles run along both side edges of the section; rows are not split by a mid-row aisle, so seat numbers run continuously from one side aisle to the other. The entry portal row is not published for this section.","Facing the field, seat 1 is on your right. That puts seat 1 on the edge facing section FB44, with seat numbers counting up toward the edge facing section FB46. This section is behind home plate, so seat 1 is on its first-base side.",not published,"""Top Pick for Impressing a Guest""; ""Home Plate View""; ""Afternoon Shade in Select Rows"". Shade line ""Rows H and above are shaded during most day games"". Netting ""Front of sections 9-79 are behind the netting"" and ""There is some amount of netting or screening in front of sections 9-79. The height and coverage of netting or screening will vary by section."" When seated looking at the field, the lowest number seat (typically seat 1).""""","HIGH - zone, rows, location and seat direction stated by the source"
FB46,Field Box (FB1–FB82),Field Box,"""Sections 39-50 (Rows A1-3) These sections sit directly behind home plate"". ""Located within 20 rows of the field"". ""Positioned in front of the Grandstand"".",0,behind home plate,"A1, 2-3, A-M",UNKNOWN,"Stairway aisles run along both side edges of the section; rows are not split by a mid-row aisle, so seat numbers run continuously from one side aisle to the other. The entry portal row is not published for this section.","Facing the field, seat 1 is on your right. That puts seat 1 on the edge facing section FB45, with seat numbers counting up toward the edge facing section FB47. This section is behind home plate, so seat 1 is on its first-base side.",not published,"""Top Pick for Impressing a Guest""; ""Home Plate View""; ""Dugout Club (Rows A1, 1-2)""; ""Afternoon Shade in Select Rows"". ""All rows in these sections sit behind protective netting"". Netting ""Front of sections 9-79 are behind the netting"" and ""There is some amount of netting or screening in front of sections 9-79. The height and coverage of netting or screening will vary by section."" When seated looking at the field, the lowest number seat (typically seat 1).""""","HIGH - zone, rows, location and seat direction stated by the source"
FB47,Field Box (FB1–FB82),Field Box,"""Located directly at field level along the infield, just feet from the playing surface"". ""Sections 39-50 (Rows A1-3) sit directly behind home plate"". ""These sections sit directly behind home plate and are considered some of the most desirable Dugout Club seats"". Zone/review block ""Field Box seats are located in the lower level of Fenway Park, directly behind the Dugout Box seating and positioned between the baselines."" Also printed on this page ""Sections 21-28 are located behind the Red Sox dugout"" and ""Sections 62-68 sit behind the visitor dugout"".",0,behind home plate,"A1, 2-3, A-M",UNKNOWN,"Stairway aisles run along both side edges of the section; rows are not split by a mid-row aisle, so seat numbers run continuously from one side aisle to the other. The entry portal row is not published for this section.","Facing the field, seat 1 is on your right. That puts seat 1 on the edge facing section FB46, with seat numbers counting up toward the edge facing section FB48. This section is behind home plate, so seat 1 is on its first-base side.",not published,"""Top Pick for Impressing a Guest""; ""Home Plate View"". Shade line ""Rows K and above are shaded during most day games"". Netting ""Front of sections 9-79 are behind the netting"" and ""There is some amount of netting or screening in front of sections 9-79. The height and coverage of netting or screening will vary by section."" Fan reviews ""Great seats! Highly recommend!"" (Row K, Baseball, May 12, 2023); ""I thought the seats would be better, but we still had an amazing time"" (Row F, Concert, Aug 23, 2025) - the second is a CONCERT review, not a baseball one. When seated looking at the field, the lowest number seat (typically seat 1).""""","HIGH - zone, rows, location and seat direction stated by the source"
FB48,Field Box (FB1–FB82),Field Box,"""Located within 20 rows of the field, offering some of the closest unobstructed views at Fenway Park."" ""Positioned in front of the Grandstand, meaning no support poles obstruct the view."" ""Sections 21-28 sit behind the Red Sox dugout, while Sections 62-68 are behind the visitor dugout.""",0,behind home plate,"A1, 2-3, A-M",M,"Stairway aisles run along both side edges of the section; rows are not split by a mid-row aisle, so seat numbers run continuously from one side aisle to the other. The entry portal is at row M.","Facing the field, seat 1 is on your right. That puts seat 1 on the edge facing section FB47, with seat numbers counting up toward the edge facing section FB49. This section is behind home plate, so seat 1 is on its first-base side.",not published,"""Top Pick for Impressing a Guest""; ""Home Plate View"". Shade line ""Rows L and above are shaded during most day games"". Netting ""Front of sections 9-79 are behind the netting"" and ""There is some amount of netting or screening in front of sections 9-79. The height and coverage of netting or screening will vary by section."" When seated looking at the field, the lowest number seat (typically seat 1).""""","HIGH - zone, rows, location and seat direction stated by the source"
FB49,Field Box (FB1–FB82),Field Box,"Zone/review block ""Field Box seats are located in the lower level of Fenway Park, directly behind the Dugout Box seating and positioned between the baselines."" ""Sections 39-50 (Rows A1-3)"" are described as sitting ""directly behind home plate"". Also printed ""Sections 21-28 are located behind the Red Sox dugout"" and ""Sections 62-68 sit behind the visitor dugout"".",0,behind home plate,"A1, 2-3, A-M",M,"Stairway aisles run along both side edges of the section; rows are not split by a mid-row aisle, so seat numbers run continuously from one side aisle to the other. The entry portal is at row M.","Facing the field, seat 1 is on your right. That puts seat 1 on the edge facing section FB48, with seat numbers counting up toward the edge facing section FB50. This section is behind home plate, so seat 1 is on its first-base side.",not published,"""Top Pick for Impressing a Guest""; ""Home Plate View""; ""Afternoon Shade in Select Rows"". ""All rows in these sections sit behind protective netting"". Shade line ""Rows L and above are shaded during most day games"". Netting ""Front of sections 9-79 are behind the netting"" and ""There is some amount of netting or screening in front of sections 9-79. The height and coverage of netting or screening will vary by section."" FAN REVIEW, Field Box 49 / Row M, headed ""Great Access and Sight Lines"" ""Awesome view from an aisle seat almost right behind home plate (a tad closer to the visitors dugout).""; ""The seats have a really good viewing angle into the Red Sox dugout""; ""The only area that doesn't have an excellent view is down the left field corner""; ""My only complaint here is the exposure, as there is no shade to speak of"".","HIGH - zone, rows, location and seat direction stated by the source"
FB50,Field Box (FB1–FB82),Field Box,"""Sections 39-50 (Rows A1-3) sit directly behind home plate"". ""Located directly behind home plate"".",0,behind home plate,"A1, 2-3, A-M",UNKNOWN,"Stairway aisles run along both side edges of the section; rows are not split by a mid-row aisle, so seat numbers run continuously from one side aisle to the other. The entry portal row is not published for this section.","Facing the field, seat 1 is on your right. That puts seat 1 on the edge facing section FB49, with seat numbers counting up toward the edge facing section FB51. This section is behind home plate, so seat 1 is on its first-base side.",not published,"""Top Pick for Impressing a Guest""; ""Home Plate View""; ""Afternoon Shade in Select Rows"". Shade line ""Rows L and above are shaded during most day games"". Netting ""Front of sections 9-79 are behind the netting"" and ""There is some amount of netting or screening in front of sections 9-79. The height and coverage of netting or screening will vary by section."" Fan review ""Had an amazing time with my 7 year old son and was so excited to see my Sox so close."" When seated looking at the field, the lowest number seat (typically seat 1).""""","HIGH - zone, rows, location and seat direction stated by the source"
FB51,Field Box (FB1–FB82),Field Box,"""Sections 51-61 (Rows 1-2) These seats run along the infield baselines on both the first base and third base sides."" That is the only placing sentence; it does NOT say which of the two sides section 51 itself is on.",1,toward third base / left field,"1-2, AAA, A-M",UNKNOWN,"Stairway aisles run along both side edges of the section; rows are not split by a mid-row aisle, so seat numbers run continuously from one side aisle to the other. The entry portal row is not published for this section.","Facing the field, seat 1 is on your right. That puts seat 1 on the edge facing section FB50, with seat numbers counting up toward the edge facing section FB52. Seat 1 is the end of the row closest to home plate, and higher seat numbers run away from home plate.",not published,"""Top Pick for Impressing a Guest"". ""Rows 1-2, AAA, A-M are part of the Dugout Club"". the row scheme changes at FB51 - FB41-FB50 are all labelled ""A1, 2-3, A-M"" while FB51-FB60 are all labelled ""1-2, AAA, A-M"". Netting ""Front of sections 9-79 are behind the netting"" and ""There is some amount of netting or screening in front of sections 9-79. The height and coverage of netting or screening will vary by section."" When seated looking at the field, the lowest number seat (typically seat 1).""""","HIGH - zone, rows, location and seat direction stated by the source"
FB52,Field Box (FB1–FB82),Field Box,"Zone/review block ""Field Box seats are located in the lower level of Fenway Park, directly behind the Dugout Box seating and positioned between the baselines."" Also printed ""Sections 21-28 are located behind the Red Sox dugout"" and ""Sections 62-68 sit behind the visitor dugout"". No sentence on this page names section 52's own position - the extraction's remark that it ""falls within the infield Field Box range"" is inference, not a source statement, and is not recorded.",2,toward third base / left field,"1-2, AAA, A-M",UNKNOWN,"Stairway aisles run along both side edges of the section; rows are not split by a mid-row aisle, so seat numbers run continuously from one side aisle to the other. The entry portal row is not published for this section.","Facing the field, seat 1 is on your right. That puts seat 1 on the edge facing section FB51, with seat numbers counting up toward the edge facing section FB53. Seat 1 is the end of the row closest to home plate, and higher seat numbers run away from home plate.",not published,"""Top Pick for Impressing a Guest""; ""For baseball games, we recommend these seats for impressing a guest"". ""Rows A1, 1-2 are part of the Dugout Club"". the row label line reads ""1-2, AAA, A-M"" (no Row A1), yet the Seating Notes line reads ""Rows A1, 1-2 are part of the Dugout Club"" and names a Row A1 that the row label line does not list. Netting ""Front of sections 9-79 are behind the netting"" and ""There is some amount of netting or screening in front of sections 9-79. The height and coverage of netting or screening will vary by section."" When seated looking at the field, the lowest number seat (typically seat 1).""""","HIGH - zone, rows, location and seat direction stated by the source"
FB53,Field Box (FB1–FB82),Field Box,"Zone/review block ""Field Box seats are located in the lower level of Fenway Park, directly behind the Dugout Box seating and positioned between the baselines."" Also printed ""Sections 21-28 are located behind the Red Sox dugout"" and ""Sections 62-68 sit behind the visitor dugout"". No sentence on this page names section 53's own position - the extraction's remark that it ""falls within the infield Field Box range"" is inference, not a source statement, and is not recorded.",3,toward third base / left field,"1-2, AAA, A-M",UNKNOWN,"Stairway aisles run along both side edges of the section; rows are not split by a mid-row aisle, so seat numbers run continuously from one side aisle to the other. The entry portal row is not published for this section.","Facing the field, seat 1 is on your right. That puts seat 1 on the edge facing section FB52, with seat numbers counting up toward the edge facing section FB54. Seat 1 is the end of the row closest to home plate, and higher seat numbers run away from home plate.",not published,"""Top Pick for Impressing a Guest""; ""For baseball games, we recommend these seats for impressing a guest"". ""Rows A1, 1-2 are part of the Dugout Club"". the row label line reads ""1-2, AAA, A-M"" (no Row A1), yet the Seating Notes line reads ""Rows A1, 1-2 are part of the Dugout Club"" and names a Row A1 that the row label line does not list. Netting ""Front of sections 9-79 are behind the netting"" and ""There is some amount of netting or screening in front of sections 9-79. The height and coverage of netting or screening will vary by section."" When seated looking at the field, the lowest number seat (typically seat 1).""""","HIGH - zone, rows, location and seat direction stated by the source"
FB54,Field Box (FB1–FB82),Field Box,"Zone/review block ""Field Box seats are located in the lower level of Fenway Park, directly behind the Dugout Box seating and positioned between the baselines."" Also printed ""Sections 21-28 are located behind the Red Sox dugout"" and ""Sections 62-68 sit behind the visitor dugout"". No sentence on this page names section 54's own position - the extraction's remark that it ""falls within the infield Field Box range"" is inference, not a source statement, and is not recorded.",4,toward third base / left field,"1-2, AAA, A-M",UNKNOWN,"Stairway aisles run along both side edges of the section; rows are not split by a mid-row aisle, so seat numbers run continuously from one side aisle to the other. The entry portal row is not published for this section.","Facing the field, seat 1 is on your right. That puts seat 1 on the edge facing section FB53, with seat numbers counting up toward the edge facing section FB55. Seat 1 is the end of the row closest to home plate, and higher seat numbers run away from home plate.",not published,"""Top Pick for Impressing a Guest""; ""For baseball games, we recommend these seats for impressing a guest"". ""Rows A1, 1-2 are part of the Dugout Club"". the row label line reads ""1-2, AAA, A-M"" (no Row A1), yet the Seating Notes line reads ""Rows A1, 1-2 are part of the Dugout Club"" and names a Row A1 that the row label line does not list. Netting ""Front of sections 9-79 are behind the netting"" and ""There is some amount of netting or screening in front of sections 9-79. The height and coverage of netting or screening will vary by section."" When seated looking at the field, the lowest number seat (typically seat 1).""""","HIGH - zone, rows, location and seat direction stated by the source"
FB55,Field Box (FB1–FB82),Field Box,"""Located within 20 rows of the field, offering some of the closest unobstructed views at Fenway Park."" ""Positioned in front of the Grandstand, meaning no support poles obstruct the view.""",5,toward third base / left field,"1-2, AAA, A-M",UNKNOWN,"Stairway aisles run along both side edges of the section; rows are not split by a mid-row aisle, so seat numbers run continuously from one side aisle to the other. The entry portal row is not published for this section.","Facing the field, seat 1 is on your right. That puts seat 1 on the edge facing section FB54, with seat numbers counting up toward the edge facing section FB56. Seat 1 is the end of the row closest to home plate, and higher seat numbers run away from home plate.",not published,"""Top Pick for Impressing a Guest"". ""Rows A1, 1-2 are part of the Dugout Club"". the row label line reads ""1-2, AAA, A-M"" (no Row A1), yet the Seating Notes line reads ""Rows A1, 1-2 are part of the Dugout Club"" and names a Row A1 that the row label line does not list. Netting ""Front of sections 9-79 are behind the netting"" and ""There is some amount of netting or screening in front of sections 9-79. The height and coverage of netting or screening will vary by section."" When seated looking at the field, the lowest number seat (typically seat 1).""""","HIGH - zone, rows, location and seat direction stated by the source"
FB56,Field Box (FB1–FB82),Field Box,"""Located within 20 rows of the field, offering some of the closest unobstructed views at Fenway Park."" ""Positioned in front of the Grandstand, meaning no support poles obstruct the view."" ""Sections 21-28 sit behind the Red Sox dugout, while Sections 62-68 are behind the visitor dugout.""",6,toward third base / left field,"1-2, AAA, A-M",UNKNOWN,"Stairway aisles run along both side edges of the section; rows are not split by a mid-row aisle, so seat numbers run continuously from one side aisle to the other. The entry portal row is not published for this section.","Facing the field, seat 1 is on your right. That puts seat 1 on the edge facing section FB55, with seat numbers counting up toward the edge facing section FB57. Seat 1 is the end of the row closest to home plate, and higher seat numbers run away from home plate.",not published,"""Top Pick for Impressing a Guest"". Netting ""Front of sections 9-79 are behind the netting"" and ""There is some amount of netting or screening in front of sections 9-79. The height and coverage of netting or screening will vary by section."" When seated looking at the field, the lowest number seat (typically seat 1).""""","HIGH - zone, rows, location and seat direction stated by the source"
FB57,Field Box (FB1–FB82),Field Box,"""Located within 20 rows of the field, offering some of the closest unobstructed views at Fenway Park."" ""Positioned in front of the Grandstand, meaning no support poles obstruct the view."" ""Sections 62-68 are behind the visitor dugout."" That last sentence is a zone-level anchor and does NOT say section 57 is behind the visitor dugout.",7,toward third base / left field,"1-2, AAA, A-M",UNKNOWN,"Stairway aisles run along both side edges of the section; rows are not split by a mid-row aisle, so seat numbers run continuously from one side aisle to the other. The entry portal row is not published for this section.","Facing the field, seat 1 is on your right. That puts seat 1 on the edge facing section FB56, with seat numbers counting up toward the edge facing section FB58. Seat 1 is the end of the row closest to home plate, and higher seat numbers run away from home plate.",not published,"""For baseball games, we recommend these seats for impressing a guest"". ""Rows A1, 1-2 are part of the Dugout Club"". the row label line reads ""1-2, AAA, A-M"" (no Row A1), yet the Seating Notes line reads ""Rows A1, 1-2 are part of the Dugout Club"" and names a Row A1 that the row label line does not list. Netting ""Front of sections 9-79 are behind the netting"" and ""There is some amount of netting or screening in front of sections 9-79. The height and coverage of netting or screening will vary by section."" When seated looking at the field, the lowest number seat (typically seat 1).""""","HIGH - zone, rows, location and seat direction stated by the source"
FB58,Field Box (FB1–FB82),Field Box,"""Sections 62-68 sit behind the visitor dugout"" and, by contrast, ""Sections 21-28 sit behind the Red Sox dugout"". These are zone-level anchors; neither names section 58 itself.",8,toward third base / left field,"1-2, AAA, A-M",UNKNOWN,"Stairway aisles run along both side edges of the section; rows are not split by a mid-row aisle, so seat numbers run continuously from one side aisle to the other. The entry portal row is not published for this section.","Facing the field, seat 1 is on your right. That puts seat 1 on the edge facing section FB57, with seat numbers counting up toward the edge facing section FB59. Seat 1 is the end of the row closest to home plate, and higher seat numbers run away from home plate.",not published,"""Top Pick for Impressing a Guest""; ""Dugout Club (Rows A1, 1-2)"". ""All rows in these sections sit behind protective netting"". the row label line reads ""1-2, AAA, A-M"" (no Row A1), yet the Seating Notes line reads ""Rows A1, 1-2 are part of the Dugout Club"" and names a Row A1 that the row label line does not list. Netting ""Front of sections 9-79 are behind the netting"" and ""There is some amount of netting or screening in front of sections 9-79. The height and coverage of netting or screening will vary by section."" Fan review ""Great spot to see all the action. Up close to the players."" (Aug 7, 2023). When seated looking at the field, the lowest number seat (typically seat 1).""""","HIGH - zone, rows, location and seat direction stated by the source"
FB59,Field Box (FB1–FB82),Field Box,"""Located within 20 rows of the field, offering some of the closest unobstructed views at Fenway Park."" ""Sections 62-68 are behind the visitor dugout.""",9,toward third base / left field,"1-2, AAA, A-M",M,"Stairway aisles run along both side edges of the section; rows are not split by a mid-row aisle, so seat numbers run continuously from one side aisle to the other. The entry portal is at row M.","Facing the field, seat 1 is on your right. That puts seat 1 on the edge facing section FB58, with seat numbers counting up toward the edge facing section FB60. Seat 1 is the end of the row closest to home plate, and higher seat numbers run away from home plate.","NOT STATED BY THE SITE. The only figure on the page is FAN-SUPPLIED and applies to ONE ROW ONLY - Field Box 59 / Row H, verbatim: ""just 4 seats in the row make it easy to get in and out"". Do NOT treat this as a section-wide seats-per-row value.","Netting ""Front of sections 9-79 are behind the netting"" and ""There is some amount of netting or screening in front of sections 9-79. The height and coverage of netting or screening will vary by section."" Fan reviews (Field Box 59 / Row H) ""Amazing place to watch the game as the seats face right at the pitchers mound...Close to all the action!""; ""It was tough to see down the left field line, and the seats could be a bit more elevated""; ""just 4 seats in the row make it easy to get in and out"". The left-field-line sightline complaint is a fan-reported partial obstruction/angle issue; the site prints no obstructed-view warning for this section. When seated looking at the field, the lowest number seat (typically seat 1).","HIGH - zone, rows, location and seat direction stated by the source"
FB60,Field Box (FB1–FB82),Field Box,"these sections ""run along the infield baselines on both the first base and third base sides."" That is the only placing sentence and it does NOT say which of the two sides section 60 is on.",10,toward third base / left field,"1-2, AAA, A-M",M,"Stairway aisles run along both side edges of the section; rows are not split by a mid-row aisle, so seat numbers run continuously from one side aisle to the other. The entry portal is at row M.","Facing the field, seat 1 is on your right. That puts seat 1 on the edge facing section FB59, with seat numbers counting up toward the edge facing section FB61. Seat 1 is the end of the row closest to home plate, and higher seat numbers run away from home plate.",not published,"""Recommended For Impressing a Guest""; ""Recommended For Visiting Team Fans (Rows 1-3, AAA, A)""; ""Dugout Club (Rows A1, 1-2)"". NOTE the ""Rows 1-3"" recommendation and the ""Rows A1, 1-2"" Dugout Club note both name rows the row label line (""1-2, AAA, A-M"") does not list. the row label line reads ""1-2, AAA, A-M"" (no Row A1), yet the Seating Notes line reads ""Rows A1, 1-2 are part of the Dugout Club"" and names a Row A1 that the row label line does not list. Netting ""Front of sections 9-79 are behind the netting"" and ""There is some amount of netting or screening in front of sections 9-79. The height and coverage of netting or screening will vary by section."" When seated looking at the field, the lowest number seat (typically seat 1).""""","HIGH - zone, rows, location and seat direction stated by the source"
FB61,Field Box (FB1–FB82),Field Box,"""Infield Dugout Club Sections 29-38 and 51-61 (Rows 1-2) These seats run along the infield baselines on both the first base and third base sides."" ""Located within 20 rows of the field, offering some of the closest unobstructed views at Fenway Park.""; ""Positioned in front of the Grandstand, meaning no support poles obstruct the view.""; historic seats ""can feel narrow or less comfortable than seats found in modern stadiums"".",11,toward third base / left field,"1-2, AAA, A-M",M,"Stairway aisles run along both side edges of the section; rows are not split by a mid-row aisle, so seat numbers run continuously from one side aisle to the other. The entry portal is at row M.","Facing the field, seat 1 is on your right. That puts seat 1 on the edge facing section FB60, with seat numbers counting up toward the edge facing section FB62. Seat 1 is the end of the row closest to home plate, and higher seat numbers run away from home plate.",not published,"""Top Pick for Impressing a Guest""; ""Top Pick for Visiting Team Fans Rows 1-3, AAA, A""; ""Dugout Club (Rows A1, 1-2)"". ""For baseball games, we recommend these seats for impressing a guest""; ""For baseball games, we recommend rows 1-3, AAA, A for visiting team fans""; ""Rows A1, 1-2 are part of the Dugout Club"". Netting (site-wide note repeated on the page): ""Front of sections 9-79 are behind the netting - There is some amount of netting or screening in front of sections 9-79. The height and coverage of netting or screening will vary by section."" ""All seats in these sections sit behind protective netting, which extends across the infield to help protect fans from foul balls."" Recorded as an observation, not as a stated location.","HIGH - zone, rows, location and seat direction stated by the source"
FB62,Field Box (FB1–FB82),Field Box,"""For baseball games, these seats are located behind the visitor dugout"". Zone review ""Sections 62-68 sit behind the visitor dugout"". ""Located within 20 rows of the field, offering some of the closest unobstructed views at Fenway Park.""; ""Positioned in front of the Grandstand, meaning no support poles obstruct the view.""; historic seats ""can feel narrow or less comfortable than seats found in modern stadiums"".",12,toward third base / left field,A-M,UNKNOWN,"Stairway aisles run along both side edges of the section; rows are not split by a mid-row aisle, so seat numbers run continuously from one side aisle to the other. The entry portal row is not published for this section.","Facing the field, seat 1 is on your right. That puts seat 1 on the edge facing section FB61, with seat numbers counting up toward the edge facing section FB63. Seat 1 is the end of the row closest to home plate, and higher seat numbers run away from home plate.",not published,"""Top Pick for Visiting Team Fans Rows C-H""; ""Rows A-M"". ""For baseball games, these seats are located behind the visitor dugout""; ""For baseball games, we recommend rows C-H for visiting team fans"". ""Row C is the first row behind the visitor's dugout in Section FB62"" - this is a per-section ROW fact, not a seat-numbering fact, and it names no side. Netting (site-wide note repeated on the page): ""Front of sections 9-79 are behind the netting - There is some amount of netting or screening in front of sections 9-79. The height and coverage of netting or screening will vary by section."" ""All seats in these sections sit behind protective netting, which extends across the infield to help protect fans from foul balls.""","HIGH - zone, rows, location and seat direction stated by the source"
FB63,Field Box (FB1–FB82),Field Box,"""For baseball games, these seats are located behind the visitor dugout"". Zone review ""Sections 62-68 are behind the visitor dugout"". ""Located within 20 rows of the field, offering some of the closest unobstructed views at Fenway Park.""; ""Positioned in front of the Grandstand, meaning no support poles obstruct the view.""; historic seats ""can feel narrow or less comfortable than seats found in modern stadiums"".",13,toward third base / left field,A-M,UNKNOWN,"Stairway aisles run along both side edges of the section; rows are not split by a mid-row aisle, so seat numbers run continuously from one side aisle to the other. The entry portal row is not published for this section.","Facing the field, seat 1 is on your right. That puts seat 1 on the edge facing section FB62, with seat numbers counting up toward the edge facing section FB64. Seat 1 is the end of the row closest to home plate, and higher seat numbers run away from home plate.",not published,"""Top Pick for Visiting Team Fans Rows C-H""; ""Rows A-M"". ""For baseball games, these seats are located behind the visitor dugout""; ""For baseball games, we recommend rows C-H for visiting team fans"". ""Row C is the first row behind the visitor's dugout in Section FB63."" Netting (site-wide note repeated on the page): ""Front of sections 9-79 are behind the netting - There is some amount of netting or screening in front of sections 9-79. The height and coverage of netting or screening will vary by section."" ""All seats in these sections sit behind protective netting, which extends across the infield to help protect fans from foul balls."" THIS PAGE WAS USED AS THE CONTROL for the seat-direction hunt - see seat_direction.","HIGH - zone, rows, location and seat direction stated by the source"
FB64,Field Box (FB1–FB82),Field Box,"""For baseball games, these seats are located behind the visitor dugout"". Zone review ""Sections 62-68 sit behind the visitor dugout"". ""Located within 20 rows of the field, offering some of the closest unobstructed views at Fenway Park.""; ""Positioned in front of the Grandstand, meaning no support poles obstruct the view.""; historic seats ""can feel narrow or less comfortable than seats found in modern stadiums"".",14,toward third base / left field,A-M,UNKNOWN,"Stairway aisles run along both side edges of the section; rows are not split by a mid-row aisle, so seat numbers run continuously from one side aisle to the other. The entry portal row is not published for this section.","Facing the field, seat 1 is on your right. That puts seat 1 on the edge facing section FB63, with seat numbers counting up toward the edge facing section FB65. Seat 1 is the end of the row closest to home plate, and higher seat numbers run away from home plate.",not published,"""Top Pick for Visiting Team Fans Rows C-H""; ""Rows A-M"". ""For baseball games, these seats are located behind the visitor dugout""; ""For baseball games, we recommend rows C-H for visiting team fans"". ""Row C is the first row behind the visitor's dugout in Section FB64."" Netting (site-wide note repeated on the page): ""Front of sections 9-79 are behind the netting - There is some amount of netting or screening in front of sections 9-79. The height and coverage of netting or screening will vary by section."" ""All seats in these sections sit behind protective netting, which extends across the infield to help protect fans from foul balls.""","HIGH - zone, rows, location and seat direction stated by the source"
FB65,Field Box (FB1–FB82),Field Box,"""For baseball games, these seats are located behind the visitor dugout"". Zone review ""Sections 62-68 are behind the visitor dugout"". ""Located within 20 rows of the field, offering some of the closest unobstructed views at Fenway Park.""; ""Positioned in front of the Grandstand, meaning no support poles obstruct the view.""; historic seats ""can feel narrow or less comfortable than seats found in modern stadiums"".",15,toward third base / left field,A-M,UNKNOWN,"Stairway aisles run along both side edges of the section; rows are not split by a mid-row aisle, so seat numbers run continuously from one side aisle to the other. The entry portal row is not published for this section.","Facing the field, seat 1 is on your right. That puts seat 1 on the edge facing section FB64, with seat numbers counting up toward the edge facing section FB66. Seat 1 is the end of the row closest to home plate, and higher seat numbers run away from home plate.",not published,"""Top Pick for Visiting Team Fans Rows C-H""; ""Rows A-M"". ""For baseball games, these seats are located behind the visitor dugout""; ""For baseball games, we recommend rows C-H for visiting team fans"". ""Row C is the first row behind the visitor's dugout in Section FB65."" Netting (site-wide note repeated on the page): ""Front of sections 9-79 are behind the netting - There is some amount of netting or screening in front of sections 9-79. The height and coverage of netting or screening will vary by section."" ""All seats in these sections sit behind protective netting, which extends across the infield to help protect fans from foul balls."" Fan review ""Best seats ever! - Been to many games at many parks....These were great seats"".","HIGH - zone, rows, location and seat direction stated by the source"
FB66,Field Box (FB1–FB82),Field Box,"""For baseball games, these seats are located behind the visitor dugout"". Zone review ""Sections 62-68 sit behind the visitor dugout"". ""Located within 20 rows of the field, offering some of the closest unobstructed views at Fenway Park.""; ""Positioned in front of the Grandstand, meaning no support poles obstruct the view.""; historic seats ""can feel narrow or less comfortable than seats found in modern stadiums"".",16,toward third base / left field,A-M,UNKNOWN,"Stairway aisles run along both side edges of the section; rows are not split by a mid-row aisle, so seat numbers run continuously from one side aisle to the other. The entry portal row is not published for this section.","Facing the field, seat 1 is on your right. That puts seat 1 on the edge facing section FB65, with seat numbers counting up toward the edge facing section FB67. Seat 1 is the end of the row closest to home plate, and higher seat numbers run away from home plate.",not published,"""Top Pick for Visiting Team Fans Rows C-H""; ""Rows A-M"". ""For baseball games, these seats are located behind the visitor dugout""; ""For baseball games, we recommend rows C-H for visiting team fans"". ""Row C is the first row behind the visitor's dugout in Section FB66."" Netting (site-wide note repeated on the page): ""Front of sections 9-79 are behind the netting - There is some amount of netting or screening in front of sections 9-79. The height and coverage of netting or screening will vary by section."" ""All seats in these sections sit behind protective netting, which extends across the infield to help protect fans from foul balls.""","HIGH - zone, rows, location and seat direction stated by the source"
FB67,Field Box (FB1–FB82),Field Box,"""For baseball games, these seats are located behind the visitor dugout"". Zone review ""Sections 62-68 are behind the visitor dugout"". ""Located within 20 rows of the field, offering some of the closest unobstructed views at Fenway Park.""; ""Positioned in front of the Grandstand, meaning no support poles obstruct the view.""; historic seats ""can feel narrow or less comfortable than seats found in modern stadiums"".",17,toward third base / left field,A-M,UNKNOWN,"Stairway aisles run along both side edges of the section; rows are not split by a mid-row aisle, so seat numbers run continuously from one side aisle to the other. The entry portal row is not published for this section.","Facing the field, seat 1 is on your right. That puts seat 1 on the edge facing section FB66, with seat numbers counting up toward the edge facing section FB68. Seat 1 is the end of the row closest to home plate, and higher seat numbers run away from home plate.",not published,"""Top Pick for Visiting Team Fans Rows C-H""; ""Rows A-M"". ""For baseball games, these seats are located behind the visitor dugout""; ""For baseball games, we recommend rows C-H for visiting team fans"". ""Row C is the first row behind the visitor's dugout in Section FB67."" Netting (site-wide note repeated on the page): ""Front of sections 9-79 are behind the netting - There is some amount of netting or screening in front of sections 9-79. The height and coverage of netting or screening will vary by section."" ""All seats in these sections sit behind protective netting, which extends across the infield to help protect fans from foul balls."" Fan review ""Close to the field and great views of home plate and the Green Monster!""","HIGH - zone, rows, location and seat direction stated by the source"
FB68,Field Box (FB1–FB82),Field Box,"""For baseball games, these seats are located behind the visitor dugout"". Zone review ""Sections 62-68 are behind the visitor dugout"". ""Located within 20 rows of the field, offering some of the closest unobstructed views at Fenway Park.""; ""Positioned in front of the Grandstand, meaning no support poles obstruct the view.""; historic seats ""can feel narrow or less comfortable than seats found in modern stadiums"".",18,toward third base / left field,A-M,UNKNOWN,"Stairway aisles run along both side edges of the section; rows are not split by a mid-row aisle, so seat numbers run continuously from one side aisle to the other. The entry portal row is not published for this section.","Facing the field, seat 1 is on your right. That puts seat 1 on the edge facing section FB67, with seat numbers counting up toward the edge facing section FB69. Seat 1 is the end of the row closest to home plate, and higher seat numbers run away from home plate.",not published,"""Top Pick for Visiting Team Fans Rows C-H""; ""Rows A-M"". ""For baseball games, these seats are located behind the visitor dugout""; ""For baseball games, we recommend rows C-H for visiting team fans"". ABSENT on this page (unlike FB62-FB67, no ""Row C is the first row behind the visitor's dugout"" line was returned). Netting (site-wide note repeated on the page): ""Front of sections 9-79 are behind the netting - There is some amount of netting or screening in front of sections 9-79. The height and coverage of netting or screening will vary by section."" ""All seats in these sections sit behind protective netting, which extends across the infield to help protect fans from foul balls.""","HIGH - zone, rows, location and seat direction stated by the source"
FB69,Field Box (FB1–FB82),Field Box,"The page serves the generic Field Boxes zone review ""Field Box seats are located in the lower level of Fenway Park, directly behind the Dugout Box seating and positioned between the baselines.""; ""These sections typically sit within 20 rows of the playing field"". The line ""Sections 62-68 are behind the visitor dugout"" also appears on this page but is ZONE text and does NOT place Section 69 behind the dugout - FB69 is outside that range. ""Located within 20 rows of the field, offering some of the closest unobstructed views at Fenway Park.""; ""Positioned in front of the Grandstand, meaning no support poles obstruct the view.""; historic seats ""can feel narrow or less comfortable than seats found in modern stadiums"".",19,toward third base / left field,"1-2, AAA, A-M",UNKNOWN,"Stairway aisles run along both side edges of the section; rows are not split by a mid-row aisle, so seat numbers run continuously from one side aisle to the other. The entry portal row is not published for this section.","Facing the field, seat 1 is on your right. That puts seat 1 on the edge facing section FB68, with seat numbers counting up toward the edge facing section FB70. Seat 1 is the end of the row closest to home plate, and higher seat numbers run away from home plate.",not published,"""Dugout Club (Rows A1, 1-2)""; ""Rows 1-2, AAA, A-M"". ""Rows A1, 1-2 are part of the Dugout Club"". Netting (site-wide note repeated on the page): ""Front of sections 9-79 are behind the netting - There is some amount of netting or screening in front of sections 9-79. The height and coverage of netting or screening will vary by section."" ""All seats in these sections sit behind protective netting, which extends across the infield to help protect fans from foul balls."" Section 69 falls in NONE of those ranges, yet its own row line prints Dugout Club rows ""1-2"" and its Seating Notes say ""Rows A1, 1-2 are part of the Dugout Club"". Either the zone page ranges are incomplete or the per-section row line is over-applied.","HIGH - zone, rows, location and seat direction stated by the source"
FB70,Field Box (FB1–FB82),Field Box,"The page serves the generic Field Boxes zone review ""Field Box seats are located in the lower level of Fenway Park, directly behind the Dugout Box seating and positioned between the baselines.""; ""These sections typically sit within 20 rows of the playing field"". The line ""Sections 62-68 are behind the visitor dugout"" also appears on this page but is ZONE text and does NOT place Section 70 behind the dugout - FB70 is outside that range. ""Located within 20 rows of the field, offering some of the closest unobstructed views at Fenway Park.""; ""Positioned in front of the Grandstand, meaning no support poles obstruct the view.""; historic seats ""can feel narrow or less comfortable than seats found in modern stadiums"".",20,toward third base / left field,"1-2, AAA, A-M",UNKNOWN,"Stairway aisles run along both side edges of the section; rows are not split by a mid-row aisle, so seat numbers run continuously from one side aisle to the other. The entry portal row is not published for this section.","Facing the field, seat 1 is on your right. That puts seat 1 on the edge facing section FB69, with seat numbers counting up toward the edge facing section FB71. Seat 1 is the end of the row closest to home plate, and higher seat numbers run away from home plate.",not published,"""Dugout Club (Rows A1, 1-2)""; ""Rows 1-2, AAA, A-M"". ""Rows A1, 1-2 are part of the Dugout Club"". Netting (site-wide note repeated on the page): ""Front of sections 9-79 are behind the netting - There is some amount of netting or screening in front of sections 9-79. The height and coverage of netting or screening will vary by section."" ""All seats in these sections sit behind protective netting, which extends across the infield to help protect fans from foul balls."" Section 70 falls in NONE of those ranges, yet its own row line prints Dugout Club rows ""1-2"" and its Seating Notes say ""Rows A1, 1-2 are part of the Dugout Club"". Either the zone page ranges are incomplete or the per-section row line is over-applied.","HIGH - zone, rows, location and seat direction stated by the source"
FB71,Field Box (FB1–FB82),Field Box,"Generic Field Boxes zone review only ""Located within 20 rows of the field, offering some of the closest unobstructed views at Fenway Park.""; ""Positioned in front of the Grandstand, meaning no support poles obstruct the view."" The page also prints the zone dugout line ""Sections 21-28 are located behind the Red Sox dugout"" / ""Sections 62-68 sit behind the visitor dugout"" - neither range contains 71.",21,toward third base / left field,"1-2, AAA, A-L",UNKNOWN,"Stairway aisles run along both side edges of the section; rows are not split by a mid-row aisle, so seat numbers run continuously from one side aisle to the other. The entry portal row is not published for this section.","Facing the field, seat 1 is on your right. That puts seat 1 on the edge facing section FB70, with seat numbers counting up toward the edge facing section FB72. Seat 1 is the end of the row closest to home plate, and higher seat numbers run away from home plate.",not published,"""Dugout Club (Rows A1, 1-2)""; ""Rows 1-2, AAA, A-L"". ""Rows A1, 1-2 are part of the Dugout Club"". Fan review ""NOT FRONT ROW SEATS..........Don't get me wrong, these are great seats close to the field. BUT, they are NOT front row seats. It names no seat side. Netting (site-wide note repeated on the page): ""Front of sections 9-79 are behind the netting - There is some amount of netting or screening in front of sections 9-79. The height and coverage of netting or screening will vary by section."" ""All seats in these sections sit behind protective netting, which extends across the infield to help protect fans from foul balls."" 71 is not in any range listed on the Dugout Club zone page (""29-38 and 51-61"", ""17-20"", ""13-16 and 72-79"") yet prints Dugout Club rows 1-2.""","HIGH - zone, rows, location and seat direction stated by the source"
FB72,Field Box (FB1–FB82),Field Box,"Generic Field Boxes zone review only ""Field Box seats are located in the lower level of Fenway Park, directly behind the Dugout Box seating and positioned between the baselines.""; ""Located within 20 rows of the field, offering some of the closest unobstructed views at Fenway Park.""; ""Positioned in front of the Grandstand, meaning no support poles obstruct the view.""",22,toward third base / left field,"1-2, AAA, A-L",UNKNOWN,"Stairway aisles run along both side edges of the section; rows are not split by a mid-row aisle, so seat numbers run continuously from one side aisle to the other. The entry portal row is not published for this section.","Facing the field, seat 1 is on your right. That puts seat 1 on the edge facing section FB71, with seat numbers counting up toward the edge facing section FB73. Seat 1 is the end of the row closest to home plate, and higher seat numbers run away from home plate.",not published,"""Dugout Club (Rows A1, 1-2)""; ""Rows 1-2, AAA, A-L"". ""Rows A1, 1-2 are part of the Dugout Club"". Netting (site-wide note repeated on the page): ""Front of sections 9-79 are behind the netting - There is some amount of netting or screening in front of sections 9-79. The height and coverage of netting or screening will vary by section."" ""All seats in these sections sit behind protective netting, which extends across the infield to help protect fans from foul balls."" Third Base Side ""Receives shade earlier in the day"" and is ""Often preferred for afternoon games""; First Base Side ""Provides a direct view of the Green Monster in left field"" and ""Typically stays in the sun longer during day games"". Sections 72-79 ARE inside the Dugout Club range given on the Dugout Club zone page (""Sections 13-16 and 72-79 (Rows 1-2)""), so the row line is consistent here (unlike FB69-FB71).","HIGH - zone, rows, location and seat direction stated by the source"
FB73,Field Box (FB1–FB82),Field Box,"Generic Field Boxes zone review only ""Field Box seats are located in the lower level of Fenway Park, directly behind the Dugout Box seating and positioned between the baselines.""; ""Located within 20 rows of the field, offering some of the closest unobstructed views at Fenway Park.""; ""Positioned in front of the Grandstand, meaning no support poles obstruct the view.""",23,toward third base / left field,"1-2, AAA, A-L",UNKNOWN,"Stairway aisles run along both side edges of the section; rows are not split by a mid-row aisle, so seat numbers run continuously from one side aisle to the other. The entry portal row is not published for this section.","Facing the field, seat 1 is on your right. That puts seat 1 on the edge facing section FB72, with seat numbers counting up toward the edge facing section FB74. Seat 1 is the end of the row closest to home plate, and higher seat numbers run away from home plate.",not published,"""Dugout Club (Rows A1, 1-2)""; ""Rows 1-2, AAA, A-L"". ""Rows A1, 1-2 are part of the Dugout Club"". Netting (site-wide note repeated on the page): ""Front of sections 9-79 are behind the netting - There is some amount of netting or screening in front of sections 9-79. The height and coverage of netting or screening will vary by section."" ""All seats in these sections sit behind protective netting, which extends across the infield to help protect fans from foul balls."" Third Base Side ""Receives shade earlier in the day"" and is ""Often preferred for afternoon games""; First Base Side ""Provides a direct view of the Green Monster in left field"" and ""Typically stays in the sun longer during day games"". Sections 72-79 ARE inside the Dugout Club range given on the Dugout Club zone page (""Sections 13-16 and 72-79 (Rows 1-2)""), so the row line is consistent here (unlike FB69-FB71).","HIGH - zone, rows, location and seat direction stated by the source"
FB74,Field Box (FB1–FB82),Field Box,"Generic Field Boxes zone review only ""Field Box seats are located in the lower level of Fenway Park, directly behind the Dugout Box seating and positioned between the baselines.""; ""Located within 20 rows of the field, offering some of the closest unobstructed views at Fenway Park.""; ""Positioned in front of the Grandstand, meaning no support poles obstruct the view.""",24,toward third base / left field,"1-2, AAA, A-L",UNKNOWN,"Stairway aisles run along both side edges of the section; rows are not split by a mid-row aisle, so seat numbers run continuously from one side aisle to the other. The entry portal row is not published for this section.","Facing the field, seat 1 is on your right. That puts seat 1 on the edge facing section FB73, with seat numbers counting up toward the edge facing section FB75. Seat 1 is the end of the row closest to home plate, and higher seat numbers run away from home plate.",not published,"""Dugout Club (Rows A1, 1-2)""; ""Rows 1-2, AAA, A-L"". ""Rows A1, 1-2 are part of the Dugout Club"". Netting (site-wide note repeated on the page): ""Front of sections 9-79 are behind the netting - There is some amount of netting or screening in front of sections 9-79. The height and coverage of netting or screening will vary by section."" ""All seats in these sections sit behind protective netting, which extends across the infield to help protect fans from foul balls."" Third Base Side ""Receives shade earlier in the day"" and is ""Often preferred for afternoon games""; First Base Side ""Provides a direct view of the Green Monster in left field"" and ""Typically stays in the sun longer during day games"". Sections 72-79 ARE inside the Dugout Club range given on the Dugout Club zone page (""Sections 13-16 and 72-79 (Rows 1-2)""), so the row line is consistent here (unlike FB69-FB71).","HIGH - zone, rows, location and seat direction stated by the source"
FB75,Field Box (FB1–FB82),Field Box,"Generic Field Boxes zone review only ""Field Box seats are located in the lower level of Fenway Park, directly behind the Dugout Box seating and positioned between the baselines.""; ""Located within 20 rows of the field, offering some of the closest unobstructed views at Fenway Park.""; ""Positioned in front of the Grandstand, meaning no support poles obstruct the view."" The Dugout Club rows are described ""Located directly at field level along the infield, just feet from the playing surface.""",25,toward third base / left field,"1-2, AAA, A-L",UNKNOWN,"Stairway aisles run along both side edges of the section; rows are not split by a mid-row aisle, so seat numbers run continuously from one side aisle to the other. The entry portal row is not published for this section.","Facing the field, seat 1 is on your right. That puts seat 1 on the edge facing section FB74, with seat numbers counting up toward the edge facing section FB76. Seat 1 is the end of the row closest to home plate, and higher seat numbers run away from home plate.",not published,"""Dugout Club (Rows A1, 1-2)""; ""Rows 1-2, AAA, A-L"". ""Rows A1, 1-2 are part of the Dugout Club"". Netting (site-wide note repeated on the page): ""Front of sections 9-79 are behind the netting - There is some amount of netting or screening in front of sections 9-79. The height and coverage of netting or screening will vary by section."" ""All seats in these sections sit behind protective netting, which extends across the infield to help protect fans from foul balls."" Third Base Side ""Receives shade earlier in the day"" and is ""Often preferred for afternoon games""; First Base Side ""Provides a direct view of the Green Monster in left field"" and ""Typically stays in the sun longer during day games"". Sections 72-79 ARE inside the Dugout Club range given on the Dugout Club zone page (""Sections 13-16 and 72-79 (Rows 1-2)""), so the row line is consistent here (unlike FB69-FB71).","HIGH - zone, rows, location and seat direction stated by the source"
FB76,Field Box (FB1–FB82),Field Box,"Generic Field Boxes zone review only ""Field Box seats are located in the lower level of Fenway Park, directly behind the Dugout Box seating and positioned between the baselines.""; ""Located within 20 rows of the field, offering some of the closest unobstructed views at Fenway Park.""; ""Positioned in front of the Grandstand, meaning no support poles obstruct the view.""",26,toward third base / left field,"1-2, AAA, A-L",UNKNOWN,"Stairway aisles run along both side edges of the section; rows are not split by a mid-row aisle, so seat numbers run continuously from one side aisle to the other. The entry portal row is not published for this section.","Facing the field, seat 1 is on your right. That puts seat 1 on the edge facing section FB75, with seat numbers counting up toward the edge facing section FB77. Seat 1 is the end of the row closest to home plate, and higher seat numbers run away from home plate.",not published,"""Top Pick for Great Views of the Field Rows A1, 1-2, AAA, A-C""; ""Dugout Club (Rows A1, 1-2)""; ""Rows 1-2, AAA, A-L"". ""For baseball games, we recommend rows A1, 1-2, AAA, A-C for great views of the field"". ""Rows A1, 1-2 are part of the Dugout Club"". Netting (site-wide note repeated on the page): ""Front of sections 9-79 are behind the netting - There is some amount of netting or screening in front of sections 9-79. The height and coverage of netting or screening will vary by section."" ""All seats in these sections sit behind protective netting, which extends across the infield to help protect fans from foul balls."" Third Base Side ""Receives shade earlier in the day"" and is ""Often preferred for afternoon games""; First Base Side ""Provides a direct view of the Green Monster in left field"" and ""Typically stays in the sun longer during day games"".","HIGH - zone, rows, location and seat direction stated by the source"
FB77,Field Box (FB1–FB82),Field Box,"Generic Field Boxes zone review only ""Field Box seats are located in the lower level of Fenway Park, directly behind the Dugout Box seating and positioned between the baselines.""; ""Located within 20 rows of the field, offering some of the closest unobstructed views at Fenway Park.""; ""Positioned in front of the Grandstand, meaning no support poles obstruct the view."" The Dugout Club rows are described ""Located directly at field level along the infield, just feet from the playing surface.""",27,toward third base / left field,"1-2, AAA, A-L",UNKNOWN,"Stairway aisles run along both side edges of the section; rows are not split by a mid-row aisle, so seat numbers run continuously from one side aisle to the other. The entry portal row is not published for this section.","Facing the field, seat 1 is on your right. That puts seat 1 on the edge facing section FB76, with seat numbers counting up toward the edge facing section FB78. Seat 1 is the end of the row closest to home plate, and higher seat numbers run away from home plate.",not published,"""Top Pick for Great Views of the Field Rows A1, 1-2, AAA, A-C""; ""Dugout Club (Rows A1, 1-2)""; ""Rows 1-2, AAA, A-L"". ""For baseball games, we recommend rows A1, 1-2, AAA, A-C for great views of the field"". ""Rows A1, 1-2 are part of the Dugout Club"". Netting (site-wide note repeated on the page): ""Front of sections 9-79 are behind the netting - There is some amount of netting or screening in front of sections 9-79. The height and coverage of netting or screening will vary by section."" ""All seats in these sections sit behind protective netting, which extends across the infield to help protect fans from foul balls."" Third Base Side ""Receives shade earlier in the day"" and is ""Often preferred for afternoon games""; First Base Side ""Provides a direct view of the Green Monster in left field"" and ""Typically stays in the sun longer during day games"".","HIGH - zone, rows, location and seat direction stated by the source"
FB78,Field Box (FB1–FB82),Field Box,"Generic Field Boxes zone review only ""Field Box seats are located in the lower level of Fenway Park, directly behind the Dugout Box seating and positioned between the baselines.""; ""Located within 20 rows of the field, offering some of the closest unobstructed views at Fenway Park.""; ""Positioned in front of the Grandstand, meaning no support poles obstruct the view.""",28,toward third base / left field,"1-2, AAA, A-L",UNKNOWN,"Stairway aisles run along both side edges of the section; rows are not split by a mid-row aisle, so seat numbers run continuously from one side aisle to the other. The entry portal row is not published for this section.","Facing the field, seat 1 is on your right. That puts seat 1 on the edge facing section FB77, with seat numbers counting up toward the edge facing section FB79. Seat 1 is the end of the row closest to home plate, and higher seat numbers run away from home plate.",not published,"""Dugout Club (Rows A1, 1-2)""; ""Rows 1-2, AAA, A-L"". ""Rows A1, 1-2 are part of the Dugout Club"". Netting (site-wide note repeated on the page): ""Front of sections 9-79 are behind the netting - There is some amount of netting or screening in front of sections 9-79. The height and coverage of netting or screening will vary by section."" ""All seats in these sections sit behind protective netting, which extends across the infield to help protect fans from foul balls."" Third Base Side ""Receives shade earlier in the day"" and is ""Often preferred for afternoon games""; First Base Side ""Provides a direct view of the Green Monster in left field"" and ""Typically stays in the sun longer during day games"". Sections 72-79 ARE inside the Dugout Club range given on the Dugout Club zone page (""Sections 13-16 and 72-79 (Rows 1-2)""), so the row line is consistent here (unlike FB69-FB71).","HIGH - zone, rows, location and seat direction stated by the source"
FB79,Field Box (FB1–FB82),Field Box,"Generic Field Boxes zone review only ""Field Box seats are located in the lower level of Fenway Park, directly behind the Dugout Box seating and positioned between the baselines.""; ""Located within 20 rows of the field, offering some of the closest unobstructed views at Fenway Park.""; ""Positioned in front of the Grandstand, meaning no support poles obstruct the view."" The Dugout Club rows are described ""Located directly at field level along the infield, just feet from the playing surface.""",29,toward third base / left field,"1-2, AAA, A-L",UNKNOWN,"Stairway aisles run along both side edges of the section; rows are not split by a mid-row aisle, so seat numbers run continuously from one side aisle to the other. The entry portal row is not published for this section.","Facing the field, seat 1 is on your right. That puts seat 1 on the edge facing section FB78, with seat numbers counting up toward the edge facing section FB80. Seat 1 is the end of the row closest to home plate, and higher seat numbers run away from home plate.",not published,"""Top Pick for Great Views of the Field Rows A1, 1-2, AAA, A-C""; ""Dugout Club (Rows A1, 1-2)""; ""Rows 1-2, AAA, A-L"". ""For baseball games, we recommend rows A1, 1-2, AAA, A-C for great views of the field"". Additional ""Top Pick for Impressing a Guest""; ""For baseball games, we recommend these seats for impressing a guest"". ""Rows A1, 1-2 are part of the Dugout Club"". Netting (site-wide note repeated on the page): ""Front of sections 9-79 are behind the netting - There is some amount of netting or screening in front of sections 9-79. The height and coverage of netting or screening will vary by section."" ""All seats in these sections sit behind protective netting, which extends across the infield to help protect fans from foul balls.""","HIGH - zone, rows, location and seat direction stated by the source"
FB80,Field Box (FB1–FB82),Field Box,"Generic Field Boxes zone review only ""Field Box seats are located in the lower level of Fenway Park, directly behind the Dugout Box seating and positioned between the baselines.""; ""These sections typically sit within 20 rows of the playing field, placing fans extremely close to the action.""; ""Located within 20 rows of the field, offering some of the closest unobstructed views at Fenway Park.""; ""Positioned in front of the Grandstand, meaning no support poles obstruct the view.""",30,toward third base / left field,"AAA, A-L",UNKNOWN,"Stairway aisles run along both side edges of the section; rows are not split by a mid-row aisle, so seat numbers run continuously from one side aisle to the other. The entry portal row is not published for this section.","Facing the field, seat 1 is on your right. That puts seat 1 on the edge facing section FB79, with seat numbers counting up toward the edge facing section FB81. Seat 1 is the end of the row closest to home plate, and higher seat numbers run away from home plate.",not published,"""Top Pick for Great Views of the Field: Rows A1, 1-2, AAA, A-C"" - NOTE THIS IS INTERNALLY INCONSISTENT WITH THIS SECTION'S OWN ROW LINE, which lists only ""AAA, A-L"" and contains no rows A1 or 1-2. The insight appears to be inherited from neighbouring Dugout Club sections. Third Base Side ""Receives shade earlier in the day"" and is ""Often preferred for afternoon games""; First Base Side ""Provides a direct view of the Green Monster in left field"" and ""Typically stays in the sun longer during day games"". The site's own ""Front of sections 9-79 are behind the netting"" note also excludes 80. So the generic zone sentence over-claims for FB80.","HIGH - zone, rows, location and seat direction stated by the source"
FB81,Field Box (FB1–FB82),Field Boxes,"Generic Field Boxes zone text only - no sentence on the page names a base line, dugout or field position for this section specifically (verified by a second targeted fetch, which returned ""NO SECTION-SPECIFIC LOCATION SENTENCE""). ""Field Box seats are located in the lower level of Fenway Park, directly behind the Dugout Box seating and positioned between the baselines."" ""These sections typically sit within 20 rows of the playing field, placing fans extremely close to the action."" ""Because they are positioned in front of the Grandstand, fans sitting in Field Box sections do not have to worry about the support poles that obstruct views in other parts of the stadium.""",31,toward third base / left field,B-L,UNKNOWN,"Stairway aisles run along both side edges of the section; rows are not split by a mid-row aisle, so seat numbers run continuously from one side aisle to the other. The entry portal row is not published for this section.","Facing the field, seat 1 is on your right. That puts seat 1 on the edge facing section FB80, with seat numbers counting up toward the edge facing section FB82. Seat 1 is the end of the row closest to home plate, and higher seat numbers run away from home plate.",not published,"""Close to the Action: Located within 20 rows of the field, offering some of the closest unobstructed views at Fenway Park.""; ""Excellent Sightlines: Positioned in front of the Grandstand, meaning no support poles obstruct the view.""; ""Protective Netting: All rows in these sections sit behind protective netting near home plate."" Note the row range starts at B, not A - no source on the page explains the missing Row A. When seated looking at the field, the lowest number seat (typically seat 1)."" (https://www.rateyourseats.com/fenway-park/seating/seating-chart).""","HIGH - zone, rows, location and seat direction stated by the source"
FB82,Field Box (FB1–FB82),Field Boxes,"Generic Field Boxes zone text only - no sentence on the page names a base line, dugout or field position for this section specifically (verified by a second targeted fetch, which returned ""NO SECTION-SPECIFIC LOCATION SENTENCE""). ""Field Box seats are located in the lower level of Fenway Park, directly behind the Dugout Box seating and positioned between the baselines."" ""These sections typically sit within 20 rows of the playing field, placing fans extremely close to the action."" ""Because they are positioned in front of the Grandstand, fans sitting in Field Box sections do not have to worry about the support poles that obstruct views in other parts of the stadium.""",32,toward third base / left field,D-L,UNKNOWN,"Stairway aisles run along both side edges of the section; rows are not split by a mid-row aisle, so seat numbers run continuously from one side aisle to the other. The entry portal row is not published for this section.","Facing the field, seat 1 is on your right. That puts seat 1 on the edge facing section FB81, with seat numbers counting up toward the far edge of the section, with no further section beyond it on that side. Seat 1 is the end of the row closest to home plate, and higher seat numbers run away from home plate.",not published,"""Close to the Action: Located within 20 rows of the field, offering some of the closest unobstructed views at Fenway Park.""; ""Excellent Sightlines: Positioned in front of the Grandstand, meaning no support poles obstruct the view.""; ""Protective Netting: All rows in these sections sit behind protective netting near home plate."" Section Insights bullet printed only as ""Rows D-L"". When seated looking at the field, the lowest number seat (typically seat 1)."" (https://www.rateyourseats.com/fenway-park/seating/seating-chart).""","HIGH - zone, rows, location and seat direction stated by the source"
RFB87,Right Field Box (RFB87–RFB97),Right Field Boxes,"""Located on the lower level down the first base line near right field."" ""Right Field Box sections are located on the main seating level down the first base line toward right field."" ""On the Fenway Park seating chart, these sections appear adjacent to the Field Box and Loge Box areas, though they provide a slightly different viewing experience due to their position closer to the outfield."" ""Because they sit in front of the Grandstand seating, Right Field Box seats still offer unobstructed views, avoiding the support poles that affect some other areas of the ballpark.""",,"in right field, down the first base line - the Right Field Boxes break the sweep, sitting beside the LOW-numbered Field Boxes while carrying numbers above FB82 at the opposite, left-field end of the park, so no distance from home plate is stated for them",DD-XX,UNKNOWN,"Stairway aisles run along both side edges of the section; rows are not split by a mid-row aisle, so seat numbers run continuously from one side aisle to the other. The entry portal row is not published for this section.","Facing the field, seat 1 is on your right. That puts seat 1 on the far edge of the section, with no further section beyond it on that side, with seat numbers counting up toward the edge facing section RFB88.",not published,"CONCERT WARNING ""Right Field Box 87 is behind the stage or to the side of the stage for most concerts. This may restrict or limit your view of the performance."" ""Rows DD-XX""; ""Behind/Side Stage (most shows)"". ""Main Level Right Field Seating: Located on the lower level down the first base line near right field.""; ""Budget-Friendly Lower Level Seats: Often the cheapest unobstructed tickets on the main level of Fenway Park.""; ""Unique Viewing Angle: Many seats face toward the outfield rather than home plate, creating a sharp angle to the infield.""; ""Full Sun Exposure: These sections are uncovered and among the last seats in the ballpark to receive shade.""; ""Close to the Field: Positioned near Field Box and Loge Box sections while offering a lower price point.""; ""These seats are fully exposed to the elements and tend to stay in the sun longer than most other seating areas at Fenway Park.""","HIGH - zone, rows, location and seat direction stated by the source"
RFB88,Right Field Box (RFB87–RFB97),Right Field Boxes,"""Located on the lower level down the first base line near right field."" ""Right Field Box sections are located on the main seating level down the first base line toward right field."" ""On the Fenway Park seating chart, these sections appear adjacent to the Field Box and Loge Box areas, though they provide a slightly different viewing experience due to their position closer to the outfield."" ""Because they sit in front of the Grandstand seating, Right Field Box seats still offer unobstructed views, avoiding the support poles that affect some other areas of the ballpark.""",,"in right field, down the first base line - the Right Field Boxes break the sweep, sitting beside the LOW-numbered Field Boxes while carrying numbers above FB82 at the opposite, left-field end of the park, so no distance from home plate is stated for them",DD-XX,UNKNOWN,"Stairway aisles run along both side edges of the section; rows are not split by a mid-row aisle, so seat numbers run continuously from one side aisle to the other. The entry portal row is not published for this section.","Facing the field, seat 1 is on your right. That puts seat 1 on the edge facing section RFB87, with seat numbers counting up toward the edge facing section RFB89.",not published,"CONCERT WARNING ""Right Field Box 88 is behind the stage or to the side of the stage for most concerts. This may restrict or limit your view of the performance."" ""Behind/Side Stage (most shows)"". ""Main Level Right Field Seating: Located on the lower level down the first base line near right field.""; ""Budget-Friendly Lower Level Seats: Often the cheapest unobstructed tickets on the main level of Fenway Park.""; ""Unique Viewing Angle: Many seats face toward the outfield rather than home plate, creating a sharp angle to the infield.""; ""Full Sun Exposure: These sections are uncovered and among the last seats in the ballpark to receive shade.""; ""Close to the Field: Positioned near Field Box and Loge Box sections while offering a lower price point.""; ""These seats are fully exposed to the elements and tend to stay in the sun longer than most other seating areas at Fenway Park.""","HIGH - zone, rows, location and seat direction stated by the source"
RFB89,Right Field Box (RFB87–RFB97),Right Field Boxes,"""Located on the lower level down the first base line near right field."" ""Right Field Box sections are located on the main seating level down the first base line toward right field."" ""On the Fenway Park seating chart, these sections appear adjacent to the Field Box and Loge Box areas, though they provide a slightly different viewing experience due to their position closer to the outfield."" ""Because they sit in front of the Grandstand seating, Right Field Box seats still offer unobstructed views, avoiding the support poles that affect some other areas of the ballpark.""",,"in right field, down the first base line - the Right Field Boxes break the sweep, sitting beside the LOW-numbered Field Boxes while carrying numbers above FB82 at the opposite, left-field end of the park, so no distance from home plate is stated for them",DD-XX,UNKNOWN,"Stairway aisles run along both side edges of the section; rows are not split by a mid-row aisle, so seat numbers run continuously from one side aisle to the other. The entry portal row is not published for this section.","Facing the field, seat 1 is on your right. That puts seat 1 on the edge facing section RFB88, with seat numbers counting up toward the edge facing section RFB90.",not published,"""Rows DD-XX"". ""Main Level Right Field Seating: Located on the lower level down the first base line near right field.""; ""Budget-Friendly Lower Level Seats: Often the cheapest unobstructed tickets on the main level of Fenway Park.""; ""Unique Viewing Angle: Many seats face toward the outfield rather than home plate, creating a sharp angle to the infield.""; ""Full Sun Exposure: These sections are uncovered and among the last seats in the ballpark to receive shade.""; ""Close to the Field: Positioned near Field Box and Loge Box sections while offering a lower price point.""; ""These seats are fully exposed to the elements and tend to stay in the sun longer than most other seating areas at Fenway Park.""","HIGH - zone, rows, location and seat direction stated by the source"
RFB90,Right Field Box (RFB87–RFB97),Right Field Boxes,"""Located on the lower level down the first base line near right field."" ""Right Field Box sections are located on the main seating level down the first base line toward right field."" ""On the Fenway Park seating chart, these sections appear adjacent to the Field Box and Loge Box areas, though they provide a slightly different viewing experience due to their position closer to the outfield."" ""Because they sit in front of the Grandstand seating, Right Field Box seats still offer unobstructed views, avoiding the support poles that affect some other areas of the ballpark.""",,"in right field, down the first base line - the Right Field Boxes break the sweep, sitting beside the LOW-numbered Field Boxes while carrying numbers above FB82 at the opposite, left-field end of the park, so no distance from home plate is stated for them",DD-XX,UNKNOWN,"Stairway aisles run along both side edges of the section; rows are not split by a mid-row aisle, so seat numbers run continuously from one side aisle to the other. The entry portal row is not published for this section.","Facing the field, seat 1 is on your right. That puts seat 1 on the edge facing section RFB89, with seat numbers counting up toward the edge facing section RFB91.",not published,"""Top Pick for Kids and Family""; ""Rows DD-XX"". ""For baseball games, we recommend these seats for kids and family"". ""Main Level Right Field Seating: Located on the lower level down the first base line near right field.""; ""Budget-Friendly Lower Level Seats: Often the cheapest unobstructed tickets on the main level of Fenway Park.""; ""Unique Viewing Angle: Many seats face toward the outfield rather than home plate, creating a sharp angle to the infield.""; ""Full Sun Exposure: These sections are uncovered and among the last seats in the ballpark to receive shade.""; ""Close to the Field: Positioned near Field Box and Loge Box sections while offering a lower price point.""; ""These seats are fully exposed to the elements and tend to stay in the sun longer than most other seating areas at Fenway Park.""","HIGH - zone, rows, location and seat direction stated by the source"
RFB91,Right Field Box (RFB87–RFB97),Right Field Boxes,"""Located on the lower level down the first base line near right field."" ""Right Field Box sections are located on the main seating level down the first base line toward right field."" ""On the Fenway Park seating chart, these sections appear adjacent to the Field Box and Loge Box areas, though they provide a slightly different viewing experience due to their position closer to the outfield."" ""Because they sit in front of the Grandstand seating, Right Field Box seats still offer unobstructed views, avoiding the support poles that affect some other areas of the ballpark.""",,"in right field, down the first base line - the Right Field Boxes break the sweep, sitting beside the LOW-numbered Field Boxes while carrying numbers above FB82 at the opposite, left-field end of the park, so no distance from home plate is stated for them",DD-XX,DD,"Stairway aisles run along both side edges of the section; rows are not split by a mid-row aisle, so seat numbers run continuously from one side aisle to the other. The entry portal is at row DD.","Facing the field, seat 1 is on your right. That puts seat 1 on the edge facing section RFB90, with seat numbers counting up toward the edge facing section RFB92.",not published,"""Top Pick for Outstanding ConvenienceRows AA-GG""; ""Top Pick for Kids and Family""; ""Rows DD-XX"". ""For baseball games, we recommend rows AA-GG for outstanding convenience""; ""For baseball games, we recommend these seats for kids and family"". the insight recommends ""Rows AA-GG"" but this section's own rows are labelled DD-XX, so rows AA-CC do not exist here. ""Main Level Right Field Seating: Located on the lower level down the first base line near right field.""; ""Budget-Friendly Lower Level Seats: Often the cheapest unobstructed tickets on the main level of Fenway Park.""; ""Unique Viewing Angle: Many seats face toward the outfield rather than home plate, creating a sharp angle to the infield.""; ""Full Sun Exposure: These sections are uncovered and among the last seats in the ballpark to receive shade.""; ""Close to the Field: Positioned near Field Box and Loge Box sections while offering a lower price point.""; ""These seats are fully exposed to the elements and tend to stay in the sun longer than most other seating areas at Fenway Park.""","HIGH - zone, rows, location and seat direction stated by the source"
RFB92,Right Field Box (RFB87–RFB97),Right Field Boxes,"""Located on the lower level down the first base line near right field."" ""Right Field Box sections are located on the main seating level down the first base line toward right field."" ""On the Fenway Park seating chart, these sections appear adjacent to the Field Box and Loge Box areas, though they provide a slightly different viewing experience due to their position closer to the outfield."" ""Because they sit in front of the Grandstand seating, Right Field Box seats still offer unobstructed views, avoiding the support poles that affect some other areas of the ballpark.""",,"in right field, down the first base line - the Right Field Boxes break the sweep, sitting beside the LOW-numbered Field Boxes while carrying numbers above FB82 at the opposite, left-field end of the park, so no distance from home plate is stated for them",DD-XX,DD,"Stairway aisles run along both side edges of the section; rows are not split by a mid-row aisle, so seat numbers run continuously from one side aisle to the other. The entry portal is at row DD.","Facing the field, seat 1 is on your right. That puts seat 1 on the edge facing section RFB91, with seat numbers counting up toward the edge facing section RFB93.",not published,"FAN REVIEW ""Have to turn 100 degrees left to see home plate. - It's your own row and I have a little bit of space."" (attributed on the page to ""Right Field Box 92 / Row B - Baseball""). This is the only per-section fan text in the whole batch that names a direction, but it describes the BODY TURN needed to see home plate, NOT seat numbering, so it does not resolve the seat-1 side; it does independently corroborate that this section faces away from the infield, with home plate to the fan's LEFT - consistent with a first-base-line / right-field position. the review's row label ""Row B"" is not inside this section's stated DD-XX range. ""Top Pick for Outstanding ConvenienceRows AA-GG""; ""Top Pick for Kids and Family / Rows DD-XX"".","HIGH - zone, rows, location and seat direction stated by the source"
RFB93,Right Field Box (RFB87–RFB97),Right Field Boxes,"""Located on the lower level down the first base line near right field."" ""Right Field Box sections are located on the main seating level down the first base line toward right field."" ""On the Fenway Park seating chart, these sections appear adjacent to the Field Box and Loge Box areas, though they provide a slightly different viewing experience due to their position closer to the outfield."" ""Because they sit in front of the Grandstand seating, Right Field Box seats still offer unobstructed views, avoiding the support poles that affect some other areas of the ballpark.""",,"in right field, down the first base line - the Right Field Boxes break the sweep, sitting beside the LOW-numbered Field Boxes while carrying numbers above FB82 at the opposite, left-field end of the park, so no distance from home plate is stated for them",DD-XX,DD,"Stairway aisles run along both side edges of the section; rows are not split by a mid-row aisle, so seat numbers run continuously from one side aisle to the other. The entry portal is at row DD.","Facing the field, seat 1 is on your right. That puts seat 1 on the edge facing section RFB92, with seat numbers counting up toward the edge facing section RFB94.",not published,"""Rows DD-XX"". ""Main Level Right Field Seating: Located on the lower level down the first base line near right field.""; ""Budget-Friendly Lower Level Seats: Often the cheapest unobstructed tickets on the main level of Fenway Park.""; ""Unique Viewing Angle: Many seats face toward the outfield rather than home plate, creating a sharp angle to the infield.""; ""Full Sun Exposure: These sections are uncovered and among the last seats in the ballpark to receive shade.""; ""Close to the Field: Positioned near Field Box and Loge Box sections while offering a lower price point.""; ""These seats are fully exposed to the elements and tend to stay in the sun longer than most other seating areas at Fenway Park.""","HIGH - zone, rows, location and seat direction stated by the source"
RFB94,Right Field Box (RFB87–RFB97),Right Field Boxes,"""Located on the lower level down the first base line near right field."" ""Right Field Box sections are located on the main seating level down the first base line toward right field."" ""On the Fenway Park seating chart, these sections appear adjacent to the Field Box and Loge Box areas, though they provide a slightly different viewing experience due to their position closer to the outfield."" ""Because they sit in front of the Grandstand seating, Right Field Box seats still offer unobstructed views, avoiding the support poles that affect some other areas of the ballpark.""",,"in right field, down the first base line - the Right Field Boxes break the sweep, sitting beside the LOW-numbered Field Boxes while carrying numbers above FB82 at the opposite, left-field end of the park, so no distance from home plate is stated for them",BB-XX,BB,"Stairway aisles run along both side edges of the section; rows are not split by a mid-row aisle, so seat numbers run continuously from one side aisle to the other. The entry portal is at row BB.","Facing the field, seat 1 is on your right. That puts seat 1 on the edge facing section RFB93, with seat numbers counting up toward the edge facing section RFB95.",not published,"FAN REVIEW ""For being so far down the line, these are actually pretty good. Bad angle to home plate, but quality view of the outfield - especially RF."" ""Top Pick for Outstanding ConvenienceRows AA-GG""; ""Midfield View""; ""Rows BB-XX"". ""For baseball games, we recommend rows AA-GG for outstanding convenience""; ""For football games, desirable view from near midfield"". ""Main Level Right Field Seating: Located on the lower level down the first base line near right field.""; ""Budget-Friendly Lower Level Seats: Often the cheapest unobstructed tickets on the main level of Fenway Park.""; ""Unique Viewing Angle: Many seats face toward the outfield rather than home plate, creating a sharp angle to the infield.""; ""Full Sun Exposure: These sections are uncovered and among the last seats in the ballpark to receive shade.""; ""Close to the Field: Positioned near Field Box and Loge Box sections while offering a lower price point.""; ""These seats are fully exposed to the elements and tend to stay in the sun longer than most other seating areas at Fenway Park.""","HIGH - zone, rows, location and seat direction stated by the source"
RFB95,Right Field Box (RFB87–RFB97),Right Field Boxes,"""Located on the lower level down the first base line near right field."" ""Right Field Box sections are located on the main seating level down the first base line toward right field."" ""On the Fenway Park seating chart, these sections appear adjacent to the Field Box and Loge Box areas, though they provide a slightly different viewing experience due to their position closer to the outfield."" ""Because they sit in front of the Grandstand seating, Right Field Box seats still offer unobstructed views, avoiding the support poles that affect some other areas of the ballpark.""",,"in right field, down the first base line - the Right Field Boxes break the sweep, sitting beside the LOW-numbered Field Boxes while carrying numbers above FB82 at the opposite, left-field end of the park, so no distance from home plate is stated for them",BB-XX,BB,"Stairway aisles run along both side edges of the section; rows are not split by a mid-row aisle, so seat numbers run continuously from one side aisle to the other. The entry portal is at row BB.","Facing the field, seat 1 is on your right. That puts seat 1 on the edge facing section RFB94, with seat numbers counting up toward the edge facing section RFB96.",not published,"FAN REVIEW ""Excellent seats! Could see the entire field and were fairly close to the field."" (5 stars, ""Right Field Box 95 / Row GG - Baseball"", ""Pittsburgh Pirates at Boston Red Sox - Aug 29, 2025""). ""Top Pick for Outstanding ConvenienceRows AA-GG""; ""Top Pick for Getting a BallRows A-D""; ""Midfield View""; ""Rows BB-XX"". ""For baseball games, we recommend rows AA-GG for outstanding convenience""; ""For baseball games, we recommend rows A-D for getting a ball""; ""For football games, desirable view from near midfield"". Extra shade line ""Fans attending day games should be prepared for extended sun exposure when sitting in this area."" insights cite rows ""AA-GG"" and ""A-D"" while the section's own rows are BB-XX.","HIGH - zone, rows, location and seat direction stated by the source"
RFB96,Right Field Box (RFB87–RFB97),Right Field Boxes,"""Located on the lower level down the first base line near right field."" ""Right Field Box sections are located on the main seating level down the first base line toward right field."" ""On the Fenway Park seating chart, these sections appear adjacent to the Field Box and Loge Box areas, though they provide a slightly different viewing experience due to their position closer to the outfield."" ""Because they sit in front of the Grandstand seating, Right Field Box seats still offer unobstructed views, avoiding the support poles that affect some other areas of the ballpark.""",,"in right field, down the first base line - the Right Field Boxes break the sweep, sitting beside the LOW-numbered Field Boxes while carrying numbers above FB82 at the opposite, left-field end of the park, so no distance from home plate is stated for them",BB-XX,UNKNOWN,"Stairway aisles run along both side edges of the section; rows are not split by a mid-row aisle, so seat numbers run continuously from one side aisle to the other. The entry portal row is not published for this section.","Facing the field, seat 1 is on your right. That puts seat 1 on the edge facing section RFB95, with seat numbers counting up toward the edge facing section RFB97.",not published,"""Top Pick for Getting a BallRows A-D""; ""Midfield View""; ""Rows BB-XX"". ""For baseball games, we recommend rows A-D for getting a ball""; ""For football games, desirable view from near midfield"". the ""Rows A-D"" recommendation is outside this section's stated BB-XX row range. ""Main Level Right Field Seating: Located on the lower level down the first base line near right field.""; ""Budget-Friendly Lower Level Seats: Often the cheapest unobstructed tickets on the main level of Fenway Park.""; ""Unique Viewing Angle: Many seats face toward the outfield rather than home plate, creating a sharp angle to the infield.""; ""Full Sun Exposure: These sections are uncovered and among the last seats in the ballpark to receive shade.""; ""Close to the Field: Positioned near Field Box and Loge Box sections while offering a lower price point.""; ""These seats are fully exposed to the elements and tend to stay in the sun longer than most other seating areas at Fenway Park.""","HIGH - zone, rows, location and seat direction stated by the source"
RFB97,Right Field Box (RFB87–RFB97),Right Field Boxes,"""Located on the lower level down the first base line near right field."" ""Right Field Box sections are located on the main seating level down the first base line toward right field."" ""On the Fenway Park seating chart, these sections appear adjacent to the Field Box and Loge Box areas, though they provide a slightly different viewing experience due to their position closer to the outfield."" ""Because they sit in front of the Grandstand seating, Right Field Box seats still offer unobstructed views, avoiding the support poles that affect some other areas of the ballpark.""",,"in right field, down the first base line - the Right Field Boxes break the sweep, sitting beside the LOW-numbered Field Boxes while carrying numbers above FB82 at the opposite, left-field end of the park, so no distance from home plate is stated for them",BB-XX,BB,"Stairway aisles run along both side edges of the section; rows are not split by a mid-row aisle, so seat numbers run continuously from one side aisle to the other. The entry portal is at row BB.","Facing the field, seat 1 is on your right. That puts seat 1 on the edge facing section RFB96, with seat numbers counting up toward the far edge of the section, with no further section beyond it on that side.",not published,"""Top Pick for Getting a BallRows A-D""; ""Midfield View""; ""Rows BB-XX"". ""For baseball games, we recommend rows A-D for getting a ball""; ""For football games, desirable view from near midfield"". ""Main Level Right Field Seating: Located on the lower level down the first base line near right field.""; ""Budget-Friendly Lower Level Seats: Often the cheapest unobstructed tickets on the main level of Fenway Park.""; ""Unique Viewing Angle: Many seats face toward the outfield rather than home plate, creating a sharp angle to the infield.""; ""Full Sun Exposure: These sections are uncovered and among the last seats in the ballpark to receive shade.""; ""Close to the Field: Positioned near Field Box and Loge Box sections while offering a lower price point.""; ""These seats are fully exposed to the elements and tend to stay in the sun longer than most other seating areas at Fenway Park.""","HIGH - zone, rows, location and seat direction stated by the source"
LB98,Loge Box (LB98–LB165),Loge Boxes,"Generic Loge Boxes zone text. ""Located on the Loge Level directly behind the Field Boxes, offering a great viewing height near the action."" ""Loge Box seats are located on the Loge Level at Fenway Park, positioned just above the Field Box seats and directly in front of the Grandstand sections."" The zone review bullet that covers this section by RANGE ""First Base Side (Sections 98-106) Provides a head-on view of the Green Monster"". That is a range statement, not a sentence about this section alone.",27,toward first base / right field,DD-RR,UNKNOWN,"Stairway aisles run along both side edges of the section; rows are not split by a mid-row aisle, so seat numbers run continuously from one side aisle to the other. The entry portal row is not published for this section.","Facing the field, seat 1 is on your right. That puts seat 1 on the far edge of the section, with no further section beyond it on that side, with seat numbers counting up toward the edge facing section LB99. Seat 1 is the end of the row farthest from home plate, and higher seat numbers run back toward home plate.",not published,"""Midfield View""; ""Rows DD-RR"". ""For football games, desirable view from near midfield"". the zone entrance sentence names Row AA, but this section's rows start at DD - there is no Row AA in Loge Box 98, so the Row AA entrance claim cannot be section-specific here. ""Close to the Field: Located on the Loge Level directly behind the Field Boxes, offering a great viewing height near the action.""; ""Unobstructed Views: All Loge seats sit in front of the Grandstand support poles, eliminating the obstructed sightlines common elsewhere at Fenway.""; ""Smaller Sections: Most sections feature fewer than 15 rows, making it easier to enter and exit seats.""; ""Strong Infield Views: Sections 125-134 behind home plate provide some of the best sightlines in the ballpark.""; ""Good Shade Options: Many seats receive shade by late afternoon, with the third base side shading earlier than the first base side.""","HIGH - zone, rows, location and seat direction stated by the source"
LB99,Loge Box (LB98–LB165),Loge Boxes,"Generic Loge Boxes zone text. ""Located on the Loge Level directly behind the Field Boxes, offering a great viewing height near the action."" ""Loge Box seats are located on the Loge Level at Fenway Park, positioned just above the Field Box seats and directly in front of the Grandstand sections."" The zone bullet ""First Base Side (Sections 98-106) Provides a head-on view of the Green Monster"" was returned on the LB98 and LB100 renders of this same zone review and covers this section by range, but it was NOT returned in this page's own render, so it is recorded as range-level zone text, not as a section-specific sentence.",26,toward first base / right field,AA-RR,AA,"Stairway aisles run along both side edges of the section; rows are not split by a mid-row aisle, so seat numbers run continuously from one side aisle to the other. The entry portal is at row AA.","Facing the field, seat 1 is on your right. That puts seat 1 on the edge facing section LB98, with seat numbers counting up toward the edge facing section LB100. Seat 1 is the end of the row farthest from home plate, and higher seat numbers run back toward home plate.",not published,"""Midfield View""; ""Rows AA-RR"". ""For football games, desirable view from near midfield"". Additional zone sentence on this page ""The Loge Level wraps almost completely around the lower seating bowl at Fenway Park."" ""Close to the Field: Located on the Loge Level directly behind the Field Boxes, offering a great viewing height near the action.""; ""Unobstructed Views: All Loge seats sit in front of the Grandstand support poles, eliminating the obstructed sightlines common elsewhere at Fenway.""; ""Smaller Sections: Most sections feature fewer than 15 rows, making it easier to enter and exit seats.""; ""Strong Infield Views: Sections 125-134 behind home plate provide some of the best sightlines in the ballpark.""; ""Good Shade Options: Many seats receive shade by late afternoon, with the third base side shading earlier than the first base side.""","HIGH - zone, rows, location and seat direction stated by the source"
LB100,Loge Box (LB98–LB165),Loge Boxes,"Generic Loge Boxes zone text. ""Located on the Loge Level directly behind the Field Boxes, offering a great viewing height near the action."" ""Loge Box seats are located on the Loge Level at Fenway Park, positioned just above the Field Box seats and directly in front of the Grandstand sections."" The zone review bullet that covers this section by RANGE ""First Base Side (Sections 98-106) Provides a head-on view of the Green Monster"". That is a range statement, not a sentence about this section alone.",25,toward first base / right field,AA-RR,UNKNOWN,"Stairway aisles run along both side edges of the section; rows are not split by a mid-row aisle, so seat numbers run continuously from one side aisle to the other. The entry portal row is not published for this section.","Facing the field, seat 1 is on your right. That puts seat 1 on the edge facing section LB99, with seat numbers counting up toward the edge facing section LB101. Seat 1 is the end of the row farthest from home plate, and higher seat numbers run back toward home plate.",not published,"""Midfield View""; ""Rows AA-RR"". ""For football games, desirable view from near midfield"". Additional zone sentence on this page ""Sections 125-134, located directly behind home plate, are widely considered some of the best seats on the Loge Level thanks to their centered perspective of the field."" (a statement about OTHER sections, quoted here only because it appears on this page). ""Close to the Field: Located on the Loge Level directly behind the Field Boxes, offering a great viewing height near the action.""; ""Unobstructed Views: All Loge seats sit in front of the Grandstand support poles, eliminating the obstructed sightlines common elsewhere at Fenway.""; ""Smaller Sections: Most sections feature fewer than 15 rows, making it easier to enter and exit seats.""; ""Strong Infield Views: Sections 125-134 behind home plate provide some of the best sightlines in the ballpark.""; ""Good Shade Options: Many seats receive shade by late afternoon, with the third base side shading earlier than the first base side.""","HIGH - zone, rows, location and seat direction stated by the source"
LB101,Loge Box (LB98–LB165),Loge Boxes,"Generic Loge Boxes zone text. ""Located on the Loge Level directly behind the Field Boxes, offering a great viewing height near the action."" ""Loge Box seats are located on the Loge Level at Fenway Park, positioned just above the Field Box seats and directly in front of the Grandstand sections."" The zone bullet ""First Base Side (Sections 98-106) Provides a head-on view of the Green Monster"" was returned on the LB98 and LB100 renders of this same zone review and covers this section by range, but it was NOT returned in this page's own render, so it is recorded as range-level zone text, not as a section-specific sentence.",24,toward first base / right field,AA-RR,UNKNOWN,"Stairway aisles run along both side edges of the section; rows are not split by a mid-row aisle, so seat numbers run continuously from one side aisle to the other. The entry portal row is not published for this section.","Facing the field, seat 1 is on your right. That puts seat 1 on the edge facing section LB100, with seat numbers counting up toward the edge facing section LB102. Seat 1 is the end of the row farthest from home plate, and higher seat numbers run back toward home plate.",not published,"FAN REVIEWS ""There is so much foot traffic in the walkway that row AA seems to be blocked all the time. Row EE was great!"" and ""Simply excellent - Forget about worrying about obstructed views. You're not getting em here. Nothing but clear sidelines to every angle of the field."" Row AA at this section is blocked by concourse foot traffic. Neither names a seat side. ""Midfield View""; ""Rows AA-RR"". ""Close to the Field: Located on the Loge Level directly behind the Field Boxes, offering a great viewing height near the action.""; ""Unobstructed Views: All Loge seats sit in front of the Grandstand support poles, eliminating the obstructed sightlines common elsewhere at Fenway.""; ""Smaller Sections: Most sections feature fewer than 15 rows, making it easier to enter and exit seats.""; ""Strong Infield Views: Sections 125-134 behind home plate provide some of the best sightlines in the ballpark.""; ""Good Shade Options: Many seats receive shade by late afternoon, with the third base side shading earlier than the first base side.""","HIGH - zone, rows, location and seat direction stated by the source"
LB102,Loge Box (LB98–LB165),Loge Boxes,"Generic Loge Boxes zone text. ""Located on the Loge Level directly behind the Field Boxes, offering a great viewing height near the action."" ""Loge Box seats are located on the Loge Level at Fenway Park, positioned just above the Field Box seats and directly in front of the Grandstand sections."" The zone bullet ""First Base Side (Sections 98-106) Provides a head-on view of the Green Monster"" was returned on the LB98 and LB100 renders of this same zone review and covers this section by range, but it was NOT returned in this page's own render, so it is recorded as range-level zone text, not as a section-specific sentence.",23,toward first base / right field,AA-RR,AA,"Stairway aisles run along both side edges of the section; rows are not split by a mid-row aisle, so seat numbers run continuously from one side aisle to the other. The entry portal is at row AA.","Facing the field, seat 1 is on your right. That puts seat 1 on the edge facing section LB101, with seat numbers counting up toward the edge facing section LB103. Seat 1 is the end of the row farthest from home plate, and higher seat numbers run back toward home plate.",not published,"FAN REVIEWS ""Great view - Tough seats for a 4:00 game on a sunny day in July . 30, very hot!""; ""They were great - These seats were the best I've ever sat in. Try to get these seats you will not be disappointed""; ""Excellent."" ""Midfield View""; ""Rows AA-RR"". ""Close to the Field: Located on the Loge Level directly behind the Field Boxes, offering a great viewing height near the action.""; ""Unobstructed Views: All Loge seats sit in front of the Grandstand support poles, eliminating the obstructed sightlines common elsewhere at Fenway.""; ""Smaller Sections: Most sections feature fewer than 15 rows, making it easier to enter and exit seats.""; ""Strong Infield Views: Sections 125-134 behind home plate provide some of the best sightlines in the ballpark.""; ""Good Shade Options: Many seats receive shade by late afternoon, with the third base side shading earlier than the first base side.""","HIGH - zone, rows, location and seat direction stated by the source"
LB103,Loge Box (LB98–LB165),Loge Boxes,"Generic Loge Boxes zone text. ""Located on the Loge Level directly behind the Field Boxes, offering a great viewing height near the action."" ""Loge Box seats are located on the Loge Level at Fenway Park, positioned just above the Field Box seats and directly in front of the Grandstand sections."" The zone bullet ""First Base Side (Sections 98-106) Provides a head-on view of the Green Monster"" was returned on the LB98 and LB100 renders of this same zone review and covers this section by range, but it was NOT returned in this page's own render, so it is recorded as range-level zone text, not as a section-specific sentence.",22,toward first base / right field,AA-RR,UNKNOWN,"Stairway aisles run along both side edges of the section; rows are not split by a mid-row aisle, so seat numbers run continuously from one side aisle to the other. The entry portal row is not published for this section.","Facing the field, seat 1 is on your right. That puts seat 1 on the edge facing section LB102, with seat numbers counting up toward the edge facing section LB104. Seat 1 is the end of the row farthest from home plate, and higher seat numbers run back toward home plate.",not published,"""Midfield View""; ""Rows AA-RR"". ""For football games, desirable view from near midfield"". ""Close to the Field: Located on the Loge Level directly behind the Field Boxes, offering a great viewing height near the action.""; ""Unobstructed Views: All Loge seats sit in front of the Grandstand support poles, eliminating the obstructed sightlines common elsewhere at Fenway.""; ""Smaller Sections: Most sections feature fewer than 15 rows, making it easier to enter and exit seats.""; ""Strong Infield Views: Sections 125-134 behind home plate provide some of the best sightlines in the ballpark.""; ""Good Shade Options: Many seats receive shade by late afternoon, with the third base side shading earlier than the first base side.""","HIGH - zone, rows, location and seat direction stated by the source"
LB104,Loge Box (LB98–LB165),Loge Boxes,"Generic Loge Boxes zone text. ""Located on the Loge Level directly behind the Field Boxes, offering a great viewing height near the action."" ""Loge Box seats are located on the Loge Level at Fenway Park, positioned just above the Field Box seats and directly in front of the Grandstand sections."" The zone bullet ""First Base Side (Sections 98-106) Provides a head-on view of the Green Monster"" was returned on the LB98 and LB100 renders of this same zone review and covers this section by range, but it was NOT returned in this page's own render, so it is recorded as range-level zone text, not as a section-specific sentence.",21,toward first base / right field,AA-RR,AA,"Stairway aisles run along both side edges of the section; rows are not split by a mid-row aisle, so seat numbers run continuously from one side aisle to the other. The entry portal is at row AA.","Facing the field, seat 1 is on your right. That puts seat 1 on the edge facing section LB103, with seat numbers counting up toward the edge facing section LB105. Seat 1 is the end of the row farthest from home plate, and higher seat numbers run back toward home plate.",not published,"""Top Pick for Outstanding ConvenienceRows AA-GG""; ""Top Pick for Great Views of the FieldRows CC-HH""; ""Midfield View""; ""Rows AA-RR"". ""For baseball games, we recommend rows AA-GG for outstanding convenience""; ""For baseball games, we recommend rows CC-HH for great views of the field""; ""For football games, desirable view from near midfield"". the first fetch of this page returned the seat-numbering boilerplate in place of the entrance line; a second targeted fetch confirmed the entrance sentence is present and reads ""An entrance to this section is located at Row AA"". ""Close to the Field: Located on the Loge Level directly behind the Field Boxes, offering a great viewing height near the action.""; ""Unobstructed Views: All Loge seats sit in front of the Grandstand support poles, eliminating the obstructed sightlines common elsewhere at Fenway.""; ""Smaller Sections: Most sections feature fewer than 15 rows, making it easier to enter and exit seats.""; ""Strong Infield Views: Sections 125-134 behind home plate provide some of the best sightlines in the ballpark.""; ""Good Shade Options: Many seats receive shade by late afternoon, with the third base side shading earlier than the first base side.""","HIGH - zone, rows, location and seat direction stated by the source"
LB105,Loge Box (LB98–LB165),Loge Box,"Loge Box seats are located on the Loge Level at Fenway Park, positioned just above the Field Box seats and directly in front of the Grandstand sections.",20,toward first base / right field,AA-RR,UNKNOWN,"Stairway aisles run along both side edges of the section; rows are not split by a mid-row aisle, so seat numbers run continuously from one side aisle to the other. The entry portal row is not published for this section.","Facing the field, seat 1 is on your right. That puts seat 1 on the edge facing section LB104, with seat numbers counting up toward the edge facing section LB106. Seat 1 is the end of the row farthest from home plate, and higher seat numbers run back toward home plate.",not published,"""All Loge seats sit in front of the Grandstand support poles, eliminating the obstructed sightlines common elsewhere at Fenway."" and ""One major advantage of the Loge Level is that every seat sits in front of the Grandstand support poles, meaning fans do not have to worry about the obstructed views that affect many seats elsewhere in the stadium."" ""many seats in this area move into the shade by late afternoon"" and ""Seats on the third base side generally receive shade earlier, while the first base side tends to stay in the sun longer during day games."" ""Top Pick for Great Views of the Field - Rows CC-HH""; ""Midfield View""; ""Rows AA-RR"". ""For baseball games, we recommend rows CC-HH for great views of the field.""","HIGH - zone, rows, location and seat direction stated by the source"
LB106,Loge Box (LB98–LB165),Loge Box,"Loge Box seats are located on the Loge Level at Fenway Park, positioned just above the Field Box seats and directly in front of the Grandstand sections.",19,toward first base / right field,AA-RR,UNKNOWN,"Stairway aisles run along both side edges of the section; rows are not split by a mid-row aisle, so seat numbers run continuously from one side aisle to the other. The entry portal row is not published for this section.","Facing the field, seat 1 is on your right. That puts seat 1 on the edge facing section LB105, with seat numbers counting up toward the edge facing section LB107. Seat 1 is the end of the row farthest from home plate, and higher seat numbers run back toward home plate.",not published,"""All Loge seats sit in front of the Grandstand support poles, eliminating the obstructed sightlines common elsewhere at Fenway."" and ""One major advantage of the Loge Level is that every seat sits in front of the Grandstand support poles, meaning fans do not have to worry about the obstructed views that affect many seats elsewhere in the stadium."" ""many seats in this area move into the shade by late afternoon"" and ""Seats on the third base side generally receive shade earlier, while the first base side tends to stay in the sun longer during day games."" ""Top Pick for Great Views of the Field - Rows CC-HH""; ""Midfield View""; ""Rows AA-RR"". ""For baseball games, we recommend rows CC-HH for great views of the field""; ""For football games, desirable view from near midfield"".","HIGH - zone, rows, location and seat direction stated by the source"
LB107,Loge Box (LB98–LB165),Loge Box,"Loge Box seats are located on the Loge Level at Fenway Park, positioned just above the Field Box seats and directly in front of the Grandstand sections.",18,toward first base / right field,AA-NN,UNKNOWN,"Stairway aisles run along both side edges of the section; rows are not split by a mid-row aisle, so seat numbers run continuously from one side aisle to the other. The entry portal row is not published for this section.","Facing the field, seat 1 is on your right. That puts seat 1 on the edge facing section LB106, with seat numbers counting up toward the edge facing section LB108. Seat 1 is the end of the row farthest from home plate, and higher seat numbers run back toward home plate.",not published,"""All Loge seats sit in front of the Grandstand support poles, eliminating the obstructed sightlines common elsewhere at Fenway."" and ""One major advantage of the Loge Level is that every seat sits in front of the Grandstand support poles, meaning fans do not have to worry about the obstructed views that affect many seats elsewhere in the stadium."" ""many seats in this area move into the shade by late afternoon"" and ""Seats on the third base side generally receive shade earlier, while the first base side tends to stay in the sun longer during day games."" ""Top Pick for Great Views of the Field - Rows CC-HH""; ""Rows AA-NN"". ""For baseball games, we recommend rows CC-HH for great views of the field"".","HIGH - zone, rows, location and seat direction stated by the source"
LB108,Loge Box (LB98–LB165),Loge Box,"Loge Box seats are located on the Loge Level at Fenway Park, positioned just above the Field Box seats and directly in front of the Grandstand sections."" ""Located on the Loge Level directly behind the Field Boxes, offering a great viewing height near the action.",17,toward first base / right field,AA-NN,UNKNOWN,"Stairway aisles run along both side edges of the section; rows are not split by a mid-row aisle, so seat numbers run continuously from one side aisle to the other. The entry portal row is not published for this section.","Facing the field, seat 1 is on your right. That puts seat 1 on the edge facing section LB107, with seat numbers counting up toward the edge facing section LB109. Seat 1 is the end of the row farthest from home plate, and higher seat numbers run back toward home plate.",not published,"""All Loge seats sit in front of the Grandstand support poles, eliminating the obstructed sightlines common elsewhere at Fenway."" and ""One major advantage of the Loge Level is that every seat sits in front of the Grandstand support poles, meaning fans do not have to worry about the obstructed views that affect many seats elsewhere in the stadium."" ""many seats in this area move into the shade by late afternoon"" and ""Seats on the third base side generally receive shade earlier, while the first base side tends to stay in the sun longer during day games."" ""Top Pick for Great Views of the Field - Rows CC-HH"". ""For baseball games, we recommend rows CC-HH for great views of the field"". ""The worst for a concert - There was a constant flow of traffic in front of this row and was extremely distracting during basically the entire concert but especially the openers.""","HIGH - zone, rows, location and seat direction stated by the source"
LB109,Loge Box (LB98–LB165),Loge Box,"Loge Box seats are located on the Loge Level at Fenway Park, positioned just above the Field Box seats and directly in front of the Grandstand sections.",16,toward first base / right field,AA-NN,UNKNOWN,"Stairway aisles run along both side edges of the section; rows are not split by a mid-row aisle, so seat numbers run continuously from one side aisle to the other. The entry portal row is not published for this section.","Facing the field, seat 1 is on your right. That puts seat 1 on the edge facing section LB108, with seat numbers counting up toward the edge facing section LB110. Seat 1 is the end of the row farthest from home plate, and higher seat numbers run back toward home plate.",not published,"""All Loge seats sit in front of the Grandstand support poles, eliminating the obstructed sightlines common elsewhere at Fenway."" and ""One major advantage of the Loge Level is that every seat sits in front of the Grandstand support poles, meaning fans do not have to worry about the obstructed views that affect many seats elsewhere in the stadium."" ""many seats in this area move into the shade by late afternoon"" and ""Seats on the third base side generally receive shade earlier, while the first base side tends to stay in the sun longer during day games."" ""Top Pick for Great Views of the Field - Rows CC-HH""; ""Rows AA-NN"". ""For baseball games, we recommend rows CC-HH for great views of the field"".","HIGH - zone, rows, location and seat direction stated by the source"
LB110,Loge Box (LB98–LB165),Loge Box,"Loge Box seats are located on the Loge Level at Fenway Park, positioned just above the Field Box seats and directly in front of the Grandstand sections."" ""Located on the Loge Level directly behind the Field Boxes, offering a great viewing height near the action.",15,toward first base / right field,AA-NN,UNKNOWN,"Stairway aisles run along both side edges of the section; rows are not split by a mid-row aisle, so seat numbers run continuously from one side aisle to the other. The entry portal row is not published for this section.","Facing the field, seat 1 is on your right. That puts seat 1 on the edge facing section LB109, with seat numbers counting up toward the edge facing section LB111. Seat 1 is the end of the row farthest from home plate, and higher seat numbers run back toward home plate.",not published,"""All Loge seats sit in front of the Grandstand support poles, eliminating the obstructed sightlines common elsewhere at Fenway."" and ""One major advantage of the Loge Level is that every seat sits in front of the Grandstand support poles, meaning fans do not have to worry about the obstructed views that affect many seats elsewhere in the stadium."" ""many seats in this area move into the shade by late afternoon"" and ""Seats on the third base side generally receive shade earlier, while the first base side tends to stay in the sun longer during day games."" ""Top Pick for Great Views of the Field - Rows CC-HH"". ""For baseball games, we recommend rows CC-HH for great views of the field"". ""many seats receive shade by late afternoon, with the third base side shading earlier than the first base side.""","HIGH - zone, rows, location and seat direction stated by the source"
LB111,Loge Box (LB98–LB165),Loge Box,"Loge Box seats are located on the Loge Level at Fenway Park, positioned just above the Field Box seats and directly in front of the Grandstand sections."" ""Located on the Loge Level directly behind the Field Boxes, offering a great viewing height near the action.",14,toward first base / right field,AA-NN,UNKNOWN,"Stairway aisles run along both side edges of the section; rows are not split by a mid-row aisle, so seat numbers run continuously from one side aisle to the other. The entry portal row is not published for this section.","Facing the field, seat 1 is on your right. That puts seat 1 on the edge facing section LB110, with seat numbers counting up toward the edge facing section LB112. Seat 1 is the end of the row farthest from home plate, and higher seat numbers run back toward home plate.",not published,"""All Loge seats sit in front of the Grandstand support poles, eliminating the obstructed sightlines common elsewhere at Fenway."" and ""One major advantage of the Loge Level is that every seat sits in front of the Grandstand support poles, meaning fans do not have to worry about the obstructed views that affect many seats elsewhere in the stadium."" ""many seats in this area move into the shade by late afternoon"" and ""Seats on the third base side generally receive shade earlier, while the first base side tends to stay in the sun longer during day games."" ""Top Pick for Great Views of the Field - Rows CC-HH""; ""Rows AA-NN"". ""For baseball games, we recommend rows CC-HH for great views of the field"".","HIGH - zone, rows, location and seat direction stated by the source"
LB112,Loge Box (LB98–LB165),Loge Box,"Loge Box seats are located on the Loge Level at Fenway Park, positioned just above the Field Box seats and directly in front of the Grandstand sections.",13,toward first base / right field,AA-NN,UNKNOWN,"Stairway aisles run along both side edges of the section; rows are not split by a mid-row aisle, so seat numbers run continuously from one side aisle to the other. The entry portal row is not published for this section.","Facing the field, seat 1 is on your right. That puts seat 1 on the edge facing section LB111, with seat numbers counting up toward the edge facing section LB113. Seat 1 is the end of the row farthest from home plate, and higher seat numbers run back toward home plate.",not published,"""All Loge seats sit in front of the Grandstand support poles, eliminating the obstructed sightlines common elsewhere at Fenway."" and ""One major advantage of the Loge Level is that every seat sits in front of the Grandstand support poles, meaning fans do not have to worry about the obstructed views that affect many seats elsewhere in the stadium."" ""many seats in this area move into the shade by late afternoon"" and ""Seats on the third base side generally receive shade earlier, while the first base side tends to stay in the sun longer during day games."" ""Top Pick for Great Views of the Field - Rows CC-HH""; ""Rows AA-NN"". ""For baseball games, we recommend rows CC-HH for great views of the field"".","HIGH - zone, rows, location and seat direction stated by the source"
LB113,Loge Box (LB98–LB165),Loge Box,"Loge Box seats are located on the Loge Level at Fenway Park, positioned just above the Field Box seats and directly in front of the Grandstand sections.",12,toward first base / right field,AA-NN,UNKNOWN,"Stairway aisles run along both side edges of the section; rows are not split by a mid-row aisle, so seat numbers run continuously from one side aisle to the other. The entry portal row is not published for this section.","Facing the field, seat 1 is on your right. That puts seat 1 on the edge facing section LB112, with seat numbers counting up toward the edge facing section LB114. Seat 1 is the end of the row farthest from home plate, and higher seat numbers run back toward home plate.",not published,"""All Loge seats sit in front of the Grandstand support poles, eliminating the obstructed sightlines common elsewhere at Fenway."" and ""One major advantage of the Loge Level is that every seat sits in front of the Grandstand support poles, meaning fans do not have to worry about the obstructed views that affect many seats elsewhere in the stadium."" ""many seats in this area move into the shade by late afternoon"" and ""Seats on the third base side generally receive shade earlier, while the first base side tends to stay in the sun longer during day games."" ""Top Pick for Great Views of the Field - Rows CC-HH""; ""Rows AA-NN"". ""For baseball games, we recommend rows CC-HH for great views of the field"".","HIGH - zone, rows, location and seat direction stated by the source"
LB114,Loge Box (LB98–LB165),Loge Box,"Loge Box seats are located on the Loge Level at Fenway Park, positioned just above the Field Box seats and directly in front of the Grandstand sections.",11,toward first base / right field,AA-NN,UNKNOWN,"Stairway aisles run along both side edges of the section; rows are not split by a mid-row aisle, so seat numbers run continuously from one side aisle to the other. The entry portal row is not published for this section.","Facing the field, seat 1 is on your right. That puts seat 1 on the edge facing section LB113, with seat numbers counting up toward the edge facing section LB115. Seat 1 is the end of the row farthest from home plate, and higher seat numbers run back toward home plate.",not published,"""All Loge seats sit in front of the Grandstand support poles, eliminating the obstructed sightlines common elsewhere at Fenway."" and ""One major advantage of the Loge Level is that every seat sits in front of the Grandstand support poles, meaning fans do not have to worry about the obstructed views that affect many seats elsewhere in the stadium."" ""many seats in this area move into the shade by late afternoon"" and ""Seats on the third base side generally receive shade earlier, while the first base side tends to stay in the sun longer during day games."" ""Top Pick for Great Views of the Field - Rows CC-HH""; ""Rows AA-NN"". ""For baseball games, we recommend rows CC-HH for great views of the field"".","HIGH - zone, rows, location and seat direction stated by the source"
LB115,Loge Box (LB98–LB165),Loge Box,"Loge Box seats are located on the Loge Level at Fenway Park, positioned just above the Field Box seats and directly in front of the Grandstand sections.",10,toward first base / right field,AA-NN,AA,"Stairway aisles run along both side edges of the section; rows are not split by a mid-row aisle, so seat numbers run continuously from one side aisle to the other. The entry portal is at row AA.","Facing the field, seat 1 is on your right. That puts seat 1 on the edge facing section LB114, with seat numbers counting up toward the edge facing section LB116. Seat 1 is the end of the row farthest from home plate, and higher seat numbers run back toward home plate.",not published,"""All Loge seats sit in front of the Grandstand support poles, eliminating the obstructed sightlines common elsewhere at Fenway."" and ""One major advantage of the Loge Level is that every seat sits in front of the Grandstand support poles, meaning fans do not have to worry about the obstructed views that affect many seats elsewhere in the stadium."" ""many seats in this area move into the shade by late afternoon"" and ""Seats on the third base side generally receive shade earlier, while the first base side tends to stay in the sun longer during day games."" ""Top Pick for Great Views of the Field - Rows CC-HH""; ""Rows AA-NN"". ""For baseball games, we recommend rows CC-HH for great views of the field"".","HIGH - zone, rows, location and seat direction stated by the source"
LB116,Loge Box (LB98–LB165),Loge Box,"Loge Box seats are located on the Loge Level at Fenway Park, positioned just above the Field Box seats and directly in front of the Grandstand sections.",9,toward first base / right field,AA-NN,UNKNOWN,"Stairway aisles run along both side edges of the section; rows are not split by a mid-row aisle, so seat numbers run continuously from one side aisle to the other. The entry portal row is not published for this section.","Facing the field, seat 1 is on your right. That puts seat 1 on the edge facing section LB115, with seat numbers counting up toward the edge facing section LB117. Seat 1 is the end of the row farthest from home plate, and higher seat numbers run back toward home plate.",not published,"""All Loge seats sit in front of the Grandstand support poles, eliminating the obstructed sightlines common elsewhere at Fenway."" and ""One major advantage of the Loge Level is that every seat sits in front of the Grandstand support poles, meaning fans do not have to worry about the obstructed views that affect many seats elsewhere in the stadium."" ""many seats in this area move into the shade by late afternoon"" and ""Seats on the third base side generally receive shade earlier, while the first base side tends to stay in the sun longer during day games."" ""Rows AA-NN"". ""Many seats receive shade by late afternoon, with the third base side shading earlier than the first base side."" CONTRADICTION FLAG (park-level, carried on every record in this batch): this page's boilerplate ""lower number seats are on the left"" directly contradicts the RateYourSeats Fenway Park seating-chart page, which states ""Seat Numbers at Fenway Park go from right-to-left.""","HIGH - zone, rows, location and seat direction stated by the source"
LB117,Loge Box (LB98–LB165),Loge Box,"Loge Box seats are located on the Loge Level at Fenway Park, positioned just above the Field Box seats and directly in front of the Grandstand sections."" ""Located on the Loge Level directly behind the Field Boxes, offering a great viewing height near the action.",8,toward first base / right field,AA-NN,AA,"Stairway aisles run along both side edges of the section; rows are not split by a mid-row aisle, so seat numbers run continuously from one side aisle to the other. The entry portal is at row AA.","Facing the field, seat 1 is on your right. That puts seat 1 on the edge facing section LB116, with seat numbers counting up toward the edge facing section LB118. Seat 1 is the end of the row farthest from home plate, and higher seat numbers run back toward home plate.",not published,"""All Loge seats sit in front of the Grandstand support poles, eliminating the obstructed sightlines common elsewhere at Fenway."" and ""One major advantage of the Loge Level is that every seat sits in front of the Grandstand support poles, meaning fans do not have to worry about the obstructed views that affect many seats elsewhere in the stadium."" ""many seats in this area move into the shade by late afternoon"" and ""Seats on the third base side generally receive shade earlier, while the first base side tends to stay in the sun longer during day games."" ""Afternoon Shade in Select Rows""; ""Rows AA-NN"". ""Rows DD and above are shaded during most day games"". One of only two pages in the batch (with LB115) carrying the per-section entrance line.","HIGH - zone, rows, location and seat direction stated by the source"
LB118,Loge Box (LB98–LB165),Loge Box,"Loge Box seats are located on the Loge Level at Fenway Park, positioned just above the Field Box seats and directly in front of the Grandstand sections.",7,toward first base / right field,AA-NN,UNKNOWN,"Stairway aisles run along both side edges of the section; rows are not split by a mid-row aisle, so seat numbers run continuously from one side aisle to the other. The entry portal row is not published for this section.","Facing the field, seat 1 is on your right. That puts seat 1 on the edge facing section LB117, with seat numbers counting up toward the edge facing section LB119. Seat 1 is the end of the row farthest from home plate, and higher seat numbers run back toward home plate.",not published,"""All Loge seats sit in front of the Grandstand support poles, eliminating the obstructed sightlines common elsewhere at Fenway."" and ""One major advantage of the Loge Level is that every seat sits in front of the Grandstand support poles, meaning fans do not have to worry about the obstructed views that affect many seats elsewhere in the stadium."" ""many seats in this area move into the shade by late afternoon"" and ""Seats on the third base side generally receive shade earlier, while the first base side tends to stay in the sun longer during day games."" ""Afternoon Shade in Select Rows""; ""Rows AA-NN"". ""Rows DD and above are shaded during most day games""; ""See all shaded and covered seating"". ""While Row AA offers the benefit of having no seats directly in front, some fans may find the foot traffic along the walkway distracting.""","HIGH - zone, rows, location and seat direction stated by the source"
LB119,Loge Box (LB98–LB165),Loge Box,"Loge Box seats are located on the Loge Level at Fenway Park, positioned just above the Field Box seats and directly in front of the Grandstand sections.",6,toward first base / right field,AA-NN,UNKNOWN,"Stairway aisles run along both side edges of the section; rows are not split by a mid-row aisle, so seat numbers run continuously from one side aisle to the other. The entry portal row is not published for this section.","Facing the field, seat 1 is on your right. That puts seat 1 on the edge facing section LB118, with seat numbers counting up toward the edge facing section LB120. Seat 1 is the end of the row farthest from home plate, and higher seat numbers run back toward home plate.",not published,"""All Loge seats sit in front of the Grandstand support poles, eliminating the obstructed sightlines common elsewhere at Fenway."" and ""One major advantage of the Loge Level is that every seat sits in front of the Grandstand support poles, meaning fans do not have to worry about the obstructed views that affect many seats elsewhere in the stadium."" ""many seats in this area move into the shade by late afternoon"" and ""Seats on the third base side generally receive shade earlier, while the first base side tends to stay in the sun longer during day games."" ""Afternoon Shade in Select Rows""; ""Rows AA-NN"". ""Rows CC and above are shaded during most day games"". Shade threshold drops to Row CC here, from Row DD at LB117-LB118.","HIGH - zone, rows, location and seat direction stated by the source"
LB120,Loge Box (LB98–LB165),Loge Box,"Loge Box seats are located on the Loge Level at Fenway Park, positioned just above the Field Box seats and directly in front of the Grandstand sections."" ""Located on the Loge Level directly behind the Field Boxes, offering a great viewing height near the action.",5,toward first base / right field,AA-NN,UNKNOWN,"Stairway aisles run along both side edges of the section; rows are not split by a mid-row aisle, so seat numbers run continuously from one side aisle to the other. The entry portal row is not published for this section.","Facing the field, seat 1 is on your right. That puts seat 1 on the edge facing section LB119, with seat numbers counting up toward the edge facing section LB121. Seat 1 is the end of the row farthest from home plate, and higher seat numbers run back toward home plate.",not published,"""All Loge seats sit in front of the Grandstand support poles, eliminating the obstructed sightlines common elsewhere at Fenway."" and ""One major advantage of the Loge Level is that every seat sits in front of the Grandstand support poles, meaning fans do not have to worry about the obstructed views that affect many seats elsewhere in the stadium."" ""many seats in this area move into the shade by late afternoon"" and ""Seats on the third base side generally receive shade earlier, while the first base side tends to stay in the sun longer during day games."" ""Afternoon Shade in Select Rows""; ""Rows AA-NN"". ""Rows CC and above are shaded during most day games"". Shade threshold Row CC and above. ONE FAN REVIEW EXISTS BUT ITS BODY IS NOT RENDERED - header only: 5 stars, ""Toronto Blue Jays at Boston Red Sox - Aug 4, 2023"", Loge Box 120 / Row GG, Baseball, followed by a ""Read More"" link.","HIGH - zone, rows, location and seat direction stated by the source"
LB121,Loge Box (LB98–LB165),Loge Box,"Loge Box seats are located on the Loge Level at Fenway Park, positioned just above the Field Box seats and directly in front of the Grandstand sections.",4,toward first base / right field,AA-NN,UNKNOWN,"Stairway aisles run along both side edges of the section; rows are not split by a mid-row aisle, so seat numbers run continuously from one side aisle to the other. The entry portal row is not published for this section.","Facing the field, seat 1 is on your right. That puts seat 1 on the edge facing section LB120, with seat numbers counting up toward the edge facing section LB122. Seat 1 is the end of the row farthest from home plate, and higher seat numbers run back toward home plate.",not published,"""All Loge seats sit in front of the Grandstand support poles, eliminating the obstructed sightlines common elsewhere at Fenway."" and ""One major advantage of the Loge Level is that every seat sits in front of the Grandstand support poles, meaning fans do not have to worry about the obstructed views that affect many seats elsewhere in the stadium."" ""many seats in this area move into the shade by late afternoon"" and ""Seats on the third base side generally receive shade earlier, while the first base side tends to stay in the sun longer during day games."" ""Afternoon Shade in Select Rows""; ""Rows AA-NN"". ""Rows BB and above are shaded during most day games"". Shade threshold drops again to Row BB. FAN REVIEW, full text (5 stars, ""New York Yankees at Boston Red Sox - Jun 16, 2023"", Loge Box 121 / Row CC, Baseball): ""This is probably the easiest site I've ever used to buy tickets, super easy process, worked great at the venue.""","HIGH - zone, rows, location and seat direction stated by the source"
LB122,Loge Box (LB98–LB165),Loge Box,"Loge Box seats are located on the Loge Level at Fenway Park, positioned just above the Field Box seats and directly in front of the Grandstand sections."" ""Located on the Loge Level directly behind the Field Boxes, offering a great viewing height near the action.",3,toward first base / right field,AA-NN,UNKNOWN,"Stairway aisles run along both side edges of the section; rows are not split by a mid-row aisle, so seat numbers run continuously from one side aisle to the other. The entry portal row is not published for this section.","Facing the field, seat 1 is on your right. That puts seat 1 on the edge facing section LB121, with seat numbers counting up toward the edge facing section LB123. Seat 1 is the end of the row farthest from home plate, and higher seat numbers run back toward home plate.",not published,"""All Loge seats sit in front of the Grandstand support poles, eliminating the obstructed sightlines common elsewhere at Fenway."" and ""One major advantage of the Loge Level is that every seat sits in front of the Grandstand support poles, meaning fans do not have to worry about the obstructed views that affect many seats elsewhere in the stadium."" ""many seats in this area move into the shade by late afternoon"" and ""Seats on the third base side generally receive shade earlier, while the first base side tends to stay in the sun longer during day games."" ""Afternoon Shade in Select Rows""; ""Rows AA-NN"". ""Rows BB and above are shaded during most day games"". Shade threshold Row BB and above. CONTRADICTION FLAG (park-level, carried on every record in this batch): this page's boilerplate ""lower number seats are on the left"" directly contradicts the RateYourSeats Fenway Park seating-chart page, which states ""Seat Numbers at Fenway Park go from right-to-left.""","HIGH - zone, rows, location and seat direction stated by the source"
LB123,Loge Box (LB98–LB165),Loge Box,"Loge Box seats are located on the Loge Level at Fenway Park, positioned just above the Field Box seats and directly in front of the Grandstand sections.",2,toward first base / right field,AA-NN,UNKNOWN,"Stairway aisles run along both side edges of the section; rows are not split by a mid-row aisle, so seat numbers run continuously from one side aisle to the other. The entry portal row is not published for this section.","Facing the field, seat 1 is on your right. That puts seat 1 on the edge facing section LB122, with seat numbers counting up toward the edge facing section LB124. Seat 1 is the end of the row farthest from home plate, and higher seat numbers run back toward home plate.",not published,"""All Loge seats sit in front of the Grandstand support poles, eliminating the obstructed sightlines common elsewhere at Fenway."" and ""One major advantage of the Loge Level is that every seat sits in front of the Grandstand support poles, meaning fans do not have to worry about the obstructed views that affect many seats elsewhere in the stadium."" ""many seats in this area move into the shade by late afternoon"" and ""Seats on the third base side generally receive shade earlier, while the first base side tends to stay in the sun longer during day games."" ""Shaded For Day Games""; ""Rows AA-NN"". ""All seats in this section are shaded during most day games"". Shade classification changes here from ""Afternoon Shade in Select Rows"" to fully shaded - ""All seats in this section are shaded during most day games"".","HIGH - zone, rows, location and seat direction stated by the source"
LB124,Loge Box (LB98–LB165),Loge Box,"Loge Box seats are located on the Loge Level at Fenway Park, positioned just above the Field Box seats and directly in front of the Grandstand sections.",1,toward first base / right field,AA-NN,UNKNOWN,"Stairway aisles run along both side edges of the section; rows are not split by a mid-row aisle, so seat numbers run continuously from one side aisle to the other. The entry portal row is not published for this section.","Facing the field, seat 1 is on your right. That puts seat 1 on the edge facing section LB123, with seat numbers counting up toward the edge facing section LB125. Seat 1 is the end of the row farthest from home plate, and higher seat numbers run back toward home plate.",not published,"""All Loge seats sit in front of the Grandstand support poles, eliminating the obstructed sightlines common elsewhere at Fenway."" and ""One major advantage of the Loge Level is that every seat sits in front of the Grandstand support poles, meaning fans do not have to worry about the obstructed views that affect many seats elsewhere in the stadium."" ""many seats in this area move into the shade by late afternoon"" and ""Seats on the third base side generally receive shade earlier, while the first base side tends to stay in the sun longer during day games."" ""Shaded For Day Games""; ""Rows AA-NN"". ""All seats in this section are shaded during most day games"". Fully shaded for day games. TWO FAN REVIEWS, full text.","HIGH - zone, rows, location and seat direction stated by the source"
LB125,Loge Box (LB98–LB165),Loge Box,"Behind home plate per the page's own range statement ""Sections 125–134 behind home plate provide some of the best sightlines in the ballpark."" and ""Sections 125–134, located directly behind home plate, are widely considered some of the best seats on the Loge Level thanks to their centered perspective of the field."" Section 125 falls inside that stated range.",0,behind home plate,AA-NN,AA,"Stairway aisles run along both side edges of the section; rows are not split by a mid-row aisle, so seat numbers run continuously from one side aisle to the other. The entry portal is at row AA.","Facing the field, seat 1 is on your right. That puts seat 1 on the edge facing section LB124, with seat numbers counting up toward the edge facing section LB126. This section is behind home plate, so seat 1 is on its first-base side.",not published,"""Home Plate View"", ""Shaded For Day Games"", ""Rows AA-NN"". ""For baseball games, desirable view from behind home plate"" and ""All seats in this section are shaded during most day games"". Only fan review on the page is a CONCERT review ""Super far and also the stage is mostly obstructed — The sound is great, but you may as well be watching a video because all you can see are the screens – the stage is so far away you can't see it at all, and also, it's partly obstructed by the sound booth and some other structures."" (Loge Box 125 / Row FF). It describes a stage, not baseball, so its obstruction claim does not transfer to baseball sightlines. These are opposites.","HIGH - zone, rows, location and seat direction stated by the source"
LB126,Loge Box (LB98–LB165),Loge Box,"Behind home plate per the page's own range statement ""Sections 125–134 behind home plate provide some of the best sightlines in the ballpark."" and ""Sections 125–134, located directly behind home plate, are widely considered some of the best seats on the Loge Level thanks to their centered perspective of the field."" Section 126 falls inside that stated range.",0,behind home plate,AA-NN,AA,"Stairway aisles run along both side edges of the section; rows are not split by a mid-row aisle, so seat numbers run continuously from one side aisle to the other. The entry portal is at row AA.","Facing the field, seat 1 is on your right. That puts seat 1 on the edge facing section LB125, with seat numbers counting up toward the edge facing section LB127. This section is behind home plate, so seat 1 is on its first-base side.",not published,"""Home Plate View"", ""Shaded For Day Games"", ""Rows AA-NN"". ""For baseball games, desirable view from behind home plate"" and ""All seats in this section are shaded during most day games"". These are opposites.","HIGH - zone, rows, location and seat direction stated by the source"
LB127,Loge Box (LB98–LB165),Loge Box,"Behind home plate per the page's own range statement ""Sections 125–134 behind home plate provide some of the best sightlines in the ballpark."" and ""Sections 125–134, located directly behind home plate, are widely considered some of the best seats on the Loge Level thanks to their centered perspective of the field."" Section 127 falls inside that stated range.",0,behind home plate,AA-NN,AA,"Stairway aisles run along both side edges of the section; rows are not split by a mid-row aisle, so seat numbers run continuously from one side aisle to the other. The entry portal is at row AA.","Facing the field, seat 1 is on your right. That puts seat 1 on the edge facing section LB126, with seat numbers counting up toward the edge facing section LB128. This section is behind home plate, so seat 1 is on its first-base side.",not published,"""Home Plate View"", ""Shaded For Day Games"", ""Rows AA-NN"". ""For baseball games, desirable view from behind home plate"" and ""All seats in this section are shaded during most day games"". ""Unobstructed Views: All Loge seats sit in front of the Grandstand support poles, eliminating the obstructed sightlines common elsewhere at Fenway."" and ""One major advantage of the Loge Level is that every seat sits in front of the Grandstand support poles, meaning fans do not have to worry about the obstructed views that affect many seats elsewhere in the stadium."" These are opposites.","HIGH - zone, rows, location and seat direction stated by the source"
LB128,Loge Box (LB98–LB165),Loge Box,"Behind home plate per the page's own range statement ""Sections 125–134 behind home plate provide some of the best sightlines in the ballpark."" and ""Sections 125–134, located directly behind home plate, are widely considered some of the best seats on the Loge Level thanks to their centered perspective of the field."" Section 128 falls inside that stated range.",0,behind home plate,AA-NN,AA,"Stairway aisles run along both side edges of the section; rows are not split by a mid-row aisle, so seat numbers run continuously from one side aisle to the other. The entry portal is at row AA.","Facing the field, seat 1 is on your right. That puts seat 1 on the edge facing section LB127, with seat numbers counting up toward the edge facing section LB129. This section is behind home plate, so seat 1 is on its first-base side.",not published,"""Home Plate View"", ""Shaded For Day Games"", ""Rows AA-NN"". ""For baseball games, desirable view from behind home plate"" and ""All seats in this section are shaded during most day games"". ""Unobstructed Views: All Loge seats sit in front of the Grandstand support poles, eliminating the obstructed sightlines common elsewhere at Fenway."" and ""One major advantage of the Loge Level is that every seat sits in front of the Grandstand support poles, meaning fans do not have to worry about the obstructed views that affect many seats elsewhere in the stadium."" One fan review present, metadata only ""Loge Box 128 / Row FF • Baseball"" — no review body text. These are opposites.","HIGH - zone, rows, location and seat direction stated by the source"
LB129,Loge Box (LB98–LB165),Loge Box,"Behind home plate per the page's own range statement ""Sections 125–134 behind home plate provide some of the best sightlines in the ballpark."" and ""Sections 125–134, located directly behind home plate, are widely considered some of the best seats on the Loge Level thanks to their centered perspective of the field."" Section 129 falls inside that stated range.",0,behind home plate,AA-NN,AA,"Stairway aisles run along both side edges of the section; rows are not split by a mid-row aisle, so seat numbers run continuously from one side aisle to the other. The entry portal is at row AA.","Facing the field, seat 1 is on your right. That puts seat 1 on the edge facing section LB128, with seat numbers counting up toward the edge facing section LB130. This section is behind home plate, so seat 1 is on its first-base side.",not published,"""Home Plate View"", ""Shaded For Day Games"", ""Rows AA-NN"". ""For baseball games, desirable view from behind home plate"" and ""All seats in this section are shaded during most day games"". Seating Notes also print ""See all shaded and covered seating"". ""Unobstructed Views: All Loge seats sit in front of the Grandstand support poles, eliminating the obstructed sightlines common elsewhere at Fenway."" and ""One major advantage of the Loge Level is that every seat sits in front of the Grandstand support poles, meaning fans do not have to worry about the obstructed views that affect many seats elsewhere in the stadium."" Row AA caveat ""While Row AA offers the benefit of having no seats directly in front, some fans may find the foot traffic along the walkway distracting.""","HIGH - zone, rows, location and seat direction stated by the source"
LB130,Loge Box (LB98–LB165),Loge Box,"Behind home plate per the page's own range statement ""Sections 125–134 behind home plate provide some of the best sightlines in the ballpark."" and ""Sections 125–134, located directly behind home plate, are widely considered some of the best seats on the Loge Level thanks to their centered perspective of the field."" Section 130 falls inside that stated range. The page also states ""Located on the Loge Level directly behind the Field Boxes"".",0,behind home plate,AA-NN,AA,"Stairway aisles run along both side edges of the section; rows are not split by a mid-row aisle, so seat numbers run continuously from one side aisle to the other. The entry portal is at row AA.","Facing the field, seat 1 is on your right. That puts seat 1 on the edge facing section LB129, with seat numbers counting up toward the edge facing section LB131. This section is behind home plate, so seat 1 is on its first-base side.",not published,"""Home Plate View"", ""Shaded For Day Games"", ""Rows AA-NN"". ""For baseball games, desirable view from behind home plate"" and ""All seats in this section are shaded during most day games"". ""When comparing sections on each side of the field: Third Base Side (Sections 157–165) Better angle toward home plate Receives shade earlier in the day First Base Side (Sections 98–106) Provides a head-on view of the Green Monster"". Shade line ""Seats on the third base side generally receive shade earlier, while the first base side tends to stay in the sun longer during day games."" Fan review ""Toronto Blue Jays at Boston Red Sox - Jun 24, 2024 — Incredible view."" (Loge Box 130 / Row AA). A targeted second probe asking specifically for any ""Questions & Answers"" / ""Ask a question"" / expert-answer block returned ""NO Q&A BLOCK ON PAGE"".","HIGH - zone, rows, location and seat direction stated by the source"
LB131,Loge Box (LB98–LB165),Loge Box,"Behind home plate per the page's own range statement ""Sections 125–134 behind home plate provide some of the best sightlines in the ballpark."" and ""Sections 125–134, located directly behind home plate, are widely considered some of the best seats on the Loge Level thanks to their centered perspective of the field."" Section 131 falls inside that stated range.",0,behind home plate,AA-NN,AA,"Stairway aisles run along both side edges of the section; rows are not split by a mid-row aisle, so seat numbers run continuously from one side aisle to the other. The entry portal is at row AA.","Facing the field, seat 1 is on your right. That puts seat 1 on the edge facing section LB130, with seat numbers counting up toward the edge facing section LB132. This section is behind home plate, so seat 1 is on its first-base side.",not published,"""Home Plate View"", ""Shaded For Day Games"", ""Rows AA-NN"". ""For baseball games, desirable view from behind home plate"" and ""All seats in this section are shaded during most day games"". ""Unobstructed Views: All Loge seats sit in front of the Grandstand support poles, eliminating the obstructed sightlines common elsewhere at Fenway."" and ""One major advantage of the Loge Level is that every seat sits in front of the Grandstand support poles, meaning fans do not have to worry about the obstructed views that affect many seats elsewhere in the stadium."" ""15 or so rows directly behind home plate - great view to watch the pitch!"" These are opposites.","HIGH - zone, rows, location and seat direction stated by the source"
LB132,Loge Box (LB98–LB165),Loge Box,"Behind home plate per the page's own range statement ""Sections 125–134 behind home plate provide some of the best sightlines in the ballpark."" and ""Sections 125–134, located directly behind home plate, are widely considered some of the best seats on the Loge Level thanks to their centered perspective of the field."" Section 132 falls inside that stated range. The page also prints ""Loge Box seats offer some of the most balanced views at Fenway Park.""",0,behind home plate,AA-NN,AA,"Stairway aisles run along both side edges of the section; rows are not split by a mid-row aisle, so seat numbers run continuously from one side aisle to the other. The entry portal is at row AA.","Facing the field, seat 1 is on your right. That puts seat 1 on the edge facing section LB131, with seat numbers counting up toward the edge facing section LB133. This section is behind home plate, so seat 1 is on its first-base side.",not published,"""Home Plate View"", ""Shaded For Day Games"", ""Rows AA-NN"". ""For baseball games, desirable view from behind home plate"" and ""All seats in this section are shaded during most day games"". ""Unobstructed Views: All Loge seats sit in front of the Grandstand support poles, eliminating the obstructed sightlines common elsewhere at Fenway."" and ""One major advantage of the Loge Level is that every seat sits in front of the Grandstand support poles, meaning fans do not have to worry about the obstructed views that affect many seats elsewhere in the stadium."" One fan review, metadata only ""Seattle Mariners at Boston Red Sox - May 10, 2019. Loge Box 132 / Row NN • Baseball"" — no body text. These are opposites.","HIGH - zone, rows, location and seat direction stated by the source"
LB133,Loge Box (LB98–LB165),Loge Box,"Behind home plate per the page's own range statement ""Sections 125–134 behind home plate provide some of the best sightlines in the ballpark."" and ""Sections 125–134, located directly behind home plate, are widely considered some of the best seats on the Loge Level thanks to their centered perspective of the field."" Section 133 falls inside that stated range.",0,behind home plate,AA-NN,AA,"Stairway aisles run along both side edges of the section; rows are not split by a mid-row aisle, so seat numbers run continuously from one side aisle to the other. The entry portal is at row AA.","Facing the field, seat 1 is on your right. That puts seat 1 on the edge facing section LB132, with seat numbers counting up toward the edge facing section LB134. This section is behind home plate, so seat 1 is on its first-base side.",not published,"""Home Plate View"", ""Shaded For Day Games"", ""Rows AA-NN"". ""For baseball games, desirable view from behind home plate"" and ""All seats in this section are shaded during most day games"". ""Amazing seats — Some of the best seats in the Park. Can see the entire park plus all the Home Plate Action. Just to left of umpire so you can appreciate the movement of each pitch!"" (Loge Box 133 / Row DD). It says nothing about which side seat 1 is on. Other reviews ""Baltimore Orioles at Boston Red Sox - Sep 8, 2023 — Great seats. Good surrounding crowd!"" (Row DD); ""Chicago White Sox at Boston Red Sox - Jun 24, 2019"" (Row CC). These are opposites.","HIGH - zone, rows, location and seat direction stated by the source"
LB134,Loge Box (LB98–LB165),Loge Box,"Behind home plate per the page's own range statement ""Sections 125–134 behind home plate provide some of the best sightlines in the ballpark."" and ""Sections 125–134, located directly behind home plate, are widely considered some of the best seats on the Loge Level thanks to their centered perspective of the field."" Section 134 falls inside that stated range.",0,behind home plate,AA-NN,AA,"Stairway aisles run along both side edges of the section; rows are not split by a mid-row aisle, so seat numbers run continuously from one side aisle to the other. The entry portal is at row AA.","Facing the field, seat 1 is on your right. That puts seat 1 on the edge facing section LB133, with seat numbers counting up toward the edge facing section LB135. This section is behind home plate, so seat 1 is on its first-base side.",not published,"""Home Plate View"", ""Shaded For Day Games"", ""Rows AA-NN"". ""For baseball games, desirable view from behind home plate"" and ""All seats in this section are shaded during most day games"". One 5-star review stub with no body text. These are opposites.","HIGH - zone, rows, location and seat direction stated by the source"
LB135,Loge Box (LB98–LB165),Loge Box,"The only page sentence that could place this section is generic to the tier ""Located on the Loge Level directly behind the Field Boxes, offering a great viewing height near the action."" The page prints only the generic Loge Boxes zone text, whose named anchors are ""Sections 125–134, located directly behind home plate"", ""Third Base Side (Sections 157–165)"" and ""First Base Side (Sections 98–106)"" — section 135 is named in none of them. Recorded as unplaced by the source rather than inferred.",1,toward third base / left field,AA-NN,AA,"Stairway aisles run along both side edges of the section; rows are not split by a mid-row aisle, so seat numbers run continuously from one side aisle to the other. The entry portal is at row AA.","Facing the field, seat 1 is on your right. That puts seat 1 on the edge facing section LB134, with seat numbers counting up toward the edge facing section LB136. Seat 1 is the end of the row closest to home plate, and higher seat numbers run away from home plate.",not published,"""Home Plate View"", ""Shaded For Day Games"", ""Rows AA-NN"". ""For baseball games, desirable view from behind home plate"" and ""All seats in this section are shaded during most day games"". those Insights/Notes (""Home Plate View"", ""For baseball games, desirable view from behind home plate"") are the same block printed on the 125–134 pages, yet 135 is outside the stated 125–134 home-plate range — flagged as probable zone boilerplate rather than a section-specific claim. ""Unobstructed Views: All Loge seats sit in front of the Grandstand support poles, eliminating the obstructed sightlines common elsewhere at Fenway."" and ""One major advantage of the Loge Level is that every seat sits in front of the Grandstand support poles, meaning fans do not have to worry about the obstructed views that affect many seats elsewhere in the stadium.""","HIGH - zone, rows, location and seat direction stated by the source"
LB136,Loge Box (LB98–LB165),Loge Box,"The page prints only the generic Loge Boxes zone text, whose named anchors are ""Sections 125–134, located directly behind home plate"", ""Third Base Side (Sections 157–165)"" and ""First Base Side (Sections 98–106)"" — section 136 is named in none of them. Recorded as unplaced by the source rather than inferred.",2,toward third base / left field,AA-NN,AA,"Stairway aisles run along both side edges of the section; rows are not split by a mid-row aisle, so seat numbers run continuously from one side aisle to the other. The entry portal is at row AA.","Facing the field, seat 1 is on your right. That puts seat 1 on the edge facing section LB135, with seat numbers counting up toward the edge facing section LB137. Seat 1 is the end of the row closest to home plate, and higher seat numbers run away from home plate.",not published,"""Home Plate View"", ""Shaded For Day Games"", ""Rows AA-NN"". ""For baseball games, desirable view from behind home plate"" and ""All seats in this section are shaded during most day games"". the ""Home Plate View"" / ""desirable view from behind home plate"" block is the same one printed on the 125–134 pages although 136 is outside that stated range — flagged as zone boilerplate. Obstruction line ""All Loge seats sit in front of the Grandstand support poles, eliminating the obstructed sightlines common elsewhere at Fenway."" These are opposites.","HIGH - zone, rows, location and seat direction stated by the source"
LB137,Loge Box (LB98–LB165),Loge Box,"The page prints only the generic Loge Boxes zone text, whose named anchors are ""Sections 125–134, located directly behind home plate"", ""Third Base Side (Sections 157–165)"" and ""First Base Side (Sections 98–106)"" — section 137 is named in none of them. Recorded as unplaced by the source rather than inferred. The page additionally prints ""Seats on the third base side generally receive shade earlier, while the first base side tends to stay in the sun longer during day games.""",3,toward third base / left field,AA-NN,AA,"Stairway aisles run along both side edges of the section; rows are not split by a mid-row aisle, so seat numbers run continuously from one side aisle to the other. The entry portal is at row AA.","Facing the field, seat 1 is on your right. That puts seat 1 on the edge facing section LB136, with seat numbers counting up toward the edge facing section LB138. Seat 1 is the end of the row closest to home plate, and higher seat numbers run away from home plate.","FAN-STATED, NOT SITE-STATED, and for one row only — Loge Box 137 Row JJ review, verbatim: ""Only 7 seats in the row, so I could easily get in to the seat from either aisle."" No site-published seats-per-row figure for this section.","""Afternoon Shade in Select Rows"", ""Rows AA-NN"". ""Rows CC and above are shaded during most day games"". ""Unobstructed Views: All Loge seats sit in front of the Grandstand support poles, eliminating the obstructed sightlines common elsewhere at Fenway."" and ""One major advantage of the Loge Level is that every seat sits in front of the Grandstand support poles, meaning fans do not have to worry about the obstructed views that affect many seats elsewhere in the stadium."" NETTING (fan): ""Protective netting prevents most foul balls from making it to the seats, which is good if you're worried about getting hit by a ball, but not ideal if you're looking to catch a souvenir."" Fullest fan review (Row JJ) ""For me, these seats are at an ideal viewing height for watching the game.""","HIGH - zone, rows, location and seat direction stated by the source"
LB138,Loge Box (LB98–LB165),Loge Box,"The page prints only the generic Loge Boxes zone text, whose named anchors are ""Sections 125–134, located directly behind home plate"", ""Third Base Side (Sections 157–165)"" and ""First Base Side (Sections 98–106)"" — section 138 is named in none of them. Recorded as unplaced by the source rather than inferred. The page prints the side anchors as bare labels ""Third Base Side (Sections 157–165)"" / ""First Base Side (Sections 98–106)"".",4,toward third base / left field,AA-NN,AA,"Stairway aisles run along both side edges of the section; rows are not split by a mid-row aisle, so seat numbers run continuously from one side aisle to the other. The entry portal is at row AA.","Facing the field, seat 1 is on your right. That puts seat 1 on the edge facing section LB137, with seat numbers counting up toward the edge facing section LB139. Seat 1 is the end of the row closest to home plate, and higher seat numbers run away from home plate.",not published,"""Afternoon Shade in Select Rows"", ""Rows AA-NN"". ""Rows CC and above are shaded during most day games"". Seating Notes also print ""See all shaded and covered seating"". Fan review ""Loved the view, closeness to field! Would buy again!"" (Loge Box 138 / Row NN). These are opposites.","HIGH - zone, rows, location and seat direction stated by the source"
LB139,Loge Box (LB98–LB165),Loge Box,"The page prints only the generic Loge Boxes zone text, whose named anchors are ""Sections 125–134, located directly behind home plate"", ""Third Base Side (Sections 157–165)"" and ""First Base Side (Sections 98–106)"" — section 139 is named in none of them. Recorded as unplaced by the source rather than inferred. The page prints ""For fans prioritizing shade and sightlines toward home plate, the third base side Loge sections are often preferred. Fans who want a clearer look at the Green Monster and center field scoreboard may prefer the first base side sections.""",5,toward third base / left field,AA-NN,AA,"Stairway aisles run along both side edges of the section; rows are not split by a mid-row aisle, so seat numbers run continuously from one side aisle to the other. The entry portal is at row AA.","Facing the field, seat 1 is on your right. That puts seat 1 on the edge facing section LB138, with seat numbers counting up toward the edge facing section LB140. Seat 1 is the end of the row closest to home plate, and higher seat numbers run away from home plate.","FAN-STATED, NOT SITE-STATED, and for one row only — verbatim: ""my seat was on the aisle and there was just 4 seats in the row"". No site-published seats-per-row figure for this section.","""Afternoon Shade in Select Rows"", ""Rows AA-NN"". ""Rows EE and above are shaded during most day games"". ""Unobstructed Views: All Loge seats sit in front of the Grandstand support poles, eliminating the obstructed sightlines common elsewhere at Fenway."" and ""One major advantage of the Loge Level is that every seat sits in front of the Grandstand support poles, meaning fans do not have to worry about the obstructed views that affect many seats elsewhere in the stadium."" Shade lines ""Good Shade Options: Many seats receive shade by late afternoon, with the third base side shading earlier than the first base side."" and ""Because of the stadium structure and seating angle, many seats in this area move into the shade by late afternoon.""","HIGH - zone, rows, location and seat direction stated by the source"
LB140,Loge Box (LB98–LB165),Loge Box,"The page prints only the generic Loge Boxes zone text, whose named anchors are ""Sections 125–134, located directly behind home plate"", ""Third Base Side (Sections 157–165)"" and ""First Base Side (Sections 98–106)"" — section 140 is named in none of them. Recorded as unplaced by the source rather than inferred.",6,toward third base / left field,AA-NN,AA,"Stairway aisles run along both side edges of the section; rows are not split by a mid-row aisle, so seat numbers run continuously from one side aisle to the other. The entry portal is at row AA.","Facing the field, seat 1 is on your right. That puts seat 1 on the edge facing section LB139, with seat numbers counting up toward the edge facing section LB141. Seat 1 is the end of the row closest to home plate, and higher seat numbers run away from home plate.",not published,"""Afternoon Shade in Select Rows"", ""Rows AA-NN"". ""Rows EE and above are shaded during most day games"". ""When comparing sections on each side of the field: Third Base Side (Sections 157–165) Better angle toward home plate Receives shade earlier in the day First Base Side (Sections 98–106) Provides a head-on view of the Green Monster"". These are opposites.","HIGH - zone, rows, location and seat direction stated by the source"
LB141,Loge Box (LB98–LB165),Loge Box,"The page prints only the generic Loge Boxes zone text, whose named anchors are ""Sections 125–134, located directly behind home plate"", ""Third Base Side (Sections 157–165)"" and ""First Base Side (Sections 98–106)"" — section 141 is named in none of them. Recorded as unplaced by the source rather than inferred. The page prints ""The Loge Level wraps almost completely around the lower seating bowl at Fenway Park.""",7,toward third base / left field,AA-NN,AA,"Stairway aisles run along both side edges of the section; rows are not split by a mid-row aisle, so seat numbers run continuously from one side aisle to the other. The entry portal is at row AA.","Facing the field, seat 1 is on your right. That puts seat 1 on the edge facing section LB140, with seat numbers counting up toward the edge facing section LB142. Seat 1 is the end of the row closest to home plate, and higher seat numbers run away from home plate.",not published,"""Afternoon Shade in Select Rows"", ""Rows AA-NN"". ""Rows FF and above are shaded during most day games"". Seating Notes also print ""See all shaded and covered seating"". Fan review ""Great seats — Great seats, good view of the field and the pitcher/batters. Day games you're in the shade."" (Loge Box 141 / Row GG). These are opposites.","HIGH - zone, rows, location and seat direction stated by the source"
LB142,Loge Box (LB98–LB165),Loge Box,"The page prints only the generic Loge Boxes zone text, whose named anchors are ""Sections 125–134, located directly behind home plate"", ""Third Base Side (Sections 157–165)"" and ""First Base Side (Sections 98–106)"" — section 142 is named in none of them. Recorded as unplaced by the source rather than inferred. The page prints ""The Loge Level wraps almost completely around the lower seating bowl at Fenway Park.""",8,toward third base / left field,AA-NN,AA,"Stairway aisles run along both side edges of the section; rows are not split by a mid-row aisle, so seat numbers run continuously from one side aisle to the other. The entry portal is at row AA.","Facing the field, seat 1 is on your right. That puts seat 1 on the edge facing section LB141, with seat numbers counting up toward the edge facing section LB143. Seat 1 is the end of the row closest to home plate, and higher seat numbers run away from home plate.",not published,"""Afternoon Shade in Select Rows"", ""Rows AA-NN"". ""Rows FF and above are shaded during most day games"". ""Each Loge section typically contains fewer than 15 rows"" / ""Most sections feature fewer than 15 rows"" — note this CONFLICTS with the section's own row label line AA-NN, which is 14 lettered rows, so the two are consistent at the top end only. These are opposites.","HIGH - zone, rows, location and seat direction stated by the source"
LB143,Loge Box (LB98–LB165),Loge Box,"The page prints only the generic Loge Boxes zone text, whose named anchors are ""Sections 125–134, located directly behind home plate"", ""Third Base Side (Sections 157–165)"" and ""First Base Side (Sections 98–106)"" — section 143 is named in none of them. Recorded as unplaced by the source rather than inferred.",9,toward third base / left field,AA-NN,AA,"Stairway aisles run along both side edges of the section; rows are not split by a mid-row aisle, so seat numbers run continuously from one side aisle to the other. The entry portal is at row AA.","Facing the field, seat 1 is on your right. That puts seat 1 on the edge facing section LB142, with seat numbers counting up toward the edge facing section LB144. Seat 1 is the end of the row closest to home plate, and higher seat numbers run away from home plate.",not published,"""Afternoon Shade in Select Rows"", ""Rows AA-NN"". ""Rows GG and above are shaded during most day games"". Seating Notes also print ""See all shaded and covered seating"". ""Unobstructed Views: All Loge seats sit in front of the Grandstand support poles, eliminating the obstructed sightlines common elsewhere at Fenway."" and ""One major advantage of the Loge Level is that every seat sits in front of the Grandstand support poles, meaning fans do not have to worry about the obstructed views that affect many seats elsewhere in the stadium."" ""When comparing sections on each side of the field: Third Base Side (Sections 157–165) Better angle toward home plate Receives shade earlier in the day First Base Side (Sections 98–106) Provides a head-on view of the Green Monster"".","HIGH - zone, rows, location and seat direction stated by the source"
LB144,Loge Box (LB98–LB165),Loge Box,"The page prints only the generic Loge Boxes zone text, whose named anchors are ""Sections 125–134, located directly behind home plate"", ""Third Base Side (Sections 157–165)"" and ""First Base Side (Sections 98–106)"" — section 144 is named in none of them. Recorded as unplaced by the source rather than inferred. The page prints ""Seats on the third base side generally receive shade earlier, while the first base side tends to stay in the sun longer during day games.""",10,toward third base / left field,AA-NN,AA,"Stairway aisles run along both side edges of the section; rows are not split by a mid-row aisle, so seat numbers run continuously from one side aisle to the other. The entry portal is at row AA.","Facing the field, seat 1 is on your right. That puts seat 1 on the edge facing section LB143, with seat numbers counting up toward the edge facing section LB145. Seat 1 is the end of the row closest to home plate, and higher seat numbers run away from home plate.",not published,"""Afternoon Shade in Select Rows"", ""Rows AA-NN"". ""Rows HH and above are shaded during most day games"". the Row Numbers block on this page rendered only the boilerplate line; the row label line ""Rows in Loge Box 144 are labeled AA-NN"" appears elsewhere on the page and is recorded from there. These are opposites.","HIGH - zone, rows, location and seat direction stated by the source"
LB145,Loge Box (LB98–LB165),Loge Box,"""Loge Box seats are located on the Loge Level at Fenway Park, positioned just above the Field Box seats and directly in front of the Grandstand sections.""",11,toward third base / left field,AA-NN,AA,"Stairway aisles run along both side edges of the section; rows are not split by a mid-row aisle, so seat numbers run continuously from one side aisle to the other. The entry portal is at row AA.","Facing the field, seat 1 is on your right. That puts seat 1 on the edge facing section LB144, with seat numbers counting up toward the edge facing section LB146. Seat 1 is the end of the row closest to home plate, and higher seat numbers run away from home plate.",not published,"""Afternoon Shade in Select Rows"" / ""Rows AA-NN"". ""Rows HH and above are shaded during most day games"".","HIGH - zone, rows, location and seat direction stated by the source"
LB146,Loge Box (LB98–LB165),Loge Box,"""Loge Box seats are located on the Loge Level at Fenway Park, positioned just above the Field Box seats and directly in front of the Grandstand sections.""",12,toward third base / left field,AA-NN,UNKNOWN,"Stairway aisles run along both side edges of the section; rows are not split by a mid-row aisle, so seat numbers run continuously from one side aisle to the other. The entry portal row is not published for this section.","Facing the field, seat 1 is on your right. That puts seat 1 on the edge facing section LB145, with seat numbers counting up toward the edge facing section LB147. Seat 1 is the end of the row closest to home plate, and higher seat numbers run away from home plate.",not published,"""Afternoon Shade in Select Rows"" / ""Rows AA-NN"". ""Rows HH and above are shaded during most day games"". Seating Notes also carry the link line ""See all shaded and covered seating"".","HIGH - zone, rows, location and seat direction stated by the source"
LB147,Loge Box (LB98–LB165),Loge Box,"""Loge Box seats are located on the Loge Level at Fenway Park, positioned just above the Field Box seats and directly in front of the Grandstand sections.""",13,toward third base / left field,AA-NN,AA,"Stairway aisles run along both side edges of the section; rows are not split by a mid-row aisle, so seat numbers run continuously from one side aisle to the other. The entry portal is at row AA.","Facing the field, seat 1 is on your right. That puts seat 1 on the edge facing section LB146, with seat numbers counting up toward the edge facing section LB148. Seat 1 is the end of the row closest to home plate, and higher seat numbers run away from home plate.",not published,"""Afternoon Shade in Select Rows"" / ""Rows AA-NN"". ""Rows HH and above are shaded during most day games"".","HIGH - zone, rows, location and seat direction stated by the source"
LB148,Loge Box (LB98–LB165),Loge Box,"""Loge Box seats are located on the Loge Level at Fenway Park, positioned just above the Field Box seats and directly in front of the Grandstand sections.""",14,toward third base / left field,AA-NN,UNKNOWN,"Stairway aisles run along both side edges of the section; rows are not split by a mid-row aisle, so seat numbers run continuously from one side aisle to the other. The entry portal row is not published for this section.","Facing the field, seat 1 is on your right. That puts seat 1 on the edge facing section LB147, with seat numbers counting up toward the edge facing section LB149. Seat 1 is the end of the row closest to home plate, and higher seat numbers run away from home plate.",not published,"""Top Pick for Great Views of the FieldRows CC-HH"", ""Afternoon Shade in Select Rows"", ""Rows AA-NN"". ""For baseball games, we recommend rows CC-HH for great views of the field"", ""Rows HH and above are shaded during most day games"".","HIGH - zone, rows, location and seat direction stated by the source"
LB149,Loge Box (LB98–LB165),Loge Box,"""Loge Box seats are located on the Loge Level at Fenway Park, positioned just above the Field Box seats and directly in front of the Grandstand sections.""",15,toward third base / left field,AA-NN,UNKNOWN,"Stairway aisles run along both side edges of the section; rows are not split by a mid-row aisle, so seat numbers run continuously from one side aisle to the other. The entry portal row is not published for this section.","Facing the field, seat 1 is on your right. That puts seat 1 on the edge facing section LB148, with seat numbers counting up toward the edge facing section LB150. Seat 1 is the end of the row closest to home plate, and higher seat numbers run away from home plate.",not published,"""Top Pick for Great Views of the FieldRows CC-HH"", ""Afternoon Shade in Select Rows"", ""Rows AA-NN"". ""For baseball games, we recommend rows CC-HH for great views of the field"", ""Rows HH and above are shaded during most day games"".","HIGH - zone, rows, location and seat direction stated by the source"
LB150,Loge Box (LB98–LB165),Loge Box,"""Loge Box seats are located on the Loge Level at Fenway Park, positioned just above the Field Box seats and directly in front of the Grandstand sections.""",16,toward third base / left field,AA-NN,UNKNOWN,"Stairway aisles run along both side edges of the section; rows are not split by a mid-row aisle, so seat numbers run continuously from one side aisle to the other. The entry portal row is not published for this section.","Facing the field, seat 1 is on your right. That puts seat 1 on the edge facing section LB149, with seat numbers counting up toward the edge facing section LB151. Seat 1 is the end of the row closest to home plate, and higher seat numbers run away from home plate.",not published,"""Top Pick for Great Views of the FieldRows CC-HH"", ""Afternoon Shade in Select Rows"", ""Rows AA-NN"". ""For baseball games, we recommend rows CC-HH for great views of the field"", ""Rows HH and above are shaded during most day games"".","HIGH - zone, rows, location and seat direction stated by the source"
LB151,Loge Box (LB98–LB165),Loge Box,"""Loge Box seats are located on the Loge Level at Fenway Park, positioned just above the Field Box seats and directly in front of the Grandstand sections.""",17,toward third base / left field,AA-NN,UNKNOWN,"Stairway aisles run along both side edges of the section; rows are not split by a mid-row aisle, so seat numbers run continuously from one side aisle to the other. The entry portal row is not published for this section.","Facing the field, seat 1 is on your right. That puts seat 1 on the edge facing section LB150, with seat numbers counting up toward the edge facing section LB152. Seat 1 is the end of the row closest to home plate, and higher seat numbers run away from home plate.",not published,"""Top Pick for Great Views of the FieldRows CC-HH"", ""Afternoon Shade in Select Rows"", ""Rows AA-NN"". ""For baseball games, we recommend rows CC-HH for great views of the field"", ""Rows HH and above are shaded during most day games"". A fan review is listed but its body text is not exposed on the page; only the header line was retrievable ""***** Baltimore Orioles at Boston Red Sox - Sep 9, 2023 Loge Box 151 / Row HH - Baseball"".","HIGH - zone, rows, location and seat direction stated by the source"
LB152,Loge Box (LB98–LB165),Loge Box,"""Loge Box seats are located on the Loge Level at Fenway Park, positioned just above the Field Box seats and directly in front of the Grandstand sections.""",18,toward third base / left field,AA-NN,UNKNOWN,"Stairway aisles run along both side edges of the section; rows are not split by a mid-row aisle, so seat numbers run continuously from one side aisle to the other. The entry portal row is not published for this section.","Facing the field, seat 1 is on your right. That puts seat 1 on the edge facing section LB151, with seat numbers counting up toward the edge facing section LB153. Seat 1 is the end of the row closest to home plate, and higher seat numbers run away from home plate.",not published,"""Top Pick for Great Views of the FieldRows CC-HH"", ""Afternoon Shade in Select Rows"", ""Rows AA-NN"". ""For baseball games, we recommend rows CC-HH for great views of the field"", ""Rows HH and above are shaded during most day games"".","HIGH - zone, rows, location and seat direction stated by the source"
LB153,Loge Box (LB98–LB165),Loge Box,"""Loge Box seats are located on the Loge Level at Fenway Park, positioned just above the Field Box seats and directly in front of the Grandstand sections.""",19,toward third base / left field,AA-NN,UNKNOWN,"Stairway aisles run along both side edges of the section; rows are not split by a mid-row aisle, so seat numbers run continuously from one side aisle to the other. The entry portal row is not published for this section.","Facing the field, seat 1 is on your right. That puts seat 1 on the edge facing section LB152, with seat numbers counting up toward the edge facing section LB154. Seat 1 is the end of the row closest to home plate, and higher seat numbers run away from home plate.",not published,"""Top Pick for Great Views of the FieldRows CC-HH"", ""Afternoon Shade in Select Rows"", ""Rows AA-NN"". ""For baseball games, we recommend rows CC-HH for great views of the field"", ""Rows HH and above are shaded during most day games"".","HIGH - zone, rows, location and seat direction stated by the source"
LB154,Loge Box (LB98–LB165),Loge Box,"""Loge Box seats are located on the Loge Level at Fenway Park, positioned just above the Field Box seats and directly in front of the Grandstand sections.""",20,toward third base / left field,AA-NN,UNKNOWN,"Stairway aisles run along both side edges of the section; rows are not split by a mid-row aisle, so seat numbers run continuously from one side aisle to the other. The entry portal row is not published for this section.","Facing the field, seat 1 is on your right. That puts seat 1 on the edge facing section LB153, with seat numbers counting up toward the edge facing section LB155. Seat 1 is the end of the row closest to home plate, and higher seat numbers run away from home plate.",not published,"""Top Pick for Great Views of the FieldRows CC-HH"", ""Afternoon Shade in Select Rows"", ""Rows AA-NN"". ""For baseball games, we recommend rows CC-HH for great views of the field"", ""Rows HH and above are shaded during most day games"".","HIGH - zone, rows, location and seat direction stated by the source"
LB155,Loge Box (LB98–LB165),Loge Box,"""Loge Box seats are located on the Loge Level at Fenway Park, positioned just above the Field Box seats and directly in front of the Grandstand sections.""",21,toward third base / left field,AA-NN,UNKNOWN,"Stairway aisles run along both side edges of the section; rows are not split by a mid-row aisle, so seat numbers run continuously from one side aisle to the other. The entry portal row is not published for this section.","Facing the field, seat 1 is on your right. That puts seat 1 on the edge facing section LB154, with seat numbers counting up toward the edge facing section LB157. Seat 1 is the end of the row closest to home plate, and higher seat numbers run away from home plate.",not published,"""Top Pick for Great Views of the FieldRows CC-HH"", ""Afternoon Shade in Select Rows"", ""Rows AA-NN"". ""For baseball games, we recommend rows CC-HH for great views of the field"", ""Rows JJ and above are shaded during most day games"". Seating Notes also carry the link line ""See all shaded and covered seating"". NOTE this section's shade line reads ""Rows JJ and above"", where LB148-LB154 read ""Rows HH and above"".","HIGH - zone, rows, location and seat direction stated by the source"
LB157,Loge Box (LB98–LB165),Loge Box,"""Loge Box seats are located on the Loge Level at Fenway Park, positioned just above the Field Box seats and directly in front of the Grandstand sections."" ""Loge Box 157 is the first Loge level section down the third base line where the seats begin to angle towards the infield instead of just facing straight ahead towards the right field wall."" The page also carries the Loge Box comparison table row: ""Third Base Side (Sections 157-165)"" with ""Better angle toward home plate"" and ""Receives shade earlier in the day"" - this section number falls inside that stated range.",22,toward third base / left field,BB-PP,UNKNOWN,"Stairway aisles run along both side edges of the section; rows are not split by a mid-row aisle, so seat numbers run continuously from one side aisle to the other. The entry portal row is not published for this section.","Facing the field, seat 1 is on your right. That puts seat 1 on the edge facing section LB155, with seat numbers counting up toward the edge facing section LB158. Seat 1 is the end of the row closest to home plate, and higher seat numbers run away from home plate.",not published,"""Top Pick for Getting a Ball-Rows A-D"", ""Afternoon Shade in Select Rows"", ""Rows BB-PP"". ""For baseball games, we recommend rows A-D for getting a ball"", ""Rows KK and above are shaded during most day games"". the row-label line says rows run BB-PP, but the insight and note both recommend ""rows A-D"", which are not in the stated range. Fan reviews ""Fenway's Finest! - If you're looking for a comfortable seat with amazing views, this is where you'll find it!""; ""Great seats, especially in the rain, you stay dry - and still you have an amazing view.""; and from a Row MM reviewer: ""My seat was particularly great as my straight ahead view put third base, the pitchers mound, and first base all in my direct field of vision where I didn't have to turn my head at all.""","HIGH - zone, rows, location and seat direction stated by the source"
LB158,Loge Box (LB98–LB165),Loge Box,"""Loge Box seats are located on the Loge Level at Fenway Park, positioned just above the Field Box seats and directly in front of the Grandstand sections.""",23,toward third base / left field,BB-PP,PP,"Stairway aisles run along both side edges of the section; rows are not split by a mid-row aisle, so seat numbers run continuously from one side aisle to the other. The entry portal is at row PP.","Facing the field, seat 1 is on your right. That puts seat 1 on the edge facing section LB157, with seat numbers counting up toward the edge facing section LB159. Seat 1 is the end of the row closest to home plate, and higher seat numbers run away from home plate.",not published,"""Top Pick for Outstanding ConvenienceRows KK-PP"", ""Top Pick for Getting a BallRows A-D"", ""Afternoon Shade in Select Rows"", ""Rows BB-PP"". ""For baseball games, we recommend rows KK-PP for outstanding convenience"", ""For baseball games, we recommend rows A-D for getting a ball"", ""Rows NN and above are shaded during most day games"". rows are labelled BB-PP but the ball-catching recommendation names ""rows A-D"", which are outside the stated range.","HIGH - zone, rows, location and seat direction stated by the source"
LB159,Loge Box (LB98–LB165),Loge Box,"""Loge Box seats are located on the Loge Level at Fenway Park, positioned just above the Field Box seats and directly in front of the Grandstand sections.""",24,toward third base / left field,BB-PP,PP,"Stairway aisles run along both side edges of the section; rows are not split by a mid-row aisle, so seat numbers run continuously from one side aisle to the other. The entry portal is at row PP.","Facing the field, seat 1 is on your right. That puts seat 1 on the edge facing section LB158, with seat numbers counting up toward the edge facing section LB160. Seat 1 is the end of the row closest to home plate, and higher seat numbers run away from home plate.",not published,"""Top Pick for Outstanding ConvenienceRows KK-PP"", ""Top Pick for Getting a BallRows A-D"", ""Afternoon Shade in Select RowsRows BB-PP"". ""For baseball games, we recommend rows KK-PP for outstanding convenience"", ""For baseball games, we recommend rows A-D for getting a ball"", ""Rows NN and above are shaded during most day games"". ""Unobstructed Views: All Loge seats sit in front of the Grandstand support poles, eliminating the obstructed sightlines common elsewhere at Fenway."" rows are labelled BB-PP but the ball-catching recommendation names ""rows A-D"".","HIGH - zone, rows, location and seat direction stated by the source"
LB160,Loge Box (LB98–LB165),Loge Box,"""Loge Box seats are located on the Loge Level at Fenway Park, positioned just above the Field Box seats and directly in front of the Grandstand sections."" The only positional statement on the page is fan-supplied ""The seats also felt very close to the third base dugout (visiting team), although don't have much a view of the visitors players sitting on the bench.""",25,toward third base / left field,BB-PP,PP,"Stairway aisles run along both side edges of the section; rows are not split by a mid-row aisle, so seat numbers run continuously from one side aisle to the other. The entry portal is at row PP.","Facing the field, seat 1 is on your right. That puts seat 1 on the edge facing section LB159, with seat numbers counting up toward the edge facing section LB161. Seat 1 is the end of the row closest to home plate, and higher seat numbers run away from home plate.","Stated only for one row, and only by a fan: ""There are 12 seats in the row with a railing at the right side of the row"" - fan review, Loge Box 160, Row KK. No editorial seats-per-row figure appears on the page.","*** THIS PAGE CARRIES THE ONLY PER-SECTION SEAT-NUMBERING EVIDENCE IN THIS BATCH AND IT CONTRADICTS THE PARK-WIDE BOILERPLATE. *** The boilerplate says ""lower number seats are on the left""; the fan review says seat 1 is at the end AWAY from the left-side aisle, i.e. on the RIGHT, with seat 12 at the left aisle. the review does not say whether its ""left""/""right"" are stated facing the field or facing the seats, so it fixes the ORDER (seat 1 opposite the aisle, railing on the seat-1 side) more firmly than it fixes the compass side. ""Afternoon Shade in Select Rows"", ""Rows BB-PP"". ""Rows NN and above are shaded during most day games"". Full fan review ""Be Prepared for the Sun - The view of the field was really quite good, nice elevation above field level, and a good angle to see the pitchers mound and the Red Sox dugout in the background.""","HIGH - zone, rows, location and seat direction stated by the source"
LB161,Loge Box (LB98–LB165),Loge Box,"""Loge Box seats are located on the Loge Level at Fenway Park, positioned just above the Field Box seats and directly in front of the Grandstand sections.""",26,toward third base / left field,BB-PP,PP,"Stairway aisles run along both side edges of the section; rows are not split by a mid-row aisle, so seat numbers run continuously from one side aisle to the other. The entry portal is at row PP.","Facing the field, seat 1 is on your right. That puts seat 1 on the edge facing section LB160, with seat numbers counting up toward the edge facing section LB162. Seat 1 is the end of the row closest to home plate, and higher seat numbers run away from home plate.",not published,"""Afternoon Shade in Select Rows"" / ""Rows BB-PP"". ""Rows NN and above are shaded during most day games"". Seating Notes also carry the link line ""See all shaded and covered seating"". A fan review is listed but its body text is not exposed on the page; only the header line was retrievable ""***** Toronto Blue Jays at Boston Red Sox - Jul 15, 2019 Loge Box 161 / Row HH - Baseball"".","HIGH - zone, rows, location and seat direction stated by the source"
LB162,Loge Box (LB98–LB165),Loge Box,"""Loge Box seats are located on the Loge Level at Fenway Park, positioned just above the Field Box seats and directly in front of the Grandstand sections."" The page also carries the Loge Box comparison table row: ""Third Base Side (Sections 157-165)"" with ""Better angle toward home plate"" and ""Receives shade earlier in the day"" - this section number falls inside that stated range.",27,toward third base / left field,BB-PP,PP,"Stairway aisles run along both side edges of the section; rows are not split by a mid-row aisle, so seat numbers run continuously from one side aisle to the other. The entry portal is at row PP.","Facing the field, seat 1 is on your right. That puts seat 1 on the edge facing section LB161, with seat numbers counting up toward the edge facing section LB163. Seat 1 is the end of the row closest to home plate, and higher seat numbers run away from home plate.",not published,"""Afternoon Shade in Select Rows"" / ""Rows BB-PP"". ""Rows NN and above are shaded during most day games"". A fan review is listed but its body text is not exposed on the page; only the header line was retrievable ""***** Lodge box Loge Box 162 / Row CC - Baseball Read More"".","HIGH - zone, rows, location and seat direction stated by the source"
LB163,Loge Box (LB98–LB165),Loge Box,"""Loge Box seats are located on the Loge Level at Fenway Park, positioned just above the Field Box seats and directly in front of the Grandstand sections.""",28,toward third base / left field,AA-PP,PP,"Stairway aisles run along both side edges of the section; rows are not split by a mid-row aisle, so seat numbers run continuously from one side aisle to the other. The entry portal is at row PP.","Facing the field, seat 1 is on your right. That puts seat 1 on the edge facing section LB162, with seat numbers counting up toward the edge facing section LB164. Seat 1 is the end of the row closest to home plate, and higher seat numbers run away from home plate.",not published,"""Afternoon Shade in Select Rows"" / ""Rows AA-PP"". ""Rows NN and above are shaded during most day games"". NOTE this is the only section in the 157-165 run whose rows start at AA rather than BB, CC or JJ.","HIGH - zone, rows, location and seat direction stated by the source"
LB164,Loge Box (LB98–LB165),Loge Box,"""Loge Box seats are located on the Loge Level at Fenway Park, positioned just above the Field Box seats and directly in front of the Grandstand sections."" The page also carries the Loge Box comparison table row: ""Third Base Side (Sections 157-165)"" with ""Better angle toward home plate"" and ""Receives shade earlier in the day"" - this section number falls inside that stated range.",29,toward third base / left field,CC-PP,PP,"Stairway aisles run along both side edges of the section; rows are not split by a mid-row aisle, so seat numbers run continuously from one side aisle to the other. The entry portal is at row PP.","Facing the field, seat 1 is on your right. That puts seat 1 on the edge facing section LB163, with seat numbers counting up toward the edge facing section LB165. Seat 1 is the end of the row closest to home plate, and higher seat numbers run away from home plate.",not published,"""Afternoon Shade in Select Rows"" / ""Rows CC-PP"". ""Rows NN and above are shaded during most day games"".","HIGH - zone, rows, location and seat direction stated by the source"
LB165,Loge Box (LB98–LB165),Loge Box,"""Loge Box seats are located on the Loge Level at Fenway Park, positioned just above the Field Box seats and directly in front of the Grandstand sections."" The page also carries the Loge Box comparison table row: ""Third Base Side (Sections 157-165)"" with ""Better angle toward home plate"" and ""Receives shade earlier in the day"" - this section number falls inside that stated range.",30,toward third base / left field,JJ-PP,UNKNOWN,"Stairway aisles run along both side edges of the section; rows are not split by a mid-row aisle, so seat numbers run continuously from one side aisle to the other. The entry portal row is not published for this section.","Facing the field, seat 1 is on your right. That puts seat 1 on the edge facing section LB164, with seat numbers counting up toward the far edge of the section, with no further section beyond it on that side. Seat 1 is the end of the row closest to home plate, and higher seat numbers run away from home plate.",not published,"""Afternoon Shade in Select Rows"" / ""Rows JJ-PP"". ""Rows NN and above are shaded during most day games"".","HIGH - zone, rows, location and seat direction stated by the source"
GS1,Grandstand (GS1–GS33),Grandstand,"""Grandstand seating wraps around much of the lower seating bowl at Fenway Park, sitting directly beneath the large roof structure that covers much of the stadium."" The page also carries the zone line ""Sections 1–6 are covered but can still receive late afternoon sun"".",17,toward first base / right field,1-18,UNKNOWN,"Stairway aisles run along both side edges of the section; rows are not split by a mid-row aisle, so seat numbers run continuously from one side aisle to the other. The entry portal row is not published for this section.","Facing the field, seat 1 is on your right. That puts seat 1 on the far edge of the section, with no further section beyond it on that side, with seat numbers counting up toward the edge facing section GS2. Seat 1 is the end of the row farthest from home plate, and higher seat numbers run back toward home plate.",not published,"""Covered Seats""; ""Rows 1-18""; ""Behind/Side Stage (most shows)"". ""All seats in this section are under cover"". ""High Risk of Obstructed Views: Many seats have blocked or partially obstructed sightlines"" and ""Grandstand seats on the third base side generally offer better sightlines than those on the first base side"". Obstruction is on the RIGHT side of the section per the fan review quoted above. CONTRADICTION FLAG (park-level, not this section): the boilerplate above says lower numbers are on the LEFT, while https://www.rateyourseats.com/fenway-park/seating/seating-chart says ""Seat Numbers at Fenway Park go from right-to-left"".","HIGH - zone, rows, location and seat direction stated by the source"
GS2,Grandstand (GS1–GS33),Grandstand,"""Grandstand seating wraps around much of the lower seating bowl at Fenway Park, sitting directly beneath the large roof structure that covers much of the stadium.""",16,toward first base / right field,1-18,UNKNOWN,"Stairway aisles run along both side edges of the section; rows are not split by a mid-row aisle, so seat numbers run continuously from one side aisle to the other. The entry portal row is not published for this section.","Facing the field, seat 1 is on your right. That puts seat 1 on the edge facing section GS1, with seat numbers counting up toward the edge facing section GS3. Seat 1 is the end of the row farthest from home plate, and higher seat numbers run back toward home plate.",not published,"""Covered Seats""; ""Rows 1-18""; ""Behind/Side Stage (most shows)"". ""All seats in this section are under cover"". ""Support poles positioned throughout the sections can block views of different parts of the field, including home plate, the pitcher's mound, second base, or the outfield, depending on the seat location."" GS2 is the one section in this batch whose fan feedback puts the problem beam on the LEFT rather than the right; every other section in this batch that names a beam side names the right. Park-level contradiction between the boilerplate (""lower number seats are on the left"") and the venue seating-chart page (""Seat Numbers at Fenway Park go from right-to-left"") remains unresolved.","HIGH - zone, rows, location and seat direction stated by the source"
GS3,Grandstand (GS1–GS33),Grandstand,"""Grandstand seating wraps around much of the lower seating bowl at Fenway Park, sitting directly beneath the large roof structure that covers much of the stadium.""",15,toward first base / right field,1-18,UNKNOWN,"Stairway aisles run along both side edges of the section; rows are not split by a mid-row aisle, so seat numbers run continuously from one side aisle to the other. The entry portal row is not published for this section.","Facing the field, seat 1 is on your right. That puts seat 1 on the edge facing section GS2, with seat numbers counting up toward the edge facing section GS4. Seat 1 is the end of the row farthest from home plate, and higher seat numbers run back toward home plate.",not published,"""Top Pick for Unobstructed Grandstand Views Rows 1""; ""Covered Seats""; ""Rows 1-18"". ""For baseball games, we recommend rows 1 for unobstructed grandstand views""; ""All seats in this section are under cover"". ""Clear views at Row 1 — If you can find a seat in Row 1, you'll have a clear and unobstructed view to the field"". Like GS2, GS3 places the problem beam on the LEFT, against the right-side pattern of most other sections in this batch.","HIGH - zone, rows, location and seat direction stated by the source"
GS4,Grandstand (GS1–GS33),Grandstand,"""Grandstand seating wraps around much of the lower seating bowl at Fenway Park, sitting directly beneath the large roof structure that covers much of the stadium.""",14,toward first base / right field,1-17,UNKNOWN,"Stairway aisles run along both side edges of the section; rows are not split by a mid-row aisle, so seat numbers run continuously from one side aisle to the other. The entry portal row is not published for this section.","Facing the field, seat 1 is on your right. That puts seat 1 on the edge facing section GS3, with seat numbers counting up toward the edge facing section GS5. Seat 1 is the end of the row farthest from home plate, and higher seat numbers run back toward home plate.",not published,"""Top Pick for Kids and Family""; ""Top Pick for Unobstructed Grandstand Views Rows 1""; ""Covered Seats"". ""All seats in this section are under cover"". ""Row 1 has the best views — All seats in Row 1 have a clear view to the infield"". ""High Risk of Obstructed Views: Many seats have blocked or partially obstructed sightlines due to the historic stadium structure."" Park-level seat-1 contradiction unresolved.","HIGH - zone, rows, location and seat direction stated by the source"
GS5,Grandstand (GS1–GS33),Grandstand,"""Grandstand seating wraps around much of the lower seating bowl at Fenway Park, sitting directly beneath the large roof structure that covers much of the stadium."" ""Basically looks down the first base foul line.""",13,toward first base / right field,1-17,17,"Stairway aisles run along both side edges of the section; rows are not split by a mid-row aisle, so seat numbers run continuously from one side aisle to the other. The entry portal is at row 17.","Facing the field, seat 1 is on your right. That puts seat 1 on the edge facing section GS4, with seat numbers counting up toward the edge facing section GS6. Seat 1 is the end of the row farthest from home plate, and higher seat numbers run back toward home plate.",not published,"""Top Pick for Kids and Family""; ""Covered Seats""; ""Rows 1-17"". ""All seats in this section are under cover"". ""Grandstand seats on the third base side generally offer better sightlines than those on the first base side""; ""High Risk of Obstructed Views""; ""Support poles positioned throughout the sections can block views""; ""Excellent Weather Protection""; ""Narrower than most modern stadium seats"". Park-level seat-1 contradiction unresolved.","HIGH - zone, rows, location and seat direction stated by the source"
GS6,Grandstand (GS1–GS33),Grandstand,"""Grandstand seating wraps around much of the lower seating bowl at Fenway Park, sitting directly beneath the large roof structure that covers much of the stadium."" ""Sections 1–6 are covered but can still receive late afternoon sun"".",12,toward first base / right field,1-12,UNKNOWN,"Stairway aisles run along both side edges of the section; rows are not split by a mid-row aisle, so seat numbers run continuously from one side aisle to the other. The entry portal row is not published for this section.","Facing the field, seat 1 is on your right. That puts seat 1 on the edge facing section GS5, with seat numbers counting up toward the edge facing section GS7. Seat 1 is the end of the row farthest from home plate, and higher seat numbers run back toward home plate.",not published,"""Top Pick for Kids and Family""; ""Covered Seats""; ""Rows 1-12"". ""For baseball games, we recommend these seats for kids and family""; ""All seats in this section are under cover"". ""Grandstand seats on the third base side generally offer better sightlines than those on the first base side""; ""High Risk of Obstructed Views: Many seats have blocked or partially obstructed sightlines due to the historic stadium structure."" GS6 is the shallowest section in this batch at 12 rows. The habit of counting seats IN FROM THE RIGHT AISLE recurs on GS7, GS9 and GS18 and is the pattern that makes the GS18 evidence below meaningful. Park-level seat-1 contradiction unresolved.","HIGH - zone, rows, location and seat direction stated by the source"
GS7,Grandstand (GS1–GS33),Grandstand,"""Grandstand seating wraps around much of the lower seating bowl at Fenway Park, sitting directly beneath the large roof structure that covers much of the stadium.""",11,toward first base / right field,1-17,17,"Stairway aisles run along both side edges of the section; rows are not split by a mid-row aisle, so seat numbers run continuously from one side aisle to the other. The entry portal is at row 17.","Facing the field, seat 1 is on your right. That puts seat 1 on the edge facing section GS6, with seat numbers counting up toward the edge facing section GS8. Seat 1 is the end of the row farthest from home plate, and higher seat numbers run back toward home plate.",not published,"""Covered Seats""; ""Rows 1-17"". ""All seats in this section are under cover"". ""Grandstand seats on the third base side generally offer better sightlines than those on the first base side"". Park-level seat-1 contradiction unresolved.","HIGH - zone, rows, location and seat direction stated by the source"
GS8,Grandstand (GS1–GS33),Grandstand,"""Grandstand seating wraps around much of the lower seating bowl at Fenway Park, sitting directly beneath the large roof structure that covers much of the stadium."" The only positional insight is a FOOTBALL one: ""Midfield View"" / ""For football games, desirable view from near midfield"" - not a baseball placement.",10,toward first base / right field,1-17,17,"Stairway aisles run along both side edges of the section; rows are not split by a mid-row aisle, so seat numbers run continuously from one side aisle to the other. The entry portal is at row 17.","Facing the field, seat 1 is on your right. That puts seat 1 on the edge facing section GS7, with seat numbers counting up toward the edge facing section GS9. Seat 1 is the end of the row farthest from home plate, and higher seat numbers run back toward home plate.",not published,"""Midfield View""; ""Covered Seats""; ""Rows 1-17"". ""For football games, desirable view from near midfield""; ""All seats in this section are under cover"". ""High Risk of Obstructed Views: Many seats have blocked or partially obstructed sightlines due to the historic stadium structure."" Park-level seat-1 contradiction unresolved.","HIGH - zone, rows, location and seat direction stated by the source"
GS9,Grandstand (GS1–GS33),Grandstand,"""Grandstand seating wraps around much of the lower seating bowl at Fenway Park, sitting directly beneath the large roof structure that covers much of the stadium."" Only positional insight is the football one: ""Midfield View"" / ""For football games, desirable view from near midfield"".",9,toward first base / right field,1-17,17,"Stairway aisles run along both side edges of the section; rows are not split by a mid-row aisle, so seat numbers run continuously from one side aisle to the other. The entry portal is at row 17.","Facing the field, seat 1 is on your right. That puts seat 1 on the edge facing section GS8, with seat numbers counting up toward the edge facing section GS10. Seat 1 is the end of the row farthest from home plate, and higher seat numbers run back toward home plate.",not published,"""Midfield View""; ""Covered Seats""; ""Rows 1-17"". ""For football games, desirable view from near midfield""; ""All seats in this section are under cover"". ""Grandstand seats on the third base side generally offer better sightlines than those on the first base side"". Park-level seat-1 contradiction unresolved.","HIGH - zone, rows, location and seat direction stated by the source"
GS10,Grandstand (GS1–GS33),Grandstand,"""Grandstand seating wraps around much of the lower seating bowl at Fenway Park, sitting directly beneath the large roof structure that covers much of the stadium."" Football insight ""Midfield View"" is present but is not a baseball placement.",8,toward first base / right field,1-17,17,"Stairway aisles run along both side edges of the section; rows are not split by a mid-row aisle, so seat numbers run continuously from one side aisle to the other. The entry portal is at row 17.","Facing the field, seat 1 is on your right. That puts seat 1 on the edge facing section GS9, with seat numbers counting up toward the edge facing section GS11. Seat 1 is the end of the row farthest from home plate, and higher seat numbers run back toward home plate.",not published,"""Top Pick for Unobstructed Grandstand Views Rows 1-2""; ""Midfield View""; ""Covered Seats""; ""Rows 1-17"". ""For baseball games, we recommend rows 1-2 for unobstructed grandstand views""; ""All seats in this section are under cover"". ""Unobstructed infield views from Rows 1 and 2 — Sitting near the front of Grandstand 10 (Rows 1 and 2) will get you clear, unobstructed views of the infield."" ""High Risk of Obstructed Views: Many seats have blocked or partially obstructed sightlines due to the historic stadium structure."" GS10 is one of the sections where the bad side is the LEFT, opposite to GS18/GS20. Park-level seat-1 contradiction unresolved.","HIGH - zone, rows, location and seat direction stated by the source"
GS11,Grandstand (GS1–GS33),Grandstand,"""Grandstand seating wraps around much of the lower seating bowl at Fenway Park, sitting directly beneath the large roof structure that covers much of the stadium."" Football insight ""Midfield View"" only; no baseball placement sentence.",7,toward first base / right field,1-17,17,"Stairway aisles run along both side edges of the section; rows are not split by a mid-row aisle, so seat numbers run continuously from one side aisle to the other. The entry portal is at row 17.","Facing the field, seat 1 is on your right. That puts seat 1 on the edge facing section GS10, with seat numbers counting up toward the edge facing section GS12. Seat 1 is the end of the row farthest from home plate, and higher seat numbers run back toward home plate.",not published,"""Midfield View""; ""Covered Seats""; ""Rows 1-17"". ""For football games, desirable view from near midfield""; ""All seats in this section are under cover"". ""The obnoxious support beam just in front of Row 1 and almost right in the middle of the row."" Expert review notes obstruction risk and weather protection. Park-level seat-1 contradiction unresolved.","HIGH - zone, rows, location and seat direction stated by the source"
GS12,Grandstand (GS1–GS33),Grandstand,"""Grandstand seating wraps around much of the lower seating bowl at Fenway Park, sitting directly beneath the large roof structure that covers much of the stadium."" Football insight ""Midfield View"" only; no baseball placement sentence.",6,toward first base / right field,1-17,17,"Stairway aisles run along both side edges of the section; rows are not split by a mid-row aisle, so seat numbers run continuously from one side aisle to the other. The entry portal is at row 17.","Facing the field, seat 1 is on your right. That puts seat 1 on the edge facing section GS11, with seat numbers counting up toward the edge facing section GS13. Seat 1 is the end of the row farthest from home plate, and higher seat numbers run back toward home plate.",not published,"""Midfield View""; ""Covered Seats""; ""Rows 1-17"". ""Historic Fenway Seating"" - ""One of the original seating areas of the ballpark featuring classic design"" with ""support poles and roof overhangs""; ""Obstructed Views Risk: Many seats have blocked or partially obstructed sightlines due to the historic stadium structure.""; ""Weather Protection: The Grandstand sits fully under the stadium roof, providing some of the best shade and rain protection.""; ""Atmosphere: Old-style narrow seating and architecture give fans a true vintage Fenway experience."" Fan review titled ""Best Grandstand Seats at Fenway Park?"" (GS12 / Row 15 / Baseball): ""Beautiful view of the field. No instructions, and really none that I could see in the rest of the seats in this row.""","HIGH - zone, rows, location and seat direction stated by the source"
GS13,Grandstand (GS1–GS33),Grandstand,"""Grandstand seating wraps around much of the lower seating bowl at Fenway Park, sitting directly beneath the large roof structure that covers much of the stadium."" Football insight ""Midfield View"" only; no baseball placement sentence.",5,toward first base / right field,1-17,17,"Stairway aisles run along both side edges of the section; rows are not split by a mid-row aisle, so seat numbers run continuously from one side aisle to the other. The entry portal is at row 17.","Facing the field, seat 1 is on your right. That puts seat 1 on the edge facing section GS12, with seat numbers counting up toward the edge facing section GS14. Seat 1 is the end of the row farthest from home plate, and higher seat numbers run back toward home plate.",not published,"""Midfield View""; ""Covered Seats""; ""Rows 1-17"". ""For football games, desirable view from near midfield""; ""All seats in this section are under cover"". ""Support poles positioned throughout the sections can block views of different parts of the field."" Park-level seat-1 contradiction unresolved.","HIGH - zone, rows, location and seat direction stated by the source"
GS14,Grandstand (GS1–GS33),Grandstand,"""Grandstand seating wraps around much of the lower seating bowl at Fenway Park, sitting directly beneath the large roof structure that covers much of the stadium."" ""Seats would have been great if the pole didn't block our view of the pitcher and 3rd base"".",4,toward first base / right field,1-18,18,"Stairway aisles run along both side edges of the section; rows are not split by a mid-row aisle, so seat numbers run continuously from one side aisle to the other. The entry portal is at row 18.","Facing the field, seat 1 is on your right. That puts seat 1 on the edge facing section GS13, with seat numbers counting up toward the edge facing section GS15. Seat 1 is the end of the row farthest from home plate, and higher seat numbers run back toward home plate.",not published,"""Covered Seats""; ""Rows 1-18"". ""All seats in this section are under cover"". ""High Risk of Obstructed Views: Many seats have blocked or partially obstructed sightlines due to the historic stadium structure""; ""Support poles positioned throughout the sections can block views"". Fan review (GS14 / Row 8): ""Seats would have been great if the pole didn't block our view of the pitcher and 3rd base"". Park-level seat-1 contradiction unresolved.","HIGH - zone, rows, location and seat direction stated by the source"
GS15,Grandstand (GS1–GS33),Grandstand,"""Grandstand seating wraps around much of the lower seating bowl at Fenway Park, sitting directly beneath the large roof structure that covers much of the stadium.""",3,toward first base / right field,1-19,19,"Stairway aisles run along both side edges of the section; rows are not split by a mid-row aisle, so seat numbers run continuously from one side aisle to the other. The entry portal is at row 19.","Facing the field, seat 1 is on your right. That puts seat 1 on the edge facing section GS14, with seat numbers counting up toward the edge facing section GS16. Seat 1 is the end of the row farthest from home plate, and higher seat numbers run back toward home plate.",not published,"""Top Pick for Unobstructed Grandstand Views Rows 1""; ""Covered Seats Rows 1-19"". ""All seats in this section are under cover"". ""You'll have clear, unobstructed views from any seat in Row 1""; ""Sitting in the middle of the row seems to be the best bet here""; ""the one pole blocking RF is far enough away"". ""High Risk of Obstructed Views""; ""Support poles positioned throughout the sections can block views"". GS15 and GS16 are the two 19-row sections in this batch. Park-level seat-1 contradiction unresolved.","HIGH - zone, rows, location and seat direction stated by the source"
GS16,Grandstand (GS1–GS33),Grandstand,"""Grandstand seating wraps around much of the lower seating bowl at Fenway Park, sitting directly beneath the large roof structure that covers much of the stadium.""",2,toward first base / right field,1-19,19,"Stairway aisles run along both side edges of the section; rows are not split by a mid-row aisle, so seat numbers run continuously from one side aisle to the other. The entry portal is at row 19.","Facing the field, seat 1 is on your right. That puts seat 1 on the edge facing section GS15, with seat numbers counting up toward the edge facing section GS17. Seat 1 is the end of the row farthest from home plate, and higher seat numbers run back toward home plate.",not published,"""Top Pick for Unobstructed Grandstand Views Rows 1""; ""Covered Seats Rows 1-19"". ""For baseball games, we recommend rows 1 for unobstructed grandstand views""; ""All seats in this section are under cover"". ""Sit in Row 1 for a clear view — Views from the first row of Grandstand 16 are safely free of obstruction"". ""High Risk of Obstructed Views: Many seats have blocked or partially obstructed sightlines due to the historic stadium structure."" USEFUL FOR ORIENTATION, NOT SEAT NUMBERING: the right aisle blocks the BATTERS BOX and the left aisle blocks the PITCHERS MOUND, which is consistent with GS16 sitting on the first-base side of home plate looking back toward the infield. Park-level seat-1 contradiction unresolved.","HIGH - zone, rows, location and seat direction stated by the source"
GS17,Grandstand (GS1–GS33),Grandstand,"""Grandstand seating wraps around much of the lower seating bowl at Fenway Park, sitting directly beneath the large roof structure that covers much of the stadium."" No per-section sentence naming a base line or field position, though the fan review's reference to ""pitchers mound and batters box"" implies an infield view.",1,toward first base / right field,1-18,18,"Stairway aisles run along both side edges of the section; rows are not split by a mid-row aisle, so seat numbers run continuously from one side aisle to the other. The entry portal is at row 18.","Facing the field, seat 1 is on your right. That puts seat 1 on the edge facing section GS16, with seat numbers counting up toward the edge facing section GS18. Seat 1 is the end of the row farthest from home plate, and higher seat numbers run back toward home plate.",not published,"""Top Pick for Outstanding Convenience—Rows 13-18""; ""Top Pick for Unobstructed Grandstand Views—Rows 1-3""; ""Covered Seats, Rows 1-18"". ""All seats in this section are under cover"". ""Clear views of pitchers mound and batters box in Rows 1 through 3"". ""High Risk of Obstructed Views: Many seats have blocked or partially obstructed sightlines due to historic stadium structure."" and ""Grandstand seats on the third base side generally offer better sightlines than those on the first base side"". GS17 joins GS18 and GS20 in putting the bad side on the RIGHT. Park-level seat-1 contradiction unresolved.","HIGH - zone, rows, location and seat direction stated by the source"
GS18,Grandstand (GS1–GS33),Grandstand,"""Grandstand seating wraps around much of the lower seating bowl at Fenway Park, sitting directly beneath the large roof structure that covers much of the stadium.""",0,behind home plate,1-18,18,"Stairway aisles run along both side edges of the section; rows are not split by a mid-row aisle, so seat numbers run continuously from one side aisle to the other. The entry portal is at row 18.","Facing the field, seat 1 is on your right. That puts seat 1 on the edge facing section GS17, with seat numbers counting up toward the edge facing section GS19. This section is behind home plate, so seat 1 is on its first-base side.",not published,"The per-section fan reviews on the same page put the beam ""just 4 seats in from the right aisle"" and simultaneously say ""Seats 1-4 seem to be safe but anything to the left will deal with the pole"" and ""seats 3-8 are terrible"" - which only coheres if seat 1 is at the RIGHT aisle. //www.rateyourseats.com/fenway-park/seating/seating-chart : ""Seat Numbers at Fenway Park go from right-to-left"") and disagrees with the boilerplate. review (4) advises staying ""no more than 6 seats in from the left aisle"", so reviews (2) and (4) recommend opposite aisles; they are consistent only if the section is wide enough that seats 1-4 (right aisle) and the leftmost 6 seats are both clear of a beam that sits 4 seats in from the right - review (3)'s ""seats 3-8 are terrible"" sits awkwardly with review (2)'s ""Seats 1-4 seem to be safe"".","HIGH - zone, rows, location and seat direction stated by the source"
GS19,Grandstand (GS1–GS33),Grandstand,"""Grandstand seating wraps around much of the lower seating bowl at Fenway Park, sitting directly beneath the large roof structure that covers much of the stadium."" Section Insight ""Home Plate View"" is present. A fan review refers to losing ""some of the third base area from seats near the left aisle"", implying the section faces the infield with third base off to one side.",0,behind home plate,1-18,18,"Stairway aisles run along both side edges of the section; rows are not split by a mid-row aisle, so seat numbers run continuously from one side aisle to the other. The entry portal is at row 18.","Facing the field, seat 1 is on your right. That puts seat 1 on the edge facing section GS18, with seat numbers counting up toward the edge facing section GS20. This section is behind home plate, so seat 1 is on its first-base side.",not published,"""Top Pick for Unobstructed Grandstand Views Rows 1-15""; ""Home Plate View""; ""Covered Seats""; ""Rows 1-18"". ""For baseball games, we recommend rows 1-15 for unobstructed grandstand views""; ""All seats in this section are under cover"". ""Grandstand seats on the third base side generally offer better sightlines than those on the first base side"". ""seats in Rows 1 through 15 in Grandstand 19 will have clear viewing angles"". GS19's bad side is the LEFT, opposite to its immediate neighbours GS18 and GS20, whose bad side is the right - beam positions genuinely vary section to section. Park-level seat-1 contradiction unresolved.","HIGH - zone, rows, location and seat direction stated by the source"
GS20,Grandstand (GS1–GS33),Grandstand,"""Grandstand seating wraps around much of the lower seating bowl at Fenway Park, sitting directly beneath the large roof structure that covers much of the stadium.""",0,behind home plate,1-18,18,"Stairway aisles run along both side edges of the section; rows are not split by a mid-row aisle, so seat numbers run continuously from one side aisle to the other. The entry portal is at row 18.","Facing the field, seat 1 is on your right. That puts seat 1 on the edge facing section GS19, with seat numbers counting up toward the edge facing section GS21. This section is behind home plate, so seat 1 is on its first-base side.",not published,"""Top Pick for Unobstructed Grandstand Views—Rows 1""; ""Home Plate View""; ""Covered Seats""; ""Rows 1-18"". ""For baseball games, we recommend rows 1 for unobstructed grandstand views""; ""For baseball games, desirable view from behind home plate""; ""All seats in this section are under cover"". GS20's beam is on the RIGHT, matching GS18 and GS17. If the GS18 seat-numbering evidence above is correct (seat 1 at the right aisle), then the ""avoid the right aisle at all costs"" advice for GS20 would attach to the LOWEST seat numbers, and under the boilerplate it would attach to the highest - the practical stakes of the unresolved seat-1 side are visible here. boilerplate ""lower number seats are on the left"" vs https://www.rateyourseats.com/fenway-park/seating/seating-chart ""Seat Numbers at Fenway Park go from right-to-left"".","HIGH - zone, rows, location and seat direction stated by the source"
GS21,Grandstand (GS1–GS33),Grandstand,"""Grandstand seating wraps around much of the lower seating bowl at Fenway Park, sitting directly beneath the large roof structure that covers much of the stadium."" That is the only location sentence on the page - it names no field position. Section Insight ""Home Plate View"" and Seating Note ""For baseball games, desirable view from behind home plate"" are the only indication of where GS21 faces.",1,toward third base / left field,1-18,18,"Stairway aisles run along both side edges of the section; rows are not split by a mid-row aisle, so seat numbers run continuously from one side aisle to the other. The entry portal is at row 18.","Facing the field, seat 1 is on your right. That puts seat 1 on the edge facing section GS20, with seat numbers counting up toward the edge facing section GS22. Seat 1 is the end of the row closest to home plate, and higher seat numbers run away from home plate.",not published,"""Top Pick for Unobstructed Grandstand ViewsRows 1-8""; ""Home Plate View""; ""Covered Seats""; ""Rows 1-18"". ""For baseball games, we recommend rows 1-8 for unobstructed grandstand views""; ""For baseball games, desirable view from behind home plate""; ""All seats in this section are under cover"". the per-seat warning here runs the OPPOSITE way from most of the batch - GS21's bad side is the LEFT (""Seats in Rows 9 and higher near the aisle at the left side of the section will have difficult views"") whereas GS22, GS24-GS27 and GS30-GS32 warn about the RIGHT side.","HIGH - zone, rows, location and seat direction stated by the source"
GS22,Grandstand (GS1–GS33),Grandstand,"Grandstand seating wraps around much of the lower seating bowl at Fenway Park, sitting directly beneath the large roof structure that covers much of the stadium."" No field-position sentence beyond the Seating Note ""For baseball games, desirable view from behind home plate"" and the Insight ""Home Plate View"". A fan review adds ""Head on views of the pitchers mound, batters box, and center field scoreboard were very good, although being behind home plate means the protecting netting took away any shot I had at a foul ball souvenir.",2,toward third base / left field,1-18,18,"Stairway aisles run along both side edges of the section; rows are not split by a mid-row aisle, so seat numbers run continuously from one side aisle to the other. The entry portal is at row 18.","Facing the field, seat 1 is on your right. That puts seat 1 on the edge facing section GS21, with seat numbers counting up toward the edge facing section GS23. Seat 1 is the end of the row closest to home plate, and higher seat numbers run away from home plate.",not published,"""Top Pick for Unobstructed Grandstand Views Rows 1""; ""Home Plate View""; ""Covered Seats""; ""Rows 1-18"". ""For baseball games, we recommend rows 1 for unobstructed grandstand views""; ""For baseball games, desirable view from behind home plate""; ""All seats in this section are under cover"". beams on the right side, per two reviews above. Comfort/shade ""Legroom is lacking, not great for a 6 footer like myself. But my seat was very safely covered and incredibly shady during a hot summer day game."" ""Somewhat obstructed view - Somewhat obstructed view. Crowd was not very lively and turned around to comment to us that we were being too loud when we were cheering.""","HIGH - zone, rows, location and seat direction stated by the source"
GS23,Grandstand (GS1–GS33),Grandstand,"""Grandstand seating wraps around much of the lower seating bowl at Fenway Park, sitting directly beneath the large roof structure that covers much of the stadium."" ""Left field/baseline obstructed by lally column."" (GS23 / Row 2)",3,toward third base / left field,1-18,18,"Stairway aisles run along both side edges of the section; rows are not split by a mid-row aisle, so seat numbers run continuously from one side aisle to the other. The entry portal is at row 18.","Facing the field, seat 1 is on your right. That puts seat 1 on the edge facing section GS22, with seat numbers counting up toward the edge facing section GS24. Seat 1 is the end of the row closest to home plate, and higher seat numbers run away from home plate.",not published,"""Top Pick for Unobstructed Grandstand ViewsRows 1""; ""Home Plate View""; ""Covered Seats""; ""Rows 1-18"". ""For baseball games, we recommend rows 1 for unobstructed grandstand views""; ""For baseball games, desirable view from behind home plate""; ""All seats in this section are under cover"". ""Historic Fenway Seating: One of the original seating areas of the ballpark featuring classic design elements like support poles and roof overhangs. Many seats have blocked or partially obstructed sightlines due to the historic stadium structure. The Grandstand sits fully under the stadium roof, providing some of the best shade and rain protection at Fenway Park. Old-style narrow seating and architecture give fans a true vintage Fenway experience.""","HIGH - zone, rows, location and seat direction stated by the source"
GS24,Grandstand (GS1–GS33),Grandstand,"""Grandstand seating wraps around much of the lower seating bowl at Fenway Park, sitting directly beneath the large roof structure that covers much of the stadium.""",4,toward third base / left field,1-18,18,"Stairway aisles run along both side edges of the section; rows are not split by a mid-row aisle, so seat numbers run continuously from one side aisle to the other. The entry portal is at row 18.","Facing the field, seat 1 is on your right. That puts seat 1 on the edge facing section GS23, with seat numbers counting up toward the edge facing section GS25. Seat 1 is the end of the row closest to home plate, and higher seat numbers run away from home plate.",not published,"""Top Pick for Unobstructed Grandstand ViewsRows 1-3""; ""Covered Seats""; ""Rows 1-18"". ""For baseball games, we recommend rows 1-3 for unobstructed grandstand views""; ""All seats in this section are under cover"".","HIGH - zone, rows, location and seat direction stated by the source"
GS25,Grandstand (GS1–GS33),Grandstand,"""Grandstand seating wraps around much of the lower seating bowl at Fenway Park, sitting directly beneath the large roof structure that covers much of the stadium."" A fan review implies an infield/first-base orientation ""Seats 123 are obstructed view of either home plate 1st base or both"".",5,toward third base / left field,1-18,18,"Stairway aisles run along both side edges of the section; rows are not split by a mid-row aisle, so seat numbers run continuously from one side aisle to the other. The entry portal is at row 18.","Facing the field, seat 1 is on your right. That puts seat 1 on the edge facing section GS24, with seat numbers counting up toward the edge facing section GS26. Seat 1 is the end of the row closest to home plate, and higher seat numbers run away from home plate.",not published,"""Top Pick for Unobstructed Grandstand ViewsRows 1""; ""Covered Seats""; ""Rows 1-18"". ""For baseball games, we recommend rows 1 for unobstructed grandstand views""; ""All seats in this section are under cover"". ""Obstructed view - Seats 123 are obstructed view of either home plate 1st base or both""; ""Front row is the way to go - Being in Row 1 will help you avoid any viewing issues when sitting in Grandstand 25""; ""Middle seats are the safest for clear views - In most rows of Grandstand 25 (the exception being Row 1), the middle seats are going to be the safest bet for decent views to the field."" the fan feedback sentence about the aisles is cut off in mid-sentence in the page itself (""And if you're near the left aisle, you""), so what it says about the left aisle is unrecoverable.","HIGH - zone, rows, location and seat direction stated by the source"
GS26,Grandstand (GS1–GS33),Grandstand,"""Grandstand seating wraps around much of the lower seating bowl at Fenway Park, sitting directly beneath the large roof structure that covers much of the stadium."" ""my seats was almost perfectly positioned where the beam to my left was just beyond the infield dirt at third base, and the beam to my right was just behind the home plate umpire!"" and ""No views of the center field videoboard, and plays in the left field corner were a mystery"" (GS26 / Row 15). Home plate is therefore to this reviewer's RIGHT and third base to the LEFT, i.e.",6,toward third base / left field,1-18,18,"Stairway aisles run along both side edges of the section; rows are not split by a mid-row aisle, so seat numbers run continuously from one side aisle to the other. The entry portal is at row 18.","Facing the field, seat 1 is on your right. That puts seat 1 on the edge facing section GS25, with seat numbers counting up toward the edge facing section GS27. Seat 1 is the end of the row closest to home plate, and higher seat numbers run away from home plate.",not published,"""Top Pick for Unobstructed Grandstand ViewsRows 1""; ""Covered Seats""; ""Rows 1-18"". ""For baseball games, we recommend rows 1 for unobstructed grandstand views""; ""All seats in this section are under cover"". Full fan review (GS26 / Row 15, ""Perfect Placement Between Beams""): ""My seat was three rows from the top of the grandstand level, so I went in expecting to have a beam directly in my line of sight and ruining my day at the ballpark. But much to my surprise and delight, my seats was almost perfectly positioned where the beam to my left was just beyond the infield dirt at third base, and the beam to my right was just behind the home plate umpire! I could see the entire infield without obstruction, so I chalked this one up to a very lucky success.""","HIGH - zone, rows, location and seat direction stated by the source"
GS27,Grandstand (GS1–GS33),Grandstand,"""Grandstand seating wraps around much of the lower seating bowl at Fenway Park, sitting directly beneath the large roof structure that covers much of the stadium."" PLUS an explicit fan placement (GS27 / Row 4): ""I was at the far edge of the visitors dugout on the third base line, which meant I had to turn a bit to the right to watch the infield and the batters box.""",7,toward third base / left field,1-18,18,"Stairway aisles run along both side edges of the section; rows are not split by a mid-row aisle, so seat numbers run continuously from one side aisle to the other. The entry portal is at row 18.","Facing the field, seat 1 is on your right. That puts seat 1 on the edge facing section GS26, with seat numbers counting up toward the edge facing section GS28. Seat 1 is the end of the row closest to home plate, and higher seat numbers run away from home plate.","""The row is extremely large with 25 seats"" (fan review, GS27 / Row 4)","""Covered Seats""; ""Rows 1-18"" - GS27 carries NO ""Top Pick for Unobstructed Grandstand Views"" insight, the only Grandstand section in this batch except GS28 and GS29 without one. ""All seats in this section are under cover"". Full key fan review (GS27 / Row 4, ""Close to Amenities with a Decent View""): ""My view was pretty good considering I was rolling the dice on the Grandstand level not knowing if I would have a clear view to the field. I was at the far edge of the visitors dugout on the third base line, which meant I had to turn a bit to the right to watch the infield and the batters box. But the beams didn't impact my view, so I was pleasantly surprised with my seat. Under great cover, with excellent shade as well.""","HIGH - zone, rows, location and seat direction stated by the source"
GS28,Grandstand (GS1–GS33),Grandstand,"""Grandstand seating wraps around much of the lower seating bowl at Fenway Park, sitting directly beneath the large roof structure that covers much of the stadium."" Fan review adds shape and neighbour ""While one of the smaller Grandstand sections, the views of the infield are still very difficult from Grandstand 28 due to the beam at the left side of neighboring Grandstand 27."" and ""Seating doesn't begin until row 3 in this triangle shaped section"".",8,toward third base / left field,3-18,18,"Stairway aisles run along both side edges of the section; rows are not split by a mid-row aisle, so seat numbers run continuously from one side aisle to the other. The entry portal is at row 18.","Facing the field, seat 1 is on your right. That puts seat 1 on the edge facing section GS27, with seat numbers counting up toward the edge facing section GS29. Seat 1 is the end of the row closest to home plate, and higher seat numbers run away from home plate.",not published,"""Covered Seats""; ""Rows 3-18"". ""All seats in this section are under cover"". GS28 starts at Row 3, not Row 1 - ""Rows in Grandstand 28 are labeled 3-18"" and the fan explanation ""Seating doesn't begin until row 3 in this triangle shaped section, causing the lower beam to really create havoc with views of the pitchers mound and middle infield."" ""Support poles positioned throughout the sections can block views of different parts of the field, including home plate, the pitcher's mound, second base, or the outfield, depending on the seat location."" Full fan review (""Hard to avoid the low row beam to the right""): ""While one of the smaller Grandstand sections, the views of the infield are still very difficult from Grandstand 28 due to the beam at the left side of neighboring Grandstand 27.""","HIGH - zone, rows, location and seat direction stated by the source"
GS29,Grandstand (GS1–GS33),Grandstand,"""Grandstand seating wraps around much of the lower seating bowl at Fenway Park, sitting directly beneath the large roof structure that covers much of the stadium."" (The GS27 fan review independently mentions ""great concessions nearby just above Grandstand Section 29"".)",9,toward third base / left field,1-18,"""Entrances to this section are located at Rows 1 and 18"" (TWO entrances - differs from the single-entrance line on GS21-GS28)","Stairway aisles run along both side edges of the section; rows are not split by a mid-row aisle, so seat numbers run continuously from one side aisle to the other. The entry portal is at row ""Entrances to this section are located at Rows 1 and 18"" (TWO entrances - differs from the single-entrance line on GS21-GS28).","Facing the field, seat 1 is on your right. That puts seat 1 on the edge facing section GS28, with seat numbers counting up toward the edge facing section GS30. Seat 1 is the end of the row closest to home plate, and higher seat numbers run away from home plate.",not published,"""Covered Seats""; ""Rows 1-18"" - no ""Top Pick for Unobstructed Grandstand Views"" insight. ""All seats in this section are under cover"". Full fan review (""Never Again!""): ""The view could not possibly have been any worse. The beam right in front of the seats was in terrible position, blocking any view of the batters box or home plate area. Had I been in seat 1 or 2, I could have seen some of home plate, although you'd be following the pitch through the beam as it makes its way to the catcher. Avoid seats 3 and 4, they are absolutely horrible. If you can get seats 12 through 14 the views get much, much better, however you will be further from the aisle. Combine the awful view with the cramped legroom, and it definitely ends up being a seat which I hope I never have to sit in again.""","HIGH - zone, rows, location and seat direction stated by the source"
GS30,Grandstand (GS1–GS33),Grandstand,"Grandstand seating wraps around much of the lower seating bowl at Fenway Park, sitting directly beneath the large roof structure that covers much of the stadium."" Structural detail ""With a section entry tunnel occupying the far right side of the first 6 rows...",10,toward third base / left field,1-18,Entrances to this section are located at Rows 1 and 18,"Stairway aisles run along both side edges of the section; rows are not split by a mid-row aisle, so seat numbers run continuously from one side aisle to the other. The entry portal is at row Entrances to this section are located at Rows 1 and 18.","Facing the field, seat 1 is on your right. That puts seat 1 on the edge facing section GS29, with seat numbers counting up toward the edge facing section GS31. Seat 1 is the end of the row closest to home plate, and higher seat numbers run away from home plate.",not published,"""Top Pick for Outstanding Convenience: Rows 13-18""; ""Top Pick for Unobstructed Grandstand Views: Rows 1-2,4-5""; ""Covered Seats: Rows 1-18"". ""For baseball games, we recommend rows 13-18 for outstanding convenience""; ""For baseball games, we recommend rows 1-2,4-5 for unobstructed grandstand views""; ""All seats in this section are under cover"". an entry tunnel occupies the FAR RIGHT SIDE of Rows 1-6, so the front rows are short and the right-hand seats simply do not exist there - this is why the unobstructed-rows insight skips Row 3. Expert block including the closing paragraph absent from most other pages: ""Historic Fenway Seating: One of the original seating areas of the ballpark featuring classic design elements like support poles and roof overhangs.""","HIGH - zone, rows, location and seat direction stated by the source"
GS31,Grandstand (GS1–GS33),Grandstand,"The GS31 page does not carry the ""Grandstand seating wraps around much of the lower seating bowl..."" sentence that GS21-GS30 carry, and states no field position. Only structural detail is given ""the entry tunnel at the right side of the section"".",11,toward third base / left field,1-18,Entrances to this section are located at Rows 1 and 18,"Stairway aisles run along both side edges of the section; rows are not split by a mid-row aisle, so seat numbers run continuously from one side aisle to the other. The entry portal is at row Entrances to this section are located at Rows 1 and 18.","Facing the field, seat 1 is on your right. That puts seat 1 on the edge facing section GS30, with seat numbers counting up toward the edge facing section GS32. Seat 1 is the end of the row closest to home plate, and higher seat numbers run away from home plate.",not published,"""Top Pick for Outstanding ConvenienceRows 13-18""; ""Top Pick for Unobstructed Grandstand ViewsRows 1-2,4-5""; ""Covered Seats""; ""Rows 1-18"". ""For baseball games, we recommend rows 13-18 for outstanding convenience""; ""For baseball games, we recommend rows 1-2,4-5 for unobstructed grandstand views""; ""All seats in this section are under cover"". GS31 HAS BEAMS ON BOTH SIDES per the fan text - one ""at the right side of the section"" affecting Rows 7+ and one ""at the left side of the section"" affecting the Row 3 left aisle seats. an entry tunnel occupies the right side of the lower rows, exactly as at GS30, and the unobstructed-rows insight again skips Row 3. ""Full views from the Grandstand""; ""Beam in the middle of the infield when sitting on the right side"".","HIGH - zone, rows, location and seat direction stated by the source"
GS32,Grandstand (GS1–GS33),Grandstand,"NO LOCATION SENTENCE ON THE PAGE - like GS31, the GS32 page omits the ""Grandstand seating wraps around much of the lower seating bowl..."" sentence and states no field position. Structural detail only ""The front rows of Grandstand 32 are smaller than most in the section due to the entry tunnel taking up space at the right side.""",12,toward third base / left field,"2-18"" (starts at Row 2, not Row 1)",18,"Stairway aisles run along both side edges of the section; rows are not split by a mid-row aisle, so seat numbers run continuously from one side aisle to the other. The entry portal is at row 18.","Facing the field, seat 1 is on your right. That puts seat 1 on the edge facing section GS31, with seat numbers counting up toward the edge facing section GS33. Seat 1 is the end of the row closest to home plate, and higher seat numbers run away from home plate.",not published,"""Top Pick for Kids and Family""; ""Top Pick for Unobstructed Grandstand ViewsRows 2,4-5""; ""Alcohol-Free Section - Red Sox Games""; ""Covered Seats""; ""Rows 2-18"". Beams on both sides again (right side for Rows 7+, left side behind the Row 3 left aisle). ""Safe from obstruction near the front""; ""Stick to the left half of the row"".","HIGH - zone, rows, location and seat direction stated by the source"
GS33,Grandstand (GS1–GS33),Grandstand,"""Located within Fenway Park's historic Grandstand seating area."" AND ""Grandstand seating wraps around much of the lower seating bowl at Fenway Park, sitting directly beneath the large roof structure that covers much of the stadium."" AND, explicitly ""Grandstand 33 is a smaller section located right next to the monster in the left field corner."" A fan review confirms ""it was kind of fun being so close to the Green Monster, watching balls bounce off during deep left field shots"" and ""Views of the center field scoreboards were not all that great"" (GS33 / Row 5).",13,toward third base / left field,"1-15"" (shallower than every other Grandstand section in this batch)",15,"Stairway aisles run along both side edges of the section; rows are not split by a mid-row aisle, so seat numbers run continuously from one side aisle to the other. The entry portal is at row 15.","Facing the field, seat 1 is on your right. That puts seat 1 on the edge facing section GS32, with seat numbers counting up toward the far edge of the section, with no further section beyond it on that side. Seat 1 is the end of the row closest to home plate, and higher seat numbers run away from home plate.",not published,"""Top Pick for Kids and Family""; ""Top Pick for Unobstructed Grandstand ViewsRows 1-2""; ""Alcohol-Free Section - Red Sox Games""; ""Rows 1-15"". ""For baseball games, we recommend these seats for kids and family""; ""For baseball games, we recommend rows 1-2 for unobstructed grandstand views""; ""Grandstand 33 is an alcohol-free section for Red Sox games"". *** COVER: GS33's Insights list does NOT include ""Covered Seats"" and there is no ""All seats in this section are under cover"" note, unlike every other Grandstand section in this batch. Full key fan review (GS33 / Row 5): ""If I leaned forward I could see home plate OK around the beam, but if I was just sitting back comfortably I couldn't see anything near the batters box.""","HIGH - zone, rows, location and seat direction stated by the source"
B34,Bleachers (B34–B43),Bleachers,"""Bleacher sections are located in right field and right-center field at Fenway Park."" AND ""The Bleachers at Fenway Park are located in right field and right-center field, forming a large seating area beyond the outfield wall.""",,not established for this level,1-10,UNKNOWN,"Stairway aisles run along both side edges of the section; rows are not split by a mid-row aisle, so seat numbers run continuously from one side aisle to the other. The entry portal row is not published for this section.","Facing the field, seat 1 is on your right. That puts seat 1 on the far edge of the section, with no further section beyond it on that side, with seat numbers counting up toward the edge facing section B35.",not published,"""Top Pick for Getting a Ball: Rows A-D""; ""Rows 1-10""; ""Behind/Side Stage (most shows)"". ""For baseball games, we recommend rows A-D for getting a ball""; ""Bleachers 34 is behind the stage or to the side of the stage for most concerts. This may restrict or limit your view of the performance."" *** ROW-LABEL CONTRADICTION INSIDE ONE PAGE: the row line says ""Rows in Bleachers 34 are labeled 1-10"" (numeric) while the Insight and Seating Note both recommend ""rows A-D"" (lettered). Lettered rows do not exist in this section per its own row line. This looks like a template artifact and it repeats on B35 and B36. Do not emit rows A-D for the Fenway bleachers. *** Expert block content (paraphrased by the fetch tool, quoted only where the zone page confirms it): ""Bleacher sections are located in right field and right-center field at Fenway Park.""; ""Some seats sit nearly 500 feet from home plate, creating a far but unique perspective.""; ""One of the sunniest sections in the ballpark, especially during day games.""; ""The center field scoreboard, which sits above the Bleachers and is not visible from many seats.""; ""Wide rows and open layout make these seats popular for groups and socializing.""; ""Often among the cheapest seats for Boston Red Sox games.""","HIGH - zone, rows, location and seat direction stated by the source"
B35,Bleachers (B34–B43),Bleachers,"""Bleacher sections are located in right field and right-center field at Fenway Park."" AND ""The Bleachers at Fenway Park are located in right field and right-center field, forming a large seating area beyond the outfield wall."" Zone-level only; nothing places B35 within the run.",,not established for this level,1-19,UNKNOWN,"Stairway aisles run along both side edges of the section; rows are not split by a mid-row aisle, so seat numbers run continuously from one side aisle to the other. The entry portal row is not published for this section.","Facing the field, seat 1 is on your right. That puts seat 1 on the edge facing section B34, with seat numbers counting up toward the edge facing section B36.",not published,"""Top Pick for Getting a Ball: Rows A-D""; ""Rows 1-19""; ""Behind/Side Stage (most shows)"". ""For baseball games, we recommend rows A-D for getting a ball""; ""Bleachers 35 is behind the stage or to the side of the stage for most concerts. This may restrict or limit your view of the performance."" rows are ""labeled 1-19"" yet the recommendation names ""rows A-D"".","HIGH - zone, rows, location and seat direction stated by the source"
B36,Bleachers (B34–B43),Bleachers,"""Bleacher sections are located in right field and right-center field at Fenway Park."" AND ""The Bleachers at Fenway Park are located in right field and right-center field, forming a large seating area beyond the outfield wall."" A fan review adds a sightline ""Can pretty much see all of the field except deep CF right in front of you. Great look at press box and Fenway park sign. No videoboard and no head on view of green monster."" - ""deep CF right in front of you"" places B36 facing straight in from centre / right-centre.",,not established for this level,1-30,1,"Stairway aisles run along both side edges of the section; rows are not split by a mid-row aisle, so seat numbers run continuously from one side aisle to the other. The entry portal is at row 1.","Facing the field, seat 1 is on your right. That puts seat 1 on the edge facing section B35, with seat numbers counting up toward the edge facing section B37.",not published,"""Top Pick for Getting a Ball-Rows A-D""; ""Top Pick for Partying and Socializing-Rows 1-10"". ""For baseball games, we recommend rows A-D for getting a ball""; ""For baseball games, we recommend rows 1-10 for partying and socializing""; ""Bleachers 36 is behind the stage or to the side of the stage for most concerts."" Same A-D vs 1-30 row-label contradiction as B34/B35. ""Long row, cool experience - Pretty cool view of the field from back here. Can pretty much see all of the field except deep CF right in front of you. Great look at press box and Fenway park sign. No videoboard and no head on view of green monster. But pretty good overall.""; ""Detroit Tigers at Boston Red Sox - Aug 13, 2023 - Actual 3rd row.""","HIGH - zone, rows, location and seat direction stated by the source"
B37,Bleachers (B34–B43),Bleachers,"Bleacher sections are located in right field and right-center field at Fenway Park."" AND ""The Bleachers at Fenway Park are located in right field and right-center field, forming a large seating area beyond the outfield wall."" A fan review gives a much sharper placement ""It was really difficult to see anything up against center field and right center field."" and ""The one really fun part about sitting here though is the proximity to the bullpens. When standing you can see a good portion of the Red Sox bullpen, and it feels very close to the relievers and catchers as they warm up."" and ""Just below the scoreboard, you get a really classic look at Fenway Park.",,not established for this level,1-40,1,"Stairway aisles run along both side edges of the section; rows are not split by a mid-row aisle, so seat numbers run continuously from one side aisle to the other. The entry portal is at row 1.","Facing the field, seat 1 is on your right. That puts seat 1 on the edge facing section B36, with seat numbers counting up toward the edge facing section B38.",not published,"""Top Pick for Partying and SocializingRows 1-10""; ""Rows 39 & Above - Covered""; ""Rows 1-40""; ""Behind/Side Stage (most shows)"". This B37 review extends the Red Sox pen's frontage further toward B37 than discovery estimated. Recorded as a second fan-supplied data point; it does not contradict the Red-Sox-pen-nearer-centre / visitors-pen-nearer-the-corner pairing, it only widens it. *** SUN: ""Just be prepared for a lot of sun as the only thing that provides shade during a day game is cloudy skies."" - consistent with the expert block's ""One of the sunniest sections in the ballpark"". ""Great for Bullpen Action - It was really difficult to see anything up against center field and right center field.""","HIGH - zone, rows, location and seat direction stated by the source"
B38,Bleachers (B34–B43),Bleachers,"""Bleacher sections are located in right field and right-center field at Fenway Park."" AND ""The Bleachers at Fenway Park are located in right field and right-center field, forming a large seating area beyond the outfield wall."" ""600 feet from home plate. - I can reach up and touch the moon."" (a hyperbole, not a measurement; the expert block's own figure is ""Some seats sit nearly 500 feet from home plate"").",,not established for this level,1-40,1,"Stairway aisles run along both side edges of the section; rows are not split by a mid-row aisle, so seat numbers run continuously from one side aisle to the other. The entry portal is at row 1.","Facing the field, seat 1 is on your right. That puts seat 1 on the edge facing section B37, with seat numbers counting up toward the edge facing section B39.",not published,"""Top Pick for Partying and SocializingRows 1-10""; ""Rows 39 & Above - Covered""; ""Rows 1-40""; ""Behind/Side Stage (most shows)"". ""For baseball games, we recommend rows 1-10 for partying and socializing""; ""Rows 39 and above are under cover"". B37 and B38 are the only sections in this batch where cover is partial and row-dependent (""Rows 39 and above are under cover"") - everywhere else in the batch cover is all-or-nothing. ""600 feet from home plate. - I can reach up and touch the moon."" (Bleachers 38 / Row 40 - Baseball).","HIGH - zone, rows, location and seat direction stated by the source"
B39,Bleachers (B34–B43),Bleachers,"""Bleacher sections are located in right field and right-center field at Fenway Park."" AND ""The Bleachers at Fenway Park are located in right field and right-center field, forming a large seating area beyond the outfield wall."" Zone-level only.",,not established for this level,"20-50"" (STARTS AT ROW 20 - there is no Row 1-19 in this section)",UNKNOWN,"Stairway aisles run along both side edges of the section; rows are not split by a mid-row aisle, so seat numbers run continuously from one side aisle to the other. The entry portal row is not published for this section.","Facing the field, seat 1 is on your right. That puts seat 1 on the edge facing section B38, with seat numbers counting up toward the edge facing section B40.",not published,"""Rows 20-50""; ""Behind/Side Stage (most shows)"". There is NO Seating Note of any kind, no ""partying and socializing"" pick, no cover note and no getting-a-ball pick - B39 is the thinnest page in the batch. *** ROW-RANGE ANOMALY WORTH CARRYING: ""Rows in Bleachers 39 are labeled 20-50"" - the section begins at Row 20 and runs to Row 50, so B39 is an upper-rows-only section sitting above something that occupies its lower rows (B40, immediately adjacent, runs 1-19 and has ""Only handicapped row in front, then the Red Sox bullpen""). The two ranges are complementary (1-19 and 20-50) which suggests B39 and B40 are stacked halves of one bank rather than side-by-side sections, but NO SOURCE STATES THIS and it is not asserted here. *** No netting line, no bullpen line, no obstruction line, no shade line, no seats-per-row statement, no fan feedback.","HIGH - zone, rows, location and seat direction stated by the source"
B40,Bleachers (B34–B43),Bleachers,"Bleacher sections are located in right field and right-center field at Fenway Park."" AND ""The Bleachers at Fenway Park are located in right field and right-center field, forming a large seating area beyond the outfield wall."" ""Deep center field, almost against the wall that separates a home run from a 420 foot double.""; ""The only blind spots are the center field triangle and far-right field.""; ""Best section in the bleachers. - It's closest to the triangle in center.",,not established for this level,1-19,6,"Stairway aisles run along both side edges of the section; rows are not split by a mid-row aisle, so seat numbers run continuously from one side aisle to the other. The entry portal is at row 6.","Facing the field, seat 1 is on your right. That puts seat 1 on the edge facing section B39, with seat numbers counting up toward the edge facing section B41.",not published,"""Top Pick for Partying and Socializing Rows 1-12"". ""For baseball games, we recommend rows 1-12 for partying and socializing"". No cover note. *** BULLPEN AND ACCESSIBLE-ROW EVIDENCE ""Only handicapped row in front, then the Red Sox bullpen and the field."" (fan review ""Great seats for being part of Fenway"") and ""You will be near the bullpens and likely get a ball (I did)."" (fan review ""Good view, accesible""). But this B40 page's fans put B40 in ""Deep center field"" and say it is ""closest to the triangle in center"", and the B37 page puts B37 next to the Red Sox bullpen with difficulty seeing ""up against center field and right center field"". If B40 is the section nearest the centre-field triangle, the run cannot be rising away from centre - either the ordering is inverted from discovery's reading, or the bleacher bank wraps so that both ends sit away from dead centre.","HIGH - zone, rows, location and seat direction stated by the source"
B41,Bleachers (B34–B43),Bleachers,"Bleacher sections are located in right field and right-center field at Fenway Park."" ""The Bleachers at Fenway Park are located in right field and right-center field, forming a large seating area beyond the outfield wall."" ""Because the seating area sits deep in the outfield, fans are farther from the infield action than in most other sections of Fenway Park.",,not established for this level,1-50,6,"Stairway aisles run along both side edges of the section; rows are not split by a mid-row aisle, so seat numbers run continuously from one side aisle to the other. The entry portal is at row 6.","Facing the field, seat 1 is on your right. That puts seat 1 on the edge facing section B40, with seat numbers counting up toward the edge facing section B42.",not published,"""For baseball games, we recommend rows 1-12 for partying and socializing""; ""Bleachers 41 is behind the stage or to the side of the stage for most concerts.""; Fan Feedback block: ""Seats in Row 1 will be closest to the bullpen."" FAN REVIEWS ""Just fifteen rows from from the BoSox bullpen. Shallow seating so you feel almost at field level."" (fan review filed under Row 16 - note the source's own duplicated word ""from""); ""Seats are not actual bleachers (they have backs and arm rests)."" ""Fans seated here will be far from home plate, with some seats measuring close to 500 feet away from the batter's box."" Still fan-supplied, not official. When seated looking at the field, the lowest number seat (typically seat 1).""""","HIGH - zone, rows, location and seat direction stated by the source"
B42,Bleachers (B34–B43),Bleachers,"Bleacher sections are located in right field and right-center field at Fenway Park."" ""The Bleachers at Fenway Park are located in right field and right-center field, forming a large seating area beyond the outfield wall."" ""Because the seating area sits deep in the outfield, fans are farther from the infield action than in most other sections of Fenway Park.",,not established for this level,1-50,6,"Stairway aisles run along both side edges of the section; rows are not split by a mid-row aisle, so seat numbers run continuously from one side aisle to the other. The entry portal is at row 6.","Facing the field, seat 1 is on your right. That puts seat 1 on the edge facing section B41, with seat numbers counting up toward the edge facing section B43.",not published,"""For baseball games, we recommend rows 2-10 for outstanding convenience""; ""For baseball games, we recommend rows 1-12 for partying and socializing""; ""For baseball games, we recommend rows 1-14 for visiting team fans"". ""Seats in Row 1 will be closest to the bullpen."" SHADE (fan review): ""there is absolutely no shade to speak of out here"" - i.e. these bleachers are uncovered. Other fan review lines ""Its a long walk down to the entry tunnel""; ""Seating gets quite a bit higher every four rows or so"" (review filed under Row 48); ""Wide open, no obstruction at all"" (review filed under Row 8). RYS ""Some seats sit nearly 500 feet from home plate"" and ""fans are farther from home plate, with some seats measuring close to 500 feet away"".","HIGH - zone, rows, location and seat direction stated by the source"
B43,Bleachers (B34–B43),Bleachers,"Bleacher sections are located in right field and right-center field at Fenway Park."" ""The Bleachers at Fenway Park are located in right field and right-center field, forming a large seating area beyond the outfield wall.",,not established for this level,1-50,6,"Stairway aisles run along both side edges of the section; rows are not split by a mid-row aisle, so seat numbers run continuously from one side aisle to the other. The entry portal is at row 6.","Facing the field, seat 1 is on your right. That puts seat 1 on the edge facing section B42, with seat numbers counting up toward the far edge of the section, with no further section beyond it on that side.",not published,"""The Visiting Team Bullpen is in Front of Bleachers Sections 42 and 43"". Other ""For baseball games, we recommend rows 2-10 for outstanding convenience""; ""For baseball games, we recommend rows 1-12 for partying and socializing""; ""For baseball games, we recommend rows 1-14 for visiting team fans""; ""Bleachers 43 is behind the stage or to the side of the stage for most concerts"". Fan feedback ""Seats in Row 1 will be closest to the bullpen"" - names Row 1 proximity only, no left/right designation. When seated looking at the field, the lowest number seat (typically seat 1)."" (https://www.rateyourseats.com/fenway-park/seating/seating-chart).""","HIGH - zone, rows, location and seat direction stated by the source"
M1,Green Monster Seats (M1–M10),Monster Seats,"Seats located directly on top of the Green Monster in left field, one of the most famous seating areas in baseball."" ""Green Monster Seats are located above the Green Monster in left field, sitting approximately 37 feet above the playing surface."" ""This seating area runs along the top of the wall and is divided into several sections labeled M1 through M10 on the Boston Red Sox seating chart.",,not established for this level,1-3,UNKNOWN,"Stairway aisles run along both side edges of the section; rows are not split by a mid-row aisle, so seat numbers run continuously from one side aisle to the other. The entry portal row is not published for this section.","Facing the field, seat 1 is on your right. That puts seat 1 on the far edge of the section, with no further section beyond it on that side, with seat numbers counting up toward the edge facing section M2.",not published,"""For baseball games, we recommend these seats for impressing a guest""; ""For baseball games, we recommend these seats for visiting team fans""; ""For football games, desirable view from near midfield"". FAN REVIEW ""Awesome view! Highly recommend section 1 of the Green Seats!"" (review filed under Monster Seats 1 / Row 3, Cleveland Guardians at Boston Red Sox, Apr 16, 2024) - names no side and no seat number. ""Sections M2-M6 offer the best chance to catch balls hit off or over the Green Monster"" and ""Sections M2 through M6 are particularly desirable"" - by implication M1 is outside that preferred band. When seated looking at the field, the lowest number seat (typically seat 1)."" (https://www.rateyourseats.com/fenway-park/seating/seating-chart).""","HIGH - zone, rows, location and seat direction stated by the source"
M2,Green Monster Seats (M1–M10),Monster Seats,"Seats located directly on top of the Green Monster in left field, one of the most famous seating areas in baseball."" ""Green Monster Seats are located above the Green Monster in left field, sitting approximately 37 feet above the playing surface."" ""This seating area runs along the top of the wall and is divided into several sections labeled M1 through M10 on the Boston Red Sox seating chart.",,not established for this level,1-3,UNKNOWN,"Stairway aisles run along both side edges of the section; rows are not split by a mid-row aisle, so seat numbers run continuously from one side aisle to the other. The entry portal row is not published for this section.","Facing the field, seat 1 is on your right. That puts seat 1 on the edge facing section M1, with seat numbers counting up toward the edge facing section M3.",not published,"""For baseball games, we recommend these seats for impressing a guest""; ""For baseball games, we recommend these seats for visiting team fans""; ""For football games, desirable view from near midfield""; ""Monster Seats 2 is behind the stage or to the side of the stage for most concerts"". ""Sections M2-M6 offer the best chance to catch balls hit off or over the Green Monster"" - this section is inside that band. When seated looking at the field, the lowest number seat (typically seat 1)."" (https://www.rateyourseats.com/fenway-park/seating/seating-chart).""","HIGH - zone, rows, location and seat direction stated by the source"
M3,Green Monster Seats (M1–M10),Monster Seats,"Seats located directly on top of the Green Monster in left field, one of the most famous seating areas in baseball."" ""Green Monster Seats are located above the Green Monster in left field, sitting approximately 37 feet above the playing surface."" ""This seating area runs along the top of the wall and is divided into several sections labeled M1 through M10 on the Boston Red Sox seating chart.",,not established for this level,1-3,UNKNOWN,"Stairway aisles run along both side edges of the section; rows are not split by a mid-row aisle, so seat numbers run continuously from one side aisle to the other. The entry portal row is not published for this section.","Facing the field, seat 1 is on your right. That puts seat 1 on the edge facing section M2, with seat numbers counting up toward the edge facing section M4.",not published,"""For baseball games, we recommend these seats for getting a ball""; ""For baseball games, we recommend these seats for impressing a guest""; ""For baseball games, we recommend these seats for visiting team fans""; ""For football games, desirable view from near midfield""; ""Monster Seats 3 is behind the stage or to the side of the stage for most concerts."". The ""getting a ball"" top-pick flag appears on this page, consistent with the M2-M6 ball-catching band named on the sibling pages. When seated looking at the field, the lowest number seat (typically seat 1)."" (https://www.rateyourseats.com/fenway-park/seating/seating-chart).""","HIGH - zone, rows, location and seat direction stated by the source"
M4,Green Monster Seats (M1–M10),Monster Seats,"Seats located directly on top of the Green Monster in left field, one of the most famous seating areas in baseball."" ""Green Monster Seats are located above the Green Monster in left field, sitting approximately 37 feet above the playing surface."" ""This seating area runs along the top of the wall and is divided into several sections labeled M1 through M10 on the Boston Red Sox seating chart.",,not established for this level,1-3,UNKNOWN,"Stairway aisles run along both side edges of the section; rows are not split by a mid-row aisle, so seat numbers run continuously from one side aisle to the other. The entry portal row is not published for this section.","Facing the field, seat 1 is on your right. That puts seat 1 on the edge facing section M3, with seat numbers counting up toward the edge facing section M5.",not published,"""For baseball games, we recommend these seats for getting a ball""; ""For baseball games, we recommend these seats for impressing a guest""; ""For baseball games, we recommend these seats for visiting team fans""; ""For football games, desirable view from near midfield""; ""Monster Seats 4 is behind the stage or to the side of the stage for most concerts."". The ""getting a ball"" top-pick flag appears on this page, consistent with the M2-M6 ball-catching band named on the sibling pages. When seated looking at the field, the lowest number seat (typically seat 1)."" (https://www.rateyourseats.com/fenway-park/seating/seating-chart).""","HIGH - zone, rows, location and seat direction stated by the source"
M5,Green Monster Seats (M1–M10),Monster Seats,"Seats located directly on top of the Green Monster in left field, one of the most famous seating areas in baseball."" ""Green Monster Seats are located above the Green Monster in left field, sitting approximately 37 feet above the playing surface."" ""This seating area runs along the top of the wall and is divided into several sections labeled M1 through M10 on the Boston Red Sox seating chart.",,not established for this level,1-3,UNKNOWN,"Stairway aisles run along both side edges of the section; rows are not split by a mid-row aisle, so seat numbers run continuously from one side aisle to the other. The entry portal row is not published for this section.","Facing the field, seat 1 is on your right. That puts seat 1 on the edge facing section M4, with seat numbers counting up toward the edge facing section M6.",not published,"""For baseball games, we recommend these seats for getting a ball""; ""For baseball games, we recommend these seats for impressing a guest""; ""For baseball games, we recommend these seats for visiting team fans""; ""For football games, desirable view from near midfield""; ""Monster Seats 5 is behind the stage or to the side of the stage for most concerts. This may restrict or limit your view of the performance."". The ""getting a ball"" top-pick flag appears on this page, consistent with the M2-M6 ball-catching band named on the sibling pages. When seated looking at the field, the lowest number seat (typically seat 1)."" (https://www.rateyourseats.com/fenway-park/seating/seating-chart).""","HIGH - zone, rows, location and seat direction stated by the source"
M6,Green Monster Seats (M1–M10),Monster Seats,"Seats located directly on top of the Green Monster in left field, one of the most famous seating areas in baseball."" ""Green Monster Seats are located above the Green Monster in left field, sitting approximately 37 feet above the playing surface."" ""This seating area runs along the top of the wall and is divided into several sections labeled M1 through M10.",,not established for this level,1-3,UNKNOWN,"Stairway aisles run along both side edges of the section; rows are not split by a mid-row aisle, so seat numbers run continuously from one side aisle to the other. The entry portal row is not published for this section.","Facing the field, seat 1 is on your right. That puts seat 1 on the edge facing section M5, with seat numbers counting up toward the edge facing section M7.",not published,"""For baseball games, we recommend these seats for impressing a guest""; ""For baseball games, we recommend these seats for visiting team fans""; ""For football games, desirable view from near midfield""; ""Monster Seats 6 is behind the stage or to the side of the stage for most concerts."". ""Midfield View"" and ""Behind/Side Stage (most shows)"". When seated looking at the field, the lowest number seat (typically seat 1)."" (https://www.rateyourseats.com/fenway-park/seating/seating-chart).""","HIGH - zone, rows, location and seat direction stated by the source"
M7,Green Monster Seats (M1–M10),Monster Seats,"Seats located directly on top of the Green Monster in left field, one of the most famous seating areas in baseball."" ""Green Monster Seats are located above the Green Monster in left field, sitting approximately 37 feet above the playing surface."" ""This seating area runs along the top of the wall and is divided into several sections labeled M1 through M10 on the Boston Red Sox seating chart.",,not established for this level,1-3,UNKNOWN,"Stairway aisles run along both side edges of the section; rows are not split by a mid-row aisle, so seat numbers run continuously from one side aisle to the other. The entry portal row is not published for this section.","Facing the field, seat 1 is on your right. That puts seat 1 on the edge facing section M6, with seat numbers counting up toward the edge facing section M8.",not published,"""For baseball games, we recommend these seats for impressing a guest""; ""For baseball games, we recommend these seats for visiting team fans""; ""Monster Seats 7 is behind the stage or to the side of the stage for most concerts. This may restrict or limit your view of the performance."". When seated looking at the field, the lowest number seat (typically seat 1)."" (https://www.rateyourseats.com/fenway-park/seating/seating-chart).""","HIGH - zone, rows, location and seat direction stated by the source"
M8,Green Monster Seats (M1–M10),Monster Seats,"Seats located directly on top of the Green Monster in left field, one of the most famous seating areas in baseball."" ""Green Monster Seats are located above the Green Monster in left field, sitting approximately 37 feet above the playing surface."" ""This seating area runs along the top of the wall and is divided into several sections labeled M1 through M10 on the Boston Red Sox seating chart.",,not established for this level,1-3,UNKNOWN,"Stairway aisles run along both side edges of the section; rows are not split by a mid-row aisle, so seat numbers run continuously from one side aisle to the other. The entry portal row is not published for this section.","Facing the field, seat 1 is on your right. That puts seat 1 on the edge facing section M7, with seat numbers counting up toward the edge facing section M9.",not published,"""For baseball games, we recommend these seats for impressing a guest""; ""For baseball games, we recommend these seats for visiting team fans""; ""Monster Seats 8 is behind the stage or to the side of the stage for most concerts. This may restrict or limit your view of the performance."". When seated looking at the field, the lowest number seat (typically seat 1)."" (https://www.rateyourseats.com/fenway-park/seating/seating-chart).""","HIGH - zone, rows, location and seat direction stated by the source"
M9,Green Monster Seats (M1–M10),Monster Seats,"Seats located directly on top of the Green Monster in left field"" ""Green Monster Seats are located above the Green Monster in left field, sitting approximately 37 feet above the playing surface"" ""This seating area runs along the top of the wall and is divided into several sections labeled M1 through M10",,not established for this level,1-3,UNKNOWN,"Stairway aisles run along both side edges of the section; rows are not split by a mid-row aisle, so seat numbers run continuously from one side aisle to the other. The entry portal row is not published for this section.","Facing the field, seat 1 is on your right. That puts seat 1 on the edge facing section M8, with seat numbers counting up toward the edge facing section M10.",not published,"""For baseball games, we recommend these seats for impressing a guest""; ""For baseball games, we recommend these seats for visiting team fans""; ""For Concerts, Monster Seats 9 May Have a Limited View"" - ""behind the stage or to the side of the stage for most concerts"". SUN / SHADE ""One of the biggest factors to consider when sitting here is sun exposure. These seats are completely uncovered"". A fan review exists (dated May 1, 2019, filed as ""Monster Seats 9 / Row 1 - Baseball"") but contains no directional or seat-number detail. ""Sections M2-M6 offer the best chance to catch balls hit off or over the Green Monster."" Also noted on the page reserved seating featuring ""individual barstools paired with a drink rail"".","HIGH - zone, rows, location and seat direction stated by the source"
M10,Green Monster Seats (M1–M10),Monster Seats,"Seats located directly on top of the Green Monster in left field"" ""Green Monster Seats are located above the Green Monster in left field, sitting approximately 37 feet above the playing surface"" ""This seating area runs along the top of the wall and is divided into several sections labeled M1 through M10",,not established for this level,1-3,UNKNOWN,"Stairway aisles run along both side edges of the section; rows are not split by a mid-row aisle, so seat numbers run continuously from one side aisle to the other. The entry portal row is not published for this section.","Facing the field, seat 1 is on your right. That puts seat 1 on the edge facing section M9, with seat numbers counting up toward the far edge of the section, with no further section beyond it on that side.",not published,"""For baseball games, we recommend these seats for impressing a guest""; ""For baseball games, we recommend these seats for visiting team fans""; ""Monster Seats 10 is behind the stage or to the side of the stage for most concerts. This may restrict or limit your view of the performance."". ""Sections M2-M6 offer the best chance to catch balls hit off or over the Green Monster"" - by implication M10 is outside that preferred band. When seated looking at the field, the lowest number seat (typically seat 1)."" (https://www.rateyourseats.com/fenway-park/seating/seating-chart).""","HIGH - zone, rows, location and seat direction stated by the source"
EMCC1,Dell Technologies Club (EMCC1–EMCC6),Dell Technology Club,"Sections DTC 1-DTC 6 sit directly behind home plate on Fenway Park's second level above the Grandstand."" ""Dell Technologies Club seating includes sections DTC 1-DTC 6, located directly behind home plate on the second level above the Grandstand seating at Fenway Park."" ""This location places fans almost perfectly centered on the field, providing a natural perspective of the entire diamond.",0,behind home plate,1-7,7,"Stairway aisles run along both side edges of the section; rows are not split by a mid-row aisle, so seat numbers run continuously from one side aisle to the other. The entry portal is at row 7.","Facing the field, seat 1 is on your right. That puts seat 1 on the far edge of the section, with no further section beyond it on that side, with seat numbers counting up toward the edge facing section EMCC2. This section is behind home plate, so seat 1 is on its first-base side.",not published,"Note the page heading itself says ""Dell Technology Club"" (singular) while the body says ""Dell Technologies Club"" (plural) - the site is internally inconsistent. The page does NOT state what a printed ticket shows. ""For baseball games, we recommend these seats for impressing a guest""; ""For baseball games, we recommend these seats for great views of the field""; ""For baseball games, desirable view from behind home plate""; ""All seats in this section are under cover""; ""Premium seating area as part of the Dell Technologies Club"". COVERED ""All seats in this section are under cover"" - no shade risk stated. When seated looking at the field, the lowest number seat (typically seat 1)."" (https://www.rateyourseats.com/fenway-park/seating/seating-chart).""","HIGH - zone, rows, location and seat direction stated by the source"
EMCC2,Dell Technologies Club (EMCC1–EMCC6),Dell Technology Club,"Sections DTC 1-DTC 6 sit directly behind home plate on Fenway Park's second level above the Grandstand."" ""Elevated position close to the field offers some of the best unobstructed views in the ballpark."" ""Dell Technologies Club seating includes sections DTC 1-DTC 6, located directly behind home plate on the second level above the Grandstand seating at Fenway Park."" ""This location places fans almost perfectly centered on the field, providing a natural perspective of the entire diamond.",0,behind home plate,1-7,7,"Stairway aisles run along both side edges of the section; rows are not split by a mid-row aisle, so seat numbers run continuously from one side aisle to the other. The entry portal is at row 7.","Facing the field, seat 1 is on your right. That puts seat 1 on the edge facing section EMCC1, with seat numbers counting up toward the edge facing section EMCC3. This section is behind home plate, so seat 1 is on its first-base side.",not published,"Note the page heading itself says ""Dell Technology Club"" (singular) while the body says ""Dell Technologies Club"" (plural) - the site is internally inconsistent. The page does NOT state what a printed ticket shows. ""For baseball games, we recommend these seats for impressing a guest""; ""For baseball games, we recommend these seats for great views of the field""; ""For baseball games, desirable view from behind home plate""; ""Premium seating area as part of the Dell Technologies Club""; ""All seats in this section are under cover"". COVERED ""All seats in this section are under cover"" - no shade risk stated. When seated looking at the field, the lowest number seat (typically seat 1)."" (https://www.rateyourseats.com/fenway-park/seating/seating-chart).""","HIGH - zone, rows, location and seat direction stated by the source"
EMCC3,Dell Technologies Club (EMCC1–EMCC6),Dell Technology Club,"Sections DTC 1-DTC 6 sit directly behind home plate on Fenway Park's second level above the Grandstand."" ""Dell Technologies Club seating includes sections DTC 1-DTC 6, located directly behind home plate on the second level above the Grandstand seating at Fenway Park.",0,behind home plate,1-7,7,"Stairway aisles run along both side edges of the section; rows are not split by a mid-row aisle, so seat numbers run continuously from one side aisle to the other. The entry portal is at row 7.","Facing the field, seat 1 is on your right. That puts seat 1 on the edge facing section EMCC2, with seat numbers counting up toward the edge facing section EMCC4. This section is behind home plate, so seat 1 is on its first-base side.",not published,"Note the page heading itself says ""Dell Technology Club"" (singular) while the body says ""Dell Technologies Club"" (plural) - the site is internally inconsistent. The page does NOT state what a printed ticket shows. ""For baseball games, we recommend these seats for impressing a guest""; ""For baseball games, we recommend these seats for great views of the field""; ""For baseball games, desirable view from behind home plate""; ""All seats in this section are under cover"". COVERED ""All seats in this section are under cover"" - no shade risk stated. When seated looking at the field, the lowest number seat (typically seat 1)."" (https://www.rateyourseats.com/fenway-park/seating/seating-chart).""","HIGH - zone, rows, location and seat direction stated by the source"
EMCC4,Dell Technologies Club (EMCC1–EMCC6),Dell Technology Club,"Sections DTC 1-DTC 6 sit directly behind home plate on Fenway Park's second level above the Grandstand."" ""Dell Technologies Club seating includes sections DTC 1-DTC 6, located directly behind home plate on the second level above the Grandstand seating at Fenway Park."" ""This location places fans almost perfectly centered on the field, providing a natural perspective of the entire diamond.",0,behind home plate,1-7,7,"Stairway aisles run along both side edges of the section; rows are not split by a mid-row aisle, so seat numbers run continuously from one side aisle to the other. The entry portal is at row 7.","Facing the field, seat 1 is on your right. That puts seat 1 on the edge facing section EMCC3, with seat numbers counting up toward the edge facing section EMCC5. This section is behind home plate, so seat 1 is on its first-base side.",not published,"Note the page heading itself says ""Dell Technology Club"" (singular) while the body says ""Dell Technologies Club"" (plural) - the site is internally inconsistent. The page does NOT state what a printed ticket shows. ""All seats in this section are under cover""; ""Premium seating area as part of the Dell Technologies Club""; ""Padded seats with extra legroom and full overhead coverage for added comfort"". COVERED ""All seats in this section are under cover"" - no shade risk stated. When seated looking at the field, the lowest number seat (typically seat 1)."" (https://www.rateyourseats.com/fenway-park/seating/seating-chart).""","HIGH - zone, rows, location and seat direction stated by the source"
EMCC5,Dell Technologies Club (EMCC1–EMCC6),Dell Technology Club,"Sections DTC 1-DTC 6 sit directly behind home plate on Fenway Park's second level above the Grandstand."" ""Dell Technologies Club seating includes sections DTC 1-DTC 6, located directly behind home plate on the second level above the Grandstand seating at Fenway Park."" ""This location places fans almost perfectly centered on the field, providing a natural perspective of the entire diamond.",0,behind home plate,1-7,7,"Stairway aisles run along both side edges of the section; rows are not split by a mid-row aisle, so seat numbers run continuously from one side aisle to the other. The entry portal is at row 7.","Facing the field, seat 1 is on your right. That puts seat 1 on the edge facing section EMCC4, with seat numbers counting up toward the edge facing section EMCC6. This section is behind home plate, so seat 1 is on its first-base side.",not published,"Note the page heading itself says ""Dell Technology Club"" (singular) while the body says ""Dell Technologies Club"" (plural) - the site is internally inconsistent. The page does NOT state what a printed ticket shows. ""For baseball games, we recommend these seats for impressing a guest""; ""For baseball games, we recommend these seats for great views of the field""; ""For baseball games, desirable view from behind home plate""; ""Premium seating area as part of the Dell Technologies Club""; ""All seats in this section are under cover"". COVERED ""All seats in this section are under cover"" - no shade risk stated. When seated looking at the field, the lowest number seat (typically seat 1)."" (https://www.rateyourseats.com/fenway-park/seating/seating-chart).""","HIGH - zone, rows, location and seat direction stated by the source"
EMCC6,Dell Technologies Club (EMCC1–EMCC6),Dell Technology Club,"Sections DTC 1-DTC 6 sit directly behind home plate on Fenway Park's second level above the Grandstand."" ""Dell Technologies Club seating includes sections DTC 1-DTC 6, located directly behind home plate on the second level above the Grandstand seating at Fenway Park."" ""Sitting directly behind home plate gives fans a balanced look at every part of the field - from pitch location to defensive positioning in the outfield.",0,behind home plate,1-7,7,"Stairway aisles run along both side edges of the section; rows are not split by a mid-row aisle, so seat numbers run continuously from one side aisle to the other. The entry portal is at row 7.","Facing the field, seat 1 is on your right. That puts seat 1 on the edge facing section EMCC5, with seat numbers counting up toward the far edge of the section, with no further section beyond it on that side. This section is behind home plate, so seat 1 is on its first-base side.",not published,"Note the page heading itself says ""Dell Technology Club"" (singular) while the body says ""Dell Technologies Club"" (plural) - the site is internally inconsistent. The page does NOT state what a printed ticket shows. ""For baseball games, we recommend these seats for impressing a guest""; ""For baseball games, we recommend these seats for great views of the field""; ""For baseball games, desirable view from behind home plate""; ""Premium seating area as part of the Dell Technologies Club""; ""All seats in this section are under cover"". COVERED ""All seats in this section are under cover"" - no shade risk stated. When seated looking at the field, the lowest number seat (typically seat 1)."" (https://www.rateyourseats.com/fenway-park/seating/seating-chart).""","HIGH - zone, rows, location and seat direction stated by the source"
HPPC1,Aura Club (HPPC1–HPPC5),Aura Club,"""Located on Fenway Park's highest tier with sweeping views of the entire field."" ""Aura Club (AC1-AC5) sits directly behind home plate, while Aura Pavilion (AP1-AP14) runs down the baselines."" ""Aura Club and Aura Pavilion seats are located on Fenway Park's highest seating tier, wrapping around the upper level."" ""Home Plate View""; ""Aura Club & Aura Pavilion""; ""Covered Seats""; ""Rows 1-5""; ""Top Pick for Impressing a Guest""; ""Top Pick for Great Views of the Field"".",0,behind home plate,1-5,5,"Stairway aisles run along both side edges of the section; rows are not split by a mid-row aisle, so seat numbers run continuously from one side aisle to the other. The entry portal is at row 5.","Facing the field, seat 1 is on your right. That puts seat 1 on the far edge of the section, with no further section beyond it on that side, with seat numbers counting up toward the edge facing section HPPC2. This section is behind home plate, so seat 1 is on its first-base side.",not published,"The mapping HPPC->AC (behind home plate, 5 sections) and PC->AP (baselines, 14 sections) is what this page implies, but the page does not state the mapping explicitly and does not say what a printed ticket shows. Do not treat the mapping as confirmed. ""For baseball games, we recommend these seats for impressing a guest""; ""For baseball games, we recommend these seats for great views of the field""; ""For baseball games, desirable view from behind home plate""; ""Premium seating area as part of the Aura Club & Aura Pavilion""; ""All seats in this section are under cover"". COVERED - no shade risk stated. When seated looking at the field, the lowest number seat (typically seat 1)."" (https://www.rateyourseats.com/fenway-park/seating/seating-chart).""","HIGH - zone, rows, location and seat direction stated by the source"
HPPC2,Aura Club (HPPC1–HPPC5),Aura Club,"Aura Club and Aura Pavilion seats are located on Fenway Park's highest seating tier, wrapping around the upper level of the ballpark."" ""Aura Club Sections (AC1-AC5) - Located directly behind home plate.",0,behind home plate,1-5,5,"Stairway aisles run along both side edges of the section; rows are not split by a mid-row aisle, so seat numbers run continuously from one side aisle to the other. The entry portal is at row 5.","Facing the field, seat 1 is on your right. That puts seat 1 on the edge facing section HPPC1, with seat numbers counting up toward the edge facing section HPPC3. This section is behind home plate, so seat 1 is on its first-base side.",not published,"""Top Pick for Impressing a Guest""; ""Top Pick for Great Views of the Field""; ""Home Plate View""; ""Covered Seats""; ""Rows 1-5""; ""All seats in this section are under cover"" - fully covered, no obstruction or netting line on the page. Fan/review fragments ""Beautiful (hot) day, but these were in the shade""; ""Seating at a ledge (last row only)""; ""In-seat wait service""; ""Restaurant seating indoors in the club""; ""Clean restrooms with TVs"". ""Located on Fenway Park's highest tier with sweeping views of the entire field."" When seated looking at the field, the lowest number seat (typically seat 1)."" (that sentence is truncated in the source itself).""","HIGH - zone, rows, location and seat direction stated by the source"
HPPC3,Aura Club (HPPC1–HPPC5),Aura Club,"Aura Club and Aura Pavilion seats are located on Fenway Park's highest seating tier, wrapping around the upper level of the ballpark."" ""Aura Club Sections (AC1-AC5) - Located directly behind home plate.",0,behind home plate,1-5,5,"Stairway aisles run along both side edges of the section; rows are not split by a mid-row aisle, so seat numbers run continuously from one side aisle to the other. The entry portal is at row 5.","Facing the field, seat 1 is on your right. That puts seat 1 on the edge facing section HPPC2, with seat numbers counting up toward the edge facing section HPPC4. This section is behind home plate, so seat 1 is on its first-base side.",not published,"""Home Plate View""; ""Covered Seats""; ""Rows 1-5""; ""Top Pick for Impressing a Guest""; ""Top Pick for Great Views of the Field""; ""All seats in this section are under cover"". No fan comments present. When seated looking at the field, the lowest number seat (typically seat 1)."" (that sentence is truncated in the source itself).""","HIGH - zone, rows, location and seat direction stated by the source"
HPPC4,Aura Club (HPPC1–HPPC5),Aura Club,"Aura Club and Aura Pavilion seats are located on Fenway Park's highest seating tier, wrapping around the upper level of the ballpark."" ""Aura Club Sections (AC1-AC5) - Located directly behind home plate.",0,behind home plate,1-5,5,"Stairway aisles run along both side edges of the section; rows are not split by a mid-row aisle, so seat numbers run continuously from one side aisle to the other. The entry portal is at row 5.","Facing the field, seat 1 is on your right. That puts seat 1 on the edge facing section HPPC3, with seat numbers counting up toward the edge facing section HPPC5. This section is behind home plate, so seat 1 is on its first-base side.",not published,"""Top Pick for Impressing a Guest""; ""Top Pick for Great Views of the Field""; ""Home Plate View""; ""Covered Seats""; ""All seats in this section are under cover"". ""Located on Fenway Park's highest tier with sweeping views of the entire field."" Two fan reviews are present (5-star, discussing seat quality, shade, wait service and foul ball potential); neither names a seat number or a side. When seated looking at the field, the lowest number seat (typically seat 1)."" (that sentence is truncated in the source itself).""","HIGH - zone, rows, location and seat direction stated by the source"
HPPC5,Aura Club (HPPC1–HPPC5),Aura Club,"""Aura Club and Aura Pavilion seats are located on Fenway Park's highest seating tier, wrapping around the upper level of the ballpark."" The page renders the same anchor as ""Aura Club Sections (AC1-AC5) sits directly behind home plate"".",0,behind home plate,1-5,5,"Stairway aisles run along both side edges of the section; rows are not split by a mid-row aisle, so seat numbers run continuously from one side aisle to the other. The entry portal is at row 5.","Facing the field, seat 1 is on your right. That puts seat 1 on the edge facing section HPPC4, with seat numbers counting up toward the far edge of the section, with no further section beyond it on that side. This section is behind home plate, so seat 1 is on its first-base side.",not published,"""Top Pick for Impressing a Guest""; ""Top Pick for Great Views of the Field""; ""Home Plate View""; ""Covered Seats""; ""All seats in this section are under cover"". ""Located on Fenway Park's highest tier with sweeping views of the entire field."" No fan comments present. When seated looking at the field, the lowest number seat (typically seat 1)."" (that sentence is truncated in the source itself).""","HIGH - zone, rows, location and seat direction stated by the source"
PC1,Aura Pavilion Club (PC1–PC14),Aura Pavilion Club,"""Aura Club and Aura Pavilion seats are located on Fenway Park's highest seating tier, wrapping around the upper level of the ballpark."" ""Aura Pavilion Sections (AP1-AP14) - Extend down the baselines."" ""Odd-numbered sections run along the first base line"" and ""Even-numbered sections run along the third base line"" (zone text reprinted on this section page). Applying the parity rule the page itself states, PC1 is an odd-numbered section, i.e. on the first base line.",,not established for this level,1-5,5,"Stairway aisles run along both side edges of the section; rows are not split by a mid-row aisle, so seat numbers run continuously from one side aisle to the other. The entry portal is at row 5.","Facing the field, seat 1 is on your right. That puts seat 1 on the edge facing section PC3, with seat numbers counting up toward the far edge of the section, with no further section beyond it on that side.",not published,"""Top Pick for Impressing a Guest Rows 5""; ""Premium seating area as part of the Aura Club & Aura Pavilion""; ""Rows 1-5""; ""Padded seats with additional legroom compared to traditional Pavilion seating""; ""For baseball games, we recommend rows 5 for impressing a guest"". ""Located on Fenway Park's highest tier with sweeping views of the entire field."" No fan comments. STALE SPONSOR LABEL in a photo caption ""Baseball Seat View From Section PB3/State Street Pavilion Club 3/PB1/State Street Pavilion Club 1"" - the caption still uses the retired ""State Street Pavilion Club"" name for this tier, and also mixes in Pavilion Box (PB) identifiers, so captions on this page are NOT a reliable per-section identifier.","HIGH - zone, rows, location and seat direction stated by the source"
PC2,Aura Pavilion Club (PC1–PC14),Aura Pavilion Club,"""Aura Club and Aura Pavilion seats are located on Fenway Park's highest seating tier, wrapping around the upper level of the ballpark."" ""Aura Pavilion Sections (AP1-AP14) - Extend down the baselines."" ""Odd-numbered sections run along the first base line"" and ""Even-numbered sections run along the third base line"" (zone text reprinted on this section page). Applying the parity rule the page itself states, PC2 is an even-numbered section, i.e. on the third base line.",,not established for this level,1-5,5,"Stairway aisles run along both side edges of the section; rows are not split by a mid-row aisle, so seat numbers run continuously from one side aisle to the other. The entry portal is at row 5.","Facing the field, seat 1 is on your right. That puts seat 1 on the far edge of the section, with no further section beyond it on that side, with seat numbers counting up toward the edge facing section PC4.",not published,"""Top Pick for Impressing a Guest Rows 5""; ""Premium seating area as part of the Aura Club & Aura Pavilion""; ""For baseball games, we recommend rows 5 for impressing a guest"". the fan-review/caption line reads ""State Street Pavilion Club 2 / Row 4 - Baseball"", i.e. the page still prints the retired ""State Street Pavilion Club 2"" name alongside the current ""Aura Pavilion Club 2"" heading. That review names a ROW but no seat number and no side. URL slug PC2; heading ""Aura Pavilion Club 2""; body calls the series AP1-AP14; photo captions still use the retired ""State Street Pavilion Club"" name. When seated looking at the field, the lowest number seat (typically seat 1)."" (that sentence is truncated in the source itself).""","HIGH - zone, rows, location and seat direction stated by the source"
PC3,Aura Pavilion Club (PC1–PC14),Aura Pavilion Club,"""Aura Club and Aura Pavilion seats are located on Fenway Park's highest seating tier, wrapping around the upper level of the ballpark."" ""Aura Pavilion Sections (AP1-AP14) - Extend down the baselines."" ""Odd-numbered sections run along the first base line"" and ""Even-numbered sections run along the third base line"" (zone text reprinted on this section page). Applying the parity rule the page itself states, PC3 is an odd-numbered section, i.e. on the first base line.",,not established for this level,1-5,5,"Stairway aisles run along both side edges of the section; rows are not split by a mid-row aisle, so seat numbers run continuously from one side aisle to the other. The entry portal is at row 5.","Facing the field, seat 1 is on your right. That puts seat 1 on the edge facing section PC5, with seat numbers counting up toward the edge facing section PC1.",not published,"""Top Pick for Impressing a GuestRows 5""; ""Premium seating area as part of the Aura Club & Aura Pavilion"". COVERAGE and notable: ""Pavilion Club sections in the infield are not under cover."" Fan review ""Great view of the field!!! - second time sitting in the Pavilion Club seats, and they were awesome!"" - names no seat number and no side. ""State Street Pavilion Club 3"" appears in photo captions and the fan review. URL slug PC3; heading ""Aura Pavilion Club 3""; body calls the series AP1-AP14; photo captions still use the retired ""State Street Pavilion Club"" name. When seated looking at the field, the lowest number seat (typically seat 1)."" (that sentence is truncated in the source itself).""","HIGH - zone, rows, location and seat direction stated by the source"
PC4,Aura Pavilion Club (PC1–PC14),Aura Pavilion Club,"""Aura Club and Aura Pavilion seats are located on Fenway Park's highest seating tier, wrapping around the upper level of the ballpark."" ""Aura Pavilion Sections (AP1-AP14) - Extend down the baselines."" ""Odd-numbered sections run along the first base line"" and ""Even-numbered sections run along the third base line"" (zone text reprinted on this section page). Applying the parity rule the page itself states, PC4 is an even-numbered section, i.e. on the third base line.",,not established for this level,1-5,5,"Stairway aisles run along both side edges of the section; rows are not split by a mid-row aisle, so seat numbers run continuously from one side aisle to the other. The entry portal is at row 5.","Facing the field, seat 1 is on your right. That puts seat 1 on the edge facing section PC2, with seat numbers counting up toward the edge facing section PC6.",not published,"""Top Pick for Impressing a Guest Rows 5""; ""Premium seating area as part of the Aura Club & Aura Pavilion"". No fan comments. URL slug PC4; heading ""Aura Pavilion Club 4""; body calls the series AP1-AP14; photo captions still use the retired ""State Street Pavilion Club"" name. When seated looking at the field, the lowest number seat (typically seat 1)."" (that sentence is truncated in the source itself).""","HIGH - zone, rows, location and seat direction stated by the source"
PC5,Aura Pavilion Club (PC1–PC14),Aura Pavilion Club,"""Aura Club and Aura Pavilion seats are located on Fenway Park's highest seating tier, wrapping around the upper level of the ballpark."" ""Aura Pavilion Sections (AP1-AP14) - Extend down the baselines."" ""Odd-numbered sections run along the first base line"" and ""Even-numbered sections run along the third base line"" (zone text reprinted on this section page). Applying the parity rule the page itself states, PC5 is an odd-numbered section, i.e. on the first base line.",,not established for this level,1-5,5,"Stairway aisles run along both side edges of the section; rows are not split by a mid-row aisle, so seat numbers run continuously from one side aisle to the other. The entry portal is at row 5.","Facing the field, seat 1 is on your right. That puts seat 1 on the edge facing section PC7, with seat numbers counting up toward the edge facing section PC3.",not published,"""Top Pick for Impressing a Guest - Rows 5""; ""Premium seating area as part of the Aura Club & Aura Pavilion"". No fan comments. Much of the page body is zone-level Aura Club & Aura Pavilion text rather than PC5-specific text, but the row line and entrance line above ARE section-specific. URL slug PC5; heading ""Aura Pavilion Club 5""; body calls the series AP1-AP14; photo captions still use the retired ""State Street Pavilion Club"" name. When seated looking at the field, the lowest number seat (typically seat 1)."" (that sentence is truncated in the source itself).""","HIGH - zone, rows, location and seat direction stated by the source"
PC6,Aura Pavilion Club (PC1–PC14),Aura Pavilion Club,"""Aura Club and Aura Pavilion seats are located on Fenway Park's highest seating tier, wrapping around the upper level of the ballpark."" ""Aura Pavilion Sections (AP1-AP14) - Extend down the baselines."" ""Odd-numbered sections run along the first base line"" and ""Even-numbered sections run along the third base line"" (zone text reprinted on this section page). Applying the parity rule the page itself states, PC6 is an even-numbered section, i.e. on the third base line.",,not established for this level,1-5,5,"Stairway aisles run along both side edges of the section; rows are not split by a mid-row aisle, so seat numbers run continuously from one side aisle to the other. The entry portal is at row 5.","Facing the field, seat 1 is on your right. That puts seat 1 on the edge facing section PC4, with seat numbers counting up toward the edge facing section PC8.",not published,"""Top Pick for Impressing a GuestRows 5""; ""For baseball games, we recommend rows 5 for impressing a guest""; ""Premium seating area as part of the Aura Club & Aura Pavilion"". ""Located on Fenway Park's highest tier with sweeping views of the entire field."" No fan comments. URL slug PC6; heading ""Aura Pavilion Club 6""; body calls the series AP1-AP14; photo captions still use the retired ""State Street Pavilion Club"" name. When seated looking at the field, the lowest number seat (typically seat 1)."" (that sentence is truncated in the source itself).""","HIGH - zone, rows, location and seat direction stated by the source"
PC7,Aura Pavilion Club (PC1–PC14),Aura Pavilion Club,"""Aura Club and Aura Pavilion seats are located on Fenway Park's highest seating tier, wrapping around the upper level of the ballpark."" ""Aura Pavilion Sections (AP1-AP14) - Extend down the baselines."" ""Odd-numbered sections run along the first base line"" and ""Even-numbered sections run along the third base line"" (zone text reprinted on this section page). Applying the parity rule the page itself states, PC7 is an odd-numbered section, i.e. on the first base line.",,not established for this level,1-5,5,"Stairway aisles run along both side edges of the section; rows are not split by a mid-row aisle, so seat numbers run continuously from one side aisle to the other. The entry portal is at row 5.","Facing the field, seat 1 is on your right. That puts seat 1 on the edge facing section PC9, with seat numbers counting up toward the edge facing section PC5.",not published,"""Top Pick for Impressing a Guest - Rows 5""; ""For baseball games, we recommend rows 5 for impressing a guest""; ""Premium seating area as part of the Aura Club & Aura Pavilion"". ""Baseball Seat View From Section PB7/State Street Pavilion Club 7/PB5/State Street Pavilion Club 5"" - photo captions on this page mix Pavilion Box (PB) identifiers with the retired ""State Street Pavilion Club"" name, so captions must not be read as evidence about PC7 specifically. URL slug PC7; heading ""Aura Pavilion Club 7""; body calls the series AP1-AP14; photo captions still use the retired ""State Street Pavilion Club"" name. When seated looking at the field, the lowest number seat (typically seat 1)."" (that sentence is truncated in the source itself).""","HIGH - zone, rows, location and seat direction stated by the source"
PC8,Aura Pavilion Club (PC1–PC14),Aura Pavilion Club,"""Aura Club and Aura Pavilion seats are located on Fenway Park's highest seating tier, wrapping around the upper level of the ballpark."" ""Aura Pavilion Sections (AP1-AP14) - Extend down the baselines."" ""Odd-numbered sections run along the first base line"" and ""Even-numbered sections run along the third base line"" (zone text reprinted on this section page). Applying the parity rule the page itself states, PC8 is an even-numbered section, i.e. on the third base line.",,not established for this level,1-5,5,"Stairway aisles run along both side edges of the section; rows are not split by a mid-row aisle, so seat numbers run continuously from one side aisle to the other. The entry portal is at row 5.","Facing the field, seat 1 is on your right. That puts seat 1 on the edge facing section PC6, with seat numbers counting up toward the edge facing section PC10.",not published,"""Top Pick for Impressing a Guest - Rows 5""; ""For baseball games, we recommend rows 5 for impressing a guest""; ""Premium seating area as part of the Aura Club & Aura Pavilion"". STALE SPONSOR LABEL ""Baseball Seat View From State Street Pavilion Club 8, Row 1"" and ""Baseball Seat View From State Street Pavilion Club 6/PB6/PB8/State Street Pavilion Club 8"". The first caption names a ROW but no seat number and no side. URL slug PC8; heading ""Aura Pavilion Club 8""; body calls the series AP1-AP14; photo captions still use the retired ""State Street Pavilion Club"" name. When seated looking at the field, the lowest number seat (typically seat 1)."" (that sentence is truncated in the source itself).""","HIGH - zone, rows, location and seat direction stated by the source"
PC9,Aura Pavilion Club (PC1–PC14),Aura Pavilion Club,"""Aura Club and Aura Pavilion seats are located on Fenway Park's highest seating tier, wrapping around the upper level of the ballpark."" ""Aura Pavilion Sections (AP1-AP14) - Extend down the baselines."" ""Odd-numbered sections run along the first base line"" and ""Even-numbered sections run along the third base line"" (zone text reprinted on this section page). Applying the parity rule the page itself states, PC9 is an odd-numbered section, i.e. on the first base line.",,not established for this level,1-5,5,"Stairway aisles run along both side edges of the section; rows are not split by a mid-row aisle, so seat numbers run continuously from one side aisle to the other. The entry portal is at row 5.","Facing the field, seat 1 is on your right. That puts seat 1 on the edge facing section PC11, with seat numbers counting up toward the edge facing section PC7.",not published,"""Top Pick for Outstanding Convenience""; ""Top Pick for Impressing a Guest - Rows 5""; ""Premium seating area as part of the Aura Club & Aura Pavilion"". ""Located on Fenway Park's highest tier with sweeping views of the entire field."" ""State Street Pavilion Club 9"" and ""State Street Pavilion Club 7/11"" appear in photo captions. URL slug PC9; heading ""Aura Pavilion Club 9""; body calls the series AP1-AP14; photo captions still use the retired ""State Street Pavilion Club"" name. When seated looking at the field, the lowest number seat (typically seat 1)."" (that sentence is truncated in the source itself).""","HIGH - zone, rows, location and seat direction stated by the source"
PC10,Aura Pavilion Club (PC1–PC14),Aura Pavilion Club,"""Aura Club and Aura Pavilion seats are located on Fenway Park's highest seating tier, wrapping around the upper level of the ballpark."" ""Aura Pavilion Sections (AP1-AP14) - Extend down the baselines."" ""Odd-numbered sections run along the first base line"" and ""Even-numbered sections run along the third base line"" (zone text reprinted on this section page). Applying the parity rule the page itself states, PC10 is an even-numbered section, i.e. on the third base line.",,not established for this level,1-5,5,"Stairway aisles run along both side edges of the section; rows are not split by a mid-row aisle, so seat numbers run continuously from one side aisle to the other. The entry portal is at row 5.","Facing the field, seat 1 is on your right. That puts seat 1 on the edge facing section PC8, with seat numbers counting up toward the edge facing section PC12.",not published,"""Top Pick for Outstanding Convenience""; ""Top Pick for Impressing a Guest - Rows 5""; ""Premium seating area as part of the Aura Club & Aura Pavilion"". STALE SPONSOR LABEL ""Baseball Seat View From State Street Pavilion Club 10"" and ""Baseball Seat View From State Street Pavilion Club 10, Row 5"". Row named, no seat number and no side. URL slug PC10; heading ""Aura Pavilion Club 10""; body calls the series AP1-AP14; photo captions still use the retired ""State Street Pavilion Club"" name. When seated looking at the field, the lowest number seat (typically seat 1)."" (that sentence is truncated in the source itself).""","HIGH - zone, rows, location and seat direction stated by the source"
PC11,Aura Pavilion Club (PC1–PC14),Aura Pavilion Club,"""Aura Club and Aura Pavilion seats are located on Fenway Park's highest seating tier, wrapping around the upper level of the ballpark."" ""Aura Pavilion Sections (AP1-AP14) - Extend down the baselines."" ""Odd-numbered sections run along the first base line"" and ""Even-numbered sections run along the third base line"" (zone text reprinted on this section page). Applying the parity rule the page itself states, PC11 is an odd-numbered section, i.e. on the first base line.",,not established for this level,1-5,5,"Stairway aisles run along both side edges of the section; rows are not split by a mid-row aisle, so seat numbers run continuously from one side aisle to the other. The entry portal is at row 5.","Facing the field, seat 1 is on your right. That puts seat 1 on the edge facing section PC13, with seat numbers counting up toward the edge facing section PC9.",not published,"""Top Pick for Outstanding Convenience""; ""Top Pick for Impressing a Guest""; ""Midfield View""; ""Rows 1-5""; plus ""Premium seating area as part of the Aura Club & Aura Pavilion"", ""In-Seat Wait Service (Red Sox Games)"" and ""Padded seats with additional legroom"". NOTE the ""Midfield View"" insight - a generic/concert-style label, not a baseball orientation statement, and it does NOT name a base side. ""State Street Pavilion Club 11"" and ""State Street Pavilion Club 9"" appear in image captions. URL slug PC11; heading ""Aura Pavilion Club 11""; body calls the series AP1-AP14; photo captions still use the retired ""State Street Pavilion Club"" name. When seated looking at the field, the lowest number seat (typically seat 1).""""","HIGH - zone, rows, location and seat direction stated by the source"
PC12,Aura Pavilion Club (PC1–PC14),Aura Pavilion Club,"""Aura Club and Aura Pavilion seats are located on Fenway Park's highest seating tier, wrapping around the upper level of the ballpark."" ""Aura Pavilion Sections (AP1-AP14) - Extend down the baselines."" ""Odd-numbered sections run along the first base line"" and ""Even-numbered sections run along the third base line"" (zone text reprinted on this section page). Applying the parity rule the page itself states, PC12 is an even-numbered section, i.e. on the third base line.",,not established for this level,1-5,5,"Stairway aisles run along both side edges of the section; rows are not split by a mid-row aisle, so seat numbers run continuously from one side aisle to the other. The entry portal is at row 5.","Facing the field, seat 1 is on your right. That puts seat 1 on the edge facing section PC10, with seat numbers counting up toward the edge facing section PC14.",not published,"""Top Pick for Outstanding Convenience""; ""Top Pick for Impressing a Guest""; ""Premium seating area as part of the Aura Club & Aura Pavilion"". ""Baseball Seat View From Section PB10/State Street Pavilion Club 10/Pavilion Box 12/State Street Pavilion Club 12"". URL slug PC12; heading ""Aura Pavilion Club 12""; body calls the series AP1-AP14; photo captions still use the retired ""State Street Pavilion Club"" name. When seated looking at the field, the lowest number seat (typically seat 1)."" (that sentence is truncated in the source itself).""","HIGH - zone, rows, location and seat direction stated by the source"
PC13,Aura Pavilion Club (PC1–PC14),Aura Pavilion Club,"""Aura Club and Aura Pavilion seats are located on Fenway Park's highest seating tier, wrapping around the upper level of the ballpark."" ""Aura Pavilion Sections (AP1-AP14) - Extend down the baselines."" ""Odd-numbered sections run along the first base line"" and ""Even-numbered sections run along the third base line"" (zone text reprinted on this section page). Applying the parity rule the page itself states, PC13 is an odd-numbered section, i.e. on the first base line.",,not established for this level,1-5,5,"Stairway aisles run along both side edges of the section; rows are not split by a mid-row aisle, so seat numbers run continuously from one side aisle to the other. The entry portal is at row 5.","Facing the field, seat 1 is on your right. That puts seat 1 on the far edge of the section, with no further section beyond it on that side, with seat numbers counting up toward the edge facing section PC11.",not published,"""Top Pick for Impressing a GuestRows 5""; ""Midfield View""; ""Rows 1-5""; ""Premium seating area""; ""Padded seats with additional legroom""; ""In-Seat Wait Service (Red Sox Games)"". ""State Street Pavilion Club 13"" appears in image captions. URL slug PC13; heading ""Aura Pavilion Club 13""; body calls the series AP1-AP14; photo captions still use the retired ""State Street Pavilion Club"" name. When seated looking at the field, the lowest number seat (typically seat 1)."" (that sentence is truncated in the source itself).""","HIGH - zone, rows, location and seat direction stated by the source"
PC14,Aura Pavilion Club (PC1–PC14),Aura Pavilion Club,"""Aura Club and Aura Pavilion seats are located on Fenway Park's highest seating tier, wrapping around the upper level of the ballpark."" ""Aura Pavilion Sections (AP1-AP14) - Extend down the baselines."" ""Odd-numbered sections run along the first base line"" and ""Even-numbered sections run along the third base line"" (zone text reprinted on this section page). Applying the parity rule the page itself states, PC14 is an even-numbered section, i.e. on the third base line.",,not established for this level,1-5,5,"Stairway aisles run along both side edges of the section; rows are not split by a mid-row aisle, so seat numbers run continuously from one side aisle to the other. The entry portal is at row 5.","Facing the field, seat 1 is on your right. That puts seat 1 on the edge facing section PC12, with seat numbers counting up toward the far edge of the section, with no further section beyond it on that side.",not published,"""Top Pick for Impressing a Guest Rows 5""; ""Premium seating area as part of the Aura Club & Aura Pavilion""; ""Padded seats with additional legroom""; ""In-Seat Wait Service (Red Sox Games)"". The page also states ""Aura Pavilion (AP1-AP14) runs down the baselines."" ""State Street Pavilion Club 14"" appears in photo captions. URL slug PC14; heading ""Aura Pavilion Club 14""; body calls the series AP1-AP14; photo captions still use the retired ""State Street Pavilion Club"" name. When seated looking at the field, the lowest number seat (typically seat 1)."" (that sentence is truncated in the source itself).""","HIGH - zone, rows, location and seat direction stated by the source"
PB1,Pavilion Box (PB1–PB14),Pavilion Box,"Pavilion Box seats are located on Fenway Park's highest seating tier, positioned directly behind the Aura Pavilion Club sections."" ""Located directly behind the Pavilion Club sections on Fenway Park's highest seating tier.",,not established for this level,A-E,A,"Stairway aisles run along both side edges of the section; rows are not split by a mid-row aisle, so seat numbers run continuously from one side aisle to the other. The entry portal is at row A.","Facing the field, seat 1 is on your right. That puts seat 1 on the far edge of the section, with no further section beyond it on that side, with seat numbers counting up toward the edge facing section PB2.",not published,"""Top Pick for Visiting Team Fans""; ""Covered Seats""; ""All seats in this section are under cover""; ""Receives zero sunlight so you may need a jacket"". Fan review ""Great seats seeing the entire field. Great foul ball potential."" - names no seat number and no side. this page does NOT reprint the odd/even parity sentence that every PC page carries; no sentence on the PB1 page mentions first base line, third base line or home plate, so the page states NO side for PB1. When seated looking at the field, the lowest number seat (typically seat 1)."" (that sentence is truncated in the source itself).""","HIGH - zone, rows, location and seat direction stated by the source"
PB2,Pavilion Box (PB1–PB14),Pavilion Box,"Pavilion Box seats are located on Fenway Park's highest seating tier, positioned directly behind the Aura Pavilion Club sections."" ""Located directly behind the Pavilion Club seats on Fenway Park's highest seating tier.",,not established for this level,A-E,A,"Stairway aisles run along both side edges of the section; rows are not split by a mid-row aisle, so seat numbers run continuously from one side aisle to the other. The entry portal is at row A.","Facing the field, seat 1 is on your right. That puts seat 1 on the edge facing section PB1, with seat numbers counting up toward the edge facing section PB3.",not published,"""Covered Seats""; ""All seats in this section are under cover"". Fan review ""Great seats with an unobstructed view of the entire field of play."" - names no seat number and no side; it is also the only obstruction-related sentence on the page (a positive one). this page does NOT reprint the odd/even parity sentence that every PC page carries; no sentence on the PB2 page mentions first base line, third base line or home plate, so the page states NO side for PB2. When seated looking at the field, the lowest number seat (typically seat 1)."" (that sentence is truncated in the source itself).""","HIGH - zone, rows, location and seat direction stated by the source"
PB3,Pavilion Box (PB1–PB14),Pavilion Box,"""Pavilion Box seats are located on Fenway Park's highest seating tier, positioned directly behind the Aura Pavilion Club sections.""",,not established for this level,A-E,A,"Stairway aisles run along both side edges of the section; rows are not split by a mid-row aisle, so seat numbers run continuously from one side aisle to the other. The entry portal is at row A.","Facing the field, seat 1 is on your right. That puts seat 1 on the edge facing section PB2, with seat numbers counting up toward the edge facing section PB4.",not published,"""Top Pick for Visiting Team Fans""; ""Covered Seats""; ""Rows A-E"". ""For baseball games, we recommend these seats for visiting team fans""; ""All seats in this section are under cover"". ""Great view — SRO but a bar to lean on and easy to scout out seats to take later in the game"" (""Chicago White Sox at Boston Red Sox - Sep 8, 2024""); review attributions read ""PB3 / Row SRO • Baseball"" and ""PB3 / Row J • Baseball"" — note Row J is OUTSIDE the stated A-E range, so a real ticket can print a row this page does not list. The same visiting-fan tag appears on PB3, PB5, PB7 and PB9 (all odd) and NOT on PB6, PB10, PB11, PB12, PB13 or PB14. Read literally the tag suggests the odd Pavilion Boxes are the visiting-dugout (third base) side, which inverts the parity rule.","HIGH - zone, rows, location and seat direction stated by the source"
PB4,Pavilion Box (PB1–PB14),Pavilion Box,"""Pavilion Box seats are located on Fenway Park's highest seating tier, positioned directly behind the Aura Pavilion Club sections.""",,not established for this level,A-E,A,"Stairway aisles run along both side edges of the section; rows are not split by a mid-row aisle, so seat numbers run continuously from one side aisle to the other. The entry portal is at row A.","Facing the field, seat 1 is on your right. That puts seat 1 on the edge facing section PB3, with seat numbers counting up toward the edge facing section PB5.",not published,"""Covered Seats""; ""All seats in this section are under cover"". Fan review (attributed ""PB4 / Row B • Baseball""): ""In a small ballpark there are much closer views, but these are the seats all the club ticketholders (pavilion club is just in front of these but not covered) flocked to when it started raining. In my opinion these are the best seats at Fenway on a rainy day."" Note this review states the Pavilion Club sections in front are NOT covered while the Pavilion Boxes are.","HIGH - zone, rows, location and seat direction stated by the source"
PB5,Pavilion Box (PB1–PB14),Pavilion Box,"""Pavilion Box seats are located on Fenway Park's highest seating tier, positioned directly behind the Aura Pavilion Club sections.""",,not established for this level,A-E,A,"Stairway aisles run along both side edges of the section; rows are not split by a mid-row aisle, so seat numbers run continuously from one side aisle to the other. The entry portal is at row A.","Facing the field, seat 1 is on your right. That puts seat 1 on the edge facing section PB4, with seat numbers counting up toward the edge facing section PB6.",not published,"""Top Pick for Visiting Team Fans / Covered Seats / Rows A-E"". ""For baseball games, we recommend these seats for visiting team fans / All seats in this section are under cover"". Fan review (attributed ""PB5 / Row C • Baseball"") ""Really Good for an Upper Deck — Fenway is a smaller ballpark, so even though we were in some of the highest seats, the views were still very good and it didn't feel far from the field. Excellent line of sight right down to the pitchers mound, and we had amazing straight away views of the Green Monster - I must admit it was a fun place to watch a few White Sox home runs as they traveled above the Monster. A concession stand was incredibly close (right outside our section), which featured a really good lobster roll and super short lines.""","HIGH - zone, rows, location and seat direction stated by the source"
PB6,Pavilion Box (PB1–PB14),Pavilion Box,"""Pavilion Box seats are located on Fenway Park's highest seating tier, positioned directly behind the Aura Pavilion Club sections."" ""Upper Level Behind Pavilion Club: Located directly behind the Pavilion Club seats on Fenway Park's highest seating tier.""",,not established for this level,A-E,A,"Stairway aisles run along both side edges of the section; rows are not split by a mid-row aisle, so seat numbers run continuously from one side aisle to the other. The entry portal is at row A.","Facing the field, seat 1 is on your right. That puts seat 1 on the edge facing section PB5, with seat numbers counting up toward the edge facing section PB7.",not published,"""Covered Seats""; ""Rows A-E"". ""All seats in this section are under cover"". Most sections feature fewer than five rows, keeping fans relatively close to the front of the section. Sections are protected by the roof, providing shade and protection from rain. Often priced lower than Aura Pavilion Club seats while offering similar elevated views. Select rows feature barstool seating positioned along a drink rail."" No ""visiting team fans"" tag on this EVEN section.""","HIGH - zone, rows, location and seat direction stated by the source"
PB7,Pavilion Box (PB1–PB14),Pavilion Box,"""Pavilion Box seats are located on Fenway Park's highest seating tier, positioned directly behind the Aura Pavilion Club sections.""",,not established for this level,A-E,A,"Stairway aisles run along both side edges of the section; rows are not split by a mid-row aisle, so seat numbers run continuously from one side aisle to the other. The entry portal is at row A.","Facing the field, seat 1 is on your right. That puts seat 1 on the edge facing section PB6, with seat numbers counting up toward the edge facing section PB8.",not published,"""Top Pick for Visiting Team Fans; Covered Seats; Rows A-E"". ""For baseball games, we recommend these seats for visiting team fans; All seats in this section are under cover"". ""Located directly behind the Pavilion Club seats on Fenway Park's highest seating tier. Most sections feature fewer than five rows, keeping fans relatively close to the front of the section. Sections are protected by the roof, providing shade and protection from rain."" Same odd-section ""visiting team fans"" tag flagged under PB3.","HIGH - zone, rows, location and seat direction stated by the source"
PB8,Pavilion Box (PB1–PB14),Pavilion Box,"""Pavilion Box seats are located on Fenway Park's highest seating tier, positioned directly behind the Aura Pavilion Club sections.""",,not established for this level,A-E,A,"Stairway aisles run along both side edges of the section; rows are not split by a mid-row aisle, so seat numbers run continuously from one side aisle to the other. The entry portal is at row A.","Facing the field, seat 1 is on your right. That puts seat 1 on the edge facing section PB7, with seat numbers counting up toward the edge facing section PB9.",not published,"""Covered Seats""; ""All seats in this section are under cover"". Fan review in full (attributed ""PB8 / Row D • Baseball"") ""Great Convenience and Skyline Backdrop — Excellent shade during a midday game, and some good breeze as well. Bar rail seating just above so I was a bit worried something might get spilled on me, but luckily that was never the case. Concession stand right behind the seats, so at 2 seats from the aisle and just 2 rows down from the top, it doesn't get much easier for grabbing food and beverage! Views are really good except for some blockage to the left field corner. Can't really see the left field foul pole either. But a good view into the Redsox Dugout and a great view of the Boston skyline (Prudential Building) in the background.""","HIGH - zone, rows, location and seat direction stated by the source"
PB9,Pavilion Box (PB1–PB14),Pavilion Box,"""Pavilion Box seats are located on Fenway Park's highest seating tier, positioned directly behind the Aura Pavilion Club sections.""",,not established for this level,A-E,A,"Stairway aisles run along both side edges of the section; rows are not split by a mid-row aisle, so seat numbers run continuously from one side aisle to the other. The entry portal is at row A.","Facing the field, seat 1 is on your right. That puts seat 1 on the edge facing section PB8, with seat numbers counting up toward the edge facing section PB10.",not published,"""Top Pick for Outstanding Convenience"", ""Top Pick for Visiting Team Fans"", ""Covered Seats"", ""Rows A-E"". ""All seats in this section are under cover"". (1) ""Pay to cook to death; regretting my purchase — Fairly expensive and one of the worst places to sit in the park. Directly facing the sun at a 4pm game, roasting to death."" (attributed ""PB9 / Row 2 • Baseball"" — note Row 2 is NUMERIC and outside the stated A-E lettered range, i.e. a real ticket printed a row label this page does not list); (2) ""Toronto Blue Jays at Boston Red Sox - Jun 27, 2025 — Great view of the entire field."" (attributed ""PB9 / Row C • Baseball""). the sun review conflicts with the page's own ""Covered Seats"" / ""All seats in this section are under cover"" insight.","HIGH - zone, rows, location and seat direction stated by the source"
PB10,Pavilion Box (PB1–PB14),Pavilion Box,"""Located on Fenway Park's highest seating tier, positioned directly behind the Aura Pavilion Club sections.""",,not established for this level,A-E,A,"Stairway aisles run along both side edges of the section; rows are not split by a mid-row aisle, so seat numbers run continuously from one side aisle to the other. The entry portal is at row A.","Facing the field, seat 1 is on your right. That puts seat 1 on the edge facing section PB9, with seat numbers counting up toward the edge facing section PB11.",not published,"""Top Pick for Outstanding Convenience""; ""Covered Seats""; ""Rows A-E"". ""For baseball games, we recommend these seats for outstanding convenience""; ""All seats in this section are under cover"". ""Pavilion Box seats are a good option for fans looking for an elevated view of Fenway Park without paying club-level prices."" No ""visiting team fans"" tag on this EVEN section.","HIGH - zone, rows, location and seat direction stated by the source"
PB11,Pavilion Box (PB1–PB14),Pavilion Box,"""Located directly behind the Pavilion Club seats on Fenway Park's highest seating tier.""",,not established for this level,A-E,A,"Stairway aisles run along both side edges of the section; rows are not split by a mid-row aisle, so seat numbers run continuously from one side aisle to the other. The entry portal is at row A.","Facing the field, seat 1 is on your right. That puts seat 1 on the edge facing section PB10, with seat numbers counting up toward the edge facing section PB12.",not published,"""Top Pick for Outstanding Convenience""; ""Midfield View""; ""Covered Seats""; ""Rows A-E"". ""For baseball games, we recommend these seats for outstanding convenience""; ""For football games, desirable view from near midfield""; ""All seats in this section are under cover"". ""Covered Seating: Sections are protected by the roof, providing shade and protection from rain."" discovery cites the RateYourSeats shaded/covered page naming ""Pavilion Boxes 11 & 13"" as the two pavilion boxes that DO catch sun, yet this section page says ""Covered Seats"" / ""All seats in this section are under cover"" for PB11.","HIGH - zone, rows, location and seat direction stated by the source"
PB12,Pavilion Box (PB1–PB14),Pavilion Box,"""Pavilion Box seats are located on Fenway Park's highest seating tier, positioned directly behind the Aura Pavilion Club sections.""",,not established for this level,A-E,A,"Stairway aisles run along both side edges of the section; rows are not split by a mid-row aisle, so seat numbers run continuously from one side aisle to the other. The entry portal is at row A.","Facing the field, seat 1 is on your right. That puts seat 1 on the edge facing section PB11, with seat numbers counting up toward the edge facing section PB13.",not published,"""Top Pick for Outstanding Convenience""; ""Covered Seats"". ""All seats in this section are under cover"". ""Small Sections: Most sections feature fewer than five rows, keeping fans relatively close to the front of the section."" / ""Covered Seating: Sections are protected by the roof, providing shade and protection from rain."" No ""visiting team fans"" tag on this EVEN section.","HIGH - zone, rows, location and seat direction stated by the source"
PB13,Pavilion Box (PB1–PB14),Pavilion Box,"""Pavilion Box seats are located on Fenway Park's highest seating tier, positioned directly behind the Aura Pavilion Club sections."" ""Upper Level Behind Pavilion Club: Located directly behind the Pavilion Club seats on Fenway Park's highest seating tier.""",,not established for this level,A-E,A,"Stairway aisles run along both side edges of the section; rows are not split by a mid-row aisle, so seat numbers run continuously from one side aisle to the other. The entry portal is at row A.","Facing the field, seat 1 is on your right. That puts seat 1 on the edge facing section PB12, with seat numbers counting up toward the edge facing section PB14.",not published,"""Midfield View / Covered Seats / Rows A-E"". ""For football games, desirable view from near midfield / All seats in this section are under cover"". ""Upper Level Behind Pavilion Club: Located directly behind the Pavilion Club seats on Fenway Park's highest seating tier. / Small Sections: Most sections feature fewer than five rows, keeping fans relatively close to the front of the section. / Covered Seating: Sections are protected by the roof, providing shade and protection from rain. / Strong Value Option: Often priced lower than Aura Pavilion Club seats while offering similar elevated views."" discovery cites the shaded/covered page naming ""Pavilion Boxes 11 & 13"" as the sunny pavilion boxes, while this page says all seats are under cover.","HIGH - zone, rows, location and seat direction stated by the source"
PB14,Pavilion Box (PB1–PB14),Pavilion Box,"""Pavilion Box seats are located on Fenway Park's highest seating tier, positioned directly behind the Aura Pavilion Club sections."" Also ""These seats are labeled PB1 through PB14 on the Fenway Park seating chart."" and ""the Pavilion Level sits under the stadium roof"".",,not established for this level,A-E,A,"Stairway aisles run along both side edges of the section; rows are not split by a mid-row aisle, so seat numbers run continuously from one side aisle to the other. The entry portal is at row A.","Facing the field, seat 1 is on your right. That puts seat 1 on the edge facing section PB13, with seat numbers counting up toward the far edge of the section, with no further section beyond it on that side.",not published,"""Covered Seats"" / ""Rows A-E"". ""All seats in this section are under cover"". ""Located directly behind the Pavilion Club seats on Fenway Park's highest seating tier. Most sections feature fewer than five rows, keeping fans relatively close to the front of the section. Sections are protected by the roof, providing shade and protection from rain."" the page states the series is ""labeled PB1 through PB14 on the Fenway Park seating chart"", i.e. the PB prefix used in the URL is also the printed chart label, which contradicts discovery's note that the RateYourSeats INDEX prints bare ""Section PB1""-""PB10"" for some and ""Pavilion Box 11""-""Pavilion Box 14"" for others. No ""visiting team fans"" tag on this EVEN section.","HIGH - zone, rows, location and seat direction stated by the source"
PR15,Pavilion Reserved (PR15–PR20),Pavilion Reserved,"""Located on the first base side of the field""; ""Offers a viewing angle looking toward the Green Monster in left field""; ""Pavilion Reserved sections are located on the upper deck of Fenway Park""; ""positioned along the Pavilion Level behind the Pavilion Club and Pavilion Box sections"". these first two lines come from a ""First Base vs Third Base Side"" comparison block that appears on every Pavilion Reserved page, whose rows read ""Section 15 Located on the first base side of the field"" and ""Sections 16-20 Located on the third base side of the field"" — for PR15 that block is section-specific and agrees with discovery's parity rule (odd = first base).",,not established for this level,A-K,UNKNOWN,"Stairway aisles run along both side edges of the section; rows are not split by a mid-row aisle, so seat numbers run continuously from one side aisle to the other. The entry portal row is not published for this section.","Facing the field, seat 1 is on your right. That puts seat 1 on the far edge of the section, with no further section beyond it on that side, with seat numbers counting up toward the far edge of the section, with no further section beyond it on that side.",not published,"""Rows A-K"". Note the rows line says A-K (11 letters) while the zone/expert text says ""Compact Sections: Each section contains 10 rows with Row A at the front"" (seen on PR18) and discovery quotes the zone page as ""Each Pavilion Reserved section contains 10 rows of seating"" — A-K is 11 rows, so the row count and the label range disagree, the same class of internal contradiction discovery flags for the Roof Boxes. ""Upper Deck Seating: Located on the Pavilion Level in Fenway Park's upper deck.""; ""Uncovered Seating: These sections are fully exposed to sun and weather.""; ""Affordable Tickets: Excluding the Bleachers, these are often the cheapest reserved seats""; SHADE LINE: ""Section 15 typically moves into the shade earlier"" (against ""Sections 16-20 tend to remain in the sun longer during day games"").","HIGH - zone, rows, location and seat direction stated by the source"
PR16,Pavilion Reserved (PR15–PR20),Pavilion Reserved,"""Located on the third base side of the field""; ""Provide a more angled look toward home plate and the infield""; ""Pavilion Reserved sections are located on the upper deck of Fenway Park, positioned along the Pavilion Level behind the Pavilion Club and Pavilion Box sections.""; ""These sections include Sections 15 through 20 on the seating chart and sit high above the playing field."" The side statement comes from the page's ""First Base vs Third Base Side"" block, whose row reads ""Sections 16-20 Located on the third base side of the field"" — it covers a range rather than PR16 alone, and it agrees with discovery's parity rule (even = third base).",,not established for this level,A-K,UNKNOWN,"Stairway aisles run along both side edges of the section; rows are not split by a mid-row aisle, so seat numbers run continuously from one side aisle to the other. The entry portal row is not published for this section.","Facing the field, seat 1 is on your right. That puts seat 1 on the far edge of the section, with no further section beyond it on that side, with seat numbers counting up toward the edge facing section PR18.",not published,"""Rows A-K"". ""Upper Deck Seating: Located on the Pavilion Level in Fenway Park's upper deck.""; ""Uncovered Seating: These sections are fully exposed to sun and weather.""; SHADE LINE: ""Sections 16-20 tend to remain in the sun longer during day games"". The page says ""These sections include Sections 15 through 20 on the seating chart"", but discovery records that PR17 and PR19 have no pages in the section index — so the page's own 15-20 range implies two sections that the index does not list. Row-range vs row-count contradiction as at PR15 (A-K is 11 labels; the zone text says 10 rows).","HIGH - zone, rows, location and seat direction stated by the source"
PR18,Pavilion Reserved (PR15–PR20),Pavilion Reserved,"""Located on the third base side of the field""; ""Pavilion Reserved sections are located on the upper deck of Fenway Park""; ""positioned along the Pavilion Level behind the Pavilion Club and Pavilion Box sections"". As at PR16 the side line is the ""Sections 16-20"" row of the page's First Base vs Third Base Side block, not a PR18-only sentence. Agrees with discovery's parity rule (even = third base).",,not established for this level,"""Rows A-K"" (Section Insights row line)",UNKNOWN,"Stairway aisles run along both side edges of the section; rows are not split by a mid-row aisle, so seat numbers run continuously from one side aisle to the other. The entry portal row is not published for this section.","Facing the field, seat 1 is on your right. That puts seat 1 on the edge facing section PR16, with seat numbers counting up toward the edge facing section PR20.",not published,"""Upper Deck Seating: Located on the Pavilion Level in Fenway Park's upper deck.""; ""Compact Sections: Each section contains 10 rows with Row A at the front.""; ""Uncovered Seating: These sections are fully exposed to sun and weather.""; ""Affordable Tickets: Excluding the Bleachers, these are often the cheapest reserved seats for Boston Red Sox games.""; SHADE LINE: ""Sections 16-20 tend to remain in the sun longer during day games"". ""Each section contains 10 rows with Row A at the front"" versus the stated label range ""Rows A-K"", which is 11 labels. Do not rely on either.","HIGH - zone, rows, location and seat direction stated by the source"
PR20,Pavilion Reserved (PR15–PR20),Pavilion Reserved,"AMBIGUOUS ON THE PAGE — RECORDED AS FETCHED, NOT RESOLVED. The page carries a comparison block headed ""First Base vs Third Base Side"" with the sentence ""The Pavilion Reserved sections are split across both sides of the field."" and two rows ""Section 15 Located on the first base side of the field"" and ""Sections 16-20 Located on the third base side of the field"". Adjacent descriptive lines ""Offers a viewing angle looking toward the Green Monster in left field"" and ""Provide a more angled look toward home plate and the infield"".",,not established for this level,"""Rows A-K"" (Section Insights row line)",UNKNOWN,"Stairway aisles run along both side edges of the section; rows are not split by a mid-row aisle, so seat numbers run continuously from one side aisle to the other. The entry portal row is not published for this section.","Facing the field, seat 1 is on your right. That puts seat 1 on the edge facing section PR18, with seat numbers counting up toward the far edge of the section, with no further section beyond it on that side.",not published,"""These sections are not covered, meaning fans will be exposed to direct sunlight for much of the game.""; ""Section 15 typically moves into the shade earlier""; ""Pavilion Reserved seats provide an elevated view of the entire field, allowing fans to easily follow the flow of the game from above."" Row-count contradiction as elsewhere in this tier (A-K = 11 labels vs ""10 rows"").","HIGH - zone, rows, location and seat direction stated by the source"
RB23,"Right Field Roof Box (RB23–RB43, odd numbers only)",Roof Box,"""Located down the first base line on the top deck of Fenway Park.""; ""These sections sit high above the field and extend down the line toward the right field corner."" the Roof Box series is odd-only and entirely on the first base side.",,not established for this level,A-G,G,"Stairway aisles run along both side edges of the section; rows are not split by a mid-row aisle, so seat numbers run continuously from one side aisle to the other. The entry portal is at row G.","Facing the field, seat 1 is on your right. That puts seat 1 on the far edge of the section, with no further section beyond it on that side, with seat numbers counting up toward the edge facing section RB25.",not published,"""Midfield View"". ""Each section features just eight rows (A-G) for easier access in and out."" — INTERNALLY CONTRADICTORY, exactly as discovery flags: A-G is seven labels, not eight, and the section's own row line says A-G. Do not rely on either. ""Seats are uncovered and receive significant sun exposure during day games.""; ""These seats are not covered, leaving fans exposed to sun and weather.""; ""Day games can bring constant sun exposure to this part of the stadium.""; ""One of the better upper-level vantage points of the Green Monster in left field.""; ""Right Field Roof Boxes are best for fans looking for a budget-friendly seat in the upper deck who prefer smaller sections and a quieter environment.""; VIEW-QUALITY WARNING: ""The viewing angle from the Right Field Roof Boxes is one of the biggest drawbacks of these seats.""; ""Standing Room Only areas are located behind the Roof Box sections.""","HIGH - zone, rows, location and seat direction stated by the source"
RB25,"Right Field Roof Box (RB23–RB43, odd numbers only)",Roof Box,"""Right Field Roof Boxes are located along the first base line on the top deck of Fenway Park.""; ""These sections sit high above the field and extend down the line toward the right field corner."" Zone-level wording, not RB25-specific.",,not established for this level,A-G,G,"Stairway aisles run along both side edges of the section; rows are not split by a mid-row aisle, so seat numbers run continuously from one side aisle to the other. The entry portal is at row G.","Facing the field, seat 1 is on your right. That puts seat 1 on the edge facing section RB23, with seat numbers counting up toward the edge facing section RB27.",not published,"""Midfield View"". ""Each section includes eight rows labeled A through G, creating a more compact seating layout than many other upper-level areas."" — the same eight-rows-versus-seven-letters contradiction discovery flags. ""The viewing angle from the Right Field Roof Boxes is one of the biggest drawbacks of these seats.""; ""These seats are not covered, leaving fans exposed to sun and weather.""; ""Day games can bring constant sun exposure to this part of the stadium.""","HIGH - zone, rows, location and seat direction stated by the source"
RB27,"Right Field Roof Box (RB23–RB43, odd numbers only)",Roof Box,"""Right Field Roof Boxes at Fenway Park are located down the first base line in the top deck."" Zone-level wording, not RB27-specific.",,not established for this level,A-G,G,"Stairway aisles run along both side edges of the section; rows are not split by a mid-row aisle, so seat numbers run continuously from one side aisle to the other. The entry portal is at row G.","Facing the field, seat 1 is on your right. That puts seat 1 on the edge facing section RB25, with seat numbers counting up toward the edge facing section RB29.",not published,"""For football games, desirable view from near midfield""; VIEW-QUALITY WARNING: ""The view from these seats is less than ideal as the angle towards home plate is poor.""; ""Each section has 8 rows, labeled A through G, which makes getting in and out of the seats relatively easy."" (again 8 rows vs 7 letters); ""Because of the intimacy of these sections, lines for concessions and restrooms tend to be lighter than on the lower level.""; ""Roof Box SRO spaces are located behind these sections""; ""These sections are not covered and are in constant sun""; ""These seats have a great view of the Green Monster"".","HIGH - zone, rows, location and seat direction stated by the source"
RB29,"Right Field Roof Box (RB23–RB43, odd numbers only)",Roof Box,"""Right Field Roof Boxes are located along the first base line on the top deck of Fenway Park.""; ""These sections sit high above the field and extend down the line toward the right field corner."" Zone-level wording, not RB29-specific.",,not established for this level,A-G,G,"Stairway aisles run along both side edges of the section; rows are not split by a mid-row aisle, so seat numbers run continuously from one side aisle to the other. The entry portal is at row G.","Facing the field, seat 1 is on your right. That puts seat 1 on the edge facing section RB27, with seat numbers counting up toward the edge facing section RB31.",not published,"""Recommended For Outstanding Convenience (Rows C-G)""; ""Midfield View"". ""For baseball games, we recommend rows C-G for outstanding convenience"". ""Each section features just eight rows (A-G) for easier access in and out."" (8 rows vs 7 letters, as elsewhere in the tier); ""Sunny Seating Area: Seats are uncovered and receive significant sun exposure during day games.""; ""These seats are not covered, leaving fans exposed to sun and weather."" The rows C-G recommendation is the only row-level differentiation found anywhere in the Roof Box series and implies the back rows are the convenient ones, consistent with the entrance being at Row G.","HIGH - zone, rows, location and seat direction stated by the source"
RB31,"Right Field Roof Box (RB23–RB43, odd numbers only)",Roof Box,"""Right Field Roof Boxes are located along the first base line on the top deck of Fenway Park."" / ""These sections sit high above the field and extend down the line toward the right field corner."" / RYS ""Upper Deck First Base Side: Located down the first base line on the top deck of Fenway Park."" / ""Compared to many other seating areas in the ballpark, the sections here are relatively small, which helps make getting in and out of the row easier.""",,not established for this level,A-G,G,"Stairway aisles run along both side edges of the section; rows are not split by a mid-row aisle, so seat numbers run continuously from one side aisle to the other. The entry portal is at row G.","Facing the field, seat 1 is on your right. That puts seat 1 on the edge facing section RB29, with seat numbers counting up toward the edge facing section RB33.",not published,"When seated looking at the field, the lowest number seat (typically seat 1)."" (https://www.rateyourseats.com/fenway-park/seating/seating-chart). ""Each section includes eight rows labeled A through G, creating a more compact seating layout than many other upper-level areas."" and ""Compact Sections: Each section features just eight rows (A-G) for easier access in and out."" - A through G is SEVEN letters, so ""eight rows"" cannot be labelled A-G. SUN/SHADE ""Sunny Seating Area: Seats are uncovered and receive significant sun exposure during day games."" / ""These seats are not covered, leaving fans exposed to sun and weather."" / ""Day games can bring constant sun exposure to this part of the stadium.","HIGH - zone, rows, location and seat direction stated by the source"
RB33,"Right Field Roof Box (RB23–RB43, odd numbers only)",Roof Box,"""Right Field Roof Boxes are located along the first base line on the top deck of Fenway Park."" / ""These sections sit high above the field and extend down the line toward the right field corner."" / RYS ""Upper Deck First Base Side: Located down the first base line on the top deck of Fenway Park."" / ""Compared to many other seating areas in the ballpark, the sections here are relatively small, which helps make getting in and out of the row easier.""",,not established for this level,A-G,G,"Stairway aisles run along both side edges of the section; rows are not split by a mid-row aisle, so seat numbers run continuously from one side aisle to the other. The entry portal is at row G.","Facing the field, seat 1 is on your right. That puts seat 1 on the edge facing section RB31, with seat numbers counting up toward the edge facing section RB35.",not published,"When seated looking at the field, the lowest number seat (typically seat 1)."" (https://www.rateyourseats.com/fenway-park/seating/seating-chart). ""Each section includes eight rows labeled A through G, creating a more compact seating layout than many other upper-level areas."" and ""Compact Sections: Each section features just eight rows (A-G) for easier access in and out."" - A through G is SEVEN letters, so ""eight rows"" cannot be labelled A-G. SUN/SHADE ""Sunny Seating Area: Seats are uncovered and receive significant sun exposure during day games."" / ""These seats are not covered, leaving fans exposed to sun and weather."" / ""Day games can bring constant sun exposure to this part of the stadium.","HIGH - zone, rows, location and seat direction stated by the source"
RB35,"Right Field Roof Box (RB23–RB43, odd numbers only)",Roof Box,"""Right Field Roof Boxes are located along the first base line on the top deck of Fenway Park."" / ""These sections sit high above the field and extend down the line toward the right field corner."" / RYS ""Upper Deck First Base Side: Located down the first base line on the top deck of Fenway Park."" / ""Compared to many other seating areas in the ballpark, the sections here are relatively small, which helps make getting in and out of the row easier.""",,not established for this level,A-G,G,"Stairway aisles run along both side edges of the section; rows are not split by a mid-row aisle, so seat numbers run continuously from one side aisle to the other. The entry portal is at row G.","Facing the field, seat 1 is on your right. That puts seat 1 on the edge facing section RB33, with seat numbers counting up toward the edge facing section RB37.",not published,"When seated looking at the field, the lowest number seat (typically seat 1)."" (https://www.rateyourseats.com/fenway-park/seating/seating-chart). ""Each section includes eight rows labeled A through G, creating a more compact seating layout than many other upper-level areas."" and ""Compact Sections: Each section features just eight rows (A-G) for easier access in and out."" - A through G is SEVEN letters, so ""eight rows"" cannot be labelled A-G. SUN/SHADE ""Sunny Seating Area: Seats are uncovered and receive significant sun exposure during day games."" / ""These seats are not covered, leaving fans exposed to sun and weather."" / ""Day games can bring constant sun exposure to this part of the stadium.","HIGH - zone, rows, location and seat direction stated by the source"
RB37,"Right Field Roof Box (RB23–RB43, odd numbers only)",Roof Box,"""Right Field Roof Boxes are located along the first base line on the top deck of Fenway Park."" / ""These sections sit high above the field and extend down the line toward the right field corner."" / RYS ""Upper Deck First Base Side: Located down the first base line on the top deck of Fenway Park."" / ""Compared to many other seating areas in the ballpark, the sections here are relatively small, which helps make getting in and out of the row easier.""",,not established for this level,A-G,G,"Stairway aisles run along both side edges of the section; rows are not split by a mid-row aisle, so seat numbers run continuously from one side aisle to the other. The entry portal is at row G.","Facing the field, seat 1 is on your right. That puts seat 1 on the edge facing section RB35, with seat numbers counting up toward the edge facing section RB39.",not published,"When seated looking at the field, the lowest number seat (typically seat 1)."" (https://www.rateyourseats.com/fenway-park/seating/seating-chart). ""Each section includes eight rows labeled A through G, creating a more compact seating layout than many other upper-level areas."" and ""Compact Sections: Each section features just eight rows (A-G) for easier access in and out."" - A through G is SEVEN letters, so ""eight rows"" cannot be labelled A-G. SUN/SHADE ""Sunny Seating Area: Seats are uncovered and receive significant sun exposure during day games."" / ""These seats are not covered, leaving fans exposed to sun and weather."" / ""Day games can bring constant sun exposure to this part of the stadium.","HIGH - zone, rows, location and seat direction stated by the source"
RB39,"Right Field Roof Box (RB23–RB43, odd numbers only)",Roof Box,"""Right Field Roof Boxes are located along the first base line on the top deck of Fenway Park."" / ""These sections sit high above the field and extend down the line toward the right field corner."" / RYS ""Upper Deck First Base Side: Located down the first base line on the top deck of Fenway Park."" / ""Compared to many other seating areas in the ballpark, the sections here are relatively small, which helps make getting in and out of the row easier.""",,not established for this level,A-G,G,"Stairway aisles run along both side edges of the section; rows are not split by a mid-row aisle, so seat numbers run continuously from one side aisle to the other. The entry portal is at row G.","Facing the field, seat 1 is on your right. That puts seat 1 on the edge facing section RB37, with seat numbers counting up toward the edge facing section RB41.",not published,"When seated looking at the field, the lowest number seat (typically seat 1)."" (https://www.rateyourseats.com/fenway-park/seating/seating-chart). ""Each section includes eight rows labeled A through G, creating a more compact seating layout than many other upper-level areas."" and ""Compact Sections: Each section features just eight rows (A-G) for easier access in and out."" - A through G is SEVEN letters, so ""eight rows"" cannot be labelled A-G. SUN/SHADE ""Sunny Seating Area: Seats are uncovered and receive significant sun exposure during day games."" / ""These seats are not covered, leaving fans exposed to sun and weather."" / ""Day games can bring constant sun exposure to this part of the stadium.","HIGH - zone, rows, location and seat direction stated by the source"
RB41,"Right Field Roof Box (RB23–RB43, odd numbers only)",Roof Box,"""Right Field Roof Boxes are located along the first base line on the top deck of Fenway Park."" / ""These sections sit high above the field and extend down the line toward the right field corner."" / RYS ""Upper Deck First Base Side: Located down the first base line on the top deck of Fenway Park."" / ""Compared to many other seating areas in the ballpark, the sections here are relatively small, which helps make getting in and out of the row easier.""",,not established for this level,A-G,G,"Stairway aisles run along both side edges of the section; rows are not split by a mid-row aisle, so seat numbers run continuously from one side aisle to the other. The entry portal is at row G.","Facing the field, seat 1 is on your right. That puts seat 1 on the edge facing section RB39, with seat numbers counting up toward the edge facing section RB43.",not published,"When seated looking at the field, the lowest number seat (typically seat 1)."" (https://www.rateyourseats.com/fenway-park/seating/seating-chart). ""Each section includes eight rows labeled A through G, creating a more compact seating layout than many other upper-level areas."" and ""Compact Sections: Each section features just eight rows (A-G) for easier access in and out."" - A through G is SEVEN letters, so ""eight rows"" cannot be labelled A-G. SUN/SHADE ""Sunny Seating Area: Seats are uncovered and receive significant sun exposure during day games."" / ""These seats are not covered, leaving fans exposed to sun and weather."" / ""Day games can bring constant sun exposure to this part of the stadium.","HIGH - zone, rows, location and seat direction stated by the source"
RB43,"Right Field Roof Box (RB23–RB43, odd numbers only)",Roof Box,"""Right Field Roof Boxes are located along the first base line on the top deck of Fenway Park."" / ""These sections sit high above the field and extend down the line toward the right field corner."" / RYS ""Upper Deck First Base Side: Located down the first base line on the top deck of Fenway Park."" / ""Compared to many other seating areas in the ballpark, the sections here are relatively small, which helps make getting in and out of the row easier.""",,not established for this level,A-G,UNKNOWN,"Stairway aisles run along both side edges of the section; rows are not split by a mid-row aisle, so seat numbers run continuously from one side aisle to the other. The entry portal row is not published for this section.","Facing the field, seat 1 is on your right. That puts seat 1 on the edge facing section RB41, with seat numbers counting up toward the far edge of the section, with no further section beyond it on that side.",not published,"When seated looking at the field, the lowest number seat (typically seat 1)."" (https://www.rateyourseats.com/fenway-park/seating/seating-chart). ""Each section includes eight rows labeled A through G, creating a more compact seating layout than many other upper-level areas."" and ""Compact Sections: Each section features just eight rows (A-G) for easier access in and out."" - A through G is SEVEN letters, so ""eight rows"" cannot be labelled A-G. SUN/SHADE ""Sunny Seating Area: Seats are uncovered and receive significant sun exposure during day games."" / ""These seats are not covered, leaving fans exposed to sun and weather."" / ""Day games can bring constant sun exposure to this part of the stadium.","HIGH - zone, rows, location and seat direction stated by the source"
1b_pavilion_sro,Standing Room Only areas,First Base Pavilion SRO,"""Standing Room Only areas are available in multiple locations throughout Fenway Park."" / ""On the lower level, the primary designated Standing Room spaces are located along the first base and third base sides behind the Grandstand seating sections. These areas place fans relatively close to the field, though views can be impacted by the historic structure of the ballpark."" / ""Lower Level Standing Areas: Primary designated spaces are located along the first and third base sides near the Grandstand sections."" / ""In addition to the primary lower-level standing locations, designated Standing Room areas also exist within several other parts of Fenway Park, including: Green Monster, Roof Deck, Right Field Roof Boxes, Pavilion Level.""",,not established for this level,"Numbers block, verbatim: ""This is a general admission seating area. Seats and rows are not assigned and are first-come, first-serve."" No lettered or numbered row range is given for this area.",UNKNOWN,"Stairway aisles run along both side edges of the section; rows are not split by a mid-row aisle, so seat numbers run continuously from one side aisle to the other. The entry portal row is not published for this section.","No source publishes which side seat 1 is on at this ballpark, so this guide does not state one. Seat 1 is against one side aisle of the section and the numbers count up to the other; check the seat numbers on your own ticket.",not published,"RYS ""Budget-Friendly Entry: Standing Room Only tickets are one of the most affordable ways to attend a Boston Red Sox game at Fenway Park."" / ""Lower Level Standing Areas: Primary designated spaces are located along the first and third base sides near the Grandstand sections."" / ""Limited Sightlines: Views can be impacted by Grandstand support poles and the lower-level roof overhang."" / ""Flexible Experience: Most fans with SRO tickets move around the ballpark rather than staying in one spot all game."" the SRO page Q&A gives ""SRP1B/SRP3B: Standing Room Pavilion First Base/Third Base"" - so a real ticket for this area is expected to print SRP1B, not the URL slug ""1b_pavilion_sro"". That mapping is stated on the SRO page, not on this page.","MEDIUM - rows confirmed, no seat numbering published for this section"
3b_pavilion_sro,Standing Room Only areas,Third Base Pavilion SRO,"""Standing Room Only areas are available in multiple locations throughout Fenway Park."" / ""On the lower level, the primary designated Standing Room spaces are located along the first base and third base sides behind the Grandstand seating sections. These areas place fans relatively close to the field, though views can be impacted by the historic structure of the ballpark."" / ""Lower Level Standing Areas: Primary designated spaces are located along the first and third base sides near the Grandstand sections."" / ""In addition to the primary lower-level standing locations, designated Standing Room areas also exist within several other parts of Fenway Park, including: Green Monster, Roof Deck, Right Field Roof Boxes, Pavilion Level.""",,not established for this level,"Numbers block, verbatim: ""This is a general admission seating area. Seats and rows are not assigned and are first-come, first-serve."" No lettered or numbered row range is given for this area.",UNKNOWN,"Stairway aisles run along both side edges of the section; rows are not split by a mid-row aisle, so seat numbers run continuously from one side aisle to the other. The entry portal row is not published for this section.","No source publishes which side seat 1 is on at this ballpark, so this guide does not state one. Seat 1 is against one side aisle of the section and the numbers count up to the other; check the seat numbers on your own ticket.",not published,"RYS ""Budget-Friendly Entry: Standing Room Only tickets are one of the most affordable ways to attend a Boston Red Sox game at Fenway Park."" / ""Limited Sightlines: Views can be impacted by Grandstand support poles and the lower-level roof overhang."" / ""Flexible Experience: Most fans with SRO tickets move around the ballpark rather than staying in one spot all game."" the SRO page Q&A gives ""SRP1B/SRP3B: Standing Room Pavilion First Base/Third Base"" - so a real ticket for this area is expected to print SRP3B, not the URL slug ""3b_pavilion_sro"". That mapping is stated on the SRO page, not on this page. The URL did not redirect and returned HTTP content headed with this area's own name, but the body below the heading is the identical park-wide ""Standing Room Only"" zone article served byte-for-byte on the Coca_Cola_SRO, 1b_pavilion_sro, 3b_pavilion_sro, Roof_Box_SRO and SRO pages alike.","MEDIUM - rows confirmed, no seat numbering published for this section"
Coca_Cola_SRO,Standing Room Only areas,Coca Cola SRO,"""Standing Room Only areas are available in multiple locations throughout Fenway Park."" / ""On the lower level, the primary designated Standing Room spaces are located along the first base and third base sides behind the Grandstand seating sections. These areas place fans relatively close to the field, though views can be impacted by the historic structure of the ballpark."" / ""Lower Level Standing Areas: Primary designated spaces are located along the first and third base sides near the Grandstand sections."" / ""In addition to the primary lower-level standing locations, designated Standing Room areas also exist within several other parts of Fenway Park, including: Green Monster, Roof Deck, Right Field Roof Boxes, Pavilion Level.""",,not established for this level,"Numbers block, verbatim: ""This is a general admission seating area. Seats and rows are not assigned and are first-come, first-serve."" No lettered or numbered row range is given for this area.",UNKNOWN,"Stairway aisles run along both side edges of the section; rows are not split by a mid-row aisle, so seat numbers run continuously from one side aisle to the other. The entry portal row is not published for this section.","No source publishes which side seat 1 is on at this ballpark, so this guide does not state one. Seat 1 is against one side aisle of the section and the numbers count up to the other; check the seat numbers on your own ticket.",not published,"""Top Pick for Partying and Socializing"". ""For baseball games, we recommend these seats for partying and socializing"". RYS ""Budget-Friendly Entry: Standing Room Only tickets are one of the most affordable ways to attend a Boston Red Sox game at Fenway Park."" / ""Flexible Experience: Most fans with SRO tickets move around the ballpark rather than staying in one spot all game."" / ""SRO Areas Throughout the Park: Additional Standing Room areas exist on the Roof Deck, Green Monster, Pavilion Level, and RF Roof Box areas."" ""Who Should Consider SRO Tickets"" ""Standing Room Only tickets are ideal for fans who want a low-cost way to experience Fenway Park and don't mind watching the game without a dedicated seat.""","MEDIUM - rows confirmed, no seat numbering published for this section"
Green_Monster_SRO,Standing Room Only areas,Green Monster SRO,"Green Monster Seats are located above the Green Monster in left field, sitting approximately 37 feet above the playing surface."" / ""This seating area runs along the top of the wall and is divided into several sections labeled M1 through M10 on the Boston Red Sox seating chart."" / ""Fans sit directly above the left field wall, providing an incredible vantage point for balls hit toward the Monster."" / For the standing area specifically ""Just behind the traditional reserved Monster seats is a space reserved for Standing Room Only Monster ticketholders.",,not established for this level,"Numbers block, verbatim: ""This is a general admission seating area. Seats and rows are not assigned and are first-come, first-serve."" No lettered or numbered row range is given for this area.",UNKNOWN,"Stairway aisles run along both side edges of the section; rows are not split by a mid-row aisle, so seat numbers run continuously from one side aisle to the other. The entry portal row is not published for this section.","No source publishes which side seat 1 is on at this ballpark, so this guide does not state one. Seat 1 is against one side aisle of the section and the numbers count up to the other; check the seat numbers on your own ticket.",not published,"THIS IS THE ONLY PAGE IN BATCH 14 WITH GENUINE FAN-WRITTEN CONTENT, AND IT WAS MINED SPECIFICALLY FOR A SEAT-SIDE STATEMENT. FAN REVIEW, quoted in full, headed ""37 Feet Above Fenway"": ""This was my fifth trip to Fenway, but first time getting anywhere near the Green Monster. You have to show your Green Monster ticket to get into this area, which keeps it from being over-run (like many other areas of the Park). I didn't have a seat, instead an SRO ticket that allowed me to stand behind the reserved seats. This was a rainy day, so there were plenty of ledges for food and drink, though I suspect it is more crowded on nicer days. There are two food stands up here and neither was crowded on this day.""","MEDIUM - rows confirmed, no seat numbering published for this section"
Roof_Box_SRO,Standing Room Only areas,Roof Box SRO,"""Standing Room Only areas are available in multiple locations throughout Fenway Park."" / ""On the lower level, the primary designated Standing Room spaces are located along the first base and third base sides behind the Grandstand seating sections. These areas place fans relatively close to the field, though views can be impacted by the historic structure of the ballpark."" / ""Lower Level Standing Areas: Primary designated spaces are located along the first and third base sides near the Grandstand sections."" / ""In addition to the primary lower-level standing locations, designated Standing Room areas also exist within several other parts of Fenway Park, including: Green Monster, Roof Deck, Right Field Roof Boxes, Pavilion Level.""",,not established for this level,"Numbers block, verbatim: ""This is a general admission seating area. Seats and rows are not assigned and are first-come, first-serve."" No lettered or numbered row range is given for this area.",UNKNOWN,"Stairway aisles run along both side edges of the section; rows are not split by a mid-row aisle, so seat numbers run continuously from one side aisle to the other. The entry portal row is not published for this section.","No source publishes which side seat 1 is on at this ballpark, so this guide does not state one. Seat 1 is against one side aisle of the section and the numbers count up to the other; check the seat numbers on your own ticket.",not published,"RYS ""Standing Room Only tickets are one of the most affordable ways to attend a Boston Red Sox game at Fenway Park."" / ""Primary designated spaces are located along the first and third base sides near the Grandstand sections."" / ""Views can be impacted by Grandstand support poles and the lower-level roof overhang."" / ""Most fans with SRO tickets move around the ballpark rather than staying in one spot all game."" / ""Additional Standing Room areas exist on the Roof Deck, Green Monster, Pavilion Level, and RF Roof Box areas."" the SRO page Q&A distinguishes ""SRBD: Standing Room Bud Deck in the Right Field Roof Deck"" from ""SRRFB: Standing Room Right Field Box"". Which of the two a ""Roof Box SRO"" ticket prints is NOT STATED on either page - the Roof Deck and the Right Field Roof Boxes are different places and this page does not say which one it covers.","MEDIUM - rows confirmed, no seat numbering published for this section"
SRO,Standing Room Only areas,Standing Room Only,"Standing Room Only areas are available in multiple locations throughout Fenway Park."" / ""On the lower level, the primary designated Standing Room spaces are located along the first base and third base sides behind the Grandstand seating sections. These areas place fans relatively close to the field, though views can be impacted by the historic structure of the ballpark."" / ""Lower Level Standing Areas: Primary designated spaces are located along the first and third base sides near the Grandstand sections."" / ""In addition to the primary lower-level standing locations, designated Standing Room areas also exist within several other parts of Fenway Park, including: Green Monster, Roof Deck, Right Field Roof Boxes, Pavilion Level.",,not established for this level,"Numbers block, verbatim: ""This is a general admission seating area. Seats and rows are not assigned and are first-come, first-serve."" No lettered or numbered row range is given for this area.",UNKNOWN,"Stairway aisles run along both side edges of the section; rows are not split by a mid-row aisle, so seat numbers run continuously from one side aisle to the other. The entry portal row is not published for this section.","No source publishes which side seat 1 is on at this ballpark, so this guide does not state one. Seat 1 is against one side aisle of the section and the numbers count up to the other; check the seat numbers on your own ticket.",not published,"MOST VALUABLE PAGE IN THIS BATCH - it is the only page that explains what SRO tickets actually print. While most ballparks have one or two designated standing areas for fans with Standing Room Only tickets, Fenway Park has more than a half-dozen such areas. Because some of these areas (including the Green Monster SRO) are highly sought-after, not all SRO tickets have access to all SRO areas. Here are some of the common abbreviations used for SRO tickets at Fenway Park: SRBD: Standing Room Bud Deck in the Right Field Roof Deck. Standing Room Green Monster behind the reserved Monster Seats. Standing Room Pavilion First Base/Third Base. Standing Room Right Field Box. Standing Room Lower Level.","MEDIUM - rows confirmed, no seat numbering published for this section"
