section,level,zone,location_in_stadium,sections_from_home_plate,direction_from_home_plate,rows_in_section,entrance_row,aisle_and_walkway_locations,seat_numbering,seats_per_row,notes,confidence
100,Main Level (100s),Outfield Reserve,Located just beyond the outfield walls and in prime home run ball territory. These seats are also the home of the Center Field Lounge and Center Field Reserved seating areas (located in section 100) which provide fans with a unique viewing experience and close proximity to the Red Porch Restaurant.,19,toward third base / left field,"A-Z, AA-DD",J,"Stairway aisles run along both side edges of the section; rows are not split by a mid-row aisle, so seat numbers run continuously from one side aisle to the other. The entry portal is at row J.","Facing the field, seat 1 is on your right. That puts seat 1 on the edge facing section 101, with seat numbers counting up toward the far edge of the section, with no further section beyond it on that side. Seat 1 is the end of the row closest to home plate, and higher seat numbers run away from home plate.",not published,"Fan Feedback : ""The Visitor Bullpen is to the Right of Section 100"" — this contradicts the discovery-level statement (sourced from Section 101's page) that the visitor bullpen sits in front of Sections 101/102; recorded rather than reconciled. ""Seats in left and center field will see the sun throughout most of the day.""","HIGH - zone, rows, location and seat direction stated by the source"
101,Main Level (100s),Outfield Reserve,Sections 101 and 102 out in left field are located directly behind the visitors bullpen,18,toward third base / left field,"L-Z, AA-DD",DD,"Stairway aisles run along both side edges of the section; rows are not split by a mid-row aisle, so seat numbers run continuously from one side aisle to the other. The entry portal is at row DD.","Facing the field, seat 1 is on your right. That puts seat 1 on the edge facing section 102, with seat numbers counting up toward the edge facing section 100. Seat 1 is the end of the row closest to home plate, and higher seat numbers run away from home plate.",not published,"Fan Feedback : ""The Visitor Bullpen is in Front of Sections 101 and 102 — Sit in Row L to be behind the visitor bullpen."" Seats in left field see sun throughout most of the day.","HIGH - zone, rows, location and seat direction stated by the source"
102,Main Level (100s),Outfield Reserve,Sections 101 and 102 out in left field are located directly behind the visitors bullpen,17,toward third base / left field,"L-Z, AA-DD",DD,"Stairway aisles run along both side edges of the section; rows are not split by a mid-row aisle, so seat numbers run continuously from one side aisle to the other. The entry portal is at row DD.","Facing the field, seat 1 is on your right. That puts seat 1 on the edge facing section 103, with seat numbers counting up toward the edge facing section 101. Seat 1 is the end of the row closest to home plate, and higher seat numbers run away from home plate.",not published,"Fan Feedback : ""The Visitor Bullpen is in Front of Sections 101 and 102 — Sit in Row L to be behind the visitor bullpen."" Seats in left field see sun throughout most of the day.","HIGH - zone, rows, location and seat direction stated by the source"
103,Main Level (100s),Outfield Reserve,Left-field outfield reserve area (general Outfield Reserve review text); fan feedback places the visitor bullpen to this section's left,16,toward third base / left field,"A-Z, AA-CC",CC,"Stairway aisles run along both side edges of the section; rows are not split by a mid-row aisle, so seat numbers run continuously from one side aisle to the other. The entry portal is at row CC.","Facing the field, seat 1 is on your right. That puts seat 1 on the edge facing section 104, with seat numbers counting up toward the edge facing section 102. Seat 1 is the end of the row closest to home plate, and higher seat numbers run away from home plate.",not published,"Fan Feedback : ""The Visitor Bullpen is to the Left of Section 103"". Seats in left field see sun throughout most of the day per the shared Outfield Reserve review.","HIGH - zone, rows, location and seat direction stated by the source"
104,Main Level (100s),Outfield Reserve,"Outfield Reserve area per shared review text (left field / left-center, beyond the outfield walls)",15,toward third base / left field,"A-Z, AA-DD",DD,"Stairway aisles run along both side edges of the section; rows are not split by a mid-row aisle, so seat numbers run continuously from one side aisle to the other. The entry portal is at row DD.","Facing the field, seat 1 is on your right. That puts seat 1 on the edge facing section 105, with seat numbers counting up toward the edge facing section 103. Seat 1 is the end of the row closest to home plate, and higher seat numbers run away from home plate.",not published,seats in left and center field see sun throughout most of the day.,"HIGH - zone, rows, location and seat direction stated by the source"
105,Main Level (100s),Outfield Reserve,Outfield Reserve area per shared review text,14,toward third base / left field,"A-Z, AA-CC",CC,"Stairway aisles run along both side edges of the section; rows are not split by a mid-row aisle, so seat numbers run continuously from one side aisle to the other. The entry portal is at row CC.","Facing the field, seat 1 is on your right. That puts seat 1 on the edge facing section 106, with seat numbers counting up toward the edge facing section 104. Seat 1 is the end of the row closest to home plate, and higher seat numbers run away from home plate.",not published,"""For baseball games, we recommend rows Y-Z, AA-CC for outstanding convenience.""","HIGH - zone, rows, location and seat direction stated by the source"
106,Main Level (100s),Outfield Reserve,Outfield Reserve area per shared review text,13,toward third base / left field,"A-Z, AA-CC",CC,"Stairway aisles run along both side edges of the section; rows are not split by a mid-row aisle, so seat numbers run continuously from one side aisle to the other. The entry portal is at row CC.","Facing the field, seat 1 is on your right. That puts seat 1 on the edge facing section 107, with seat numbers counting up toward the edge facing section 105. Seat 1 is the end of the row closest to home plate, and higher seat numbers run away from home plate.",not published,"""For baseball games, we recommend rows Y-Z, AA-CC for outstanding convenience.""","HIGH - zone, rows, location and seat direction stated by the source"
107,Main Level (100s),Outfield Reserve,Outfield Reserve area per shared review text,12,toward third base / left field,"X-Z, AA-WW",WW,"Stairway aisles run along both side edges of the section; rows are not split by a mid-row aisle, so seat numbers run continuously from one side aisle to the other. The entry portal is at row WW.","Facing the field, seat 1 is on your right. That puts seat 1 on the edge facing section 108, with seat numbers counting up toward the edge facing section 106. Seat 1 is the end of the row closest to home plate, and higher seat numbers run away from home plate.",not published,,"HIGH - zone, rows, location and seat direction stated by the source"
108,Main Level (100s),Field Level Down the Line,"Field Level Down the Line seating is a good option for fans that prefer being on the lowest tier ... The sections will begin to angle the seating more towards the infield as you get closer to the foul poles ... In the sections closer to the infield, the lower half of seating is known as Baseline Box, while the upper half of seating is known as the Baseline Reserved. Sections nearest to the foul pole in this location are also referred to as the Left and Right Field Corner.",11,toward third base / left field,"F-Z, AA-WW",WW,"Stairway aisles run along both side edges of the section; rows are not split by a mid-row aisle, so seat numbers run continuously from one side aisle to the other. The entry portal is at row WW.","Facing the field, seat 1 is on your right. That puts seat 1 on the edge facing section 109, with seat numbers counting up toward the edge facing section 107. Seat 1 is the end of the row closest to home plate, and higher seat numbers run away from home plate.",not published,"For baseball games, we recommend rows SS-WW for outstanding convenience."" ""Rows RR and above are under cover.","HIGH - zone, rows, location and seat direction stated by the source"
109,Main Level (100s),Field Level Down the Line,"Field Level Down the Line, lowest tier beyond the infield, angling toward the infield near the foul poles (shared review text)",10,toward third base / left field,"P-Z, AA-WW",WW,"Stairway aisles run along both side edges of the section; rows are not split by a mid-row aisle, so seat numbers run continuously from one side aisle to the other. The entry portal is at row WW.","Facing the field, seat 1 is on your right. That puts seat 1 on the edge facing section 110, with seat numbers counting up toward the edge facing section 108. Seat 1 is the end of the row closest to home plate, and higher seat numbers run away from home plate.",not published,Rows NN and above are under cover.,"HIGH - zone, rows, location and seat direction stated by the source"
110,Main Level (100s),Field Level Down the Line,"Field Level Down the Line, lowest tier beyond the infield, angling toward the infield near the foul poles (shared review text)",9,toward third base / left field,"A-Z, AA-WW",WW,"Stairway aisles run along both side edges of the section; rows are not split by a mid-row aisle, so seat numbers run continuously from one side aisle to the other. The entry portal is at row WW.","Facing the field, seat 1 is on your right. That puts seat 1 on the edge facing section 111, with seat numbers counting up toward the edge facing section 109. Seat 1 is the end of the row closest to home plate, and higher seat numbers run away from home plate.",not published,Rows LL and above are under cover.,"HIGH - zone, rows, location and seat direction stated by the source"
111,Main Level (100s),Field Level Down the Line,"Field Level Down the Line, lowest tier beyond the infield, angling toward the infield near the foul poles (shared review text)",8,toward third base / left field,"A-Z, AA-WW",WW,"Stairway aisles run along both side edges of the section; rows are not split by a mid-row aisle, so seat numbers run continuously from one side aisle to the other. The entry portal is at row WW.","Facing the field, seat 1 is on your right. That puts seat 1 on the edge facing section 112, with seat numbers counting up toward the edge facing section 110. Seat 1 is the end of the row closest to home plate, and higher seat numbers run away from home plate.",not published,Rows MM and above are under cover.,"HIGH - zone, rows, location and seat direction stated by the source"
112,Main Level (100s),Field Level Down the Line,"Field Level Down the Line, lowest tier beyond the infield, angling toward the infield near the foul poles (shared review text)",7,toward third base / left field,"A, D-Z, AA-WW",WW,"Stairway aisles run along both side edges of the section; rows are not split by a mid-row aisle, so seat numbers run continuously from one side aisle to the other. The entry portal is at row WW.","Facing the field, seat 1 is on your right. That puts seat 1 on the edge facing section 113, with seat numbers counting up toward the edge facing section 111. Seat 1 is the end of the row closest to home plate, and higher seat numbers run away from home plate.",not published,"There is open space between Rows A and D."" ""Rows PP and above are under cover."" Unfortunately, the overhang does not extend very far over section 112. Row RR is the last row that is protected from the rain, so row KK is exposed to potential precipitation.""","HIGH - zone, rows, location and seat direction stated by the source"
113,Main Level (100s),Field Level Down the Line,"Field Level Down the Line, lowest tier beyond the infield, angling toward the infield near the foul poles (shared review text)",6,toward third base / left field,"A, D-Z, AA-WW",WW,"Stairway aisles run along both side edges of the section; rows are not split by a mid-row aisle, so seat numbers run continuously from one side aisle to the other. The entry portal is at row WW.","Facing the field, seat 1 is on your right. That puts seat 1 on the edge facing section 114, with seat numbers counting up toward the edge facing section 112. Seat 1 is the end of the row closest to home plate, and higher seat numbers run away from home plate.",not published,"For baseball games, we recommend rows N-Z, AA-GG for great views of the field."" ""There is open space between Rows A and D."" ""Rows RR and above are under cover.","HIGH - zone, rows, location and seat direction stated by the source"
114,Main Level (100s),Dugout Box,"Sections on the third base side (114–118) sit near the visiting team dugout, while sections on the first base side (127–131) sit near the Nationals dugout.",5,toward third base / left field,"A, D-Z, AA-WW",WW,"Stairway aisles run along both side edges of the section; rows are not split by a mid-row aisle, so seat numbers run continuously from one side aisle to the other. The entry portal is at row WW.","Facing the field, seat 1 is on your right. That puts seat 1 on the edge facing section 115, with seat numbers counting up toward the edge facing section 113. Seat 1 is the end of the row closest to home plate, and higher seat numbers run away from home plate.",not published,"For baseball games, we recommend rows N-Z, AA-GG for great views of the field."" ""There is open space between Rows A and D."" ""Rows RR and above are under cover."" There are 10 traditional seats in this row for companion seating, and spaces for 5 wheelchairs in between every two companion seats.""","HIGH - zone, rows, location and seat direction stated by the source"
115,Main Level (100s),Dugout Box,"Dugout Box, third base side near the visiting team dugout (shared Dugout Box review text)",4,toward third base / left field,"A-Z, AA-WW",WW,"Stairway aisles run along both side edges of the section; rows are not split by a mid-row aisle, so seat numbers run continuously from one side aisle to the other. The entry portal is at row WW.","Facing the field, seat 1 is on your right. That puts seat 1 on the edge facing section 116, with seat numbers counting up toward the edge facing section 114. Seat 1 is the end of the row closest to home plate, and higher seat numbers run away from home plate.","20 (stated for Row F only: ""There are a total of 20 seats in Section 115 Row F at Nationals Park."")","For baseball games, we recommend rows N-Z, AA-GG for great views of the field."" ""Rows SS and above are under cover."" Fan Feedback : ""Row D is the first row behind the visitor's dugout in Section 115.","HIGH - zone, rows, location and seat direction stated by the source"
116,Main Level (100s),Dugout Box,"For baseball games, these seats are located behind the visitor dugout",3,toward third base / left field,"D-Z, AA-WW",WW,"Stairway aisles run along both side edges of the section; rows are not split by a mid-row aisle, so seat numbers run continuously from one side aisle to the other. The entry portal is at row WW.","Facing the field, seat 1 is on your right. That puts seat 1 on the edge facing section 117, with seat numbers counting up toward the edge facing section 115. Seat 1 is the end of the row closest to home plate, and higher seat numbers run away from home plate.",not published,"For baseball games, we recommend rows N-Z, AA-GG for great views of the field."" ""Rows TT and above are under cover."" Fan Feedback : ""Row D is the first row behind the visitor's dugout in Section 116."" Fan Feedback : ""Front of sections 116-129 are behind the netting — There is some amount of netting or screening in front of sections 116-129. The height and coverage of netting or screening will vary by section.","HIGH - zone, rows, location and seat direction stated by the source"
117,Main Level (100s),Dugout Box,"For baseball games, these seats are located behind the visitor dugout",2,toward third base / left field,"D-Z, AA-WW",WW,"Stairway aisles run along both side edges of the section; rows are not split by a mid-row aisle, so seat numbers run continuously from one side aisle to the other. The entry portal is at row WW.","Facing the field, seat 1 is on your right. That puts seat 1 on the edge facing section 118, with seat numbers counting up toward the edge facing section 116. Seat 1 is the end of the row closest to home plate, and higher seat numbers run away from home plate.",not published,"""Rows TT and above are under cover."" Fan Feedback : ""Row D is the first row behind the visitor's dugout in Section 117."" Fan Feedback : ""Front of sections 116-129 are behind the netting — There is some amount of netting or screening in front of sections 116-129. The height and coverage of netting or screening will vary by section.""","HIGH - zone, rows, location and seat direction stated by the source"
118,Main Level (100s),Dugout Box,"Dugout Box, third base side near the visiting team dugout (shared Dugout Box review text: ""Sections on the third base side (114–118) sit near the visiting team dugout"")",1,toward third base / left field,"D-Z, AA-KK",KK,"Stairway aisles run along both side edges of the section; rows are not split by a mid-row aisle, so seat numbers run continuously from one side aisle to the other. The entry portal is at row KK.","Facing the field, seat 1 is on your right. That puts seat 1 on the edge facing section 119, with seat numbers counting up toward the edge facing section 117. Seat 1 is the end of the row closest to home plate, and higher seat numbers run away from home plate.",not published,"Fan Feedback : ""Row D is the first row behind the visitor's dugout in Section 118."" Fan Feedback : ""Front of sections 116-129 are behind the netting — There is some amount of netting or screening in front of sections 116-129. The height and coverage of netting or screening will vary by section.""","HIGH - zone, rows, location and seat direction stated by the source"
119,Main Level (100s),Diamond Club,"100 level Home Plate Seating: Diamond Club seats are located in Sections 121–125 and Rows A–H of Sections 119, 120, and 126, directly behind the Terra Club sections."" ""PNC Diamond Club seating is located directly behind home plate at the front of the lower bowl, positioned just above the Terra Club sections.",0,behind home plate,A-U,U,"Stairway aisles run along both side edges of the section; rows are not split by a mid-row aisle, so seat numbers run continuously from one side aisle to the other. The entry portal is at row U.","Facing the field, seat 1 is on your right. That puts seat 1 on the edge facing section 120, with seat numbers counting up toward the edge facing section 118. This section is behind home plate, so seat 1 is on its first-base side.",not published,"""For baseball games, we recommend rows Q-U for outstanding convenience."" ""Rows A-H are part of the Diamond Club."" Fan Feedback : ""Front of sections 116-129 are behind the netting — There is some amount of netting or screening in front of sections 116-129. The height and coverage of netting or screening will vary by section."" This page rendered in an older/shorter RateYourSeats template than Sections 100-118 but is section-specific content, not a redirect or index fallback.","HIGH - zone, rows, location and seat direction stated by the source"
120,Main Level (100s),Diamond Club,"100 Level, directly behind home plate at the front of the lower bowl, positioned just above the Terra Club sections; per the PNC Diamond Club review, 'The club includes Sections 121–125, along with Rows A–H of Sections 119, 120, and 126' — so only Rows A-H of Section 120 are Diamond Club, elevated roughly a dozen rows off the field.",0,behind home plate,A-U,U,"Stairway aisles run along both side edges of the section; rows are not split by a mid-row aisle, so seat numbers run continuously from one side aisle to the other. The entry portal is at row U.","Facing the field, seat 1 is on your right. That puts seat 1 on the edge facing section 121, with seat numbers counting up toward the edge facing section 119. This section is behind home plate, so seat 1 is on its first-base side.",not published,'Top Pick for Outstanding Convenience — Rows Q-U'; 'Top Pick for Great Views of the Field — Rows A-H'; 'Home Plate View'; 'Head-on View (most shows)'.,"HIGH - zone, rows, location and seat direction stated by the source"
121,Main Level (100s),Diamond Club,"100 Level, directly behind home plate at the front of the lower bowl, just above the Terra Club sections. Per the PNC Diamond Club review, 'The club includes Sections 121–125' — the entire Section 121 is Diamond Club.",0,behind home plate,A-U,U,"Stairway aisles run along both side edges of the section; rows are not split by a mid-row aisle, so seat numbers run continuously from one side aisle to the other. The entry portal is at row U.","Facing the field, seat 1 is on your right. That puts seat 1 on the edge facing section 122, with seat numbers counting up toward the edge facing section 120. This section is behind home plate, so seat 1 is on its first-base side.",not published,'Top Pick for Great Views of the Field — Rows A-H'; 'Home Plate View'; 'Head-on View (most shows)'. 'Premium seating area as part of the Diamond Club.' Fan Feedback (Sec 121 & More): 'Front of sections 116-129 are behind the netting.',"HIGH - zone, rows, location and seat direction stated by the source"
122,Main Level (100s),Diamond Club,"100 Level, directly behind home plate at the front of the lower bowl, just above the Terra Club sections. Per the PNC Diamond Club review, 'The club includes Sections 121–125' — the entire Section 122 is Diamond Club.",0,behind home plate,A-U,U,"Stairway aisles run along both side edges of the section; rows are not split by a mid-row aisle, so seat numbers run continuously from one side aisle to the other. The entry portal is at row U.","Facing the field, seat 1 is on your right. That puts seat 1 on the edge facing section 123, with seat numbers counting up toward the edge facing section 121. This section is behind home plate, so seat 1 is on its first-base side.",not published,'Home Plate View'; 'Head-on View (most shows)'. 'desirable view from behind home plate'; 'Premium seating area as part of the Diamond Club.' Fan Feedback (Sec 122 & More): 'Front of sections 116-129 are behind the netting.',"HIGH - zone, rows, location and seat direction stated by the source"
123,Main Level (100s),Diamond Club,"100 Level, directly behind home plate at the front of the lower bowl, just above the Terra Club sections. Per the PNC Diamond Club review, 'The club includes Sections 121–125' — the entire Section 123 is Diamond Club.",0,behind home plate,A-U,U,"Stairway aisles run along both side edges of the section; rows are not split by a mid-row aisle, so seat numbers run continuously from one side aisle to the other. The entry portal is at row U.","Facing the field, seat 1 is on your right. That puts seat 1 on the edge facing section 124, with seat numbers counting up toward the edge facing section 122. This section is behind home plate, so seat 1 is on its first-base side.",not published,'Home Plate View'; 'Head-on View (most shows)'. 'desirable view from behind home plate'; 'Premium seating area as part of the Diamond Club.' Fan Feedback (Sec 123 & More): 'Front of sections 116-129 are behind the netting.',"HIGH - zone, rows, location and seat direction stated by the source"
124,Main Level (100s),Diamond Club,"100 Level, directly behind home plate at the front of the lower bowl, just above the Terra Club sections. Per the PNC Diamond Club review, 'The club includes Sections 121–125' — the entire Section 124 is Diamond Club.",0,behind home plate,A-U,U,"Stairway aisles run along both side edges of the section; rows are not split by a mid-row aisle, so seat numbers run continuously from one side aisle to the other. The entry portal is at row U.","Facing the field, seat 1 is on your right. That puts seat 1 on the edge facing section 125, with seat numbers counting up toward the edge facing section 123. This section is behind home plate, so seat 1 is on its first-base side.",not published,'Top Pick for Great Views of the Field — Rows A-H'; 'Home Plate View'; 'Head-on View (most shows)'. 'Premium seating area as part of the Diamond Club.' Fan Feedback (Sec 124 & More): 'Front of sections 116-129 are behind the netting.',"HIGH - zone, rows, location and seat direction stated by the source"
125,Main Level (100s),Diamond Club,"100 Level, directly behind home plate at the front of the lower bowl, just above the Terra Club sections. Per the PNC Diamond Club review, 'The club includes Sections 121–125' — the entire Section 125 is Diamond Club.",0,behind home plate,A-U,U,"Stairway aisles run along both side edges of the section; rows are not split by a mid-row aisle, so seat numbers run continuously from one side aisle to the other. The entry portal is at row U.","Facing the field, seat 1 is on your right. That puts seat 1 on the edge facing section 126, with seat numbers counting up toward the edge facing section 124. This section is behind home plate, so seat 1 is on its first-base side.",not published,'Top Pick for Outstanding Convenience — Rows Q-U'; 'Top Pick for Great Views of the Field — Rows A-H'; 'Home Plate View'; 'Head-on View (most shows)'. 'Premium seating area as part of the Diamond Club.' Fan Feedback (Sec 125 & More): 'Front of sections 116-129 are behind the netting.',"HIGH - zone, rows, location and seat direction stated by the source"
126,Main Level (100s),Diamond Club,"100 Level, directly behind home plate at the front of the lower bowl, just above the Terra Club sections; per the PNC Diamond Club review, only 'Rows A–H of Sections 119, 120, and 126' are part of the Diamond Club.",0,behind home plate,A-U,U,"Stairway aisles run along both side edges of the section; rows are not split by a mid-row aisle, so seat numbers run continuously from one side aisle to the other. The entry portal is at row U.","Facing the field, seat 1 is on your right. That puts seat 1 on the edge facing section 127, with seat numbers counting up toward the edge facing section 125. This section is behind home plate, so seat 1 is on its first-base side.",not published,"'Top Pick for Outstanding Convenience — Rows Q-U'. 'Rows A-H are part of the Diamond Club.' Fan review (5 stars): 'Great section. Convenient to vendors, great view and close to the action. Foul balls all around!' Fan Feedback (Sec 126 & More): 'Front of sections 116-129 are behind the netting.'","HIGH - zone, rows, location and seat direction stated by the source"
127,Main Level (100s),Dugout Box,"100 Level, lowest tier behind both dugouts; per the Dugout Box review, 'Sections on the third base side (114–118) sit near the visiting team dugout, while sections on the first base side (127–131) sit near the Nationals dugout.'",1,toward first base / right field,"D-Z, AA-KK",KK,"Stairway aisles run along both side edges of the section; rows are not split by a mid-row aisle, so seat numbers run continuously from one side aisle to the other. The entry portal is at row KK.","Facing the field, seat 1 is on your right. That puts seat 1 on the edge facing section 128, with seat numbers counting up toward the edge facing section 126. Seat 1 is the end of the row farthest from home plate, and higher seat numbers run back toward home plate.",not published,'Row D is the first row behind the Nationals dugout in Section 127.' Fan Feedback (Sec 127 & More): 'Front of sections 116-129 are behind the netting.' Dugout Box review states sun exposure recommendation to consider the third base side for earlier shade.,"HIGH - zone, rows, location and seat direction stated by the source"
128,Main Level (100s),Dugout Box,"100 Level, lowest tier behind the Nationals dugout, first base side. 'Near Nationals Dugout.' 'Sections 128–129 directly behind the Nationals dugout (first base side).'",2,toward first base / right field,"D-Z, AA-WW",WW,"Stairway aisles run along both side edges of the section; rows are not split by a mid-row aisle, so seat numbers run continuously from one side aisle to the other. The entry portal is at row WW.","Facing the field, seat 1 is on your right. That puts seat 1 on the edge facing section 129, with seat numbers counting up toward the edge facing section 127. Seat 1 is the end of the row farthest from home plate, and higher seat numbers run back toward home plate.",not published,"'Rows TT & Above - Covered.' 'These seats are located behind the Nationals dugout'; 'Rows TT and above are under cover.' Fan review (5 stars, Row P): 'Really close to the on deck circle, home plate and the dugout.' 'Row D is the first row behind the Nationals dugout in Section 128.' Fan Feedback (Sec 128 & More): 'Front of sections 116-129 are behind the netting.'","HIGH - zone, rows, location and seat direction stated by the source"
129,Main Level (100s),Dugout Box,"100 Level, lowest tier behind the Nationals dugout, first base side. 'Near Nationals Dugout.' 'Sections 128–129 directly behind the Nationals dugout (first base side).'",3,toward first base / right field,"D-Z, AA-WW",WW,"Stairway aisles run along both side edges of the section; rows are not split by a mid-row aisle, so seat numbers run continuously from one side aisle to the other. The entry portal is at row WW.","Facing the field, seat 1 is on your right. That puts seat 1 on the edge facing section 130, with seat numbers counting up toward the edge facing section 128. Seat 1 is the end of the row farthest from home plate, and higher seat numbers run back toward home plate.","18 (per Q&A: 'Seating rows in Section 129 have a total of 18 seats, with Seat 1 being on the aisle at the right side at you face the field, and Seat 18 being on the aisle at the left side.' Verified Feb 2026 — applies to the row referenced in the Q&A, not stated as universal for every row in the section.)","'Top Pick for Great Views of the Field — Rows N-Z, AA-GG'; 'Rows TT & Above - Covered.' 'These seats are located behind the Nationals dugout.' 'Row D is the first row behind the Nationals dugout in Section 129.' Fan Feedback (Sec 129 & More): 'Front of sections 116-129 are behind the netting.'","HIGH - zone, rows, location and seat direction stated by the source"
130,Main Level (100s),Dugout Box,"100 Level, lowest tier behind both dugouts, first base side; per the Dugout Box review, sections on the first base side (127-131) sit near the Nationals dugout.",4,toward first base / right field,"A-Z, AA-WW",WW,"Stairway aisles run along both side edges of the section; rows are not split by a mid-row aisle, so seat numbers run continuously from one side aisle to the other. The entry portal is at row WW.","Facing the field, seat 1 is on your right. That puts seat 1 on the edge facing section 131, with seat numbers counting up toward the edge facing section 129. Seat 1 is the end of the row farthest from home plate, and higher seat numbers run back toward home plate.",not published,"'Top Pick for Great Views of the Field — Rows N-Z, AA-GG'; 'Rows TT & Above - Covered.' Fan reviews (5 stars, Row H, x2): 'Great view of the field, first base side... about 10 seats down the first base line' from the dugout; 'better field view than those behind the dugout.' 'Row D is the first row behind the Nationals dugout in Section 130.'","HIGH - zone, rows, location and seat direction stated by the source"
131,Main Level (100s),Dugout Box,"100 Level, lowest tier behind both dugouts, first base side; per the Dugout Box review, sections on the first base side (127-131) sit near the Nationals dugout.",5,toward first base / right field,"A, D-Z, AA-WW",WW,"Stairway aisles run along both side edges of the section; rows are not split by a mid-row aisle, so seat numbers run continuously from one side aisle to the other. The entry portal is at row WW.","Facing the field, seat 1 is on your right. That puts seat 1 on the edge facing section 132, with seat numbers counting up toward the edge facing section 130. Seat 1 is the end of the row farthest from home plate, and higher seat numbers run back toward home plate.",not published,"'There is open space between Rows A and D.' 'Top Pick for Great Views of the Field — Rows N-Z, AA-GG'; 'Rows TT & Above - Covered.' This is the same throughout the ballpark, whether you are on the first base side, or the third base side.'","HIGH - zone, rows, location and seat direction stated by the source"
132,Main Level (100s),Field Level Down the Line,"100 Level; per the Field Level Down the Line review, this zone is on the lowest tier down the line beyond the infield, angling more toward the infield near the foul poles; the lower half of seating in these sections is called Baseline Box and the upper half Baseline Reserved.",6,toward first base / right field,"A, D-Z, AA-WW",WW,"Stairway aisles run along both side edges of the section; rows are not split by a mid-row aisle, so seat numbers run continuously from one side aisle to the other. The entry portal is at row WW.","Facing the field, seat 1 is on your right. That puts seat 1 on the edge facing section 133, with seat numbers counting up toward the edge facing section 131. Seat 1 is the end of the row farthest from home plate, and higher seat numbers run back toward home plate.",not published,"'There is open space between Rows A and D.' 'we recommend rows N-Z, AA-GG for great views of the field'; 'Rows WW and above are under cover' (note: this section states the covered threshold starts at Row WW, higher than the TT threshold stated for nearby Dugout Box sections 128-131). Fan review (5 stars, Row FF): 'There is a bar located right at this row for cocktails beers water and sodas.' Fan review (Row UU, verified customer): sunny 5-star rating with no further comment given. Field Level Down the Line review notes fans wanting shade sooner should look at the third base side.","HIGH - zone, rows, location and seat direction stated by the source"
133,Main Level (100s),Field Level Down the Line,"100 Level; per the Field Level Down the Line review, this zone is on the lowest tier down the line beyond the infield, angling more toward the infield near the foul poles; the lower half of seating in these sections is called Baseline Box and the upper half Baseline Reserved.",7,toward first base / right field,"A, D-Z, AA-WW",WW,"Stairway aisles run along both side edges of the section; rows are not split by a mid-row aisle, so seat numbers run continuously from one side aisle to the other. The entry portal is at row WW.","Facing the field, seat 1 is on your right. That puts seat 1 on the edge facing section 134, with seat numbers counting up toward the edge facing section 132. Seat 1 is the end of the row farthest from home plate, and higher seat numbers run back toward home plate.","20 (Row EE only, per Q&A: 'There are a total of 20 seats in Section 133 Row EE, with Seat 1 being on the aisle to the right as you face the field from the section.' Verified Feb 2026)","'There is open space between Rows A and D.' 'Rows RR & Above - Covered.' Fan review (5 stars, Row G): no additional text given beyond game identification.","HIGH - zone, rows, location and seat direction stated by the source"
134,Main Level (100s),Field Level Down the Line,"100 Level; per the Field Level Down the Line review, this zone is on the lowest tier down the line beyond the infield, angling more toward the infield near the foul poles; the lower half of seating in these sections is called Baseline Box and the upper half Baseline Reserved.",8,toward first base / right field,"A, D-Z, AA-WW",WW,"Stairway aisles run along both side edges of the section; rows are not split by a mid-row aisle, so seat numbers run continuously from one side aisle to the other. The entry portal is at row WW.","Facing the field, seat 1 is on your right. That puts seat 1 on the edge facing section 135, with seat numbers counting up toward the edge facing section 133. Seat 1 is the end of the row farthest from home plate, and higher seat numbers run back toward home plate.",not published,'There is open space between Rows A and D.' 'Rows MM & Above - Covered.',"HIGH - zone, rows, location and seat direction stated by the source"
135,Main Level (100s),Field Level Down the Line,"100 Level; per the Field Level Down the Line review, this zone is on the lowest tier down the line beyond the infield, angling more toward the infield near the foul poles; the lower half of seating in these sections is called Baseline Box and the upper half Baseline Reserved.",9,toward first base / right field,"A-Z, AA-WW",WW,"Stairway aisles run along both side edges of the section; rows are not split by a mid-row aisle, so seat numbers run continuously from one side aisle to the other. The entry portal is at row WW.","Facing the field, seat 1 is on your right. That puts seat 1 on the edge facing section 136, with seat numbers counting up toward the edge facing section 134. Seat 1 is the end of the row farthest from home plate, and higher seat numbers run back toward home plate.",not published,"'Rows GG & Above - Covered.' Fan review (5 stars, Row A): 'great seats.'","HIGH - zone, rows, location and seat direction stated by the source"
136,Main Level (100s),Field Level Down the Line,"100 Level; per the Field Level Down the Line review, this zone is on the lowest tier down the line beyond the infield, angling more toward the infield near the foul poles; the lower half of seating in these sections is called Baseline Box and the upper half Baseline Reserved.",10,toward first base / right field,"A-Z, AA-WW",WW,"Stairway aisles run along both side edges of the section; rows are not split by a mid-row aisle, so seat numbers run continuously from one side aisle to the other. The entry portal is at row WW.","Facing the field, seat 1 is on your right. That puts seat 1 on the edge facing section 137, with seat numbers counting up toward the edge facing section 135. Seat 1 is the end of the row farthest from home plate, and higher seat numbers run back toward home plate.",not published,'Top Pick for Outstanding Convenience — Rows SS-WW'; 'Rows GG & Above - Covered.',"HIGH - zone, rows, location and seat direction stated by the source"
137,Main Level (100s),Field Level Down the Line,"100 Level; per the Field Level Down the Line review, this zone is on the lowest tier down the line beyond the infield, angling more toward the infield near the foul poles; the lower half of seating in these sections is called Baseline Box and the upper half Baseline Reserved.",11,toward first base / right field,"L-Z, AA-WW",WW,"Stairway aisles run along both side edges of the section; rows are not split by a mid-row aisle, so seat numbers run continuously from one side aisle to the other. The entry portal is at row WW.","Facing the field, seat 1 is on your right. That puts seat 1 on the edge facing section 138, with seat numbers counting up toward the edge facing section 136. Seat 1 is the end of the row farthest from home plate, and higher seat numbers run back toward home plate.","30 (Row TT only, per Q&A: 'this is also a very large row of seating with 30 seats in the row.' As you face the field, lower-numbered seats (1-6) are at the right/aisle side, higher-numbered seats (7-13 discussed) are toward the left/infield side.)",'Rows GG and above are under cover.' 'The Nationals Bullpen is to the Right of Section 137' (no further body text captured).,"HIGH - zone, rows, location and seat direction stated by the source"
138,Main Level (100s),Outfield Reserve,"100 Level, right field; per the Outfield Reserve review, 'sections 138 and 139 are directly next to the Nationals bullpen in right field'; higher rows of sections 138-142 have overhead coverage/shade from the deck above.",12,toward first base / right field,S-X,X,"Stairway aisles run along both side edges of the section; rows are not split by a mid-row aisle, so seat numbers run continuously from one side aisle to the other. The entry portal is at row X.","Facing the field, seat 1 is on your right. That puts seat 1 on the edge facing section 139, with seat numbers counting up toward the edge facing section 137. Seat 1 is the end of the row farthest from home plate, and higher seat numbers run back toward home plate.",not published,'Covered Seats.' 'All seats in this section are under cover.' Fan Feedback (Sec 138 & More): 'The Nationals Bullpen is in Front of Sections 138-139 — Sit in Row 1 to be behind the Nationals bullpen.',"HIGH - zone, rows, location and seat direction stated by the source"
139,Main Level (100s),Outfield Reserve,"100 Level, right field; per the Outfield Reserve review, 'sections 138 and 139 are directly next to the Nationals bullpen in right field'; higher rows of sections 138-142 have overhead coverage/shade from the deck above.",13,toward first base / right field,F-X,X,"Stairway aisles run along both side edges of the section; rows are not split by a mid-row aisle, so seat numbers run continuously from one side aisle to the other. The entry portal is at row X.","Facing the field, seat 1 is on your right. That puts seat 1 on the edge facing section 140, with seat numbers counting up toward the edge facing section 138. Seat 1 is the end of the row farthest from home plate, and higher seat numbers run back toward home plate.",not published,"'Rows H & Above - Covered'; 'Behind/Side Stage (most shows).' 'Rows H and above are under cover'; for concerts, 'Section 139 May Have a Limited View... behind the stage or to the side of the stage for most concerts.' Fan review (Row K): 'These seats were advertised as shaded seats but by the end of the game, they were in the sun.' Fan review (Row S): 'Seats in the first row overlooking the Nationals' bullpen. Fan Feedback (Sec 139 & More): 'The Nationals Bullpen is in Front of Sections 138-139 — Sit in Row 1 to be behind the Nationals bullpen.'","HIGH - zone, rows, location and seat direction stated by the source"
140,Main Level (100s),Outfield Reserve,not stated by the source,14,toward first base / right field,A-X,X,"Stairway aisles run along both side edges of the section; rows are not split by a mid-row aisle, so seat numbers run continuously from one side aisle to the other. The entry portal is at row X.","Facing the field, seat 1 is on your right. That puts seat 1 on the edge facing section 141, with seat numbers counting up toward the edge facing section 139. Seat 1 is the end of the row farthest from home plate, and higher seat numbers run back toward home plate.",not published,"Rows H and above are under cover. Top Pick for Kids and Family. Recommended seats for kids/family (closest to Family Fun Area just inside the right field gate). For concerts, 140 is behind/side of stage for most shows, may restrict/limit view.","MEDIUM - rows and zone confirmed, the source does not place this section"
141,Main Level (100s),Outfield Reserve,Right field / right-center; same Outfield Reserve review as 140 places sections 138-142 in right field,15,toward first base / right field,A-X,X,"Stairway aisles run along both side edges of the section; rows are not split by a mid-row aisle, so seat numbers run continuously from one side aisle to the other. The entry portal is at row X.","Facing the field, seat 1 is on your right. That puts seat 1 on the edge facing section 142, with seat numbers counting up toward the edge facing section 140. Seat 1 is the end of the row farthest from home plate, and higher seat numbers run back toward home plate.",not published,"Rows H and above are under cover. Top Pick for Kids and Family. Fan reviews note Row X seats are 'set up for disabled customers', described as having the best legroom in the park, roomy, easy in/out, covered from sun/rain, and near concessions/facilities access. For concerts, 141 is behind/side of stage for most shows.","HIGH - zone, rows, location and seat direction stated by the source"
142,Main Level (100s),Outfield Reserve,Right field / right-center; same Outfield Reserve review places sections 138-142 in right field,16,toward first base / right field,A-X,X,"Stairway aisles run along both side edges of the section; rows are not split by a mid-row aisle, so seat numbers run continuously from one side aisle to the other. The entry portal is at row X.","Facing the field, seat 1 is on your right. That puts seat 1 on the edge facing section 143, with seat numbers counting up toward the edge facing section 141. Seat 1 is the end of the row farthest from home plate, and higher seat numbers run back toward home plate.",28 seats in Row H and Row J (seats 1 and 28 on the aisles); no Row I in this section,"Rows H and above are under cover. Top Pick for Outstanding Convenience (Rows T-X) and Kids and Family. 'there is no Row I in Section 142 at Nationals Park.' For concerts, 142 is behind/side of stage for most shows.","HIGH - zone, rows, location and seat direction stated by the source"
143,Main Level (100s),Outfield Reserve,not stated by the source,17,toward first base / right field,A-X,X,"Stairway aisles run along both side edges of the section; rows are not split by a mid-row aisle, so seat numbers run continuously from one side aisle to the other. The entry portal is at row X.","Facing the field, seat 1 is on your right. That puts seat 1 on the far edge of the section, with no further section beyond it on that side, with seat numbers counting up toward the edge facing section 142. Seat 1 is the end of the row farthest from home plate, and higher seat numbers run back toward home plate.",not published,"Top Pick for Outstanding Convenience (Rows T-X) and Kids and Family. For concerts, 143 is behind/side of stage for most shows.","MEDIUM - rows and zone confirmed, the source does not place this section"
201,Mezzanine (200s),Mezzanine Level,Third base side; 'This area includes Sections 201–205 on the third base side and Sections 223–235 on the first base side',11,toward third base / left field,A-P,P,"Stairway aisles run along both side edges of the section; rows are not split by a mid-row aisle, so seat numbers run continuously from one side aisle to the other. The entry portal is at row P.","Facing the field, seat 1 is on your right. That puts seat 1 on the edge facing section 202, with seat numbers counting up toward the far edge of the section, with no further section beyond it on that side. Seat 1 is the end of the row closest to home plate, and higher seat numbers run away from home plate.",not published,"Rows H and above are under cover (Gallery Deck overhang). Review states Mezzanine sections 201-205 and 223-235 do NOT include Champions Club amenities. Fans wanting shade on day games should consider back rows (Row H+) of 201-205 along third base line, among the best-shaded seats in the park.","HIGH - zone, rows, location and seat direction stated by the source"
202,Mezzanine (200s),Mezzanine Level,Third base side; part of the 201-205 third-base group per the Mezzanine Level review,10,toward third base / left field,A-P,P,"Stairway aisles run along both side edges of the section; rows are not split by a mid-row aisle, so seat numbers run continuously from one side aisle to the other. The entry portal is at row P.","Facing the field, seat 1 is on your right. That puts seat 1 on the edge facing section 203, with seat numbers counting up toward the edge facing section 201. Seat 1 is the end of the row closest to home plate, and higher seat numbers run away from home plate.",not published,"Top Pick for Great Views of the Field, Rows C-H. Rows H and above are under cover.","HIGH - zone, rows, location and seat direction stated by the source"
203,Mezzanine (200s),Mezzanine Level,Third base side; part of the 201-205 third-base group per the Mezzanine Level review,9,toward third base / left field,A-P,P,"Stairway aisles run along both side edges of the section; rows are not split by a mid-row aisle, so seat numbers run continuously from one side aisle to the other. The entry portal is at row P.","Facing the field, seat 1 is on your right. That puts seat 1 on the edge facing section 204, with seat numbers counting up toward the edge facing section 202. Seat 1 is the end of the row closest to home plate, and higher seat numbers run away from home plate.",not published,"Top Pick for Great Views of the Field, Rows C-H. Rows H and above are under cover.","HIGH - zone, rows, location and seat direction stated by the source"
204,Mezzanine (200s),Mezzanine Level,Third base side; part of the 201-205 third-base group per the Mezzanine Level review,8,toward third base / left field,A-P,P,"Stairway aisles run along both side edges of the section; rows are not split by a mid-row aisle, so seat numbers run continuously from one side aisle to the other. The entry portal is at row P.","Facing the field, seat 1 is on your right. That puts seat 1 on the edge facing section 205, with seat numbers counting up toward the edge facing section 203. Seat 1 is the end of the row closest to home plate, and higher seat numbers run away from home plate.",not published,Rows H and above are under cover. 'In the shade as promised. Great views of the game. Concessions very nearby.',"HIGH - zone, rows, location and seat direction stated by the source"
205,Mezzanine (200s),Mezzanine Level,Third base side; part of the 201-205 third-base group per the Mezzanine Level review,7,toward third base / left field,A-P,P,"Stairway aisles run along both side edges of the section; rows are not split by a mid-row aisle, so seat numbers run continuously from one side aisle to the other. The entry portal is at row P.","Facing the field, seat 1 is on your right. That puts seat 1 on the edge facing section 206, with seat numbers counting up toward the edge facing section 204. Seat 1 is the end of the row closest to home plate, and higher seat numbers run away from home plate.",not published,Rows H and above are under cover.,"HIGH - zone, rows, location and seat direction stated by the source"
206,Mezzanine (200s),Champions Club,"Mezzanine Level, sections 206-221; review states seats on the third base side of the stadium tend to receive shade earlier during afternoon games (206 is on the low end of the 206-221 range, third-base side)",6,toward third base / left field,A-J,J,"Stairway aisles run along both side edges of the section; rows are not split by a mid-row aisle, so seat numbers run continuously from one side aisle to the other. The entry portal is at row J.","Facing the field, seat 1 is on your right. That puts seat 1 on the edge facing section 207, with seat numbers counting up toward the edge facing section 205. Seat 1 is the end of the row closest to home plate, and higher seat numbers run away from home plate.",not published,"Top Pick for Great Views of the Field, Rows C-L. Premium seating area as part of the Champions Club. Rows G and above are under cover. Champions Club MVP sections are 212-215 (directly behind home plate); 206 is not MVP. Fan review (Row B, concert): 'Amazing panoramic view.'","HIGH - zone, rows, location and seat direction stated by the source"
207,Mezzanine (200s),Champions Club,"Mezzanine Level, sections 206-221",5,toward third base / left field,A-J,J,"Stairway aisles run along both side edges of the section; rows are not split by a mid-row aisle, so seat numbers run continuously from one side aisle to the other. The entry portal is at row J.","Facing the field, seat 1 is on your right. That puts seat 1 on the edge facing section 208, with seat numbers counting up toward the edge facing section 206. Seat 1 is the end of the row closest to home plate, and higher seat numbers run away from home plate.","Row H has 23 seats, seat 1 on the right aisle facing the field; rows A-C and J have 22 seats; all other rows have 23 seats","Top Pick for Great Views of the Field, Rows C-L. Premium seating area as part of the Champions Club. Rows G and above are under cover.","HIGH - zone, rows, location and seat direction stated by the source"
208,Mezzanine (200s),Champions Club,"Mezzanine Level, sections 206-221",4,toward third base / left field,A-J,J,"Stairway aisles run along both side edges of the section; rows are not split by a mid-row aisle, so seat numbers run continuously from one side aisle to the other. The entry portal is at row J.","Facing the field, seat 1 is on your right. That puts seat 1 on the edge facing section 209, with seat numbers counting up toward the edge facing section 207. Seat 1 is the end of the row closest to home plate, and higher seat numbers run away from home plate.",not published,"For baseball, recommended rows C-L for great views of the field. Premium seating area as part of the Champions Club. Rows G and above are under cover. This page rendered in a different (mobile) template than most other sections but content matches the standard Champions Club description.","HIGH - zone, rows, location and seat direction stated by the source"
209,Mezzanine (200s),Champions Club,"Mezzanine Level, sections 206-221",3,toward third base / left field,A-L,L,"Stairway aisles run along both side edges of the section; rows are not split by a mid-row aisle, so seat numbers run continuously from one side aisle to the other. The entry portal is at row L.","Facing the field, seat 1 is on your right. That puts seat 1 on the edge facing section 210, with seat numbers counting up toward the edge facing section 208. Seat 1 is the end of the row closest to home plate, and higher seat numbers run away from home plate.",not published,"Top Pick for Great Views of the Field, Rows C-L. Premium seating area as part of the Champions Club. Rows G and above are under cover. Fan review (Row C): 'Seats were amazing. Great sight lines, good folks around us, strong food choices.'","HIGH - zone, rows, location and seat direction stated by the source"
210,Mezzanine (200s),Champions Club,"Mezzanine Level, sections 206-221",2,toward third base / left field,A-J,J,"Stairway aisles run along both side edges of the section; rows are not split by a mid-row aisle, so seat numbers run continuously from one side aisle to the other. The entry portal is at row J.","Facing the field, seat 1 is on your right. That puts seat 1 on the edge facing section 211, with seat numbers counting up toward the edge facing section 209. Seat 1 is the end of the row closest to home plate, and higher seat numbers run away from home plate.",not published,"Top Pick for Great Views of the Field, Rows C-L. Premium seating area as part of the Champions Club. Rows G and above are under cover. Fan review (Row D): 'Seats in the champions club sections were outstanding. Paying a bit more was certainly worth it.'","HIGH - zone, rows, location and seat direction stated by the source"
211,Mezzanine (200s),Champions Club,"Mezzanine Level, sections 206-221; Section Insights list 'Home Plate View'",1,toward third base / left field,A-J,J,"Stairway aisles run along both side edges of the section; rows are not split by a mid-row aisle, so seat numbers run continuously from one side aisle to the other. The entry portal is at row J.","Facing the field, seat 1 is on your right. That puts seat 1 on the edge facing section 212, with seat numbers counting up toward the edge facing section 210. Seat 1 is the end of the row closest to home plate, and higher seat numbers run away from home plate.",Row J has 21 seats total; Seat 1 is at the right side of the section as you face the field,"Top Pick for Great Views of the Field, Rows C-L. Desirable view from behind home plate for baseball; head-on view for end-stage concerts. Premium seating area as part of the Champions Club. Rows G and above are under cover.","HIGH - zone, rows, location and seat direction stated by the source"
212,Mezzanine (200s),Champions Club,"Mezzanine Level, directly behind home plate; 'Sections 212–215 are designated as Champions Club MVP, located directly behind home plate'",0,behind home plate,A-J,J,"Stairway aisles run along both side edges of the section; rows are not split by a mid-row aisle, so seat numbers run continuously from one side aisle to the other. The entry portal is at row J.","Facing the field, seat 1 is on your right. That puts seat 1 on the edge facing section 213, with seat numbers counting up toward the edge facing section 211. This section is behind home plate, so seat 1 is on its first-base side.",not published,Home Plate View; head-on view for end-stage concerts. Premium seating area as part of the Champions Club. Rows G and above are under cover. Fan reviews (Row H): 'Great shady seats on club/suite level. Food was also good on this level.',"HIGH - zone, rows, location and seat direction stated by the source"
213,Mezzanine (200s),Champions Club,"Mezzanine Level, directly behind home plate (212-215 MVP range)",0,behind home plate,A-J,J,"Stairway aisles run along both side edges of the section; rows are not split by a mid-row aisle, so seat numbers run continuously from one side aisle to the other. The entry portal is at row J.","Facing the field, seat 1 is on your right. That puts seat 1 on the edge facing section 214, with seat numbers counting up toward the edge facing section 212. This section is behind home plate, so seat 1 is on its first-base side.",not published,"Top Pick for Outstanding Convenience, Rows F-J. Home Plate View; head-on view for end-stage concerts. Premium seating area as part of the Champions Club. Rows G and above are under cover.","HIGH - zone, rows, location and seat direction stated by the source"
214,Mezzanine (200s),Champions Club,"Mezzanine Level, directly behind home plate (212-215 MVP range)",0,behind home plate,A-L,L,"Stairway aisles run along both side edges of the section; rows are not split by a mid-row aisle, so seat numbers run continuously from one side aisle to the other. The entry portal is at row L.","Facing the field, seat 1 is on your right. That puts seat 1 on the edge facing section 215, with seat numbers counting up toward the edge facing section 213. This section is behind home plate, so seat 1 is on its first-base side.",not published,"Home Plate View; head-on view for end-stage concerts. Premium seating area as part of the Champions Club. Rows G and above are under cover. Fan review (Row H): 'Perfect. In the Champions Club.' Row A described as 'right behind homeplate' with seats 1 and 2, good for foul balls.","HIGH - zone, rows, location and seat direction stated by the source"
215,Mezzanine (200s),Champions Club,"Mezzanine Level, directly behind home plate (212-215 MVP range)",0,behind home plate,A-J,J,"Stairway aisles run along both side edges of the section; rows are not split by a mid-row aisle, so seat numbers run continuously from one side aisle to the other. The entry portal is at row J.","Facing the field, seat 1 is on your right. That puts seat 1 on the edge facing section 216, with seat numbers counting up toward the edge facing section 214. This section is behind home plate, so seat 1 is on its first-base side.",not published,"Home Plate View; head-on view for end-stage concerts. Premium seating area as part of the Champions Club. Rows G and above are under cover. Fan review (Row F): 'Excellent seats, great view!'","HIGH - zone, rows, location and seat direction stated by the source"
216,Mezzanine (200s),Champions Club,"Mezzanine Level, sections 206-221; not part of Champions Club MVP (212-215) but review calls it 'Top Recommendation... sits just slightly off-center from home plate'",1,toward first base / right field,A-J,J,"Stairway aisles run along both side edges of the section; rows are not split by a mid-row aisle, so seat numbers run continuously from one side aisle to the other. The entry portal is at row J.","Facing the field, seat 1 is on your right. That puts seat 1 on the edge facing section 217, with seat numbers counting up toward the edge facing section 215. Seat 1 is the end of the row farthest from home plate, and higher seat numbers run back toward home plate.",not published,"Home Plate View; head-on view for end-stage concerts. Premium seating area as part of the Champions Club. Rows G and above are under cover. RYS review singles out 216 as best value in the Champions Club area, offering excellent infield views and the same amenities as MVP sections at a lower price since it is not MVP-designated.","HIGH - zone, rows, location and seat direction stated by the source"
217,Mezzanine (200s),Champions Club,"""Champions Club seating includes Sections 206–221 on the Mezzanine Level at Nationals Park... These sections wrap around the infield and sit directly above the lower-level seating bowl."" Section 217 is not one of the Champions Club MVP sections (those are 212–215).",2,toward first base / right field,A-L,L,"Stairway aisles run along both side edges of the section; rows are not split by a mid-row aisle, so seat numbers run continuously from one side aisle to the other. The entry portal is at row L.","Facing the field, seat 1 is on your right. That puts seat 1 on the edge facing section 218, with seat numbers counting up toward the edge facing section 216. Seat 1 is the end of the row farthest from home plate, and higher seat numbers run back toward home plate.",not published,"Rows G & Above are covered. Premium seating area as part of the Champions Club, which includes access to an indoor climate-controlled lounge, bars, dining tables and private restrooms.","HIGH - zone, rows, location and seat direction stated by the source"
218,Mezzanine (200s),Champions Club,Champions Club seating includes Sections 206–221 on the Mezzanine Level at Nationals Park... These sections wrap around the infield and sit directly above the lower-level seating bowl.,3,toward first base / right field,A-J,J,"Stairway aisles run along both side edges of the section; rows are not split by a mid-row aisle, so seat numbers run continuously from one side aisle to the other. The entry portal is at row J.","Facing the field, seat 1 is on your right. That puts seat 1 on the edge facing section 219, with seat numbers counting up toward the edge facing section 217. Seat 1 is the end of the row farthest from home plate, and higher seat numbers run back toward home plate.",not published,Rows G & Above are covered. Premium seating area as part of the Champions Club.,"HIGH - zone, rows, location and seat direction stated by the source"
219,Mezzanine (200s),Champions Club,Champions Club seating includes Sections 206–221 on the Mezzanine Level at Nationals Park... These sections wrap around the infield and sit directly above the lower-level seating bowl.,4,toward first base / right field,A-J,J,"Stairway aisles run along both side edges of the section; rows are not split by a mid-row aisle, so seat numbers run continuously from one side aisle to the other. The entry portal is at row J.","Facing the field, seat 1 is on your right. That puts seat 1 on the edge facing section 220, with seat numbers counting up toward the edge facing section 218. Seat 1 is the end of the row farthest from home plate, and higher seat numbers run back toward home plate.",not published,Rows G & Above are covered. Premium seating area as part of the Champions Club.,"HIGH - zone, rows, location and seat direction stated by the source"
220,Mezzanine (200s),Champions Club,Champions Club seating includes Sections 206–221 on the Mezzanine Level at Nationals Park... These sections wrap around the infield and sit directly above the lower-level seating bowl.,5,toward first base / right field,A-J,J,"Stairway aisles run along both side edges of the section; rows are not split by a mid-row aisle, so seat numbers run continuously from one side aisle to the other. The entry portal is at row J.","Facing the field, seat 1 is on your right. That puts seat 1 on the edge facing section 221, with seat numbers counting up toward the edge facing section 219. Seat 1 is the end of the row farthest from home plate, and higher seat numbers run back toward home plate.",not published,"Rows G & Above are covered. ""For baseball games, we recommend rows F-J for outstanding convenience"" (near concourse). Premium seating area as part of the Champions Club. A concert fan review notes seat in Row D.","HIGH - zone, rows, location and seat direction stated by the source"
221,Mezzanine (200s),Champions Club,Champions Club seating includes Sections 206–221 on the Mezzanine Level at Nationals Park... These sections wrap around the infield and sit directly above the lower-level seating bowl.,6,toward first base / right field,A-J,J,"Stairway aisles run along both side edges of the section; rows are not split by a mid-row aisle, so seat numbers run continuously from one side aisle to the other. The entry portal is at row J.","Facing the field, seat 1 is on your right. That puts seat 1 on the edge facing section 222, with seat numbers counting up toward the edge facing section 220. Seat 1 is the end of the row farthest from home plate, and higher seat numbers run back toward home plate.",not published,Rows G & Above are covered. Premium seating area as part of the Champions Club.,"HIGH - zone, rows, location and seat direction stated by the source"
222,Mezzanine (200s),Right Field Terrace,"""The Right Field Terrace is a separate deck that is located above the Mezzanine and Club seats along the right field side... The seats are separated into the Lower Right Field Terrace in the first ten rows (Rows A-J) and Upper Right Field Terrace in the remaining 14 rows.""",7,toward first base / right field,A-X,A,"Stairway aisles run along both side edges of the section; rows are not split by a mid-row aisle, so seat numbers run continuously from one side aisle to the other. The entry portal is at row A.","Facing the field, seat 1 is on your right. That puts seat 1 on the edge facing section 223, with seat numbers counting up toward the edge facing section 221. Seat 1 is the end of the row farthest from home plate, and higher seat numbers run back toward home plate.",not published,"Rows L and above are under cover. ""Overhead coverage is sparse in the Terrace seating area, but there is some spots underneath the roof above which can be found in the highest seating rows."" Fan review (Row M, Jul 4 2023 vs Reds): ""Nice view, under cover, in the shade.""","HIGH - zone, rows, location and seat direction stated by the source"
223,Mezzanine (200s),Mezzanine Level,"This area includes Sections 201–205 on the third base side and Sections 223–235 on the first base side. These sections sit just beyond the Champions Club seating closer to home plate, but do not include access to the club amenities.",8,toward first base / right field,A-P,P,"Stairway aisles run along both side edges of the section; rows are not split by a mid-row aisle, so seat numbers run continuously from one side aisle to the other. The entry portal is at row P.","Facing the field, seat 1 is on your right. That puts seat 1 on the edge facing section 224, with seat numbers counting up toward the edge facing section 222. Seat 1 is the end of the row farthest from home plate, and higher seat numbers run back toward home plate.",not published,"Rows G and above are under cover (Gallery Deck overhang provides shade, especially Row H and higher on the third base side per zone page). Fan review (Row L, Jul 31 2019 vs Braves): ""Great seats. In the shade for a noon game.""","HIGH - zone, rows, location and seat direction stated by the source"
224,Mezzanine (200s),Right Field Terrace,The Right Field Terrace is a separate deck that is located above the Mezzanine and Club seats along the right field side... The seats are separated into the Lower Right Field Terrace in the first ten rows (Rows A-J) and Upper Right Field Terrace in the remaining 14 rows.,9,toward first base / right field,"A, D-X",A,"Stairway aisles run along both side edges of the section; rows are not split by a mid-row aisle, so seat numbers run continuously from one side aisle to the other. The entry portal is at row A.","Facing the field, seat 1 is on your right. That puts seat 1 on the edge facing section 225, with seat numbers counting up toward the edge facing section 223. Seat 1 is the end of the row farthest from home plate, and higher seat numbers run back toward home plate.",not published,"There is open space between Rows A and D."" Rows L and above are under cover. a catwalk leads to the section but climbing to Row K involves a steep incline (""224 is NOT Knee Friendly""); another review (Row W, NLCS Oct 14 2019): ""seats are in the second row from the top. It's a steep climb and it felt like there wasn't much space between the rows.""; another (Row M, Jul 4 2023 vs Reds): ""Completely shaded seats for duration of the game.","HIGH - zone, rows, location and seat direction stated by the source"
225,Mezzanine (200s),Mezzanine Level,"This area includes Sections 201–205 on the third base side and Sections 223–235 on the first base side. These sections sit just beyond the Champions Club seating closer to home plate, but do not include access to the club amenities.",10,toward first base / right field,A-P,P,"Stairway aisles run along both side edges of the section; rows are not split by a mid-row aisle, so seat numbers run continuously from one side aisle to the other. The entry portal is at row P.","Facing the field, seat 1 is on your right. That puts seat 1 on the edge facing section 226, with seat numbers counting up toward the edge facing section 224. Seat 1 is the end of the row farthest from home plate, and higher seat numbers run back toward home plate.",not published,Rows G and above are under cover.,"HIGH - zone, rows, location and seat direction stated by the source"
226,Mezzanine (200s),Right Field Terrace,The Right Field Terrace is a separate deck that is located above the Mezzanine and Club seats along the right field side... The seats are separated into the Lower Right Field Terrace in the first ten rows (Rows A-J) and Upper Right Field Terrace in the remaining 14 rows.,11,toward first base / right field,"A, D-X",A,"Stairway aisles run along both side edges of the section; rows are not split by a mid-row aisle, so seat numbers run continuously from one side aisle to the other. The entry portal is at row A.","Facing the field, seat 1 is on your right. That puts seat 1 on the edge facing section 227, with seat numbers counting up toward the edge facing section 225. Seat 1 is the end of the row farthest from home plate, and higher seat numbers run back toward home plate.",not published,"""There is open space between Rows A and D."" Rows L and above are under cover.","HIGH - zone, rows, location and seat direction stated by the source"
227,Mezzanine (200s),Mezzanine Level,"This area includes Sections 201–205 on the third base side and Sections 223–235 on the first base side. These sections sit just beyond the Champions Club seating closer to home plate, but do not include access to the club amenities.",12,toward first base / right field,A-P,P,"Stairway aisles run along both side edges of the section; rows are not split by a mid-row aisle, so seat numbers run continuously from one side aisle to the other. The entry portal is at row P.","Facing the field, seat 1 is on your right. That puts seat 1 on the edge facing section 228, with seat numbers counting up toward the edge facing section 226. Seat 1 is the end of the row farthest from home plate, and higher seat numbers run back toward home plate.",not published,Rows G and above are under cover.,"HIGH - zone, rows, location and seat direction stated by the source"
228,Mezzanine (200s),Right Field Terrace,The Right Field Terrace is a separate deck that is located above the Mezzanine and Club seats along the right field side... The seats are separated into the Lower Right Field Terrace in the first ten rows (Rows A-J) and Upper Right Field Terrace in the remaining 14 rows.,13,toward first base / right field,"A, D-X",A,"Stairway aisles run along both side edges of the section; rows are not split by a mid-row aisle, so seat numbers run continuously from one side aisle to the other. The entry portal is at row A.","Facing the field, seat 1 is on your right. That puts seat 1 on the edge facing section 229, with seat numbers counting up toward the edge facing section 227. Seat 1 is the end of the row farthest from home plate, and higher seat numbers run back toward home plate.",not published,"""There is open space between Rows A and D."" Rows L and above are under cover. ""For baseball games, we recommend rows A-E for outstanding convenience"" (near concourse, restrooms, concessions).","HIGH - zone, rows, location and seat direction stated by the source"
229,Mezzanine (200s),Mezzanine Level,"This area includes Sections 201–205 on the third base side and Sections 223–235 on the first base side. These sections sit just beyond the Champions Club seating closer to home plate, but do not include access to the club amenities.",14,toward first base / right field,A-P,P,"Stairway aisles run along both side edges of the section; rows are not split by a mid-row aisle, so seat numbers run continuously from one side aisle to the other. The entry portal is at row P.","Facing the field, seat 1 is on your right. That puts seat 1 on the edge facing section 230, with seat numbers counting up toward the edge facing section 228. Seat 1 is the end of the row farthest from home plate, and higher seat numbers run back toward home plate.",not published,"Rows G and above are under cover. Fan review (Row D, baseball): ""Great angle to the field... nice breeze coming from behind... Row D is right on the edge of being covered. If it rained, my knees would probably get wet but my head would be dry.""","HIGH - zone, rows, location and seat direction stated by the source"
230,Mezzanine (200s),Right Field Terrace,The Right Field Terrace is a separate deck that is located above the Mezzanine and Club seats along the right field side... The seats are separated into the Lower Right Field Terrace in the first ten rows (Rows A-J) and Upper Right Field Terrace in the remaining 14 rows.,15,toward first base / right field,"A, D-X",A,"Stairway aisles run along both side edges of the section; rows are not split by a mid-row aisle, so seat numbers run continuously from one side aisle to the other. The entry portal is at row A.","Facing the field, seat 1 is on your right. That puts seat 1 on the edge facing section 231, with seat numbers counting up toward the edge facing section 229. Seat 1 is the end of the row farthest from home plate, and higher seat numbers run back toward home plate.",not published,"""There is open space between Rows A and D."" Rows L and above are under cover. ""For baseball games, we recommend rows A-E for outstanding convenience"" — within five rows of the concourse, with a men's restroom, women's restroom and concessions near this section.","HIGH - zone, rows, location and seat direction stated by the source"
231,Mezzanine (200s),Mezzanine Level,"This area includes Sections 201–205 on the third base side and Sections 223–235 on the first base side. These sections sit just beyond the Champions Club seating closer to home plate, but do not include access to the club amenities.",16,toward first base / right field,A-P,P,"Stairway aisles run along both side edges of the section; rows are not split by a mid-row aisle, so seat numbers run continuously from one side aisle to the other. The entry portal is at row P.","Facing the field, seat 1 is on your right. That puts seat 1 on the edge facing section 232, with seat numbers counting up toward the edge facing section 230. Seat 1 is the end of the row farthest from home plate, and higher seat numbers run back toward home plate.",not published,"Rows G and above are under cover. ""For baseball games, we recommend rows L-P for outstanding convenience.""","HIGH - zone, rows, location and seat direction stated by the source"
232,Mezzanine (200s),Right Field Terrace,The Right Field Terrace is a separate deck that is located above the Mezzanine and Club seats along the right field side... The seats are separated into the Lower Right Field Terrace in the first ten rows (Rows A-J) and Upper Right Field Terrace in the remaining 14 rows.,17,toward first base / right field,A-X,A,"Stairway aisles run along both side edges of the section; rows are not split by a mid-row aisle, so seat numbers run continuously from one side aisle to the other. The entry portal is at row A.","Facing the field, seat 1 is on your right. That puts seat 1 on the edge facing section 233, with seat numbers counting up toward the edge facing section 231. Seat 1 is the end of the row farthest from home plate, and higher seat numbers run back toward home plate.",not published,"Rows L and above are under cover. (No A/D row gap noted for this section, unlike 224/226/228/230.)","HIGH - zone, rows, location and seat direction stated by the source"
233,Mezzanine (200s),Mezzanine Level,"This area includes Sections 201–205 on the third base side and Sections 223–235 on the first base side. These sections sit just beyond the Champions Club seating closer to home plate, but do not include access to the club amenities.",18,toward first base / right field,A-P,P,"Stairway aisles run along both side edges of the section; rows are not split by a mid-row aisle, so seat numbers run continuously from one side aisle to the other. The entry portal is at row P.","Facing the field, seat 1 is on your right. That puts seat 1 on the edge facing section 234, with seat numbers counting up toward the edge facing section 232. Seat 1 is the end of the row farthest from home plate, and higher seat numbers run back toward home plate.",not published,Rows G and above are under cover.,"HIGH - zone, rows, location and seat direction stated by the source"
234,Mezzanine (200s),Right Field Terrace,The Right Field Terrace is a separate deck that is located above the Mezzanine and Club seats along the right field side... The seats are separated into the Lower Right Field Terrace in the first ten rows (Rows A-J) and Upper Right Field Terrace in the remaining 14 rows.,19,toward first base / right field,A-X,A,"Stairway aisles run along both side edges of the section; rows are not split by a mid-row aisle, so seat numbers run continuously from one side aisle to the other. The entry portal is at row A.","Facing the field, seat 1 is on your right. That puts seat 1 on the edge facing section 235, with seat numbers counting up toward the edge facing section 233. Seat 1 is the end of the row farthest from home plate, and higher seat numbers run back toward home plate.",not published,Rows L and above are under cover. (No A/D row gap noted for this section.),"HIGH - zone, rows, location and seat direction stated by the source"
235,Mezzanine (200s),Mezzanine Level,"This area includes Sections 201–205 on the third base side and Sections 223–235 on the first base side. These sections sit just beyond the Champions Club seating closer to home plate, but do not include access to the club amenities.",20,toward first base / right field,A-P,P,"Stairway aisles run along both side edges of the section; rows are not split by a mid-row aisle, so seat numbers run continuously from one side aisle to the other. The entry portal is at row P.","Facing the field, seat 1 is on your right. That puts seat 1 on the edge facing section 236, with seat numbers counting up toward the edge facing section 234. Seat 1 is the end of the row farthest from home plate, and higher seat numbers run back toward home plate.",not published,Rows G and above are under cover.,"HIGH - zone, rows, location and seat direction stated by the source"
236,Mezzanine (200s),Right Field Terrace,The Right Field Terrace is a separate deck that is located above the Mezzanine and Club seats along the right field side... The seats are separated into the Lower Right Field Terrace in the first ten rows (Rows A-J) and Upper Right Field Terrace in the remaining 14 rows.,21,toward first base / right field,A-X,A,"Stairway aisles run along both side edges of the section; rows are not split by a mid-row aisle, so seat numbers run continuously from one side aisle to the other. The entry portal is at row A.","Facing the field, seat 1 is on your right. That puts seat 1 on the edge facing section 237, with seat numbers counting up toward the edge facing section 235. Seat 1 is the end of the row farthest from home plate, and higher seat numbers run back toward home plate.",not published,Rows L and above are under cover. (No A/D row gap noted for this section.),"HIGH - zone, rows, location and seat direction stated by the source"
237,Mezzanine (200s),Scoreboard Pavilion,"Second tier behind the outfield walls; ""Sections 237 and 238 sit closer to right field, while sections 240–243 extend farther toward right-center field."" ""Bullpen Views Available: Front rows of Sections 237 and 238 offer a unique view overlooking the bullpen below.""",22,toward first base / right field,A-P,P,"Stairway aisles run along both side edges of the section; rows are not split by a mid-row aisle, so seat numbers run continuously from one side aisle to the other. The entry portal is at row P.","Facing the field, seat 1 is on your right. That puts seat 1 on the edge facing section 238, with seat numbers counting up toward the edge facing section 236. Seat 1 is the end of the row farthest from home plate, and higher seat numbers run back toward home plate.",not published,"Rows G and above are under cover."" ""Scoreboard Pavilion sections do not have an overhang above them, meaning fans will typically be exposed to sun, wind, and rain during games"" (zone-level statement; conflicts somewhat with the row-237-specific 'Rows G and above are under cover' note — recorded as stated). ""The main videoboard sits behind these seats, requiring fans to turn around to view replays.","HIGH - zone, rows, location and seat direction stated by the source"
238,Mezzanine (200s),Scoreboard Pavilion,"Second tier behind the outfield walls; ""Sections 237 and 238 sit closer to right field, while sections 240–243 extend farther toward right-center field."" ""Bullpen Views Available: Front rows of Sections 237 and 238 offer a unique view overlooking the bullpen below.""",23,toward first base / right field,A-P,P,"Stairway aisles run along both side edges of the section; rows are not split by a mid-row aisle, so seat numbers run continuously from one side aisle to the other. The entry portal is at row P.","Facing the field, seat 1 is on your right. That puts seat 1 on the edge facing section 239, with seat numbers counting up toward the edge facing section 237. Seat 1 is the end of the row farthest from home plate, and higher seat numbers run back toward home plate.",not published,"""238 is behind the stage or to the side of the stage for most concerts. This may restrict or limit your view of the performance."" Scoreboard Pavilion sections have no overhang, exposed to sun/wind/rain; main videoboard sits behind the sections.","HIGH - zone, rows, location and seat direction stated by the source"
239,Mezzanine (200s),Scoreboard Pavilion,"Second tier behind the outfield walls, part of Sections 237-243 (page gives no section-239-specific location detail beyond the general zone description)",24,toward first base / right field,A-P,P,"Stairway aisles run along both side edges of the section; rows are not split by a mid-row aisle, so seat numbers run continuously from one side aisle to the other. The entry portal is at row P.","Facing the field, seat 1 is on your right. That puts seat 1 on the edge facing section 240, with seat numbers counting up toward the edge facing section 238. Seat 1 is the end of the row farthest from home plate, and higher seat numbers run back toward home plate.",not published,"""239 is behind the stage or to the side of the stage for most concerts. This may restrict or limit your view of the performance."" Scoreboard Pavilion sections have no overhang, exposed to sun/wind/rain; main videoboard sits behind the sections.","HIGH - zone, rows, location and seat direction stated by the source"
240,Mezzanine (200s),Scoreboard Pavilion,"Second tier behind the outfield walls; ""sections 240–243 extend farther toward right-center field"" creating ""more of a center field viewing angle compared to the sections closer to the foul pole.""",25,toward first base / right field,A-P,P,"Stairway aisles run along both side edges of the section; rows are not split by a mid-row aisle, so seat numbers run continuously from one side aisle to the other. The entry portal is at row P.","Facing the field, seat 1 is on your right. That puts seat 1 on the edge facing section 241, with seat numbers counting up toward the edge facing section 239. Seat 1 is the end of the row farthest from home plate, and higher seat numbers run back toward home plate.",not published,"""240 is behind the stage or to the side of the stage for most concerts. This may restrict or limit your view of the performance."" Scoreboard Pavilion sections have no overhang, exposed to sun/wind/rain; main videoboard sits behind the sections.","HIGH - zone, rows, location and seat direction stated by the source"
241,Mezzanine (200s),Scoreboard Pavilion,"Second tier behind the outfield walls; ""sections 240–243 extend farther toward right-center field"" creating ""more of a center field viewing angle compared to the sections closer to the foul pole.""",26,toward first base / right field,A-P,P,"Stairway aisles run along both side edges of the section; rows are not split by a mid-row aisle, so seat numbers run continuously from one side aisle to the other. The entry portal is at row P.","Facing the field, seat 1 is on your right. That puts seat 1 on the edge facing section 242, with seat numbers counting up toward the edge facing section 240. Seat 1 is the end of the row farthest from home plate, and higher seat numbers run back toward home plate.",not published,"""241 is behind the stage or to the side of the stage for most concerts. This may restrict or limit your view of the performance."" Scoreboard Pavilion sections have no overhang, exposed to sun/wind/rain; main videoboard sits behind the sections.","HIGH - zone, rows, location and seat direction stated by the source"
242,Mezzanine (200s),Scoreboard Pavilion,"Second tier behind the outfield walls; ""sections 240–243 extend farther toward right-center field"" creating ""more of a center field viewing angle compared to the sections closer to the foul pole.""",27,toward first base / right field,A-P,P,"Stairway aisles run along both side edges of the section; rows are not split by a mid-row aisle, so seat numbers run continuously from one side aisle to the other. The entry portal is at row P.","Facing the field, seat 1 is on your right. That puts seat 1 on the edge facing section 243, with seat numbers counting up toward the edge facing section 241. Seat 1 is the end of the row farthest from home plate, and higher seat numbers run back toward home plate.",not published,"""Top Pick for Outstanding Convenience — Rows L-P""; ""For baseball games, we recommend rows L-P for outstanding convenience."" ""242 is behind the stage or to the side of the stage for most concerts."" Scoreboard Pavilion sections have no overhang, exposed to sun/wind/rain; main videoboard sits behind the sections.","HIGH - zone, rows, location and seat direction stated by the source"
243,Mezzanine (200s),Scoreboard Pavilion,"Second tier behind the outfield walls; ""sections 240–243 extend farther toward right-center field"" creating ""more of a center field viewing angle compared to the sections closer to the foul pole.""",28,toward first base / right field,A-P,P,"Stairway aisles run along both side edges of the section; rows are not split by a mid-row aisle, so seat numbers run continuously from one side aisle to the other. The entry portal is at row P.","Facing the field, seat 1 is on your right. That puts seat 1 on the far edge of the section, with no further section beyond it on that side, with seat numbers counting up toward the edge facing section 242. Seat 1 is the end of the row farthest from home plate, and higher seat numbers run back toward home plate.",not published,"""243 is behind the stage or to the side of the stage for most concerts. This may restrict or limit your view of the performance."" Scoreboard Pavilion sections have no overhang, exposed to sun/wind/rain; main videoboard sits behind the sections.","HIGH - zone, rows, location and seat direction stated by the source"
301,Gallery (300s),Gallery Seating,"""The Gallery (300-Level) is the lower portion of the upper deck.""",9,toward third base / left field,A-J,J,"Stairway aisles run along both side edges of the section; rows are not split by a mid-row aisle, so seat numbers run continuously from one side aisle to the other. The entry portal is at row J.","Facing the field, seat 1 is on your right. That puts seat 1 on the edge facing section 302, with seat numbers counting up toward the far edge of the section, with no further section beyond it on that side. Seat 1 is the end of the row closest to home plate, and higher seat numbers run away from home plate.",not published,"""The 300-Level Gallery sections do not have an overhead structure above them"" — exposed to sun, wind, rain, especially during day games.","HIGH - zone, rows, location and seat direction stated by the source"
302,Gallery (300s),Gallery Seating,"""The Gallery (300-Level) is the lower portion of the upper deck."" No section-302-specific location beyond the general 300-Level description.",8,toward third base / left field,A-J,J,"Stairway aisles run along both side edges of the section; rows are not split by a mid-row aisle, so seat numbers run continuously from one side aisle to the other. The entry portal is at row J.","Facing the field, seat 1 is on your right. That puts seat 1 on the edge facing section 303, with seat numbers counting up toward the edge facing section 301. Seat 1 is the end of the row closest to home plate, and higher seat numbers run away from home plate.",not published,"""The 300-Level Gallery sections do not have an overhead structure above them"" — exposed to sun, wind, rain, especially during day games.","HIGH - zone, rows, location and seat direction stated by the source"
303,Gallery (300s),Gallery Seating,"""The Gallery (300-Level) is the lower portion of the upper deck."" No section-303-specific location beyond the general 300-Level description.",7,toward third base / left field,A-L,L,"Stairway aisles run along both side edges of the section; rows are not split by a mid-row aisle, so seat numbers run continuously from one side aisle to the other. The entry portal is at row L.","Facing the field, seat 1 is on your right. That puts seat 1 on the edge facing section 304, with seat numbers counting up toward the edge facing section 302. Seat 1 is the end of the row closest to home plate, and higher seat numbers run away from home plate.",not published,"""Top Pick for Outstanding Convenience — Rows H-L""; ""For baseball games, we recommend rows H-L for outstanding convenience."" Fan review (Row J): ""Bar on railing completely blocked out home plate, the pitchers mound, and second base."" ""The 300-Level Gallery sections do not have an overhead structure above them"" — exposed to sun, wind, rain.","HIGH - zone, rows, location and seat direction stated by the source"
304,Gallery (300s),Gallery Seating,"""The Gallery (300-Level) is the lower portion of the upper deck."" No section-304-specific location beyond the general 300-Level description.",6,toward third base / left field,A-L,L,"Stairway aisles run along both side edges of the section; rows are not split by a mid-row aisle, so seat numbers run continuously from one side aisle to the other. The entry portal is at row L.","Facing the field, seat 1 is on your right. That puts seat 1 on the edge facing section 305, with seat numbers counting up toward the edge facing section 303. Seat 1 is the end of the row closest to home plate, and higher seat numbers run away from home plate.",not published,"""Top Pick for Outstanding Convenience — Rows H-L""; ""For baseball games, we recommend rows H-L for outstanding convenience."" ""The 300-Level Gallery sections do not have an overhead structure above them"" — exposed to sun, wind, rain.","HIGH - zone, rows, location and seat direction stated by the source"
305,Gallery (300s),Gallery Seating,"""The Gallery (300-Level) is the lower portion of the upper deck."" No section-305-specific location beyond the general 300-Level description.",5,toward third base / left field,A-J,J,"Stairway aisles run along both side edges of the section; rows are not split by a mid-row aisle, so seat numbers run continuously from one side aisle to the other. The entry portal is at row J.","Facing the field, seat 1 is on your right. That puts seat 1 on the edge facing section 306, with seat numbers counting up toward the edge facing section 304. Seat 1 is the end of the row closest to home plate, and higher seat numbers run away from home plate.",not published,"""The 300-Level Gallery sections do not have an overhead structure above them"" — exposed to sun, wind, rain, especially during day games.","HIGH - zone, rows, location and seat direction stated by the source"
306,Gallery (300s),Gallery Seating,"""The Gallery (300-Level) is the lower portion of the upper deck."" No section-306-specific location beyond the general 300-Level description.",4,toward third base / left field,A-J,J,"Stairway aisles run along both side edges of the section; rows are not split by a mid-row aisle, so seat numbers run continuously from one side aisle to the other. The entry portal is at row J.","Facing the field, seat 1 is on your right. That puts seat 1 on the edge facing section 307, with seat numbers counting up toward the edge facing section 305. Seat 1 is the end of the row closest to home plate, and higher seat numbers run away from home plate.",not published,"""The 300-Level Gallery sections do not have an overhead structure above them"" — exposed to sun, wind, rain, especially during day games.","HIGH - zone, rows, location and seat direction stated by the source"
307,Gallery (300s),Gallery Seating,"""The Gallery (300-Level) is the lower portion of the upper deck."" No section-307-specific location beyond the general 300-Level description.",3,toward third base / left field,A-L,L,"Stairway aisles run along both side edges of the section; rows are not split by a mid-row aisle, so seat numbers run continuously from one side aisle to the other. The entry portal is at row L.","Facing the field, seat 1 is on your right. That puts seat 1 on the edge facing section 308, with seat numbers counting up toward the edge facing section 306. Seat 1 is the end of the row closest to home plate, and higher seat numbers run away from home plate.",not published,"""The 300-Level Gallery sections do not have an overhead structure above them"" — exposed to sun, wind, rain, especially during day games.","HIGH - zone, rows, location and seat direction stated by the source"
308,Gallery (300s),Gallery Seating,"""The Gallery (300-Level) is the lower portion of the upper deck."" No section-308-specific location beyond the general 300-Level description.",2,toward third base / left field,A-L,L,"Stairway aisles run along both side edges of the section; rows are not split by a mid-row aisle, so seat numbers run continuously from one side aisle to the other. The entry portal is at row L.","Facing the field, seat 1 is on your right. That puts seat 1 on the edge facing section 309, with seat numbers counting up toward the edge facing section 307. Seat 1 is the end of the row closest to home plate, and higher seat numbers run away from home plate.",not published,"""Top Pick for Outstanding Convenience — Rows H-L""; ""For baseball games, we recommend rows H-L for outstanding convenience."" ""The 300-Level Gallery sections do not have an overhead structure above them"" — exposed to sun, wind, rain.","HIGH - zone, rows, location and seat direction stated by the source"
309,Gallery (300s),Gallery Seating,"""The Gallery (300-Level) is the lower portion of the upper deck."" No section-309-specific location beyond the general 300-Level description.",1,toward third base / left field,A-L,L,"Stairway aisles run along both side edges of the section; rows are not split by a mid-row aisle, so seat numbers run continuously from one side aisle to the other. The entry portal is at row L.","Facing the field, seat 1 is on your right. That puts seat 1 on the edge facing section 310, with seat numbers counting up toward the edge facing section 308. Seat 1 is the end of the row closest to home plate, and higher seat numbers run away from home plate.","Rows A-F have 26 seats; Rows J-L (top of section) have 7 seats each (per Seating and Ticket Q&A, Verified Feb 2026: ""At the front of the section are Rows A-F which have 26 seats, while Rows J-L (at the top of the section) are much smaller and have just 7 seats in each."")","""Top Pick for Outstanding Convenience — Rows H-L""; ""For baseball games, we recommend rows H-L for outstanding convenience."" ""As you face the field from Section 309, seat 1 will be on the right."" Fan review (Row F): ""Food choices in the upper deck are not anywhere near as good as on the lower levels."" ""The 300-Level Gallery sections do not have an overhead structure above them"" — exposed to sun, wind, rain.","HIGH - zone, rows, location and seat direction stated by the source"
310,Gallery (300s),Gallery Seating,"Sections located directly behind home plate (310–316) are the most desirable on this level. From these seats, fans get a centered view of the infield and pitching matchups.",0,behind home plate,A-J,J,"Stairway aisles run along both side edges of the section; rows are not split by a mid-row aisle, so seat numbers run continuously from one side aisle to the other. The entry portal is at row J.","Facing the field, seat 1 is on your right. That puts seat 1 on the edge facing section 311, with seat numbers counting up toward the edge facing section 309. This section is behind home plate, so seat 1 is on its first-base side.",not published,"""The 300-Level Gallery sections do not have an overhead structure above them"" — exposed to sun, wind, rain, especially during day games.","HIGH - zone, rows, location and seat direction stated by the source"
311,Gallery (300s),Gallery Seating,"Sections located directly behind home plate (310–316) are the most desirable on this level."" ""Home Plate View.",0,behind home plate,A-J,J,"Stairway aisles run along both side edges of the section; rows are not split by a mid-row aisle, so seat numbers run continuously from one side aisle to the other. The entry portal is at row J.","Facing the field, seat 1 is on your right. That puts seat 1 on the edge facing section 312, with seat numbers counting up toward the edge facing section 310. This section is behind home plate, so seat 1 is on its first-base side.",not published,"""Home Plate View"", ""Head-on View (most shows)"", ""Afternoon Shade in Select Rows."" ""For baseball games, desirable view from behind home plate""; ""Head-on view of the performance for end-stage concerts""; ""Rows G and above are shaded during most day games."" ""Great seats and lots of options available for food restrooms and overlooks with picnic tables.""","HIGH - zone, rows, location and seat direction stated by the source"
312,Gallery (300s),Gallery Seating,"Sections located directly behind home plate (310–316) are the most desirable on this level."" ""Home Plate View.",0,behind home plate,A-J,J,"Stairway aisles run along both side edges of the section; rows are not split by a mid-row aisle, so seat numbers run continuously from one side aisle to the other. The entry portal is at row J.","Facing the field, seat 1 is on your right. That puts seat 1 on the edge facing section 313, with seat numbers counting up toward the edge facing section 311. This section is behind home plate, so seat 1 is on its first-base side.",not published,"""Home Plate View"", ""Head-on View (most shows)"", ""Afternoon Shade in Select Rows."" ""For baseball games, desirable view from behind home plate""; ""Head-on view of the performance for end-stage concerts""; ""Rows E and above are shaded during most day games.""","HIGH - zone, rows, location and seat direction stated by the source"
313,Gallery (300s),Gallery Seating,"Sections located directly behind home plate (310–316) are the most desirable on this level."" ""Home Plate View.",0,behind home plate,A-J,J,"Stairway aisles run along both side edges of the section; rows are not split by a mid-row aisle, so seat numbers run continuously from one side aisle to the other. The entry portal is at row J.","Facing the field, seat 1 is on your right. That puts seat 1 on the edge facing section 314, with seat numbers counting up toward the edge facing section 312. This section is behind home plate, so seat 1 is on its first-base side.",not published,"""Home Plate View"", ""Head-on View (most shows)"", ""Afternoon Shade in Select Rows."" ""For baseball games, desirable view from behind home plate""; ""Head-on view of the performance for end-stage concerts""; ""Rows E and above are shaded during most day games.""","HIGH - zone, rows, location and seat direction stated by the source"
314,Gallery (300s),Gallery Seating,Page states 'Sections located directly behind home plate (310–316) are the most desirable on this level' — 314 falls within that 310-316 range,0,behind home plate,A-J,J,"Stairway aisles run along both side edges of the section; rows are not split by a mid-row aisle, so seat numbers run continuously from one side aisle to the other. The entry portal is at row J.","Facing the field, seat 1 is on your right. That puts seat 1 on the edge facing section 315, with seat numbers counting up toward the edge facing section 313. This section is behind home plate, so seat 1 is on its first-base side.",not published,"Home Plate View; Head-on View (most shows); Afternoon Shade in Select Rows. desirable view from behind home plate (baseball); head-on view of performance for end-stage concerts; Rows E and above are shaded during most day games. 300-Level Gallery has no overhead structure, so exposed to sun/wind/rain per the general Gallery review text.","HIGH - zone, rows, location and seat direction stated by the source"
315,Gallery (300s),Gallery Seating,Page states 'Sections located directly behind home plate (310–316) are the most desirable on this level' — 315 falls within that 310-316 range,0,behind home plate,A-J,J,"Stairway aisles run along both side edges of the section; rows are not split by a mid-row aisle, so seat numbers run continuously from one side aisle to the other. The entry portal is at row J.","Facing the field, seat 1 is on your right. That puts seat 1 on the edge facing section 316, with seat numbers counting up toward the edge facing section 314. This section is behind home plate, so seat 1 is on its first-base side.",not published,"Home Plate View; Head-on View (most shows); Afternoon Shade in Select Rows. desirable view from behind home plate (baseball); head-on view of performance for end-stage concerts; Rows G and above are shaded during most day games. 300-Level Gallery has no overhead structure, exposed to sun/wind/rain per general Gallery review text.","HIGH - zone, rows, location and seat direction stated by the source"
316,Gallery (300s),Gallery Seating,Page states 'Sections located directly behind home plate (310–316) are the most desirable on this level' — 316 falls within that 310-316 range,0,behind home plate,A-J,J,"Stairway aisles run along both side edges of the section; rows are not split by a mid-row aisle, so seat numbers run continuously from one side aisle to the other. The entry portal is at row J.","Facing the field, seat 1 is on your right. That puts seat 1 on the edge facing section 317, with seat numbers counting up toward the edge facing section 315. This section is behind home plate, so seat 1 is on its first-base side.",not published,Top Pick for Outstanding Convenience (Rows H-L); Home Plate View; Head-on View (most shows). recommend rows H-L for outstanding convenience; desirable view from behind home plate (baseball); head-on view of performance for end-stage concerts.,"HIGH - zone, rows, location and seat direction stated by the source"
317,Gallery (300s),Gallery Seating,not stated by the source,1,toward first base / right field,A-L,L,"Stairway aisles run along both side edges of the section; rows are not split by a mid-row aisle, so seat numbers run continuously from one side aisle to the other. The entry portal is at row L.","Facing the field, seat 1 is on your right. That puts seat 1 on the edge facing section 318, with seat numbers counting up toward the edge facing section 316. Seat 1 is the end of the row farthest from home plate, and higher seat numbers run back toward home plate.",not published,"Top Pick for Outstanding Convenience (Rows H-L). 'Great View!' (Sec 317 / Row A, Baseball).","MEDIUM - rows and zone confirmed, the source does not place this section"
318,Gallery (300s),Gallery Seating,not stated by the source,2,toward first base / right field,A-L,L,"Stairway aisles run along both side edges of the section; rows are not split by a mid-row aisle, so seat numbers run continuously from one side aisle to the other. The entry portal is at row L.","Facing the field, seat 1 is on your right. That puts seat 1 on the edge facing section 319, with seat numbers counting up toward the edge facing section 317. Seat 1 is the end of the row farthest from home plate, and higher seat numbers run back toward home plate.",not published,"'I recommend any section in the infield gallery that is around the infield ... tickets are cheap at $28 ... decent concessions and very nice view.' '318 seats 1-9 and 319 high seat numbers. Great infield view, just outside of screen obstruction, relatively cheap' — states a screen/netting obstruction is nearby but 318 itself sits just outside it.","MEDIUM - rows and zone confirmed, the source does not place this section"
319,Gallery (300s),Gallery Seating,not stated by the source,3,toward first base / right field,A-J,J,"Stairway aisles run along both side edges of the section; rows are not split by a mid-row aisle, so seat numbers run continuously from one side aisle to the other. The entry portal is at row J.","Facing the field, seat 1 is on your right. That puts seat 1 on the edge facing section 320, with seat numbers counting up toward the edge facing section 318. Seat 1 is the end of the row farthest from home plate, and higher seat numbers run back toward home plate.","Varies by row per Q&A (Verified Feb 2026): Rows A-D each have 24 seats, Rows E-F have 25 seats, Row G has 13 seats, Rows H-J have 12 seats","Fan review (Concert, Sec 319/Row A): 'Front row - perfect view of the stage!' describing an elevated but clear view with large screens.","MEDIUM - rows and zone confirmed, the source does not place this section"
320,Gallery (300s),Gallery Seating,not stated by the source,4,toward first base / right field,A-L,L,"Stairway aisles run along both side edges of the section; rows are not split by a mid-row aisle, so seat numbers run continuously from one side aisle to the other. The entry portal is at row L.","Facing the field, seat 1 is on your right. That puts seat 1 on the edge facing section 321, with seat numbers counting up toward the edge facing section 319. Seat 1 is the end of the row farthest from home plate, and higher seat numbers run back toward home plate.",not published,,"MEDIUM - rows and zone confirmed, the source does not place this section"
321,Gallery (300s),Gallery Seating,not stated by the source,5,toward first base / right field,A-J,J,"Stairway aisles run along both side edges of the section; rows are not split by a mid-row aisle, so seat numbers run continuously from one side aisle to the other. The entry portal is at row J.","Facing the field, seat 1 is on your right. That puts seat 1 on the far edge of the section, with no further section beyond it on that side, with seat numbers counting up toward the edge facing section 320. Seat 1 is the end of the row farthest from home plate, and higher seat numbers run back toward home plate.",not published,,"MEDIUM - rows and zone confirmed, the source does not place this section"
401,Upper Gallery (400s),Gallery Seating,not stated by the source,,not established for this level,A-N,A,"Stairway aisles run along both side edges of the section; rows are not split by a mid-row aisle, so seat numbers run continuously from one side aisle to the other. The entry portal is at row A.","Facing the field, seat 1 is on your right. That puts seat 1 on the edge facing section 402, with seat numbers counting up toward the far edge of the section, with no further section beyond it on that side.",not published,"Top Pick for Partying and Socializing; Rows C & Above - Covered. recommended for partying and socializing (baseball); Rows C and above are under cover. Fan review (Sec 401/Row N, Baseball): 'Cheap But High' — good view but high up; last row, easy concessions access.","MEDIUM - rows and zone confirmed, the source does not place this section"
402,Upper Gallery (400s),Gallery Seating,not stated by the source,,not established for this level,A-N,A,"Stairway aisles run along both side edges of the section; rows are not split by a mid-row aisle, so seat numbers run continuously from one side aisle to the other. The entry portal is at row A.","Facing the field, seat 1 is on your right. That puts seat 1 on the edge facing section 403, with seat numbers counting up toward the edge facing section 401.",not published,Top Pick for Partying and Socializing; Rows C & Above - Covered. recommended for partying and socializing (baseball); Rows C and above are under cover. Fan Feedback (Concert): 'It was a good spot' — long stage meant good sightlines despite distance.,"MEDIUM - rows and zone confirmed, the source does not place this section"
403,Upper Gallery (400s),Gallery Seating,not stated by the source,,not established for this level,A-N,A,"Stairway aisles run along both side edges of the section; rows are not split by a mid-row aisle, so seat numbers run continuously from one side aisle to the other. The entry portal is at row A.","Facing the field, seat 1 is on your right. That puts seat 1 on the edge facing section 404, with seat numbers counting up toward the edge facing section 402.",not published,Top Pick for Outstanding Convenience (Rows A-E); Top Pick for Partying and Socializing; Rows C & Above - Covered. recommend rows A-E for outstanding convenience; recommended for partying and socializing (baseball); Rows C and above are under cover. 'We were in section 403 and could see EVERYTHING.',"MEDIUM - rows and zone confirmed, the source does not place this section"
404,Upper Gallery (400s),Gallery Seating,not stated by the source,,not established for this level,A-N,A,"Stairway aisles run along both side edges of the section; rows are not split by a mid-row aisle, so seat numbers run continuously from one side aisle to the other. The entry portal is at row A.","Facing the field, seat 1 is on your right. That puts seat 1 on the edge facing section 405, with seat numbers counting up toward the edge facing section 403.",not published,Top Pick for Partying and Socializing; Rows C & Above - Covered. recommended for partying and socializing (baseball); Rows C and above are under cover.,"MEDIUM - rows and zone confirmed, the source does not place this section"
405,Upper Gallery (400s),Gallery Seating,not stated by the source,,not established for this level,A-N,A,"Stairway aisles run along both side edges of the section; rows are not split by a mid-row aisle, so seat numbers run continuously from one side aisle to the other. The entry portal is at row A.","Facing the field, seat 1 is on your right. That puts seat 1 on the edge facing section 406, with seat numbers counting up toward the edge facing section 404.",not published,Top Pick for Partying and Socializing; Rows C & Above - Covered. recommended for partying and socializing (baseball); Rows C and above are under cover.,"MEDIUM - rows and zone confirmed, the source does not place this section"
406,Upper Gallery (400s),Gallery Seating,not stated by the source,,not established for this level,A-N,A,"Stairway aisles run along both side edges of the section; rows are not split by a mid-row aisle, so seat numbers run continuously from one side aisle to the other. The entry portal is at row A.","Facing the field, seat 1 is on your right. That puts seat 1 on the edge facing section 407, with seat numbers counting up toward the edge facing section 405.",not published,"Rows C & Above - Covered (no 'Top Pick' tags on this section, unlike 401-405). Rows C and above are under cover.","MEDIUM - rows and zone confirmed, the source does not place this section"
407,Upper Gallery (400s),Gallery Seating,not stated by the source,,not established for this level,A-N,A,"Stairway aisles run along both side edges of the section; rows are not split by a mid-row aisle, so seat numbers run continuously from one side aisle to the other. The entry portal is at row A.","Facing the field, seat 1 is on your right. That puts seat 1 on the edge facing section 408, with seat numbers counting up toward the edge facing section 406.",not published,Rows C & Above - Covered (no 'Top Pick' tags). Rows C and above are under cover.,"MEDIUM - rows and zone confirmed, the source does not place this section"
408,Upper Gallery (400s),Gallery Seating,not stated by the source,,not established for this level,A-N,A,"Stairway aisles run along both side edges of the section; rows are not split by a mid-row aisle, so seat numbers run continuously from one side aisle to the other. The entry portal is at row A.","Facing the field, seat 1 is on your right. That puts seat 1 on the edge facing section 409, with seat numbers counting up toward the edge facing section 407.",not published,Top Pick for Outstanding Convenience (Rows A-E); Rows C & Above - Covered. recommend rows A-E for outstanding convenience; Rows C and above are under cover.,"MEDIUM - rows and zone confirmed, the source does not place this section"
409,Upper Gallery (400s),Gallery Seating,not stated by the source,,not established for this level,A-N,A,"Stairway aisles run along both side edges of the section; rows are not split by a mid-row aisle, so seat numbers run continuously from one side aisle to the other. The entry portal is at row A.","Facing the field, seat 1 is on your right. That puts seat 1 on the edge facing section 416, with seat numbers counting up toward the edge facing section 408.",not published,"Rows C & Above - Covered (no 'Top Pick' tags). Rows C and above are under cover. Fan reviews (x2, Concert, Sec 409/Row N): 'the final row in the stadium in section 409 ... covered ... no one behind us ... slope was good.' Fan review (Baseball, Sec 409/Row A): 'Front row, aisle seats in the upper deck. Great view of the game!'","MEDIUM - rows and zone confirmed, the source does not place this section"
416,Upper Gallery (400s),Gallery Seating,not stated by the source,,not established for this level,A-N,A,"Stairway aisles run along both side edges of the section; rows are not split by a mid-row aisle, so seat numbers run continuously from one side aisle to the other. The entry portal is at row A.","Facing the field, seat 1 is on your right. That puts seat 1 on the edge facing section 417, with seat numbers counting up toward the edge facing section 409.",not published,"Top Pick for Outstanding Convenience (Rows A-E); Rows C & Above - Covered. recommend rows A-E for outstanding convenience; Rows C and above are under cover. Fan review (Baseball, Sec 416/Row K): 'High up but good view and in the shade.' Fan review (Baseball, Sec 416/Row D): 'Seats were under cover and in shade. Though not too protected in the rain.'","MEDIUM - rows and zone confirmed, the source does not place this section"
417,Upper Gallery (400s),Gallery Seating,not stated by the source,,not established for this level,A-N,A,"Stairway aisles run along both side edges of the section; rows are not split by a mid-row aisle, so seat numbers run continuously from one side aisle to the other. The entry portal is at row A.","Facing the field, seat 1 is on your right. That puts seat 1 on the edge facing section 418, with seat numbers counting up toward the edge facing section 416.",not published,Rows C & Above - Covered (no 'Top Pick' tags). Rows C and above are under cover.,"MEDIUM - rows and zone confirmed, the source does not place this section"
418,Upper Gallery (400s),Gallery Seating,not stated by the source,,not established for this level,A-N,A,"Stairway aisles run along both side edges of the section; rows are not split by a mid-row aisle, so seat numbers run continuously from one side aisle to the other. The entry portal is at row A.","Facing the field, seat 1 is on your right. That puts seat 1 on the edge facing section 419, with seat numbers counting up toward the edge facing section 417.",not published,"Rows C & Above - Covered (no 'Top Pick' tags). Rows C and above are under cover. Fan review (Baseball, Sec 418/Row E): 'Good seats for cheap but prefer the bleachers' — very high up but does not feel high while seated.","MEDIUM - rows and zone confirmed, the source does not place this section"
419,Upper Gallery (400s),Gallery Seating,not stated by the source,,not established for this level,A-N,A,"Stairway aisles run along both side edges of the section; rows are not split by a mid-row aisle, so seat numbers run continuously from one side aisle to the other. The entry portal is at row A.","Facing the field, seat 1 is on your right. That puts seat 1 on the edge facing section 420, with seat numbers counting up toward the edge facing section 418.",not published,Rows C and above are under cover ( 'Rows C & Above - Covered'; 'Rows C and above are under cover').,"MEDIUM - rows and zone confirmed, the source does not place this section"
420,Upper Gallery (400s),Gallery Seating,not stated by the source,,not established for this level,A-N,A,"Stairway aisles run along both side edges of the section; rows are not split by a mid-row aisle, so seat numbers run continuously from one side aisle to the other. The entry portal is at row A.","Facing the field, seat 1 is on your right. That puts seat 1 on the far edge of the section, with no further section beyond it on that side, with seat numbers counting up toward the edge facing section 419.",not published,Rows C and above are under cover ( 'Rows C & Above - Covered'; 'Rows C and above are under cover').,"MEDIUM - rows and zone confirmed, the source does not place this section"
A,"Clubs, suites and other named areas",Terra Club,"The Terra Club (formerly the Nationals Club) includes Sections A–E located directly behind home plate on the field level."" ""Sections A–E sit directly behind home plate."" Section A is ""directly behind home plate and centered between the dugouts.",,not part of the numbered seating bowl,A-L,L,"The source describes this as a named area rather than a numbered section, so it publishes no aisle layout for it. The entry portal is at row L.","Facing the field, seat 1 is on your right. That is stated on this area's own page. It sits outside the numbered seating bowl, so there is no neighbouring section to describe it against.",not published,"Premium all-inclusive field-level club seating. The source calls it ""one of the most luxurious all-inclusive experiences,"" with a gourmet buffet, draft beer, wine and soda, access to a climate-controlled lounge, and ""views into the Batting Cage and Press Conference Room."" This is a per-section detail page, not a zone page.","HIGH - zone, rows, location and seat direction stated by the source"
B,"Clubs, suites and other named areas",Terra Clu,"Sections A–E sit directly behind home plate"" and are ""located directly behind home plate on the field level. These sections sit between the two dugouts.",,not part of the numbered seating bowl,A-L,L,"The source describes this as a named area rather than a numbered section, so it publishes no aisle layout for it. The entry portal is at row L.","Facing the field, seat 1 is on your right. That is stated on this area's own page. It sits outside the numbered seating bowl, so there is no neighbouring section to describe it against.",not published,"Premium all-inclusive seating described as ""the closest seats at Nationals Park,"" including a ""gourmet buffet, draft beer, house wine, soda, and complimentary in-seat food and beverage service"" for baseball games, plus a climate-controlled lounge and ""views into the home batting cage."" For concerts the source notes a head-on view of the performance but possible ""sightline limitations depending on the stage setup."" This is a per-section detail page, not a zone page.","HIGH - zone, rows, location and seat direction stated by the source"
C,"Clubs, suites and other named areas",Terra Club,"Sections A–E sit directly behind home plate"" — ""directly behind home plate on the field level"" and ""between the two dugouts.",,not part of the numbered seating bowl,"A-G, L",L,"The source describes this as a named area rather than a numbered section, so it publishes no aisle layout for it. The entry portal is at row L.","Facing the field, seat 1 is on your right. That is stated on this area's own page. It sits outside the numbered seating bowl, so there is no neighbouring section to describe it against.",not published,"gourmet buffet, beverages, private lounge access and ""complimentary in-seat food and beverage service."" Marketed to fans ""looking for the ultimate Nationals Park experience,"" and for ""business entertainment, special occasions."" The source describes views of ""home plate and the entire field"" with ""unmatched proximity to the field."" This is a per-section detail page, not a zone page.","HIGH - zone, rows, location and seat direction stated by the source"
D,"Clubs, suites and other named areas",Terra Club,"Sections A–E sit directly behind home plate"" and are ""located directly behind home plate on the field level. These sections sit between the two dugouts."" ""Sections D and E are closest to the Nationals' on-deck circle.",,not part of the numbered seating bowl,A-L,L,"The source describes this as a named area rather than a numbered section, so it publishes no aisle layout for it. The entry portal is at row L.","Facing the field, seat 1 is on your right. That is stated on this area's own page. It sits outside the numbered seating bowl, so there is no neighbouring section to describe it against.",not published,"Premium seating within the Terra Club, with an ""all-inclusive gourmet buffet, draft beer, house wine, soda, and complimentary in-seat food and beverage service"" plus a climate-controlled lounge. Fan feedback on the page mentions ""netting or screening in front of sections 116-129""; the page does not state whether Section D itself sits behind netting. This is a per-section detail page, not a zone page.","HIGH - zone, rows, location and seat direction stated by the source"
Diamond Club Tables,"Clubs, suites and other named areas",Diamond Club,"directly behind home plate at the front of the lower bowl, positioned just above the Terra Club sections."" ""Behind the seating area is the PNC Diamond Club Lounge.",,not part of the numbered seating bowl,UNKNOWN,UNKNOWN,"The source describes this as a named area rather than a numbered section, so it publishes no aisle layout for it.","This area sits outside the numbered seating bowl and no seat numbering is published for it. Check the seat numbers printed on your own ticket, or ask the ticket office.",These tables typically seat four guests,"Table-style seating rather than conventional rows — ""Diamond Club Tables, which offer a table-style seating setup for fans looking for a more social viewing experience,"" sold as ""a table-style seating experience for small groups"" and ""a unique place to enjoy food and drinks with views of the field,"" part of the all-inclusive Diamond Club. The page gives no row labels, entrance row or seat-numbering direction; because the area is tables rather than numbered rows, that detail does not exist for this ticket type.",LOW - no row data published for this section
E,"Clubs, suites and other named areas",Terra Club,"Sections A–E sit directly behind home plate"" — ""directly behind home plate on the field level"" and ""between the two dugouts."" ""Sections D and E are closest to the Nationals' on-deck circle.",,not part of the numbered seating bowl,A-L,L,"The source describes this as a named area rather than a numbered section, so it publishes no aisle layout for it. The entry portal is at row L.","Facing the field, seat 1 is on your right. That is stated on this area's own page. It sits outside the numbered seating bowl, so there is no neighbouring section to describe it against.",not published,"Premium all-inclusive seating with ""a gourmet buffet, draft beer, house wine, soda, and complimentary in-seat food and beverage service"" and ""access to a climate-controlled lounge."" The source calls these the ""Closest Seats at Nationals Park"" with ""outstanding views of home plate."" This is a per-section detail page, not a zone page.","HIGH - zone, rows, location and seat direction stated by the source"
SRO,"Clubs, suites and other named areas",Standing room,not stated by the source,,not part of the numbered seating bowl,UNKNOWN,UNKNOWN,"The source describes this as a named area rather than a numbered section, so it publishes no aisle layout for it.","This area sits outside the numbered seating bowl and no seat numbering is published for it. Check the seat numbers printed on your own ticket, or ask the ticket office.",not published,"The ticketing source lists this as ""Standing Room Only"" at Nationals Park. Its page carries no descriptive content at all — no location, no rows, no entrance, no capacity, no amenities — only an interactive ticket map and an event picker, so nothing can be stated about where in the ballpark standing-room ticket holders stand. Standing room is a ticket type without assigned seats, so row and seat-numbering detail does not apply.",LOW - no row data published for this section
