section,level,zone,location_in_stadium,sections_from_home_plate,direction_from_home_plate,rows_in_section,entrance_row,aisle_and_walkway_locations,seat_numbering,seats_per_row,notes,confidence
HPC103,DEX Imaging Home Plate Club (HPC103-HPC108),Home Plate Club,"Home Plate Club seating is located in four exclusive sections directly behind home plate, positioned at field level just steps from the batter's box.",0,behind home plate,D-J,UNKNOWN,"Stairway aisles run along both side edges of the section; rows are not split by a mid-row aisle, so seat numbers run continuously from one side aisle to the other. The entry portal row is not published for this section.","Facing the field, seat 1 is on your left. That puts seat 1 on the edge facing section HPC107, with seat numbers counting up toward the far edge of the section, with no further section beyond it on that side. This section is behind home plate, so seat 1 is on its third-base side.",not published,"""For baseball games, desirable view from behind home plate"" and ""Premium seating area as part of the Home Plate Club for Rays games"". DOME - no shade/sun statement printed and none applies. this section sits ""directly behind home plate, positioned at field level just steps from the batter's box"", i.e. inside the netted arc, and the club states ""Protective netting extends from home plate to the foul poles located in Sections 137 and 138"" with netted sections listed as plain numbers ""101, 102, 103, 104, ..."". The RateYourSeats page prints NO netting line for HPC103 and the club's list does not use the HPC identifier form, so no source read states netting for this identifier. Recorded as unstated, not inferred.","HIGH - zone, rows, location and seat direction stated by the source"
HPC104,DEX Imaging Home Plate Club (HPC103-HPC108),Home Plate Club,"Home Plate Club seating is located in four exclusive sections directly behind home plate, positioned at field level just steps from the batter's box.",0,behind home plate,D-J,UNKNOWN,"Stairway aisles run along both side edges of the section; rows are not split by a mid-row aisle, so seat numbers run continuously from one side aisle to the other. The entry portal row is not published for this section.","Facing the field, seat 1 is on your left. That puts seat 1 on the far edge of the section, with no further section beyond it on that side, with seat numbers counting up toward the edge facing section HPC108. This section is behind home plate, so seat 1 is on its third-base side.",not published,"""For baseball games, desirable view from behind home plate"" and ""Premium seating area as part of the Home Plate Club for Rays games"". Only an no fan reviews. DOME - no shade/sun statement printed and none applies. URL slug ""HPC104"" vs page heading ""Home Plate Club 104""; no printed-ticket statement on the page. The location text is IDENTICAL word for word to HPC103, HPC107 and HPC108 - it is a zone-level sentence covering all four sections, NOT a 104-specific location line, and it does not say which side of home plate 104 sits on. Under the park's parity rule 104 is even = first-base side, but THE PAGE DOES NOT SAY SO.","HIGH - zone, rows, location and seat direction stated by the source"
HPC107,DEX Imaging Home Plate Club (HPC103-HPC108),Home Plate Club,"Home Plate Club seating is located in four exclusive sections directly behind home plate, positioned at field level just steps from the batter's box.",0,behind home plate,D-J,UNKNOWN,"Stairway aisles run along both side edges of the section; rows are not split by a mid-row aisle, so seat numbers run continuously from one side aisle to the other. The entry portal row is not published for this section.","Facing the field, seat 1 is on your left. That puts seat 1 on the far edge of the section, with no further section beyond it on that side, with seat numbers counting up toward the edge facing section HPC103. This section is behind home plate, so seat 1 is on its third-base side.",not published,"""Premium seating area as part of the Home Plate Club for Rays games"". No ""desirable view from behind home plate"" line was printed on this page, unlike HPC103 and HPC104. multiple 5-star reviews are listed for ""Toronto Blue Jays at Tampa Bay Rays - May 24, 2023"" from ""Home Plate Club 107 / Row G"", but no review body text is shown - the star ratings and the row tag are all that is rendered. Row G falls inside the stated D-J range, which corroborates the row list. DOME - no shade/sun statement printed and none applies. URL slug ""HPC107"" vs page heading ""Home Plate Club 107""; no printed-ticket statement. The location sentence is the shared four-section zone line and does not say which side of home plate 107 sits on.","HIGH - zone, rows, location and seat direction stated by the source"
HPC108,DEX Imaging Home Plate Club (HPC103-HPC108),Home Plate Club,"Home Plate Club seating is located in four exclusive sections directly behind home plate, positioned at field level just steps from the batter's box.",0,behind home plate,D-J,UNKNOWN,"Stairway aisles run along both side edges of the section; rows are not split by a mid-row aisle, so seat numbers run continuously from one side aisle to the other. The entry portal row is not published for this section.","Facing the field, seat 1 is on your left. That puts seat 1 on the edge facing section HPC104, with seat numbers counting up toward the far edge of the section, with no further section beyond it on that side. This section is behind home plate, so seat 1 is on its third-base side.",not published,"""Premium seating area as part of the Home Plate Club for Rays games"". No ""desirable view from behind home plate"" line printed. DOME - no shade/sun statement printed and none applies. URL slug ""HPC108"" vs page heading ""Home Plate Club 108""; no printed-ticket statement. All four Home Plate Club pages (103, 104, 107, 108) carry the SAME location sentence, the SAME row range D-J, no entrance row and no seats-per-row figure. The four pages are near-identical; only the Seating Notes and the presence of reviews differ.","HIGH - zone, rows, location and seat direction stated by the source"
101,100 Level (101-150),not named by the source,"Rows L-N, positioned behind the Home Plate Club seats"" / ""Home Plate Box seating is located on the Lower Level in the front of sections 101-110"" / ""Lower Level Infield seating at Tropicana Field includes sections 101-126."" / ""Sections 101-108 are located behind home plate with a clearer view",0,behind home plate,"L-Z, AA-JJ",JJ,"Stairway aisles run along both side edges of the section; rows are not split by a mid-row aisle, so seat numbers run continuously from one side aisle to the other. The entry portal is at row JJ.","Facing the field, seat 1 is on your left. That puts seat 1 on the edge facing section 103, with seat numbers counting up toward the far edge of the section, with no further section beyond it on that side. This section is behind home plate, so seat 1 is on its third-base side.",not published,"""Top Pick for Great Views of the Field-Rows EE-JJ"", ""Home Plate View"", ""Rows L-Z, AA-JJ"". ""For baseball games, we recommend rows EE-JJ for great views"" and ""For baseball games, desirable view from behind home plate"". Fan review headed ""Behind Home Plate"". PAGE MIXES section-specific data (rows, entrance) with generic Home Plate Boxes / Lower Level Corner category reviews. INDIRECT SIDE EVIDENCE, FLAGGED AS INFERENCE NOT A STATEMENT: the fan line ""You can't see the first base bag from seat 1"" is consistent with seat 1 sitting on the fan's left (i.e. the third-base side of a section behind home plate, furthest from first base) and therefore with the boilerplate, but the page never says which side seat 1 is on.","MEDIUM - rows confirmed, ticket zone not named by the source"
102,100 Level (101-150),not named by the source,"Rows L-N, positioned behind the Home Plate Club seats"" / ""Sections 101-108 provide a centered, slightly elevated perspective behind home plate",0,behind home plate,"L-Z, AA-JJ",JJ,"Stairway aisles run along both side edges of the section; rows are not split by a mid-row aisle, so seat numbers run continuously from one side aisle to the other. The entry portal is at row JJ.","Facing the field, seat 1 is on your left. That puts seat 1 on the far edge of the section, with no further section beyond it on that side, with seat numbers counting up toward the edge facing section 104. This section is behind home plate, so seat 1 is on its third-base side.",not published,"""Top Pick for Great Views of the FieldRows EE-JJ"", ""Home Plate View"", ""Rows L-Z, AA-JJ"". ""For baseball games, we recommend rows EE-JJ for great views"" and ""For baseball games, desirable view from behind home plate"". Fan review ""Great view of game with excellent view of the pitches. Sec 102 / Row U"" and a 5-star review headed ""Great seats at a 'reasonable' price"". Page mixes section-specific rows/entrance with generic Home Plate Box category content.","MEDIUM - rows confirmed, ticket zone not named by the source"
103,100 Level (101-150),not named by the source,"NOT STATED on the page - it prints no sentence placing Section 103 relative to home plate, a base line or the dugouts. (Insights only give ""Home Plate View"".)",1,toward third base / left field,"L-Z, AA-JJ",JJ,"Stairway aisles run along both side edges of the section; rows are not split by a mid-row aisle, so seat numbers run continuously from one side aisle to the other. The entry portal is at row JJ.","Facing the field, seat 1 is on your left. That puts seat 1 on the edge facing section 105, with seat numbers counting up toward the edge facing section 101. Seat 1 is the end of the row farthest from home plate, and higher seat numbers run back toward home plate.",not published,"""Top Pick for Great Views of the FieldRows EE-JJ"", ""Home Plate View"", ""Rows L-Z, AA-JJ"". ""For baseball games, we recommend rows EE-JJ for great views of the field"" and ""For baseball games, desirable view from behind home plate"". NETTING/SCREEN from the page Q&A: ""While there are very few flaws with these seats, the biggest one would be that they are behind the screen."" - consistent with the club listing 103 among netted sections. Fan reviews fragments: ""Nice seats! Trop is round so seats a little tight at that location..."", ""Great view of the entire field - Seats were easy to get to..."", ""Chicago Cubs at Tampa Bay Rays - Apr 7, 2026 - Some of the best views."" (a 2026-dated review, i.e. post-reopening).","MEDIUM - rows confirmed, ticket zone not named by the source"
104,100 Level (101-150),not named by the source,NOT STATED on the page - no explicit location sentence for Section 104; the only placement cue is the generic Home Plate Boxes category context.,1,toward first base / right field,"L-Z, AA-JJ",JJ,"Stairway aisles run along both side edges of the section; rows are not split by a mid-row aisle, so seat numbers run continuously from one side aisle to the other. The entry portal is at row JJ.","Facing the field, seat 1 is on your left. That puts seat 1 on the edge facing section 102, with seat numbers counting up toward the edge facing section 106. Seat 1 is the end of the row closest to home plate, and higher seat numbers run away from home plate.",not published,"""Home Plate View"", ""Rows L-Z, AA-JJ"". ""For baseball games, desirable view from behind home plate"". Fan reviews are five-star ratings dated May 28, Aug 13 and Oct 4 2023 citing only ""Sec 104 / Row U"" and ""Sec 104 / Row T"" with no descriptive seat or side detail. Page mixes generic Home Plate Boxes review with section-specific row labels and seat-view images.","MEDIUM - rows confirmed, ticket zone not named by the source"
105,100 Level (101-150),not named by the source,NOT STATED on the page - no sentence explicitly describes where Section 105 sits in the ballpark.,2,toward third base / left field,"L-Z, AA-JJ",JJ,"Stairway aisles run along both side edges of the section; rows are not split by a mid-row aisle, so seat numbers run continuously from one side aisle to the other. The entry portal is at row JJ.","Facing the field, seat 1 is on your left. That puts seat 1 on the edge facing section 107, with seat numbers counting up toward the edge facing section 103. Seat 1 is the end of the row farthest from home plate, and higher seat numbers run back toward home plate.",not published,"""Top Pick for Great Views of the FieldRows EE-JJ"", ""Home Plate View"", ""Rows L-Z, AA-JJ"". ""For baseball games, we recommend rows EE-JJ for great views of the field"" and ""For baseball games, desirable view from behind home plate"". CONTRADICTION WITHIN THE PAGE, FLAGGED: a fan review is filed as ""Sec 105 / Row PP"" - ""Great view from these seats, worth the price. Sec 105 / Row PP - Baseball"" - but the row label line for 105 lists only ""L-Z, AA-JJ"", which contains no row PP. Either the row list is incomplete (neighbouring 107 does list a PP-XX block) or the review is mis-filed.","MEDIUM - rows confirmed, ticket zone not named by the source"
106,100 Level (101-150),not named by the source,"Rows L-N, positioned behind the Home Plate Club seats"" / ""Sections 101-108 provide a centered, slightly elevated perspective behind home plate"" / ""Sections 101-108 are located behind home plate with a clearer view",2,toward first base / right field,"L-Z, AA-JJ",JJ,"Stairway aisles run along both side edges of the section; rows are not split by a mid-row aisle, so seat numbers run continuously from one side aisle to the other. The entry portal is at row JJ.","Facing the field, seat 1 is on your left. That puts seat 1 on the edge facing section 104, with seat numbers counting up toward the edge facing section 108. Seat 1 is the end of the row closest to home plate, and higher seat numbers run away from home plate.",not published,"""Home Plate View"", ""Rows L-Z, AA-JJ"". ""For baseball games, desirable view from behind home plate"". Page is partly generic - the Home Plate Box category text it carries applies to sections 101-108 collectively, not to 106 alone.","MEDIUM - rows confirmed, ticket zone not named by the source"
107,100 Level (101-150),not named by the source,not stated by the source,3,toward third base / left field,"L-Z, AA-JJ, PP-XX",JJ,"Stairway aisles run along both side edges of the section; rows are not split by a mid-row aisle, so seat numbers run continuously from one side aisle to the other. The entry portal is at row JJ.","Facing the field, seat 1 is on your left. That puts seat 1 on the edge facing section 109, with seat numbers counting up toward the edge facing section 105. Seat 1 is the end of the row farthest from home plate, and higher seat numbers run back toward home plate.",not published,"""Top Pick for Great Views of the FieldRows EE-JJ"" and ""Obstructed/Limited ViewsRows VV-YY"". ""For baseball games, we recommend rows EE-JJ for great views of the field"" and ""Obstructed/Limited Views - See all details"". 101-106 and 108 list ""L-Z, AA-JJ"" only, while 107 lists an additional ""PP-XX"" block - so the 101-108 group is NOT uniform. Page carries substantial generic content (Home Plate Boxes, Lower Level Corner reviews) mixed with section data.","MEDIUM - rows confirmed, ticket zone not named by the source"
108,100 Level (101-150),not named by the source,"Rows L-N, positioned behind the Home Plate Club seats"" / ""Sections 101-108 are located behind home plate with a clearer view",3,toward first base / right field,"L-Z, AA-JJ",JJ,"Stairway aisles run along both side edges of the section; rows are not split by a mid-row aisle, so seat numbers run continuously from one side aisle to the other. The entry portal is at row JJ.","Facing the field, seat 1 is on your left. That puts seat 1 on the edge facing section 106, with seat numbers counting up toward the edge facing section 110. Seat 1 is the end of the row closest to home plate, and higher seat numbers run away from home plate.",not published,"""Rows L-Z, AA-JJ"". Useful depth fact ""Seats in sections 101-108 sit about 10 rows off the field due to the Home Plate Club sections in front."" Page mixes generic Home Plate Boxes overview with section-specific detail.","MEDIUM - rows confirmed, ticket zone not named by the source"
109,100 Level (101-150),not named by the source,"NOT STATED on the page - it prints no sentence placing Section 109 (baseline, corner, behind home plate or otherwise).",4,toward third base / left field,"B-Z, AA-JJ, PP-XX",KK,"Stairway aisles run along both side edges of the section; rows are not split by a mid-row aisle, so seat numbers run continuously from one side aisle to the other. The entry portal is at row KK.","Facing the field, seat 1 is on your left. That puts seat 1 on the edge facing section 111, with seat numbers counting up toward the edge facing section 107. Seat 1 is the end of the row farthest from home plate, and higher seat numbers run back toward home plate.",not published,"""Top Pick for Great Views of the FieldRows EE-JJ"" and ""Obstructed/Limited ViewsRows VV-YY"". ""For baseball games, we recommend rows EE-JJ for great views of the field"" and ""Obstructed/Limited Views - See all details"". INTERNAL INCONSISTENCY, FLAGGED: the entrance line names ""Row KK"", but the row label line for 109 is ""B-Z, AA-JJ, PP-XX"", which contains no row KK (it jumps from JJ to PP). RateYourSeats prints the same KK entrance on 111, 113, 115, 117 and 119, all of which likewise list no KK row. Compare the related printed line on 111/115/119: ""There is a walkway betweeen Rows LL and PP"" . 109 carries the PP-XX block and the VV-YY obstructed flag (200-level overhang).","MEDIUM - rows confirmed, ticket zone not named by the source"
110,100 Level (101-150),not named by the source,"NOT STATED on the page - no sentence explicitly states where Section 110 is located within the ballpark. (Section 101's page separately states ""Home Plate Box seating is located on the Lower Level in the front of sections 101-110"", which is a category statement covering 110, not a 110-specific location line.)",4,toward first base / right field,"B-Z, AA-JJ",JJ,"Stairway aisles run along both side edges of the section; rows are not split by a mid-row aisle, so seat numbers run continuously from one side aisle to the other. The entry portal is at row JJ.","Facing the field, seat 1 is on your left. That puts seat 1 on the edge facing section 108, with seat numbers counting up toward the edge facing section 112. Seat 1 is the end of the row closest to home plate, and higher seat numbers run away from home plate.",not published,"""For baseball games, we recommend rows FF-JJ for outstanding convenience"". Row list starts at B, not L - the first-row letter is NOT uniform across the 101-110 run (101-108 start at L, 109 and 110 start at B), so no single front row should be assumed. Page reads as section-specific rather than generic.","MEDIUM - rows confirmed, ticket zone not named by the source"
111,100 Level (101-150),Fieldside Boxes,"Sections 111, 113, 115, 117 (odd): Above the visiting team dugout"" / ""For baseball games, these seats are located behind the visitor dugout",5,toward third base / left field,"K-Z, AA-JJ, PP-XX",KK,"Stairway aisles run along both side edges of the section; rows are not split by a mid-row aisle, so seat numbers run continuously from one side aisle to the other. The entry portal is at row KK.","Facing the field, seat 1 is on your left. That puts seat 1 on the edge facing section 113, with seat numbers counting up toward the edge facing section 109. Seat 1 is the end of the row farthest from home plate, and higher seat numbers run back toward home plate.",not published,"""Top Pick for Outstanding Convenience - Rows FF-QQ"", ""Top Pick for Great Views of the Field - Rows EE-JJ"", ""Obstructed/Limited Views - Rows VV-YY"". ""There is a walkway between Rows LL and PP"" and ""For baseball games, we recommend rows EE-JJ for great views of the field"". Fan comment ""Great seats on third base line. Close to visitors dugout."" PP-XX block present with VV-YY flagged (200-level overhang). entrance ""Row KK"" is not in the section's own row list (K-Z, AA-JJ, PP-XX); same pattern as 109, 113, 115, 117, 119.","HIGH - zone, rows, location and seat direction stated by the source"
112,100 Level (101-150),Fieldside Boxes,"These seats are located behind the Rays dugout"" / ""For football games, these seats are located behind the visitor sideline",5,toward first base / right field,"K-Z, AA-JJ",JJ,"Stairway aisles run along both side edges of the section; rows are not split by a mid-row aisle, so seat numbers run continuously from one side aisle to the other. The entry portal is at row JJ.","Facing the field, seat 1 is on your left. That puts seat 1 on the edge facing section 110, with seat numbers counting up toward the edge facing section 114. Seat 1 is the end of the row closest to home plate, and higher seat numbers run away from home plate.",not published,"""Near Rays Dugout"" and ""Top Pick for Outstanding ConvenienceRows FF-JJ"". ""For baseball games, we recommend rows FF-JJ for outstanding convenience"". OVERHANG (carried from the Lower Level Infield review on the page) ""Avoid Rows WW and XX on the Lower Level because of the obstructed view created by the 200 level overhang."" - 112's own row list stops at JJ and has no WW/XX rows, so the warning does not bite here.","HIGH - zone, rows, location and seat direction stated by the source"
113,100 Level (101-150),not named by the source,"Sections 111, 113, 115, 117 (odd): Above the visiting team dugout"" / ""For baseball games, these seats are located behind the visitor dugout",6,toward third base / left field,"K-Z, AA-JJ, PP-XX",KK,"Stairway aisles run along both side edges of the section; rows are not split by a mid-row aisle, so seat numbers run continuously from one side aisle to the other. The entry portal is at row KK.","Facing the field, seat 1 is on your left. That puts seat 1 on the edge facing section 115, with seat numbers counting up toward the edge facing section 111. Seat 1 is the end of the row farthest from home plate, and higher seat numbers run back toward home plate.",not published,"""Obstructed/Limited Views"", ""For baseball games, we recommend rows FF-QQ for outstanding convenience"", ""For baseball games, we recommend rows EE-JJ for great views of the field"". OVERHANG and IMPORTANT because it names the exact affected range: ""The views from rows VV-YY in sections 107-131 are limited by the overhang from the 200 level."" Fan comment ""Foul ball heaven!"" ""Row KK"" is not in the section's row list.","MEDIUM - rows confirmed, ticket zone not named by the source"
114,100 Level (101-150),Fieldside Boxes,"Sections 112, 114, 116, 118 (even): Above the Rays dugout"" / ""These seats are located behind the Rays dugout",6,toward first base / right field,"K-Z, AA-JJ",JJ,"Stairway aisles run along both side edges of the section; rows are not split by a mid-row aisle, so seat numbers run continuously from one side aisle to the other. The entry portal is at row JJ.","Facing the field, seat 1 is on your left. That puts seat 1 on the edge facing section 112, with seat numbers counting up toward the edge facing section 116. Seat 1 is the end of the row closest to home plate, and higher seat numbers run away from home plate.",not published,"""Near Rays Dugout"" and ""Top Pick for Outstanding ConvenienceRows FF-JJ"". ""For baseball games, we recommend rows FF-JJ for outstanding convenience"". ""There are 26 lettered rows in section 114"" - K-Z is 16 letters and AA-JJ is 10, totalling 26, so the page is internally consistent and confirms AA-JJ means AA,BB,...,JJ (doubled letters), i.e. 10 rows, not an alphabetic span of 36. This is a useful decoding fact for every Tropicana Field row list.","HIGH - zone, rows, location and seat direction stated by the source"
115,100 Level (101-150),Fieldside Boxes,"Sections 111, 113, 115, 117 (odd): Above the visiting team dugout"" / ""For baseball games, these seats are located behind the visitor dugout",7,toward third base / left field,"K-Z, AA-JJ, PP-XX",KK,"Stairway aisles run along both side edges of the section; rows are not split by a mid-row aisle, so seat numbers run continuously from one side aisle to the other. The entry portal is at row KK.","Facing the field, seat 1 is on your left. That puts seat 1 on the edge facing section 117, with seat numbers counting up toward the edge facing section 113. Seat 1 is the end of the row farthest from home plate, and higher seat numbers run back toward home plate.",not published,"Top Pick for Outstanding Convenience ""Rows FF-QQ""; Top Pick for Great Views ""Rows EE-JJ""; Obstructed/Limited Views ""Rows VV-YY"". ""There is a walkway betweeen Rows LL and PP"" . PP-XX block present with VV-YY flagged (200-level overhang). entrance ""Row KK"" is not in the section's own row list. Page reads as section-specific.","HIGH - zone, rows, location and seat direction stated by the source"
116,100 Level (101-150),Fieldside Boxes,"These seats are located behind the Rays dugout"" / ""For football games, these seats are located behind the visitor sideline",7,toward first base / right field,"K-Z, AA-JJ",JJ,"Stairway aisles run along both side edges of the section; rows are not split by a mid-row aisle, so seat numbers run continuously from one side aisle to the other. The entry portal is at row JJ.","Facing the field, seat 1 is on your left. That puts seat 1 on the edge facing section 114, with seat numbers counting up toward the edge facing section 118. Seat 1 is the end of the row closest to home plate, and higher seat numbers run away from home plate.",not published,"""Near Rays Dugout"", ""Rows K-Z, AA-JJ"". ""These seats are located behind the Rays dugout"" and ""For football games, these seats are located behind the visitor sideline"". Page carries extensive generic Fieldside Boxes category text alongside the section-specific rows, entrance and fan feedback.","HIGH - zone, rows, location and seat direction stated by the source"
117,100 Level (101-150),Fieldside Boxes,"Sections 111, 113, 115, 117 (odd): Above the visiting team dugout"" / ""For baseball games, these seats are located behind the visitor dugout",8,toward third base / left field,"K-Z, AA-JJ, PP-XX",KK,"Stairway aisles run along both side edges of the section; rows are not split by a mid-row aisle, so seat numbers run continuously from one side aisle to the other. The entry portal is at row KK.","Facing the field, seat 1 is on your left. That puts seat 1 on the edge facing section 119, with seat numbers counting up toward the edge facing section 115. Seat 1 is the end of the row farthest from home plate, and higher seat numbers run back toward home plate.",not published,"""Top Pick for Great Views of the FieldRows EE-JJ"" and ""Obstructed/Limited ViewsRows VV-YY"". ""For baseball games, we recommend rows EE-JJ for great views of the field"" and ""Obstructed/Limited Views - See all details"". PP-XX block present with VV-YY flagged (200-level overhang). entrance ""Row KK"" is not in the section's own row list.","HIGH - zone, rows, location and seat direction stated by the source"
118,100 Level (101-150),Fieldside Boxes,"Located within ~12 rows of the field near the dugouts"" / ""Fieldside Box seating is located on the Lower Level near the dugouts and along the baselines"" / ""These seats are located behind the Rays dugout"" / ""For football games, these seats are located behind the visitor sideline",8,toward first base / right field,"K-Z, AA-JJ",JJ,"Stairway aisles run along both side edges of the section; rows are not split by a mid-row aisle, so seat numbers run continuously from one side aisle to the other. The entry portal is at row JJ.","Facing the field, seat 1 is on your left. That puts seat 1 on the edge facing section 116, with seat numbers counting up toward the edge facing section 120. Seat 1 is the end of the row closest to home plate, and higher seat numbers run away from home plate.",not published,"""Near Rays Dugout"", ""Midfield View"", ""Rows K-Z, AA-JJ"". Seating Notes are the location lines above. That sentence did NOT surface in this fetch of the 118 page - it surfaced instead on the 108 and 112 pages. Not treated as a contradiction. 118's own row list stops at JJ, so it has no WW/XX rows regardless.","HIGH - zone, rows, location and seat direction stated by the source"
119,100 Level (101-150),Fieldside Boxes,Extend further down the baselines past the dugouts,9,toward third base / left field,"B-Z, AA-JJ, PP-XX",KK,"Stairway aisles run along both side edges of the section; rows are not split by a mid-row aisle, so seat numbers run continuously from one side aisle to the other. The entry portal is at row KK.","Facing the field, seat 1 is on your left. That puts seat 1 on the edge facing section 121, with seat numbers counting up toward the edge facing section 117. Seat 1 is the end of the row farthest from home plate, and higher seat numbers run back toward home plate.",not published,"NETTING and section-specific: ""Front of sections 119-120 are behind the netting - There is some amount of netting or screening in front of sections 119-120."" ""Top Pick for Great Views of the FieldRows B-G"", ""Top Pick for Great Views of the FieldRows EE-JJ"", ""Obstructed/Limited ViewsRows VV-YY"". ""There is a walkway betweeen Rows LL and PP"" , ""For baseball games, we recommend rows B-G for great views"", ""For baseball games, we recommend rows EE-JJ for great views"". Row list starts at B, not K - the front row differs from the 111-118 dugout sections. PP-XX block present with VV-YY flagged. entrance ""Row KK"" is not in the section's own row list.","HIGH - zone, rows, location and seat direction stated by the source"
120,100 Level (101-150),Fieldside Boxes,Extend further down the baselines past the dugouts,9,toward first base / right field,"B-Z, AA-JJ, WCH",WCH,"Stairway aisles run along both side edges of the section; rows are not split by a mid-row aisle, so seat numbers run continuously from one side aisle to the other. The entry portal is at row WCH.","Facing the field, seat 1 is on your left. That puts seat 1 on the edge facing section 118, with seat numbers counting up toward the edge facing section 122. Seat 1 is the end of the row closest to home plate, and higher seat numbers run away from home plate.",not published,"""Top Pick for Great Views of the FieldRows B-G"", ""Midfield View"". ""For football games, these seats are located behind the visitor sideline"", ""For baseball games, we recommend rows B-G for great views of the field"", ""For football games, desirable view from near midfield"". section 119's page states ""Front of sections 119-120 are behind the netting - There is some amount of netting or screening in front of sections 119-120"", which covers 120; the 120 page itself printed no netting line in this fetch. Row list has no PP-XX block, so the VV-YY / WW-XX overhang obstruction does not apply to 120.","HIGH - zone, rows, location and seat direction stated by the source"
121,100 Level (101-150),Lower Level Infield,"""Section 121 is on the lower level just beyond the infield - providing a good landscape of the field without feeling too far away."" ""Lower Level Infield seating at Tropicana Field includes sections 101-126. Odd number sections are on the third base side, while even sections are on the first base side."" (121 is ODD, i.e. third base side under that rule; the page does not state the side for 121 in so many words.)",10,toward third base / left field,"B-Z, AA-JJ, PP-XX",KK,"Stairway aisles run along both side edges of the section; rows are not split by a mid-row aisle, so seat numbers run continuously from one side aisle to the other. The entry portal is at row KK.","Facing the field, seat 1 is on your left. That puts seat 1 on the edge facing section 123, with seat numbers counting up toward the edge facing section 119. Seat 1 is the end of the row farthest from home plate, and higher seat numbers run back toward home plate.",not published,"""Verified Feb 2026"". ""Top Pick for Great Views of the Field Rows B-G""; ""Obstructed/Limited Views Rows VV-YY"". ""For baseball games, we recommend rows B-G for great views of the field"". Overhang ""The views from rows VV-YY in sections 107-131 are limited by the overhang from the 200 level."" and ""Avoid Rows WW and XX on the Lower Level because of the obstructed view created by the 200 level overhang."" and ""avoid rows WW and XX, which may be obstructed by the 200 level overhang."" Fan feedback ""row XX is the last row in section 121. The last two rows (including WW) are underneath the 200 level overhang."" NOTE INTERNAL CONTRADICTION on this page: the row list ends at XX and a fan says XX is the last row, yet the Section Insights obstruction range is given as ""Rows VV-YY"" - rows YY does not exist per the row list.","HIGH - zone, rows, location and seat direction stated by the source"
122,100 Level (101-150),Lower Level Infield,"Chalk Box text ""Located at the very front of Sections 122, 124, and 126 along the first base line"" and ""The Chalk Box is located along the first base line on the right field side, positioned at the front of Sections 122, 124, and 126."" ""Lower Level Infield seating at Tropicana Field includes sections 101-126. Odd number sections are on the third base side, while even sections are on the first base side."" Football text ""For football games, these seats are located behind the visitor sideline"" and ""For football games, desirable view from near midfield"".",10,toward first base / right field,"A-Z, AA-JJ, WCH",WCH,"Stairway aisles run along both side edges of the section; rows are not split by a mid-row aisle, so seat numbers run continuously from one side aisle to the other. The entry portal is at row WCH.","Facing the field, seat 1 is on your left. That puts seat 1 on the edge facing section 120, with seat numbers counting up toward the edge facing section 124. Seat 1 is the end of the row closest to home plate, and higher seat numbers run away from home plate.",not published,"No ""Verified"" stamp seen. ""Top Pick for Great Views of the Field Rows B-G""; ""Midfield View""; ""Chalk Box (Rows A-D)""; ""Rows A-Z, AA-JJ, WCH"". ""For baseball games, we recommend rows B-G for great views of the field""; ""Rows A-D are part of the Chalk Box"". ""The Rays dugout is in front of even sections 112-118, while the visitor's dugout is in front of odd sections 111-117.""","HIGH - zone, rows, location and seat direction stated by the source"
123,100 Level (101-150),Lower Level Infield,"""Section 123 is down the left field line at Tropicana Field."" ""Lower Level Infield seating at Tropicana Field includes sections 101-126. Odd number sections are on the third base side, while even sections are on the first base side. The Rays dugout is in front of even sections 112-118, while the visitor's dugout is in front of odd sections 111-117."" ""Sections 112, 114, 116, 118 (even): Above the Rays dugout"" and ""Sections 111, 113, 115, 117 (odd): Above the visiting team dugout"".",11,toward third base / left field,"B-Z, AA-JJ, PP-XX",KK,"Stairway aisles run along both side edges of the section; rows are not split by a mid-row aisle, so seat numbers run continuously from one side aisle to the other. The entry portal is at row KK.","Facing the field, seat 1 is on your left. That puts seat 1 on the edge facing section 125, with seat numbers counting up toward the edge facing section 121. Seat 1 is the end of the row farthest from home plate, and higher seat numbers run back toward home plate.",not published,"""Verified Feb 2026"". ""Top Pick for Great Views of the Field Rows B-G""; ""Obstructed/Limited Views Rows VV-YY"". ""For baseball games, we recommend rows B-G for great views of the field"". Overhang ""The views from rows VV-YY in sections 107-131 are limited by the overhang from the 200 level."" and ""Avoid Rows WW and XX on the Lower Level because of the obstructed view created by the 200 level overhang."" and ""avoid rows WW and XX, which may be obstructed by the 200 level overhang."" The Q&A adds a SECOND, DIFFERENT obstruction statement ""Rows XX and higher are obstructed by the press level overhang"" - note it names the PRESS level, and the row list for 123 ends at XX. Walkway ""A walkway separates the lower and upper portions of these sections.""","HIGH - zone, rows, location and seat direction stated by the source"
124,100 Level (101-150),Lower Level Infield,"Chalk Box text ""Located at the very front of Sections 122, 124, and 126 along the first base line"" and ""located along the first base line on the right field side, positioned at the front of Sections 122, 124, and 126"". ""Lower Level Infield seating at Tropicana Field includes sections 101-126. Odd number sections are on the third base side, while even sections are on the first base side."" Football text ""Lower Level Sideline seating is located on the 100 level, running from endzone to endzone on the 1st base side"" and ""For football games, these seats are located behind the visitor sideline"".",11,toward first base / right field,"A-Z, AA-JJ",JJ,"Stairway aisles run along both side edges of the section; rows are not split by a mid-row aisle, so seat numbers run continuously from one side aisle to the other. The entry portal is at row JJ.","Facing the field, seat 1 is on your left. That puts seat 1 on the edge facing section 122, with seat numbers counting up toward the edge facing section 126. Seat 1 is the end of the row closest to home plate, and higher seat numbers run away from home plate.",not published,"No ""Verified"" stamp seen. ""Top Pick for Great Views of the Field Rows B-G""; ""Midfield View""; ""Chalk Box (Rows A-D)""; ""Rows A-Z, AA-JJ"". ""For baseball games, we recommend rows B-G for great views of the field""; ""For football games, desirable view from near midfield""; ""Rows A-D are part of the Chalk Box"". Obstruction ""Avoid Rows WW and XX on the Lower Level because of the obstructed view created by the 200 level overhang"" - NOTE this generic warning names rows WW and XX which DO NOT EXIST in section 124 (row list ends at JJ), so it does not bite here. ""The view is excellent although a bit to far away from home plate...The leg room was horrible""; ""These seats are amazing, you feel like you are in the game.""","HIGH - zone, rows, location and seat direction stated by the source"
125,100 Level (101-150),Lower Level Infield,"""Sections 119-125: Extend further down the baselines past the dugouts"" and ""Sections further down the baselines (119-125) still offer close proximity but with sharper angles towards home plate."" ""Lower Level Infield seating at Tropicana Field includes sections 101-126. Odd number sections are on the third base side, while even sections are on the first base side."" (125 is ODD, i.e. third base side under that rule; the page does not state the side for 125 in so many words.)",12,toward third base / left field,"B-Z, AA-JJ, PP-XX",KK,"Stairway aisles run along both side edges of the section; rows are not split by a mid-row aisle, so seat numbers run continuously from one side aisle to the other. The entry portal is at row KK.","Facing the field, seat 1 is on your left. That puts seat 1 on the edge facing section 127, with seat numbers counting up toward the edge facing section 123. Seat 1 is the end of the row farthest from home plate, and higher seat numbers run back toward home plate.",not published,"No ""Verified"" stamp seen. ""Top Pick for Outstanding Convenience - Rows FF-QQ""; ""Obstructed/Limited Views - Rows VV-YY""; ""Rows B-Z, AA-JJ, PP-XX"". ""For baseball games, we recommend rows FF-QQ for outstanding convenience""; ""Obstructed/Limited Views - See all details"". Overhang ""The views from rows VV-YY in sections 107-131 are limited by the overhang from the 200 level."" and ""Avoid Rows WW and XX on the Lower Level because of the obstructed view created by the 200 level overhang."" and ""avoid rows WW and XX, which may be obstructed by the 200 level overhang."" NOTE the Insights obstruction range ""Rows VV-YY"" extends past the last row in the printed row list (XX). ""Awesome seats"" (5 stars). ""The Rays dugout is in front of even sections 112-118, while the visitor's dugout is in front of odd sections 111-117.""","HIGH - zone, rows, location and seat direction stated by the source"
126,100 Level (101-150),Lower Level Infield,"""Lower Level Infield seating at Tropicana Field includes sections 101-126. Odd number sections are on the third base side, while even sections are on the first base side."" Q&A text ""Section 126, down the right field line at the Trop, features just 10 seats in each row"". Chalk Box text ""Located at the very front of Sections 122, 124, and 126 along the first base line"" and ""located along the first base line on the right field side"". Football text ""For football games, these seats are located behind the visitor sideline""; ""For football games, desirable view from near midfield"".",12,toward first base / right field,"A-Z, AA-JJ",JJ,"Stairway aisles run along both side edges of the section; rows are not split by a mid-row aisle, so seat numbers run continuously from one side aisle to the other. The entry portal is at row JJ.","Facing the field, seat 1 is on your left. That puts seat 1 on the edge facing section 124, with seat numbers counting up toward the edge facing section 128. Seat 1 is the end of the row closest to home plate, and higher seat numbers run away from home plate.","""Section 126, down the right field line at the Trop, features just 10 seats in each row"" - i.e. 10 seats per row. Also implied by ""seat 10 is on the right aisle"".","""Verified Feb 2026"". ""Midfield View""; ""Chalk Box (Rows A-D)""; ""Rows A-Z, AA-JJ"". ""Rows A-D are part of the Chalk Box"". Obstruction ""Avoid Rows WW and XX on the Lower Level because of the obstructed view created by the 200 level overhang"" - rows WW and XX DO NOT EXIST in section 126 (row list ends at JJ), so the generic warning does not bite here. this is one of the narrowest lower-bowl sections at 10 seats a row. ""The Rays dugout is in front of even sections 112-118, while the visitor's dugout is in front of odd sections 111-117.""","HIGH - zone, rows, location and seat direction stated by the source"
127,100 Level (101-150),Lower Level Down the Line,"""The main attraction of seating down the line are the bullpens located on either side. The Rays bullpen can be found in front of sections 128 and 130, while the visiting team bullpen is on the opposite side of the field at 127 and 129.""",13,toward third base / left field,"G-Z, AA-JJ, PP-XX",KK,"Stairway aisles run along both side edges of the section; rows are not split by a mid-row aisle, so seat numbers run continuously from one side aisle to the other. The entry portal is at row KK.","Facing the field, seat 1 is on your left. That puts seat 1 on the edge facing section 129, with seat numbers counting up toward the edge facing section 125. Seat 1 is the end of the row farthest from home plate, and higher seat numbers run back toward home plate.",not published,"No ""Verified"" stamp seen. ""Top Pick for Outstanding Convenience Rows FF-QQ""; ""Obstructed/Limited Views Rows VV-YY"". ""For baseball games, we recommend rows FF-QQ for outstanding convenience"". Walkway ""There is a walkway betweeen Rows LL and PP"" . Overhang ""The views from rows VV-YY in sections 107-131 are limited by the overhang from the 200 level."" and ""Avoid Rows WW and XX on the Lower Level because of the obstructed view created by the 200 level overhang."" and ""avoid rows WW and XX, which may be obstructed by the 200 level overhang."" NOTE the Insights obstruction range ""Rows VV-YY"" extends past the last row printed (XX). Fan feedback ""The Visiting Team Bullpen is on the Field in Front of Sections 127 and 129"".","HIGH - zone, rows, location and seat direction stated by the source"
128,100 Level (101-150),Lower Level Down the Line,"""The main attraction of seating down the line are the bullpens located on either side. The Rays bullpen can be found in front of sections 128 and 130, while the visiting team bullpen is on the opposite side of the field at 127 and 129.""",13,toward first base / right field,"G-Z, AA-JJ, PP-XX",KK,"Stairway aisles run along both side edges of the section; rows are not split by a mid-row aisle, so seat numbers run continuously from one side aisle to the other. The entry portal is at row KK.","Facing the field, seat 1 is on your left. That puts seat 1 on the edge facing section 126, with seat numbers counting up toward the edge facing section 130. Seat 1 is the end of the row closest to home plate, and higher seat numbers run away from home plate.",not published,"No ""Verified"" stamp seen. ""Obstructed/Limited Views Rows VV-YY"". ""For football games, these seats are located behind the visitor sideline"". Obstruction ""avoid rows WW and XX, which may be obstructed by the 200 level overhang"". Fan review ""very, very limited view of the field! Especially for my 10 year old nephew"". The Rays bullpen sits between these seats and the field. ""The main attraction of seating down the line are the bullpens located on either side. The Rays bullpen can be found in front of sections 128 and 130, while the visiting team bullpen is on the opposite side of the field at 127 and 129.""","HIGH - zone, rows, location and seat direction stated by the source"
129,100 Level (101-150),Lower Level Down the Line,"""The main attraction of seating down the line are the bullpens located on either side. The Rays bullpen can be found in front of sections 128 and 130, while the visiting team bullpen is on the opposite side of the field at 127 and 129.""",14,toward third base / left field,"G-Z, AA-JJ, PP-XX",KK,"Stairway aisles run along both side edges of the section; rows are not split by a mid-row aisle, so seat numbers run continuously from one side aisle to the other. The entry portal is at row KK.","Facing the field, seat 1 is on your left. That puts seat 1 on the edge facing section 131, with seat numbers counting up toward the edge facing section 127. Seat 1 is the end of the row farthest from home plate, and higher seat numbers run back toward home plate.",not published,"No ""Verified"" stamp seen. ""Obstructed/Limited Views Rows VV-YY"". ""Obstructed/Limited Views - See all details"". Obstruction ""Sit in an odd section for the best view of the scoreboard and avoid rows WW and XX, which may be obstructed by the 200 level overhang"" - 129 IS odd, so the scoreboard tip applies to this section. NOTE the Insights obstruction range ""Rows VV-YY"" extends past the last row printed (XX). Fan review header ""Wow - Sec 129 / Row T - Baseball"" (5 stars). Fan feedback ""The Visiting Team Bullpen is on the Field in Front of Sections 127 and 129"". The bullpen sits between these seats and the field. ""The main attraction of seating down the line are the bullpens located on either side.""","HIGH - zone, rows, location and seat direction stated by the source"
130,100 Level (101-150),Lower Level Down the Line,"""The main attraction of seating down the line are the bullpens located on either side. The Rays bullpen can be found in front of sections 128 and 130, while the visiting team bullpen is on the opposite side of the field at 127 and 129."" ""The Rays bullpen can be found in front of sections 128 and 130"".",14,toward first base / right field,"G-Z, AA-JJ, PP-XX",KK,"Stairway aisles run along both side edges of the section; rows are not split by a mid-row aisle, so seat numbers run continuously from one side aisle to the other. The entry portal is at row KK.","Facing the field, seat 1 is on your left. That puts seat 1 on the edge facing section 128, with seat numbers counting up toward the edge facing section 132. Seat 1 is the end of the row closest to home plate, and higher seat numbers run away from home plate.",not published,"No ""Verified"" stamp seen. ""Obstructed/Limited Views Rows VV-YY"". Overhang ""The views from rows VV-YY in sections 107-131 are limited by the overhang from the 200 level."" and ""Avoid Rows WW and XX on the Lower Level because of the obstructed view created by the 200 level overhang."" and ""avoid rows WW and XX, which may be obstructed by the 200 level overhang."" ""avoid rows WW and XX, which may be obstructed by the 200 level overhang"". NOTE the Insights obstruction range ""Rows VV-YY"" extends past the last row printed (XX). Walkway ""There is a walkway betweeen Rows LL and PP"" . Fan feedback ""The Rays Bullpen is on the Field in Front of Sections 128 and 130"". The bullpen sits between these seats and the field.","HIGH - zone, rows, location and seat direction stated by the source"
131,100 Level (101-150),Lower Level Down the Line,"""Located on the 100 level at Tropicana field and in the corners between the endzones and sidelines"" and ""Even numbered sections from 132-140 are closest to the right field corner, where some views many be difficult due to the right field foul pole."" ""The main attraction of seating down the line are the bullpens located on either side. The Rays bullpen can be found in front of sections 128 and 130, while the visiting team bullpen is on the opposite side of the field at 127 and 129.""",15,toward third base / left field,"G-Z, AA-JJ, PP-YY",KK,"Stairway aisles run along both side edges of the section; rows are not split by a mid-row aisle, so seat numbers run continuously from one side aisle to the other. The entry portal is at row KK.","Facing the field, seat 1 is on your left. That puts seat 1 on the edge facing section 133, with seat numbers counting up toward the edge facing section 129. Seat 1 is the end of the row farthest from home plate, and higher seat numbers run back toward home plate.",not published,"No ""Verified"" stamp seen. ""Top Pick for Kids and Family""; ""Obstructed/Limited Views Rows VV-YY"". ""For baseball games, we recommend these seats for kids and family"". Overhang ""The views from rows VV-YY in sections 107-131 are limited by the overhang from the 200 level."" and ""Avoid Rows WW and XX on the Lower Level because of the obstructed view created by the 200 level overhang."" and ""avoid rows WW and XX, which may be obstructed by the 200 level overhang."" 131 is the LAST section named in the ""sections 107-131"" overhang range, and unusually its row list runs all the way to YY, so the VV-YY obstruction range fits this section exactly (unlike neighbours that stop at XX). Fan review ""Good location for foul balls"" (Sep 22, 2024).","HIGH - zone, rows, location and seat direction stated by the source"
132,100 Level (101-150),Lower Level Down the Line,"""Located on the 100 level at Tropicana field and in the corners between the endzones and sidelines, the lower level corner sections offer a unique corner viewing angle for the lowest seating tier. Even numbered sections from 132-140 are closest to the right field corner, where some views many be difficult due to the right field foul pole."" 132 is EVEN, so the ""even numbered sections from 132-140 are closest to the right field corner"" sentence DOES cover this section. ""The main attraction of seating down the line are the bullpens located on either side.""",15,toward first base / right field,"G-Z, AA-JJ, PP-XX",Entrances to this section are located at Rows W and JJ,"Stairway aisles run along both side edges of the section; rows are not split by a mid-row aisle, so seat numbers run continuously from one side aisle to the other. The entry portal is at row Entrances to this section are located at Rows W and JJ.","Facing the field, seat 1 is on your left. That puts seat 1 on the edge facing section 130, with seat numbers counting up toward the edge facing section 134. Seat 1 is the end of the row closest to home plate, and higher seat numbers run away from home plate.",not published,"""Verified Feb 2026"". ""Top Pick for Kids and Family""; ""Obstructed/Limited Views Rows VV-YY"". ""For baseball games, we recommend these seats for kids and family""; ""Obstructed/Limited Views"". Overhang ""The views from rows VV-YY in sections 107-131 are limited by the overhang from the 200 level."" and ""Avoid Rows WW and XX on the Lower Level because of the obstructed view created by the 200 level overhang."" and ""avoid rows WW and XX, which may be obstructed by the 200 level overhang."" The Insights range VV-YY also runs past the last row printed (XX). Two entrance rows are given here (W and JJ), unlike the single KK entrance on 127-131. Fan review ""Good view. Easy to reach, quick exit."" ""The main attraction of seating down the line are the bullpens located on either side.""","HIGH - zone, rows, location and seat direction stated by the source"
133,100 Level (101-150),Lower Level Down the Line,"""Located on the 100 level at Tropicana field and in the corners between the endzones and sidelines, the lower level corner sections offer a unique corner viewing angle for the lowest seating tier. Even numbered sections from 132-140 are closest to the right field corner, where some views many be difficult due to the right field foul pole."" ""The main attraction of seating down the line are the bullpens located on either side. The Rays bullpen can be found in front of sections 128 and 130, while the visiting team bullpen is on the opposite side of the field at 127 and 129.""",16,toward third base / left field,"G-Z, AA-JJ, PP-UU",KK,"Stairway aisles run along both side edges of the section; rows are not split by a mid-row aisle, so seat numbers run continuously from one side aisle to the other. The entry portal is at row KK.","Facing the field, seat 1 is on your left. That puts seat 1 on the edge facing section 135, with seat numbers counting up toward the edge facing section 131. Seat 1 is the end of the row farthest from home plate, and higher seat numbers run back toward home plate.",not published,"""Verified Feb 2026"". ""Top Pick for Kids and Family"". ""For baseball games, we recommend these seats for kids and family"". Obstruction ""avoid rows WW and XX, which may be obstructed by the 200 level overhang"" - NOTE rows WW and XX DO NOT EXIST in section 133 (the row list ends at UU), so the generic warning does not bite here. Walkway ""There is a walkway betweeen Rows LL and PP"" . ""The main attraction of seating down the line are the bullpens located on either side. The Rays bullpen can be found in front of sections 128 and 130, while the visiting team bullpen is on the opposite side of the field at 127 and 129.""","HIGH - zone, rows, location and seat direction stated by the source"
134,100 Level (101-150),Lower Level Down the Line,"""Located on the 100 level at Tropicana field and in the corners between the endzones and sidelines, the lower level corner sections offer a unique corner viewing angle for the lowest seating tier. Even numbered sections from 132-140 are closest to the right field corner, where some views many be difficult due to the right field foul pole."" Per-section answer ""Seats in Section 134 are on the Right Field side. ""The main attraction of seating down the line are the bullpens located on either side. The Rays bullpen can be found in front of sections 128 and 130, while the visiting team bullpen is on the opposite side of the field at 127 and 129.""""",16,toward first base / right field,"G-Z, AA-JJ, PP-UU",Entrances to this section are located at Rows W and JJ,"Stairway aisles run along both side edges of the section; rows are not split by a mid-row aisle, so seat numbers run continuously from one side aisle to the other. The entry portal is at row Entrances to this section are located at Rows W and JJ.","Facing the field, seat 1 is on your left. That puts seat 1 on the edge facing section 132, with seat numbers counting up toward the edge facing section 136. Seat 1 is the end of the row closest to home plate, and higher seat numbers run away from home plate.",not published,"""Verified Feb 2026"". ""Top Pick for Kids and Family""; ""Obstructed/Limited Views Rows VV-YY"". Overhang ""The views from rows VV-YY in sections 107-131 are limited by the overhang from the 200 level."" and ""Avoid Rows WW and XX on the Lower Level because of the obstructed view created by the 200 level overhang."" and ""avoid rows WW and XX, which may be obstructed by the 200 level overhang."" ""Gate 2 is the closest gate to this section"". ""The main attraction of seating down the line are the bullpens located on either side. The Rays bullpen can be found in front of sections 128 and 130, while the visiting team bullpen is on the opposite side of the field at 127 and 129.""","HIGH - zone, rows, location and seat direction stated by the source"
135,100 Level (101-150),Lower Level Down the Line,"""Located on the 100 level at Tropicana field and in the corners between the endzones and sidelines, the lower level corner sections offer a unique corner viewing angle for the lowest seating tier. Even numbered sections from 132-140 are closest to the right field corner, where some views many be difficult due to the right field foul pole."" ""The main attraction of seating down the line are the bullpens located on either side. The Rays bullpen can be found in front of sections 128 and 130, while the visiting team bullpen is on the opposite side of the field at 127 and 129.""",17,toward third base / left field,"G-Z, AA-JJ, WCH",Entrances to this section are located at Rows W and WCH,"Stairway aisles run along both side edges of the section; rows are not split by a mid-row aisle, so seat numbers run continuously from one side aisle to the other. The entry portal is at row Entrances to this section are located at Rows W and WCH.","Facing the field, seat 1 is on your left. That puts seat 1 on the edge facing section 137, with seat numbers counting up toward the edge facing section 133. Seat 1 is the end of the row farthest from home plate, and higher seat numbers run back toward home plate.",not published,"No ""Verified"" stamp seen. ""Top Pick for Kids and Family"". ""For baseball games, we recommend these seats for kids and family"". Obstruction ""avoid rows WW and XX, which may be obstructed by the 200 level overhang"" - rows WW and XX DO NOT EXIST in section 135 (row list ends at JJ, then WCH), so the generic warning does not bite here. Fan review ""Best seats I've ever had."" ""The main attraction of seating down the line are the bullpens located on either side. The Rays bullpen can be found in front of sections 128 and 130, while the visiting team bullpen is on the opposite side of the field at 127 and 129.""","HIGH - zone, rows, location and seat direction stated by the source"
136,100 Level (101-150),Lower Level Down the Line,"""Located on the 100 level at Tropicana field and in the corners between the endzones and sidelines, the lower level corner sections offer a unique corner viewing angle for the lowest seating tier. Even numbered sections from 132-140 are closest to the right field corner, where some views many be difficult due to the right field foul pole."" ""The main attraction of seating down the line are the bullpens located on either side. The Rays bullpen can be found in front of sections 128 and 130, while the visiting team bullpen is on the opposite side of the field at 127 and 129.""",17,toward first base / right field,"G-Z, AA-JJ",Entrances to this section are located at Rows W and JJ,"Stairway aisles run along both side edges of the section; rows are not split by a mid-row aisle, so seat numbers run continuously from one side aisle to the other. The entry portal is at row Entrances to this section are located at Rows W and JJ.","Facing the field, seat 1 is on your left. That puts seat 1 on the edge facing section 134, with seat numbers counting up toward the edge facing section 138. Seat 1 is the end of the row closest to home plate, and higher seat numbers run away from home plate.",not published,"No ""Verified"" stamp seen. ""Top Pick for Kids and Family"". ""For baseball games, we recommend these seats for kids and family"". Obstruction ""avoid rows WW and XX, which may be obstructed by the 200 level overhang"" - rows WW and XX DO NOT EXIST in section 136 (row list ends at JJ), so the generic warning does not bite here. ""The main attraction of seating down the line are the bullpens located on either side. The Rays bullpen can be found in front of sections 128 and 130, while the visiting team bullpen is on the opposite side of the field at 127 and 129.""","HIGH - zone, rows, location and seat direction stated by the source"
137,100 Level (101-150),Lower Level Down the Line,"""Located on the 100 level at Tropicana field and in the corners between the endzones and sidelines, the lower level corner sections offer a unique corner viewing angle for the lowest seating tier. Even numbered sections from 132-140 are closest to the right field corner, where some views many be difficult due to the right field foul pole."" ""The main attraction of seating down the line are the bullpens located on either side. The Rays bullpen can be found in front of sections 128 and 130, while the visiting team bullpen is on the opposite side of the field at 127 and 129.""",18,toward third base / left field,"G-Z, AA-JJ",Entrances to this section are located at Rows W and JJ,"Stairway aisles run along both side edges of the section; rows are not split by a mid-row aisle, so seat numbers run continuously from one side aisle to the other. The entry portal is at row Entrances to this section are located at Rows W and JJ.","Facing the field, seat 1 is on your left. That puts seat 1 on the edge facing section 139, with seat numbers counting up toward the edge facing section 135. Seat 1 is the end of the row farthest from home plate, and higher seat numbers run back toward home plate.",not published,"No ""Verified"" stamp seen. ""Top Pick for Outstanding Convenience Rows S-Z"". ""For baseball games, we recommend rows S-Z for outstanding convenience"". Obstruction ""avoid rows WW and XX, which may be obstructed by the 200 level overhang"" - rows WW and XX DO NOT EXIST in section 137 (row list ends at JJ). the page says nothing about netting; the club separately lists 137 among the netted sections and puts a foul pole at it. Fan review ""Handicap seats"". ""The main attraction of seating down the line are the bullpens located on either side. The Rays bullpen can be found in front of sections 128 and 130, while the visiting team bullpen is on the opposite side of the field at 127 and 129.""","HIGH - zone, rows, location and seat direction stated by the source"
138,100 Level (101-150),Lower Level Down the Line,"""Located on the 100 level at Tropicana field and in the corners between the endzones and sidelines, the lower level corner sections offer a unique corner viewing angle for the lowest seating tier. Even numbered sections from 132-140 are closest to the right field corner, where some views many be difficult due to the right field foul pole."" ""The main attraction of seating down the line are the bullpens located on either side. The Rays bullpen can be found in front of sections 128 and 130, while the visiting team bullpen is on the opposite side of the field at 127 and 129.""",18,toward first base / right field,"L-Z, AA-WW",Entrances to this section are located at Rows W and WW,"Stairway aisles run along both side edges of the section; rows are not split by a mid-row aisle, so seat numbers run continuously from one side aisle to the other. The entry portal is at row Entrances to this section are located at Rows W and WW.","Facing the field, seat 1 is on your left. That puts seat 1 on the edge facing section 136, with seat numbers counting up toward the edge facing section 140. Seat 1 is the end of the row closest to home plate, and higher seat numbers run away from home plate.",not published,"No ""Verified"" stamp seen. ""Rows L-Z, AA-WW"". Obstruction ""avoid rows WW and XX, which may be obstructed by the 200 level overhang"" - row WW DOES exist here and is the LAST row of the section, so this warning does bite on row WW; row XX does not exist. NOTE the entrance line names Row WW, which is also the flagged obstructed rear row. the page says nothing about netting; the club separately places the right-field foul pole at 138 and lists it as the last netted section. ""The main attraction of seating down the line are the bullpens located on either side. The Rays bullpen can be found in front of sections 128 and 130, while the visiting team bullpen is on the opposite side of the field at 127 and 129.""","HIGH - zone, rows, location and seat direction stated by the source"
139,100 Level (101-150),Lower Level Outfield,"""Located on the 100 level at Tropicana field and in the corners between the endzones and sidelines, the lower level corner sections offer a unique corner viewing angle for the lowest seating tier. Even numbered sections from 132-140 are closest to the right field corner, where some views many be difficult due to the right field foul pole."" Outfield ""The outfield at Tropicana Field is an inexpensive way to get close to the field."" 139 is ODD, so the ""even numbered sections from 132-140"" sentence is zone text about the other parity, not a statement about 139.",19,toward third base / left field,"L-Z, AA-JJ",Entrances to this section are located at Rows W and JJ,"Stairway aisles run along both side edges of the section; rows are not split by a mid-row aisle, so seat numbers run continuously from one side aisle to the other. The entry portal is at row Entrances to this section are located at Rows W and JJ.","Facing the field, seat 1 is on your left. That puts seat 1 on the edge facing section 141, with seat numbers counting up toward the edge facing section 137. Seat 1 is the end of the row farthest from home plate, and higher seat numbers run back toward home plate.",not published,"No ""Verified"" stamp seen. ""Top Pick for Outstanding Convenience Rows S-Z"". ""For baseball games, we recommend rows S-Z for outstanding convenience"". Only obstruction language on the page is the zone sentence ""some views many be difficult due to the right field foul pole"", which is about the EVEN sections, not this one. The row list starting at L (not T as discovery reports for the deeper outfield sections 141-150) is worth noting.","HIGH - zone, rows, location and seat direction stated by the source"
140,100 Level (101-150),Lower Level Outfield,"""Located on the 100 level at Tropicana field and in the corners between the endzones and sidelines, the lower level corner sections offer a unique corner viewing angle for the lowest seating tier. Even numbered sections from 132-140 are closest to the right field corner, where some views many be difficult due to the right field foul pole."" 140 is EVEN and is the last section named in that range, so the sentence DOES cover this section: right field corner, with the right field foul pole a possible view issue.",19,toward first base / right field,"L-Z, AA-WW",Entrances to this section are located at Rows W and WW,"Stairway aisles run along both side edges of the section; rows are not split by a mid-row aisle, so seat numbers run continuously from one side aisle to the other. The entry portal is at row Entrances to this section are located at Rows W and WW.","Facing the field, seat 1 is on your left. That puts seat 1 on the edge facing section 138, with seat numbers counting up toward the edge facing section 142. Seat 1 is the end of the row closest to home plate, and higher seat numbers run away from home plate.",not published,"No ""Verified"" stamp seen. ""Single lettered rows are located in front with an impressive proximity to the field, but due to the lower line of sight, the viewing experience will not be as agreeable."" NOTE that comment refers to single-lettered rows generally; in section 140 the single-letter rows begin at L. Obstruction language on the page is limited to the zone sentence about the right field foul pole. Baseball zone heading is ""Lower Level Outfield (Baseball)""; the page also carries the football heading ""Lower Level Corner (Football)"".","HIGH - zone, rows, location and seat direction stated by the source"
141,100 Level (101-150),"Baseball)"" and ""Lower Level Sideline","""The outfield at Tropicana Field is an inexpensive way to get close to the field."" ""Sections 141-145 see a fair share of home run balls in the first ten rows"". the page gives NO sentence explicitly placing section 141 in left field or on the third-base side.",20,toward third base / left field,"T-Z, AA-WW","""Entrances to this section are located at Rows WW and W"" (two entrances stated)","Stairway aisles run along both side edges of the section; rows are not split by a mid-row aisle, so seat numbers run continuously from one side aisle to the other. The entry portal is at row ""Entrances to this section are located at Rows WW and W"" (two entrances stated).","Facing the field, seat 1 is on your left. That puts seat 1 on the edge facing section 143, with seat numbers counting up toward the edge facing section 139. Seat 1 is the end of the row farthest from home plate, and higher seat numbers run back toward home plate.","""There are a total 24 seats in Section 141 Row T."" - stated for Row T only; no other row's count is given.","""Verified Feb 2026"". ""Rows T-Z, AA-WW"". ""Sections 141-145 see a fair share of home run balls in the first ten rows"". Fan review header ""Cincinnati Reds at Tampa Bay Rays - Jul 27, 2024 Sec 141 / Row U - Baseball"" (5 stars, no comment text).","HIGH - zone, rows, location and seat direction stated by the source"
142,100 Level (101-150),Lower Level Outfield,"""even numbered sections from 142-150 are located in Right Field and will sit higher up from the playing surface."" ""Seats beyond the right field wall will also be very close to to the featured Tropicana Field aquarium which houses 30 cownose rays on display for fans."" .",20,toward first base / right field,"T-Z, AA-WW","""Entrances to this section are located at Rows W and WW"" (two entrances stated)","Stairway aisles run along both side edges of the section; rows are not split by a mid-row aisle, so seat numbers run continuously from one side aisle to the other. The entry portal is at row ""Entrances to this section are located at Rows W and WW"" (two entrances stated).","Facing the field, seat 1 is on your left. That puts seat 1 on the edge facing section 140, with seat numbers counting up toward the edge facing section 144. Seat 1 is the end of the row closest to home plate, and higher seat numbers run away from home plate.",not published,"""Top Pick for Outstanding Convenience Rows S-Z""; row list ""Rows T-Z, AA-WW"". NOTE INTERNAL INCONSISTENCY on this page: the Insights and Seating Notes recommend ""Rows S-Z"" but the section's own row list begins at Row T - there is no Row S in the stated row labels. The same S-Z recommendation appears on 143, 144, 145 and 146, which likewise start at T. ""For baseball games, we recommend rows S-Z for outstanding convenience"". Scoreboard warning ""Keep in mind that the outfield scoreboard will not be viewable from even-numbered outfield sections."" Ray tank ""Seats beyond the right field wall will also be very close to to the featured Tropicana Field aquarium which houses 30 cownose rays on display for fans.""","HIGH - zone, rows, location and seat direction stated by the source"
143,100 Level (101-150),not named by the source,"On re-query the page was confirmed to identify Section 143 only as part of the ""Lower Level Outfield"" for baseball, without specifying left, centre or right field, and without naming a base side. Recorded as a gap rather than filled in.",21,toward third base / left field,"T-Z, AA-YY","""Entrances to this section are located at Rows YY and W"" (two entrances stated)","Stairway aisles run along both side edges of the section; rows are not split by a mid-row aisle, so seat numbers run continuously from one side aisle to the other. The entry portal is at row ""Entrances to this section are located at Rows YY and W"" (two entrances stated).","Facing the field, seat 1 is on your left. That puts seat 1 on the edge facing section 145, with seat numbers counting up toward the edge facing section 141. Seat 1 is the end of the row farthest from home plate, and higher seat numbers run back toward home plate.",not published,"""Top Pick for Outstanding ConvenienceRows S-Z"" ; row list ""Rows T-Z, AA-YY"". ""For baseball games, we recommend rows S-Z for outstanding convenience"" - again recommends a Row S that does not appear in this section's stated row labels (which start at T). Fan reviews ""Great if you love the outfielders!!! Or Baseball butts!!!"" and ""Inexpensive tickets with a good view of the game.""","MEDIUM - rows confirmed, ticket zone not named by the source"
144,100 Level (101-150),"Football)"" and ""Lower Level Outfield","""even numbered sections from 142-150 are located in Right Field"". ""The outfield at Tropicana Field is an inexpensive way to get close to the field...Sections 141-145 see a fair share of home run balls in the first ten rows."" and ""Sections 141-145 see a fair share of home run balls in the first ten rows, while Right Field home runs tend to land evenly among most rows in even sections 142-148."" and ""Seats beyond the right field wall will also be very close to the featured Tropicana Field aquarium which houses 30 cownose rays on display.""",21,toward first base / right field,"T-Z, AA-YY","""Entrances to this section are located at Rows W and YY"" (two entrances stated)","Stairway aisles run along both side edges of the section; rows are not split by a mid-row aisle, so seat numbers run continuously from one side aisle to the other. The entry portal is at row ""Entrances to this section are located at Rows W and YY"" (two entrances stated).","Facing the field, seat 1 is on your left. That puts seat 1 on the edge facing section 142, with seat numbers counting up toward the edge facing section 146. Seat 1 is the end of the row closest to home plate, and higher seat numbers run away from home plate.",not published,"""Top Pick for Outstanding Convenience - Rows S-Z""; row list ""Rows T-Z, AA-YY"". ""For baseball games, we recommend rows S-Z for outstanding convenience"" - recommends a Row S not present in this section's stated row labels (T onward).","HIGH - zone, rows, location and seat direction stated by the source"
145,100 Level (101-150),not named by the source,"The only location text rendered for this section is the generic zone line ""The outfield at Tropicana Field is an inexpensive way to get close to the field."" A dedicated re-query confirmed the page does not say left field, right field or a base side for this section.",22,toward third base / left field,"T-Z, AA-XX","""Entrances to this section are located at Rows XX and W"" (two entrances stated)","Stairway aisles run along both side edges of the section; rows are not split by a mid-row aisle, so seat numbers run continuously from one side aisle to the other. The entry portal is at row ""Entrances to this section are located at Rows XX and W"" (two entrances stated).","Facing the field, seat 1 is on your left. That puts seat 1 on the edge facing section 147, with seat numbers counting up toward the edge facing section 143. Seat 1 is the end of the row farthest from home plate, and higher seat numbers run back toward home plate.",not published,"""Top Pick for Outstanding Convenience Rows S-Z""; row list ""Rows T-Z, AA-XX"". ""For baseball games, we recommend rows S-Z for outstanding convenience"" - recommends a Row S not present in this section's stated row labels (T onward). Fan review headers ""Sec 145 / Row W - Baseball"" (5 stars, AL Wild Card game, Oct 4, 2023) and ""Sec 145 / Row JJ - Baseball"" (5 stars, Yankees at Rays, Jul 9, 2026); no comment text was rendered for either.","MEDIUM - rows confirmed, ticket zone not named by the source"
146,100 Level (101-150),"Football)"" and ""Lower Level Outfield","""even numbered sections from 142-150 are located in Right Field"". Full zone sentence ""Odd numbered sections from 109-123 are located along the normal third base line and are close to the playing field level, while even numbered sections from 142-150 are located in Right Field and will sit higher up from the playing surface.""",22,toward first base / right field,"T-Z, AA-XX","""Entrances to this section are located at Rows W and XX"" (two entrances stated)","Stairway aisles run along both side edges of the section; rows are not split by a mid-row aisle, so seat numbers run continuously from one side aisle to the other. The entry portal is at row ""Entrances to this section are located at Rows W and XX"" (two entrances stated).","Facing the field, seat 1 is on your left. That puts seat 1 on the edge facing section 144, with seat numbers counting up toward the edge facing section 148. Seat 1 is the end of the row closest to home plate, and higher seat numbers run away from home plate.",not published,"""Top Pick for Outstanding ConvenienceRows S-Z"" . ""For baseball games, we recommend rows S-Z for outstanding convenience"" - recommends a Row S not present in this section's stated row labels (T onward). Fan review ""These seats were right field, 2nd row from the rail. It was where both outfielders took position right in front of us."" - this fan comment independently corroborates that 146 is a RIGHT FIELD section.","HIGH - zone, rows, location and seat direction stated by the source"
147,100 Level (101-150),Lower Level Outfield,"""The outfield at Tropicana Field is an inexpensive way to get close to the field. Though Tropicana Field is not a home run ballpark, the abundance of outfield seats means that fans are usually walking away with home runs rather than them falling in the bullpens. Sections 141-145 see a fair share of home run balls in the first ten rows, while Right Field home runs tend to land evenly among most rows in even sections 142-148."" However a fan review calls the seats ""Great seats in LF!"" - that is the only text on the page placing 147 in LEFT FIELD, and it is fan feedback, not an editorial statement.",23,toward third base / left field,"T-Z, AA-VV","""Entrances to this section are located at Rows VV and W"" (two entrances stated)","Stairway aisles run along both side edges of the section; rows are not split by a mid-row aisle, so seat numbers run continuously from one side aisle to the other. The entry portal is at row ""Entrances to this section are located at Rows VV and W"" (two entrances stated).","Facing the field, seat 1 is on your left. That puts seat 1 on the edge facing section 149, with seat numbers counting up toward the edge facing section 145. Seat 1 is the end of the row farthest from home plate, and higher seat numbers run back toward home plate.",not published,"""Top Pick for Partying and Socializing""; row list ""Rows T-Z, AA-VV"". ""For baseball games, we recommend these seats for partying and socializing"" - NOTE the recommendation type changes here from the ""Outstanding Convenience / rows S-Z"" wording used on 142-146 to ""Partying and Socializing"", and the same partying wording continues on 148, 149 and 150. Fan review ""Toronto Blue Jays at Tampa Bay Rays - Mar 28, 2024 - Great seats in LF! Sec 147 / Row U - Baseball"" (5 stars).","HIGH - zone, rows, location and seat direction stated by the source"
148,100 Level (101-150),Lower Level Outfield,"""Even numbered sections from 142-150 are located in Right Field and will sit higher up from the playing surface.""",23,toward first base / right field,"T-Z, AA-VV","""Entrances to this section are located at Rows W and VV"" (two entrances stated)","Stairway aisles run along both side edges of the section; rows are not split by a mid-row aisle, so seat numbers run continuously from one side aisle to the other. The entry portal is at row ""Entrances to this section are located at Rows W and VV"" (two entrances stated).","Facing the field, seat 1 is on your left. That puts seat 1 on the edge facing section 146, with seat numbers counting up toward the edge facing section 150. Seat 1 is the end of the row closest to home plate, and higher seat numbers run away from home plate.","There are 24 seats in this row [row T]... Rows W-Z and AA-BB have 18 seats each, while all other rows have 24 seats like in row T.","""Verified Feb 2026"". ""Top Pick for Partying and Socializing""; row list ""Rows T-Z, AA-VV"". ""For baseball games, we recommend these seats for partying and socializing"". ""row T is the row closest to the field"" - this confirms directly that the T start in outfield sections is the FRONT of the section, not a mid-section label, which matters because a reader used to lettered rows starting at A could assume rows A-S exist and are missing.","HIGH - zone, rows, location and seat direction stated by the source"
149,100 Level (101-150),not named by the source,"A dedicated re-query confirmed the page identifies Section 149 as part of ""Lower Level Outfield (Baseball)"" but ""does not specify whether it is on the left field or right field side."" Recorded as a gap rather than filled in.",24,toward third base / left field,"T-Z, AA-RR","""Entrances to this section are located at Rows RR and W"" (two entrances stated)","Stairway aisles run along both side edges of the section; rows are not split by a mid-row aisle, so seat numbers run continuously from one side aisle to the other. The entry portal is at row ""Entrances to this section are located at Rows RR and W"" (two entrances stated).","Facing the field, seat 1 is on your left. That puts seat 1 on the far edge of the section, with no further section beyond it on that side, with seat numbers counting up toward the edge facing section 147. Seat 1 is the end of the row farthest from home plate, and higher seat numbers run back toward home plate.",not published,"""Top Pick for Partying and Socializing""; row list ""Rows T-Z, AA-RR"". ""For baseball games, we recommend these seats for partying and socializing"".","MEDIUM - rows confirmed, ticket zone not named by the source"
150,100 Level (101-150),not named by the source,"""even numbered sections from 142-150 are located in Right Field"" and ""Seats beyond the right field wall will also be very close to to the featured Tropicana Field aquarium"" .",24,toward first base / right field,"T-Z, AA-RR","""Entrances to this section are located at Rows W and RR"" (two entrances stated)","Stairway aisles run along both side edges of the section; rows are not split by a mid-row aisle, so seat numbers run continuously from one side aisle to the other. The entry portal is at row ""Entrances to this section are located at Rows W and RR"" (two entrances stated).","Facing the field, seat 1 is on your left. That puts seat 1 on the edge facing section 148, with seat numbers counting up toward the far edge of the section, with no further section beyond it on that side. Seat 1 is the end of the row closest to home plate, and higher seat numbers run away from home plate.",not published,"""Verified Feb 2026"". ""Top Pick for Partying and Socializing"". ""For baseball games, we recommend these seats for partying and socializing"". OBSTRUCTION - THE ONLY ONE FOUND ANYWHERE IN THIS BATCH fan review, headlined ""Obstructed view of home plate."": ""Row U is the second row in this section. Seat 1 is on the left as you look towards home plate. A horizontal safety bar that sits a foot or two above the rail blocks your view if your 5'8\""."" . Ray tank ""seat 9 is directly next to the ray tank in rows W-Z and AA-BB, while seat 12 is next to the tank in all other rows.""""","MEDIUM - rows confirmed, ticket zone not named by the source"
203,200 Level (203-224),Press Level,"""Home Plate View"". ""Sections 203-224 provide a higher vantage point for seeing the full field"" and ""odd numbered sections 203-209 closer to 3rd base"".",0,behind home plate,A-H,H,"Stairway aisles run along both side edges of the section; rows are not split by a mid-row aisle, so seat numbers run continuously from one side aisle to the other. The entry portal is at row H.","Facing the field, seat 1 is on your left. That puts seat 1 on the edge facing section 205, with seat numbers counting up toward the far edge of the section, with no further section beyond it on that side. This section is behind home plate, so seat 1 is on its third-base side.",not published,"""Home Plate View""; row list ""Rows A-H"". ""For baseball games, desirable view from behind home plate"". *** CONTRADICTION WITHIN THIS PAGE, AND IT REPEATS ON EVERY 200-LEVEL PAGE IN THIS BATCH: *** the Press Level zone paragraph says ""Most sections are relatively small, with just 7 rows labeled A-G, and Row A closest to the field"", but this section's own row line says ""Rows in Section 203 are labeled A-H"" - eight rows, A through H, and the entrance is stated at Row H, a row the zone paragraph says does not exist. section 208's own answer counts seats only ""in Rows A through C"" and ""Rows D through G"", and section 210's answer counts only ""rows A through G"", neither mentioning H. Football zone name on this tier is ""Middle Level Corner (Football)"".","HIGH - zone, rows, location and seat direction stated by the source"
204,200 Level (203-224),not named by the source,"""Middle level corner seating is located on the second tier up from the playing surface and behind home pate."" .",0,behind home plate,A-H,H,"Stairway aisles run along both side edges of the section; rows are not split by a mid-row aisle, so seat numbers run continuously from one side aisle to the other. The entry portal is at row H.","Facing the field, seat 1 is on your left. That puts seat 1 on the far edge of the section, with no further section beyond it on that side, with seat numbers counting up toward the edge facing section 206. This section is behind home plate, so seat 1 is on its third-base side.",not published,"""Home Plate View""; row list ""Rows A-H"". ""For baseball games, desirable view from behind home plate"". Tier note ""200 level seating features fewer rows per section making for quick and easy access to and from the seats."" the Press Level zone paragraph says ""just 7 rows labeled A-G"" while this section's row line says A-H and the entrance is at Row H. Note the typo ""home pate"" is reproduced ; it recurs on 205, 206, 207, 208 and 209.","MEDIUM - rows confirmed, ticket zone not named by the source"
205,200 Level (203-224),"Tier zone: ""Press Level"" / ""Middle Level Corner","""Middle level corner seating is located on the second tier up from the playing surface and behind home pate."" .",1,toward third base / left field,A-H,H,"Stairway aisles run along both side edges of the section; rows are not split by a mid-row aisle, so seat numbers run continuously from one side aisle to the other. The entry portal is at row H.","Facing the field, seat 1 is on your left. That puts seat 1 on the edge facing section 207, with seat numbers counting up toward the edge facing section 203. Seat 1 is the end of the row farthest from home plate, and higher seat numbers run back toward home plate.",not published,"""Home Plate View""; row list ""Rows A-H"". ""For baseball games, desirable view from behind home plate"". the 200-level ring is BROKEN behind home plate by the press box, so 203 and 204 are not adjacent to each other in the way consecutive numbers would normally be. SAME A-G VERSUS A-H CONFLICT as on 203 and 204.","HIGH - zone, rows, location and seat direction stated by the source"
206,200 Level (203-224),not named by the source,"""Home Plate View"". Tier location text ""Middle level corner seating is located on the second tier up from the playing surface and behind home pate."" . NO SENTENCE ON THIS PAGE NAMES A BASE SIDE FOR 206 SPECIFICALLY - the ""even numbered sections 204-210 closer to 1st base"" line that appears on 204, 205, 208 and 209 was not rendered on this page.",1,toward first base / right field,A-H,H,"Stairway aisles run along both side edges of the section; rows are not split by a mid-row aisle, so seat numbers run continuously from one side aisle to the other. The entry portal is at row H.","Facing the field, seat 1 is on your left. That puts seat 1 on the edge facing section 204, with seat numbers counting up toward the edge facing section 208. Seat 1 is the end of the row closest to home plate, and higher seat numbers run away from home plate.",not published,"""Home Plate View"" and ""Rows A-H"". ""For baseball games, desirable view from behind home plate"". SAME A-G VERSUS A-H CONFLICT with the Press Level zone paragraph as on 203-205. This is the thinnest 200-level page in the batch.","MEDIUM - rows confirmed, ticket zone not named by the source"
207,200 Level (203-224),not named by the source,"Tier location text ""Middle level corner seating is located on the second tier up from the playing surface"". The ""odd numbered sections 203-209 closer to 3rd base"" line rendered on sibling pages 204, 205, 208 and 209 was not rendered here.",2,toward third base / left field,A-H,H,"Stairway aisles run along both side edges of the section; rows are not split by a mid-row aisle, so seat numbers run continuously from one side aisle to the other. The entry portal is at row H.","Facing the field, seat 1 is on your left. That puts seat 1 on the edge facing section 209, with seat numbers counting up toward the edge facing section 205. Seat 1 is the end of the row farthest from home plate, and higher seat numbers run back toward home plate.",not published,"""For baseball games, we recommend rows B-H for great views of the field"" - NOTE this differs from the ""desirable view from behind home plate"" note used on 203-206, and it explicitly recommends up to Row H, which reinforces that Row H exists despite the zone paragraph's ""just 7 rows labeled A-G"". Tier note ""200 level seating features fewer rows per section making for quick and easy access"". SAME A-G VERSUS A-H CONFLICT as on 203-206. Much of this page is generic Press Level tier content rather than 207-specific content.","MEDIUM - rows confirmed, ticket zone not named by the source"
208,200 Level (203-224),Press Level,"""Middle level corner seating is located on the second tier up from the playing surface and behind home pate."" . ""even numbered sections 204-210 closer to 1st base, and odd numbered sections 203-209 closer to 3rd base"".",2,toward first base / right field,A-H,H,"Stairway aisles run along both side edges of the section; rows are not split by a mid-row aisle, so seat numbers run continuously from one side aisle to the other. The entry portal is at row H.","Facing the field, seat 1 is on your left. That puts seat 1 on the edge facing section 206, with seat numbers counting up toward the edge facing section 210. Seat 1 is the end of the row closest to home plate, and higher seat numbers run away from home plate.","Section 208 is slightly smaller with 22 seats in Rows A through C, and 23 seats in Rows D through G.","""Verified Feb 2026"". So the A-G versus A-H conflict recorded on 203 is reproduced INSIDE this single page, between its row line and its own expert answer. Also note this section is described as ""slightly smaller"" than its neighbours, and its rows are unequal (22 in A-C, 23 in D-G) - so seats-per-row is NOT uniform on this tier.","HIGH - zone, rows, location and seat direction stated by the source"
209,200 Level (203-224),Press Level,"""Middle level corner seating is located on the second tier up from the playing surface and behind home pate."" . ""odd numbered sections 203-209 closer to 3rd base"". ""Press Level seating at Tropicana Field is located in sections 203-224 on the 200 level, wrapping around the infield. Note 209 is the LAST of the ""203-209 closer to 3rd base"" corner run.""",3,toward third base / left field,A-H,H,"Stairway aisles run along both side edges of the section; rows are not split by a mid-row aisle, so seat numbers run continuously from one side aisle to the other. The entry portal is at row H.","Facing the field, seat 1 is on your left. That puts seat 1 on the edge facing section 211, with seat numbers counting up toward the edge facing section 207. Seat 1 is the end of the row farthest from home plate, and higher seat numbers run back toward home plate.",not published,"""Top Pick for Outstanding Convenience Rows D-H"" and ""Top Pick for Great Views of the Field Rows B-H"". ""For baseball games, we recommend rows D-H for outstanding convenience"" and ""For baseball games, we recommend rows B-H for great views of the field"". Both recommendations run to Row H, again against the zone paragraph's ""just 7 rows labeled A-G"" - SAME A-G VERSUS A-H CONFLICT as on 203-208.","HIGH - zone, rows, location and seat direction stated by the source"
210,200 Level (203-224),2026 Review,"""Even-numbered sections: First base side (Rays side)"".",3,toward first base / right field,A-H,H,"Stairway aisles run along both side edges of the section; rows are not split by a mid-row aisle, so seat numbers run continuously from one side aisle to the other. The entry portal is at row H.","Facing the field, seat 1 is on your left. That puts seat 1 on the edge facing section 208, with seat numbers counting up toward the edge facing section 212. Seat 1 is the end of the row closest to home plate, and higher seat numbers run away from home plate.","""In section 210, there are 22 seats for rows A through G."" - but the SAME sentence pair then calls the last seat ""seat 24"" (see notes). Recorded verbatim, not reconciled.","""Verified Feb 2026"" (appears on both question-and-answer answers). *** INTERNAL CONTRADICTION INSIDE A SINGLE VERIFIED ANSWER - THE SHARPEST ANOMALY IN THIS BATCH: *** ""In section 210, there are 22 seats for rows A through G. The left-most seat when facing the field is seat 1 and the far right-most seat in each row is seat 24."" If seat 1 is the first seat and there are 22 seats, the last seat is 22, not 24. The stated COUNT (22) and the stated LAST SEAT NUMBER (24) cannot both be right unless seat numbers skip. Second contradiction, the standard one for this tier: the row line says ""Rows in Section 210 are labeled A-H"" and the entrance is at Row H, but the answer enumerates only ""rows A through G"" - SAME A-G VERSUS A-H CONFLICT as on 203-209.","HIGH - zone, rows, location and seat direction stated by the source"
211,200 Level (203-224),Middle Level Endzone,"""Section 211 is located between entry gate 5 (at the southwest corner of the ballpark) and gate 6 (at the northwest corner)."" ""Middle level endzone seating is located on the 200 level running along the 3rd baseline... NOTE this page names a DIFFERENT grouping from the 203-209 corner run: the odd side of this tier splits into 203-209 (corner, ""closer to 3rd base"") and 211-223 (endzone, ""along the 3rd baseline""), so 211 begins the second odd run.""",4,toward third base / left field,A-H,H,"Stairway aisles run along both side edges of the section; rows are not split by a mid-row aisle, so seat numbers run continuously from one side aisle to the other. The entry portal is at row H.","Facing the field, seat 1 is on your left. That puts seat 1 on the edge facing section 213, with seat numbers counting up toward the edge facing section 209. Seat 1 is the end of the row farthest from home plate, and higher seat numbers run back toward home plate.",not published,"TEAM SIDE CONFIRMED BY FAN FEEDBACK ""No cow bells! - Great view of the field, on the visitors side. We were very pleased that we didn't have cow bells in our ears."" (Sec 211 / Row B - Baseball). Second fan review ""First row has a great view."" (Sec 211 / Row A - Baseball). ""The closest parking for these entrances will be just off 16th Street in Lots 1, 3, and 4 at the west side of Tropicana Field."" (""Verified Feb 2026"") - together with the gate 5 / gate 6 sentence this places 211 on the WEST side of the building. ""For baseball games, we recommend rows B-H for great views of the field"" - runs to Row H, again against the Press Level zone paragraph's ""just 7 rows labeled A-G""; SAME A-G VERSUS A-H CONFLICT.","HIGH - zone, rows, location and seat direction stated by the source"
212,200 Level (203-224),"Football)"" and ""Press Level",not stated by the source,4,toward first base / right field,A-H,H,"Stairway aisles run along both side edges of the section; rows are not split by a mid-row aisle, so seat numbers run continuously from one side aisle to the other. The entry portal is at row H.","Facing the field, seat 1 is on your left. That puts seat 1 on the edge facing section 210, with seat numbers counting up toward the edge facing section 214. Seat 1 is the end of the row closest to home plate, and higher seat numbers run away from home plate.",not published,"""Top Pick for Outstanding ConvenienceRows D-H"" ; ""For baseball games, we recommend rows D-H for outstanding convenience"" - runs to Row H, against the Press Level zone paragraph's ""just 7 rows labeled A-G""; SAME A-G VERSUS A-H CONFLICT as on 203-211. ""Which seats are near suite 20 so my guests can see each other in the hallway?"" A: ""Suite 20 is down the first baseline, just behind sections 210 and 212. Sections 210 and 212 are located on the Press Level, which shares a concourse with suites like yours. To stay within close proximity of one another, your guests should look for tickets in even-numbered sections 204-224."" (""Verified Feb 2026"") - this locates the Webull suites BEHIND the 200-level seating on the first-base side and confirms the even run of this tier as 204-224.","MEDIUM - rows and zone confirmed, the source does not place this section"
213,200 Level (203-224),"Football)"" and ""Press Level","""Middle level endzone seating is located on the 200 level running along the 3rd baseline."" ""Odd-numbered sections: Third base side"".",5,toward third base / left field,A-H,H,"Stairway aisles run along both side edges of the section; rows are not split by a mid-row aisle, so seat numbers run continuously from one side aisle to the other. The entry portal is at row H.","Facing the field, seat 1 is on your left. That puts seat 1 on the edge facing section 215, with seat numbers counting up toward the edge facing section 211. Seat 1 is the end of the row farthest from home plate, and higher seat numbers run back toward home plate.",not published,"""Top Pick for Great Views of the FieldRows B-H"" ; ""Rows A-H"". ""For baseball games, we recommend rows B-H for great views of the field"". No ""Verified"" stamp. Football zone name ""Middle Level Endzone (Football)"" appears alongside the baseball content.","HIGH - zone, rows, location and seat direction stated by the source"
214,200 Level (203-224),Press Level,"""Middle level seating is located in the 200 level of Tropicana field along the 1st base line."" ""Press Level seating at Tropicana Field is located in sections 203-224 on the 200 level, wrapping around the infield."" ""Even-numbered sections: First base side (Rays side)"". Football text ""For football games, desirable view from near midfield"".",5,toward first base / right field,A-H,H,"Stairway aisles run along both side edges of the section; rows are not split by a mid-row aisle, so seat numbers run continuously from one side aisle to the other. The entry portal is at row H.","Facing the field, seat 1 is on your left. That puts seat 1 on the edge facing section 212, with seat numbers counting up toward the edge facing section 216. Seat 1 is the end of the row closest to home plate, and higher seat numbers run away from home plate.",not published,"""Midfield View""; ""Rows A-H"". ""For football games, desirable view from near midfield"". ""These sections contain fewer than ten rows and are a great alternative to the last five rows of the 100 level."" - consistent with the A-H row list (8 rows). No ""Verified"" stamp.","HIGH - zone, rows, location and seat direction stated by the source"
215,200 Level (203-224),"Football)"" and ""Press Level","""Middle level endzone seating is located on the 200 level running along the 3rd baseline."" ""This location contains 7 odd numbered sections from 211-223.""",6,toward third base / left field,A-H,H,"Stairway aisles run along both side edges of the section; rows are not split by a mid-row aisle, so seat numbers run continuously from one side aisle to the other. The entry portal is at row H.","Facing the field, seat 1 is on your left. That puts seat 1 on the edge facing section 217, with seat numbers counting up toward the edge facing section 213. Seat 1 is the end of the row farthest from home plate, and higher seat numbers run back toward home plate.",not published,"""Top Pick for Outstanding ConvenienceRows D-H"" ; ""Rows A-H"". ""For baseball games, we recommend rows D-H for outstanding convenience"". ""200 level sections have the smallest number of seating rows per section in the ballpark, making them a good option if you prefer convenient access between the seats and the concourse."" No ""Verified"" stamp.","HIGH - zone, rows, location and seat direction stated by the source"
216,200 Level (203-224),Press Level,"""Middle level seating is located in the 200 level of Tropicana field along the 1st base line."" (216 is EVEN; the page states the 1st base line placement for this middle-level location but prints no odd/even rule of its own. Football text ""For football games, desirable view from near midfield"".",6,toward first base / right field,A-H,H,"Stairway aisles run along both side edges of the section; rows are not split by a mid-row aisle, so seat numbers run continuously from one side aisle to the other. The entry portal is at row H.","Facing the field, seat 1 is on your left. That puts seat 1 on the edge facing section 214, with seat numbers counting up toward the edge facing section 218. Seat 1 is the end of the row closest to home plate, and higher seat numbers run away from home plate.",not published,"""Top Pick for Outstanding ConvenienceRows D-H"" ; ""Midfield View""; ""Rows A-H"". ""For baseball games, we recommend rows D-H for outstanding convenience""; ""For football games, desirable view from near midfield"". ""(2026 Review)"" attached to the Press Level review only - not a ""Verified <month> <year>"" stamp.","HIGH - zone, rows, location and seat direction stated by the source"
217,200 Level (203-224),"Football)"" and ""Press Level","""Middle level endzone seating is located on the 200 level running along the 3rd baseline."" ""Odd-numbered sections: Third base side"".",7,toward third base / left field,A-H,H,"Stairway aisles run along both side edges of the section; rows are not split by a mid-row aisle, so seat numbers run continuously from one side aisle to the other. The entry portal is at row H.","Facing the field, seat 1 is on your left. That puts seat 1 on the edge facing section 219, with seat numbers counting up toward the edge facing section 215. Seat 1 is the end of the row farthest from home plate, and higher seat numbers run back toward home plate.",not published,"""Rows A-H"". ""Elevated 200 Level Views: Sections 203-224 provide a higher vantage point for seeing the full field"". Fan feedback ""Good view. No chance of getting foul balls."" and ""COLD"". No ""Verified"" stamp.","HIGH - zone, rows, location and seat direction stated by the source"
218,200 Level (203-224),Press Level,"""Middle level seating is located in the 200 level of Tropicana field along the 1st base line."" ""Press Level seating at Tropicana Field is located in sections 203-224 on the 200 level, wrapping around the infield."" (218 is EVEN; the page states the 1st base line placement but prints no odd/even rule of its own.",7,toward first base / right field,A-H,H,"Stairway aisles run along both side edges of the section; rows are not split by a mid-row aisle, so seat numbers run continuously from one side aisle to the other. The entry portal is at row H.","Facing the field, seat 1 is on your left. That puts seat 1 on the edge facing section 216, with seat numbers counting up toward the edge facing section 220. Seat 1 is the end of the row closest to home plate, and higher seat numbers run away from home plate.",not published,"""Top Pick for Outstanding ConvenienceRows D-H"" ; ""Rows A-H"". ""For baseball games, we recommend rows D-H for outstanding convenience"". No ""Verified"" stamp.","HIGH - zone, rows, location and seat direction stated by the source"
219,200 Level (203-224),"Football)"" and ""Press Level","""Middle level endzone seating is located on the 200 level running along the 3rd baseline."" ""Odd-numbered sections: Third base side"". ""Press Level seating at Tropicana Field is located in sections 203-224 on the 200 level"".",8,toward third base / left field,A-H,H,"Stairway aisles run along both side edges of the section; rows are not split by a mid-row aisle, so seat numbers run continuously from one side aisle to the other. The entry portal is at row H.","Facing the field, seat 1 is on your left. That puts seat 1 on the edge facing section 221, with seat numbers counting up toward the edge facing section 217. Seat 1 is the end of the row farthest from home plate, and higher seat numbers run back toward home plate.",not published,"""Rows A-H"". ""(2026 Review)"" - not a ""Verified <month> <year>"" stamp.","HIGH - zone, rows, location and seat direction stated by the source"
220,200 Level (203-224),given as the expert-review category,"""Middle level seating is located in the 200 level of Tropicana field along the 1st base line."" (220 is EVEN; the page states the 1st base line placement but prints no odd/even rule of its own.",8,toward first base / right field,A-H,H,"Stairway aisles run along both side edges of the section; rows are not split by a mid-row aisle, so seat numbers run continuously from one side aisle to the other. The entry portal is at row H.","Facing the field, seat 1 is on your left. That puts seat 1 on the edge facing section 218, with seat numbers counting up toward the edge facing section 222. Seat 1 is the end of the row closest to home plate, and higher seat numbers run away from home plate.",not published,"""Rows A-H"" - the only insight bullet on the page. No ""Verified"" stamp. This is one of the thinnest pages in the batch.","HIGH - zone, rows, location and seat direction stated by the source"
221,200 Level (203-224),"Football)"" and ""Press Level","""Middle level endzone seating is located on the 200 level running along the 3rd baseline."" ""Odd-numbered sections: Third base side"". ""Press Level seating at Tropicana Field is located in sections 203-224 on the 200 level, wrapping around the infield.""",9,toward third base / left field,A-H,H,"Stairway aisles run along both side edges of the section; rows are not split by a mid-row aisle, so seat numbers run continuously from one side aisle to the other. The entry portal is at row H.","Facing the field, seat 1 is on your left. That puts seat 1 on the edge facing section 223, with seat numbers counting up toward the edge facing section 219. Seat 1 is the end of the row farthest from home plate, and higher seat numbers run back toward home plate.",not published,"""Rows A-H"". No ""Verified"" stamp.","HIGH - zone, rows, location and seat direction stated by the source"
222,200 Level (203-224),Press Level,"""Middle level seating is located in the 200 level of Tropicana field along the 1st base line."" ""Press Level seating at Tropicana Field is located in sections 203-224 on the 200 level, wrapping around the infield."" ""Even-numbered sections: First base side (Rays side)"" and ""Baseline Orientation: Even sections on the first base (Rays) side, odd sections on the third base side.""",9,toward first base / right field,A-H,H,"Stairway aisles run along both side edges of the section; rows are not split by a mid-row aisle, so seat numbers run continuously from one side aisle to the other. The entry portal is at row H.","Facing the field, seat 1 is on your left. That puts seat 1 on the edge facing section 220, with seat numbers counting up toward the edge facing section 224. Seat 1 is the end of the row closest to home plate, and higher seat numbers run away from home plate.",not published,"""Rows A-H"". Note the zone text hedges with ""Typically"". ""No Club Perks: Unlike many ballparks, 200 level seats do not include club access or premium amenities."" and ""Best Value Views: Strong sightlines for the price, but avoid sections far down the lines for better angles."" ""(2026 Review)"" - not a ""Verified <month> <year>"" stamp.","HIGH - zone, rows, location and seat direction stated by the source"
223,200 Level (203-224),"Football)"" and ""Press Level","""Middle level endzone seating is located on the 200 level running along the 3rd baseline."" ""Odd-numbered sections: Third base side"". ""Press Level seating at Tropicana Field is located in sections 203-224 on the 200 level, wrapping around the infield.""",10,toward third base / left field,A-H,H,"Stairway aisles run along both side edges of the section; rows are not split by a mid-row aisle, so seat numbers run continuously from one side aisle to the other. The entry portal is at row H.","Facing the field, seat 1 is on your left. That puts seat 1 on the far edge of the section, with no further section beyond it on that side, with seat numbers counting up toward the edge facing section 221. Seat 1 is the end of the row farthest from home plate, and higher seat numbers run back toward home plate.",not published,"""Rows A-H"". ""(2026 Review)"" - not a ""Verified <month> <year>"" stamp. Section 215 zone text names the odd Press Level run as ""7 odd numbered sections from 211-223"", making 223 the last odd section of the tier.","HIGH - zone, rows, location and seat direction stated by the source"
224,200 Level (203-224),Press Level,"""Middle level seating is located in the 200 level of Tropicana field along the 1st base line."" ""Press Level seating at Tropicana Field is located in sections 203-224 on the 200 level, wrapping around the infield."" ""Even-numbered sections: First base side (Rays side)"".",10,toward first base / right field,A-H,H,"Stairway aisles run along both side edges of the section; rows are not split by a mid-row aisle, so seat numbers run continuously from one side aisle to the other. The entry portal is at row H.","Facing the field, seat 1 is on your left. That puts seat 1 on the edge facing section 222, with seat numbers counting up toward the far edge of the section, with no further section beyond it on that side. Seat 1 is the end of the row closest to home plate, and higher seat numbers run away from home plate.",not published,"""Rows A-H"". ""(2026 Review)"" - not a ""Verified <month> <year>"" stamp.","HIGH - zone, rows, location and seat direction stated by the source"
300,"300 Level and MaintenX SkyDeck (300-324, 341-355 odd)",not named by the source,not stated by the source,0,behind home plate,"A-Z, AA-DD",E,"Stairway aisles run along both side edges of the section; rows are not split by a mid-row aisle, so seat numbers run continuously from one side aisle to the other. The entry portal is at row E.","Facing the field, seat 1 is on your left. That puts seat 1 on the far edge of the section, with no further section beyond it on that side, with seat numbers counting up toward the edge facing section 302. This section is behind home plate, so seat 1 is on its third-base side.",not published,"""Top Pick for Great Views of the FieldRows E-J"" ; ""Home Plate View""; ""Rows A-Z, AA-DD"". ""For baseball games, we recommend rows E-J for great views of the field""; ""For baseball games, desirable view from behind home plate"". The ""Home Plate View"" insight and the ""desirable view from behind home plate"" note are the ONLY positional evidence on the page - there is no location sentence. No ""Verified"" stamp. it begins ""For most events, rows in Section 300 are labeled"", unlike the unhedged ""Rows in Section X are labeled"" form used on the 100 and 200 levels.","MEDIUM - rows confirmed, ticket zone not named by the source"
301,"300 Level and MaintenX SkyDeck (300-324, 341-355 odd)",not named by the source,not stated by the source,0,behind home plate,"A-Z, AA-DD",E,"Stairway aisles run along both side edges of the section; rows are not split by a mid-row aisle, so seat numbers run continuously from one side aisle to the other. The entry portal is at row E.","Facing the field, seat 1 is on your left. That puts seat 1 on the edge facing section 303, with seat numbers counting up toward the far edge of the section, with no further section beyond it on that side. This section is behind home plate, so seat 1 is on its third-base side.",not published,"""Top Pick for Great Views of the FieldRows E-J"" ; ""Home Plate View""; ""Rows A-Z, AA-DD"". ""For baseball games, we recommend rows E-J for great views of the field""; ""For baseball games, desirable view from behind home plate"". The ""Home Plate View"" insight and the ""desirable view from behind home plate"" note are the ONLY positional evidence on the page - there is no location sentence. No ""Verified"" stamp. it begins ""For most events, rows in Section 301 are labeled"", unlike the unhedged ""Rows in Section X are labeled"" form used on the 100 and 200 levels.","MEDIUM - rows confirmed, ticket zone not named by the source"
302,"300 Level and MaintenX SkyDeck (300-324, 341-355 odd)",not named by the source,not stated by the source,1,toward first base / right field,"A-Z, AA-EE",E,"Stairway aisles run along both side edges of the section; rows are not split by a mid-row aisle, so seat numbers run continuously from one side aisle to the other. The entry portal is at row E.","Facing the field, seat 1 is on your left. That puts seat 1 on the edge facing section 300, with seat numbers counting up toward the edge facing section 304. Seat 1 is the end of the row closest to home plate, and higher seat numbers run away from home plate.",not published,"""Top Pick for Great Views of the FieldRows E-J"" ; ""Home Plate View""; ""Rows A-Z, AA-EE"". ""For baseball games, we recommend rows E-J for great views of the field""; ""For baseball games, desirable view from behind home plate"". The ""Home Plate View"" insight and the ""desirable view from behind home plate"" note are the ONLY positional evidence on the page - there is no location sentence. Fan feedback ""Great seats. 7th row of section. No obstructed view. Great view of entire field."" and ""Best viewpoint from upper deck behind home plate."" It also independently supports the behind-home-plate placement. No ""Verified"" stamp. it begins ""For most events, rows in Section 302 are labeled"", unlike the unhedged ""Rows in Section X are labeled"" form used on the 100 and 200 levels.","MEDIUM - rows confirmed, ticket zone not named by the source"
303,"300 Level and MaintenX SkyDeck (300-324, 341-355 odd)",not named by the source,not stated by the source,1,toward third base / left field,"A-Z, AA-EE",E,"Stairway aisles run along both side edges of the section; rows are not split by a mid-row aisle, so seat numbers run continuously from one side aisle to the other. The entry portal is at row E.","Facing the field, seat 1 is on your left. That puts seat 1 on the edge facing section 305, with seat numbers counting up toward the edge facing section 301. Seat 1 is the end of the row farthest from home plate, and higher seat numbers run back toward home plate.",not published,"""Top Pick for Great Views of the FieldRows E-J"" ; ""Home Plate View""; ""Rows A-Z, AA-EE"". ""For baseball games, we recommend rows E-J for great views""; ""For baseball games, desirable view from behind home plate"". NOTE the recommendation wording differs slightly from sections 300-302 (""for great views"" rather than ""for great views of the field""). The ""Home Plate View"" insight is the only positional evidence on the page. No ""Verified"" stamp. it begins ""For most events, rows in Section 303 are labeled"", unlike the unhedged ""Rows in Section X are labeled"" form used on the 100 and 200 levels.","MEDIUM - rows confirmed, ticket zone not named by the source"
304,"300 Level and MaintenX SkyDeck (300-324, 341-355 odd)",not named by the source,not stated by the source,2,toward first base / right field,"A-Z, AA-EE",E,"Stairway aisles run along both side edges of the section; rows are not split by a mid-row aisle, so seat numbers run continuously from one side aisle to the other. The entry portal is at row E.","Facing the field, seat 1 is on your left. That puts seat 1 on the edge facing section 302, with seat numbers counting up toward the edge facing section 306. Seat 1 is the end of the row closest to home plate, and higher seat numbers run away from home plate.",not published,"""Top Pick for Great Views of the FieldRows E-J"" ; ""Home Plate View""; ""Rows A-Z, AA-EE"". ""For baseball games, we recommend rows E-J for great views""; ""For baseball games, desirable view from behind home plate"". The ""Home Plate View"" insight is the only positional evidence on the page. No ""Verified"" stamp. it begins ""For most events, rows in Section 304 are labeled"", unlike the unhedged ""Rows in Section X are labeled"" form used on the 100 and 200 levels.","MEDIUM - rows confirmed, ticket zone not named by the source"
305,"300 Level and MaintenX SkyDeck (300-324, 341-355 odd)",not named by the source,not stated by the source,2,toward third base / left field,"A-Z, AA-EE",E,"Stairway aisles run along both side edges of the section; rows are not split by a mid-row aisle, so seat numbers run continuously from one side aisle to the other. The entry portal is at row E.","Facing the field, seat 1 is on your left. That puts seat 1 on the edge facing section 307, with seat numbers counting up toward the edge facing section 303. Seat 1 is the end of the row farthest from home plate, and higher seat numbers run back toward home plate.",not published,"""Top Pick for Great Views of the Field - Rows E-J""; ""Rows A-Z, AA-EE"". ""For baseball games, we recommend rows E-J for great views of the field"". unlike sections 300-304 this page carries NO ""Home Plate View"" insight and NO ""desirable view from behind home plate"" note, so there is no positional evidence of any kind for 305. No ""Verified"" stamp. it begins ""For most events, rows in Section 305 are labeled"", unlike the unhedged ""Rows in Section X are labeled"" form used on the 100 and 200 levels.","MEDIUM - rows confirmed, ticket zone not named by the source"
306,"300 Level and MaintenX SkyDeck (300-324, 341-355 odd)",not named by the source,not stated by the source,3,toward first base / right field,"A-Z, AA-EE",E,"Stairway aisles run along both side edges of the section; rows are not split by a mid-row aisle, so seat numbers run continuously from one side aisle to the other. The entry portal is at row E.","Facing the field, seat 1 is on your left. That puts seat 1 on the edge facing section 304, with seat numbers counting up toward the edge facing section 308. Seat 1 is the end of the row closest to home plate, and higher seat numbers run away from home plate.",not published,"""Top Pick for Great Views of the FieldRows E-J"" ; ""Rows A-Z, AA-EE"". ""For baseball games, we recommend rows E-J for great views of the field"". like 305 and unlike 300-304, no ""Home Plate View"" insight and no behind-home-plate note, so there is no positional evidence of any kind for 306. No ""Verified"" stamp. it begins ""For most events, rows in Section 306 are labeled"", unlike the unhedged ""Rows in Section X are labeled"" form used on the 100 and 200 levels.","MEDIUM - rows confirmed, ticket zone not named by the source"
307,"300 Level and MaintenX SkyDeck (300-324, 341-355 odd)",not named by the source,not stated by the source,3,toward third base / left field,"A-Z, AA-EE",E,"Stairway aisles run along both side edges of the section; rows are not split by a mid-row aisle, so seat numbers run continuously from one side aisle to the other. The entry portal is at row E.","Facing the field, seat 1 is on your left. That puts seat 1 on the edge facing section 309, with seat numbers counting up toward the edge facing section 305. Seat 1 is the end of the row farthest from home plate, and higher seat numbers run back toward home plate.",not published,"""Top Pick for Outstanding ConvenienceRows A-I"" . ""For baseball games, we recommend rows A-I for outstanding convenience"". It is not necessarily a contradiction - from the third-base side one looks ACROSS into the first-base dugout, and an elevated upper-deck seat is exactly where that sightline would be good - but it is the only sentence in this batch that touches dugout geometry, so it is flagged rather than resolved. The comment also gives a row bound, ""good through Row M"", which is fan opinion, not a stated row count. No ""Verified"" stamp. it begins ""For most events, rows in Section 307 are labeled"", unlike the unhedged ""Rows in Section X are labeled"" form used on the 100 and 200 levels.","MEDIUM - rows confirmed, ticket zone not named by the source"
308,"300 Level and MaintenX SkyDeck (300-324, 341-355 odd)",not named by the source,not stated by the source,4,toward first base / right field,"A-Z, AA-EE",E,"Stairway aisles run along both side edges of the section; rows are not split by a mid-row aisle, so seat numbers run continuously from one side aisle to the other. The entry portal is at row E.","Facing the field, seat 1 is on your left. That puts seat 1 on the edge facing section 306, with seat numbers counting up toward the edge facing section 310. Seat 1 is the end of the row closest to home plate, and higher seat numbers run away from home plate.",not published,"This is a direct finding against the discovery note that flagged the 300-level zone name as unresolved (""Club Level"" vs ""Upper Deck""): RateYourSeats prints NEITHER on the section pages themselves. Where football language appears it is multi-sport template text, not baseball-specific content.","MEDIUM - rows confirmed, ticket zone not named by the source"
309,"300 Level and MaintenX SkyDeck (300-324, 341-355 odd)",not named by the source,not stated by the source,4,toward third base / left field,"A-Z, AA-JJ",E,"Stairway aisles run along both side edges of the section; rows are not split by a mid-row aisle, so seat numbers run continuously from one side aisle to the other. The entry portal is at row E.","Facing the field, seat 1 is on your left. That puts seat 1 on the edge facing section 311, with seat numbers counting up toward the edge facing section 307. Seat 1 is the end of the row farthest from home plate, and higher seat numbers run back toward home plate.",not published,"""Top Pick for Outstanding Convenience"" ""Rows A-I"". ""For baseball games, we recommend rows A-I for outstanding convenience"". This is a direct finding against the discovery note that flagged the 300-level zone name as unresolved (""Club Level"" vs ""Upper Deck""): RateYourSeats prints NEITHER on the section pages themselves. Where football language appears it is multi-sport template text, not baseball-specific content.","MEDIUM - rows confirmed, ticket zone not named by the source"
310,"300 Level and MaintenX SkyDeck (300-324, 341-355 odd)",not named by the source,not stated by the source,5,toward first base / right field,"A-Z, AA-JJ",E,"Stairway aisles run along both side edges of the section; rows are not split by a mid-row aisle, so seat numbers run continuously from one side aisle to the other. The entry portal is at row E.","Facing the field, seat 1 is on your left. That puts seat 1 on the edge facing section 308, with seat numbers counting up toward the edge facing section 312. Seat 1 is the end of the row closest to home plate, and higher seat numbers run away from home plate.",not published,"""Rows A-Z, AA-JJ"". This is a direct finding against the discovery note that flagged the 300-level zone name as unresolved (""Club Level"" vs ""Upper Deck""): RateYourSeats prints NEITHER on the section pages themselves. Where football language appears it is multi-sport template text, not baseball-specific content.","MEDIUM - rows confirmed, ticket zone not named by the source"
311,"300 Level and MaintenX SkyDeck (300-324, 341-355 odd)",not named by the source,not stated by the source,5,toward third base / left field,"A-Z, AA-NN",E,"Stairway aisles run along both side edges of the section; rows are not split by a mid-row aisle, so seat numbers run continuously from one side aisle to the other. The entry portal is at row E.","Facing the field, seat 1 is on your left. That puts seat 1 on the edge facing section 313, with seat numbers counting up toward the edge facing section 309. Seat 1 is the end of the row farthest from home plate, and higher seat numbers run back toward home plate.",not published,"""Rows A-Z, AA-NN"". This is a direct finding against the discovery note that flagged the 300-level zone name as unresolved (""Club Level"" vs ""Upper Deck""): RateYourSeats prints NEITHER on the section pages themselves. Where football language appears it is multi-sport template text, not baseball-specific content.","MEDIUM - rows confirmed, ticket zone not named by the source"
312,"300 Level and MaintenX SkyDeck (300-324, 341-355 odd)",not named by the source,not stated by the source,6,toward first base / right field,"A-Z, AA-NN",E,"Stairway aisles run along both side edges of the section; rows are not split by a mid-row aisle, so seat numbers run continuously from one side aisle to the other. The entry portal is at row E.","Facing the field, seat 1 is on your left. That puts seat 1 on the edge facing section 310, with seat numbers counting up toward the edge facing section 314. Seat 1 is the end of the row closest to home plate, and higher seat numbers run away from home plate.",not published,"""Rows A-Z, AA-NN"". Seat-view photos on this page are captioned with the date 4-15-2016, i.e. the imagery predates the 2019 upper-deck closure and the 2024 hurricane damage. This is a direct finding against the discovery note that flagged the 300-level zone name as unresolved (""Club Level"" vs ""Upper Deck""): RateYourSeats prints NEITHER on the section pages themselves. Where football language appears it is multi-sport template text, not baseball-specific content.","MEDIUM - rows confirmed, ticket zone not named by the source"
313,"300 Level and MaintenX SkyDeck (300-324, 341-355 odd)",not named by the source,not stated by the source,6,toward third base / left field,"A-Z, AA-NN",E,"Stairway aisles run along both side edges of the section; rows are not split by a mid-row aisle, so seat numbers run continuously from one side aisle to the other. The entry portal is at row E.","Facing the field, seat 1 is on your left. That puts seat 1 on the edge facing section 315, with seat numbers counting up toward the edge facing section 311. Seat 1 is the end of the row farthest from home plate, and higher seat numbers run back toward home plate.",not published,"""Rows A-Z, AA-NN"". This is a direct finding against the discovery note that flagged the 300-level zone name as unresolved (""Club Level"" vs ""Upper Deck""): RateYourSeats prints NEITHER on the section pages themselves. Where football language appears it is multi-sport template text, not baseball-specific content.","MEDIUM - rows confirmed, ticket zone not named by the source"
314,"300 Level and MaintenX SkyDeck (300-324, 341-355 odd)",not named by the source,"No prose locating this section in the ballpark. The only positional text on the page is the Section Insights label ""Midfield View"" (a multi-sport template label). Under the park-wide parity rule quoted in discovery, an EVEN 300-level number would fall on the first base / right field side, but THIS PAGE DOES NOT STATE IT.",7,toward first base / right field,"A-Z, AA-NN",E,"Stairway aisles run along both side edges of the section; rows are not split by a mid-row aisle, so seat numbers run continuously from one side aisle to the other. The entry portal is at row E.","Facing the field, seat 1 is on your left. That puts seat 1 on the edge facing section 312, with seat numbers counting up toward the edge facing section 316. Seat 1 is the end of the row closest to home plate, and higher seat numbers run away from home plate.",not published,"""Verified Feb 2026"" - this is the only page in the batch carrying a verification stamp. ""Midfield View"" and ""Rows A-Z, AA-NN"". ACCESSIBILITY LINE ""Row M in section 314 is not accessible seating and requires walking stairs for access"" - this is the only row-level accessibility statement found anywhere in this batch and it does NOT use the WCH row convention described in discovery. This is a direct finding against the discovery note that flagged the 300-level zone name as unresolved (""Club Level"" vs ""Upper Deck""): RateYourSeats prints NEITHER on the section pages themselves. Where football language appears it is multi-sport template text, not baseball-specific content.","MEDIUM - rows confirmed, ticket zone not named by the source"
315,"300 Level and MaintenX SkyDeck (300-324, 341-355 odd)",not named by the source,not stated by the source,7,toward third base / left field,"A-Z, AA-JJ",E,"Stairway aisles run along both side edges of the section; rows are not split by a mid-row aisle, so seat numbers run continuously from one side aisle to the other. The entry portal is at row E.","Facing the field, seat 1 is on your left. That puts seat 1 on the edge facing section 317, with seat numbers counting up toward the edge facing section 313. Seat 1 is the end of the row farthest from home plate, and higher seat numbers run back toward home plate.",not published,"""Top Pick for Outstanding Convenience"" ""Rows A-I"". ""For baseball games, we recommend rows A-I for outstanding convenience"". This is a direct finding against the discovery note that flagged the 300-level zone name as unresolved (""Club Level"" vs ""Upper Deck""): RateYourSeats prints NEITHER on the section pages themselves. Where football language appears it is multi-sport template text, not baseball-specific content.","MEDIUM - rows confirmed, ticket zone not named by the source"
316,"300 Level and MaintenX SkyDeck (300-324, 341-355 odd)",not named by the source,"No prose locating this section in the ballpark. The only positional text on the page is the Section Insights label ""Midfield View"" (a multi-sport template label). Under the park-wide parity rule quoted in discovery, an EVEN 300-level number would fall on the first base / right field side, but THIS PAGE DOES NOT STATE IT.",8,toward first base / right field,"A-Z, AA-JJ",E,"Stairway aisles run along both side edges of the section; rows are not split by a mid-row aisle, so seat numbers run continuously from one side aisle to the other. The entry portal is at row E.","Facing the field, seat 1 is on your left. That puts seat 1 on the edge facing section 314, with seat numbers counting up toward the edge facing section 318. Seat 1 is the end of the row closest to home plate, and higher seat numbers run away from home plate.",not published,"""Midfield View"" and ""Top Pick for Outstanding Convenience"" ""Rows A-I"". ""For baseball games, we recommend rows A-I for outstanding convenience"" and ""For football games, desirable view from near midfield"" (the football line is multi-sport template text; Tropicana Field has no football tenant). This is a direct finding against the discovery note that flagged the 300-level zone name as unresolved (""Club Level"" vs ""Upper Deck""): RateYourSeats prints NEITHER on the section pages themselves. Where football language appears it is multi-sport template text, not baseball-specific content.","MEDIUM - rows confirmed, ticket zone not named by the source"
317,"300 Level and MaintenX SkyDeck (300-324, 341-355 odd)",not named by the source,not stated by the source,8,toward third base / left field,"A-Z, AA-EE",E,"Stairway aisles run along both side edges of the section; rows are not split by a mid-row aisle, so seat numbers run continuously from one side aisle to the other. The entry portal is at row E.","Facing the field, seat 1 is on your left. That puts seat 1 on the edge facing section 319, with seat numbers counting up toward the edge facing section 315. Seat 1 is the end of the row farthest from home plate, and higher seat numbers run back toward home plate.",not published,"""Top Pick for Outstanding Convenience"" ""Rows A-I"". ""For baseball games, we recommend rows A-I for outstanding convenience"". This is a direct finding against the discovery note that flagged the 300-level zone name as unresolved (""Club Level"" vs ""Upper Deck""): RateYourSeats prints NEITHER on the section pages themselves. Where football language appears it is multi-sport template text, not baseball-specific content.","MEDIUM - rows confirmed, ticket zone not named by the source"
318,"300 Level and MaintenX SkyDeck (300-324, 341-355 odd)",not named by the source,"No prose locating this section in the ballpark. The only positional text on the page is the Section Insights label ""Midfield View"" (a multi-sport template label). Under the park-wide parity rule quoted in discovery, an EVEN 300-level number would fall on the first base / right field side, but THIS PAGE DOES NOT STATE IT.",9,toward first base / right field,"A-Z, AA-EE",E,"Stairway aisles run along both side edges of the section; rows are not split by a mid-row aisle, so seat numbers run continuously from one side aisle to the other. The entry portal is at row E.","Facing the field, seat 1 is on your left. That puts seat 1 on the edge facing section 316, with seat numbers counting up toward the edge facing section 320. Seat 1 is the end of the row closest to home plate, and higher seat numbers run away from home plate.",not published,"""Midfield View"" and ""Top Pick for Outstanding Convenience"" ""Rows A-I"". ""For baseball games, we recommend rows A-I for outstanding convenience"" and ""For football games, desirable view from near midfield"" (the football line is multi-sport template text; Tropicana Field has no football tenant). This is a direct finding against the discovery note that flagged the 300-level zone name as unresolved (""Club Level"" vs ""Upper Deck""): RateYourSeats prints NEITHER on the section pages themselves. Where football language appears it is multi-sport template text, not baseball-specific content.","MEDIUM - rows confirmed, ticket zone not named by the source"
319,"300 Level and MaintenX SkyDeck (300-324, 341-355 odd)",not named by the source,not stated by the source,9,toward third base / left field,A-Z,E,"Stairway aisles run along both side edges of the section; rows are not split by a mid-row aisle, so seat numbers run continuously from one side aisle to the other. The entry portal is at row E.","Facing the field, seat 1 is on your left. That puts seat 1 on the edge facing section 321, with seat numbers counting up toward the edge facing section 317. Seat 1 is the end of the row farthest from home plate, and higher seat numbers run back toward home plate.",not published,"""Rows A-Z"". This is a direct finding against the discovery note that flagged the 300-level zone name as unresolved (""Club Level"" vs ""Upper Deck""): RateYourSeats prints NEITHER on the section pages themselves. Where football language appears it is multi-sport template text, not baseball-specific content.","MEDIUM - rows confirmed, ticket zone not named by the source"
320,"300 Level and MaintenX SkyDeck (300-324, 341-355 odd)",not named by the source,not stated by the source,10,toward first base / right field,A-Z,E,"Stairway aisles run along both side edges of the section; rows are not split by a mid-row aisle, so seat numbers run continuously from one side aisle to the other. The entry portal is at row E.","Facing the field, seat 1 is on your left. That puts seat 1 on the edge facing section 318, with seat numbers counting up toward the edge facing section 322. Seat 1 is the end of the row closest to home plate, and higher seat numbers run away from home plate.",not published,"""Rows A-Z"". This is a direct finding against the discovery note that flagged the 300-level zone name as unresolved (""Club Level"" vs ""Upper Deck""): RateYourSeats prints NEITHER on the section pages themselves. Where football language appears it is multi-sport template text, not baseball-specific content.","MEDIUM - rows confirmed, ticket zone not named by the source"
321,"300 Level and MaintenX SkyDeck (300-324, 341-355 odd)",not named by the source,not stated by the source,10,toward third base / left field,A-T,E,"Stairway aisles run along both side edges of the section; rows are not split by a mid-row aisle, so seat numbers run continuously from one side aisle to the other. The entry portal is at row E.","Facing the field, seat 1 is on your left. That puts seat 1 on the edge facing section 323, with seat numbers counting up toward the edge facing section 319. Seat 1 is the end of the row farthest from home plate, and higher seat numbers run back toward home plate.",not published,"""Rows A-T"". This is a direct finding against the discovery note that flagged the 300-level zone name as unresolved (""Club Level"" vs ""Upper Deck""): RateYourSeats prints NEITHER on the section pages themselves. Where football language appears it is multi-sport template text, not baseball-specific content.","MEDIUM - rows confirmed, ticket zone not named by the source"
322,"300 Level and MaintenX SkyDeck (300-324, 341-355 odd)",not named by the source,not stated by the source,11,toward first base / right field,A-T,E,"Stairway aisles run along both side edges of the section; rows are not split by a mid-row aisle, so seat numbers run continuously from one side aisle to the other. The entry portal is at row E.","Facing the field, seat 1 is on your left. That puts seat 1 on the edge facing section 320, with seat numbers counting up toward the edge facing section 324. Seat 1 is the end of the row closest to home plate, and higher seat numbers run away from home plate.",not published,"""Rows A-T"". This is a direct finding against the discovery note that flagged the 300-level zone name as unresolved (""Club Level"" vs ""Upper Deck""): RateYourSeats prints NEITHER on the section pages themselves. Where football language appears it is multi-sport template text, not baseball-specific content.","MEDIUM - rows confirmed, ticket zone not named by the source"
323,"300 Level and MaintenX SkyDeck (300-324, 341-355 odd)",not named by the source,not stated by the source,11,toward third base / left field,A-O,E,"Stairway aisles run along both side edges of the section; rows are not split by a mid-row aisle, so seat numbers run continuously from one side aisle to the other. The entry portal is at row E.","Facing the field, seat 1 is on your left. That puts seat 1 on the edge facing section 341, with seat numbers counting up toward the edge facing section 321. Seat 1 is the end of the row farthest from home plate, and higher seat numbers run back toward home plate.",not published,"""Rows A-O"". This is a direct finding against the discovery note that flagged the 300-level zone name as unresolved (""Club Level"" vs ""Upper Deck""): RateYourSeats prints NEITHER on the section pages themselves. Where football language appears it is multi-sport template text, not baseball-specific content.","MEDIUM - rows confirmed, ticket zone not named by the source"
324,"300 Level and MaintenX SkyDeck (300-324, 341-355 odd)",not named by the source,not stated by the source,12,toward first base / right field,A-O,E,"Stairway aisles run along both side edges of the section; rows are not split by a mid-row aisle, so seat numbers run continuously from one side aisle to the other. The entry portal is at row E.","Facing the field, seat 1 is on your left. That puts seat 1 on the edge facing section 322, with seat numbers counting up toward the far edge of the section, with no further section beyond it on that side. Seat 1 is the end of the row closest to home plate, and higher seat numbers run away from home plate.",not published,"""Rows A-O"". This is a direct finding against the discovery note that flagged the 300-level zone name as unresolved (""Club Level"" vs ""Upper Deck""): RateYourSeats prints NEITHER on the section pages themselves. Where football language appears it is multi-sport template text, not baseball-specific content.","MEDIUM - rows confirmed, ticket zone not named by the source"
341,"300 Level and MaintenX SkyDeck (300-324, 341-355 odd)","Zone: ""MaintenX SkyDeck","""The MaintenX SkyDeck is located in sections 341-355 in left field on the upper level of Tropicana Field."" ""Sections 341-345: Down the left field line in foul territory."" ""Sections 347-355: Positioned beyond the outfield fence."" So this section is in the FOUL-TERRITORY part of the SkyDeck, down the left field line - consistent with the odd/third-base-and-left-field parity rule in discovery.",,"above the left field line - the MaintenX SkyDeck is a separate deck that only shares the 300 Level's hundreds digit, and the source places 341-345 down the left field line in foul territory, so a count of sections from the 300 Level anchor would mean nothing","A-F, WCH",WCH,"Stairway aisles run along both side edges of the section; rows are not split by a mid-row aisle, so seat numbers run continuously from one side aisle to the other. The entry portal is at row WCH.","Facing the field, seat 1 is on your left. That puts seat 1 on the edge facing section 343, with seat numbers counting up toward the edge facing section 323.",not published,"""Rows A-F, WCH"" and ""Wheelchair seating is available behind Row F"". This CONFIRMS the WCH convention recorded in discovery - WCH is a REAR row behind the last lettered row, not a front row - and it is why the entrance row is given as WCH rather than a letter. Fan comment ""Far far away, but needed wheelchair capacity"". No ""Verified"" stamp. Note the internal oddity that the entrance is at the accessible row WCH while sections 343 and 345 in the same zone give entrances at Row J and Row WCH respectively - the SkyDeck does not use the uniform ""Row E"" template that all seventeen 300-level sections in this batch use.","HIGH - zone, rows, location and seat direction stated by the source"
343,"300 Level and MaintenX SkyDeck (300-324, 341-355 odd)","zone content on the page is the ""MaintenX SkyDeck"" block","""The MaintenX SkyDeck is located in sections 341-355 in left field on the upper level of Tropicana Field."" ""Sections 341-345: Down the left field line in foul territory."" ""Sections 347-355: Positioned beyond the outfield fence."" So this section is in the FOUL-TERRITORY part of the SkyDeck, down the left field line - consistent with the odd/third-base-and-left-field parity rule in discovery.",,"above the left field line - the MaintenX SkyDeck is a separate deck that only shares the 300 Level's hundreds digit, and the source places 341-345 down the left field line in foul territory, so a count of sections from the 300 Level anchor would mean nothing",A-J,J,"Stairway aisles run along both side edges of the section; rows are not split by a mid-row aisle, so seat numbers run continuously from one side aisle to the other. The entry portal is at row J.","Facing the field, seat 1 is on your left. That puts seat 1 on the edge facing section 345, with seat numbers counting up toward the edge facing section 341.",not published,"""Rows A-J"". NOTE THE DIFFERENCE FROM ITS NEIGHBOURS: 343 runs A-J with NO WCH row and its entrance is at Row J (the last lettered row), whereas 341 and 345 both run ""A-F, WCH"" with the entrance at Row WCH. Three adjacent sections in the same zone therefore have three different row profiles; do not assume a uniform SkyDeck row set. The page mixes section-specific content (the A-J row line) with the shared MaintenX SkyDeck zone block covering 341-355. Zone text mentions ""all-inclusive experience"" and ""all-inclusive food menu"".","HIGH - zone, rows, location and seat direction stated by the source"
345,"300 Level and MaintenX SkyDeck (300-324, 341-355 odd)","Section 345 at Tropicana Field"" and ""MaintenX SkyDeck","""The MaintenX SkyDeck is located in sections 341-355 in left field on the upper level of Tropicana Field."" ""Sections 341-345: Down the left field line in foul territory."" ""Sections 347-355: Positioned beyond the outfield fence."" So this section is in the FOUL-TERRITORY part of the SkyDeck, down the left field line - consistent with the odd/third-base-and-left-field parity rule in discovery.",,"above the left field line - the MaintenX SkyDeck is a separate deck that only shares the 300 Level's hundreds digit, and the source places 341-345 down the left field line in foul territory, so a count of sections from the 300 Level anchor would mean nothing","A-F, WCH",WCH,"Stairway aisles run along both side edges of the section; rows are not split by a mid-row aisle, so seat numbers run continuously from one side aisle to the other. The entry portal is at row WCH.","Facing the field, seat 1 is on your left. That puts seat 1 on the edge facing section 347, with seat numbers counting up toward the edge facing section 343.",not published,"""Rows A-F, WCH"". Row line matches the value already recorded in discovery for 345. the bulk of this page is the shared MaintenX SkyDeck block describing sections 341-355 rather than 345-specific prose; only the row label and entrance row are section-specific. Recorded as a finding, not padded out.","HIGH - zone, rows, location and seat direction stated by the source"
347,"300 Level and MaintenX SkyDeck (300-324, 341-355 odd)",not named by the source,"The MaintenX SkyDeck is located in sections 341-355 in left field on the upper level of Tropicana Field."" / ""Sections 347-355: Positioned beyond the outfield fence",,"above left field beyond the fence - the MaintenX SkyDeck is a separate deck that only shares the 300 Level's hundreds digit, and the source places 347-355 beyond the outfield fence, so a count of sections from the 300 Level anchor would mean nothing",A-J,J,"Stairway aisles run along both side edges of the section; rows are not split by a mid-row aisle, so seat numbers run continuously from one side aisle to the other. The entry portal is at row J.","Facing the field, seat 1 is on your left. That puts seat 1 on the edge facing section 349, with seat numbers counting up toward the edge facing section 345.",not published,"""Top Pick for Outstanding Convenience"". ""For baseball games, we recommend these seats for outstanding convenience"". ""MaintenX SkyDeck seats are ideal for Rays fans who prioritize an all-inclusive experience and social atmosphere over having a close view of the field."" That is zone-level (MaintenX SkyDeck) content, not 347-specific. no netting line is printed for this section, and it is not in the club's netted list, which the club gives as ""Protective netting extends from home plate to the foul poles located in Sections 137 and 138"" covering 101-138 only.","MEDIUM - rows confirmed, ticket zone not named by the source"
349,"300 Level and MaintenX SkyDeck (300-324, 341-355 odd)",not named by the source,"The MaintenX SkyDeck is located in sections 341-355 in left field on the upper level of Tropicana Field."" / ""Sections 347-355: Positioned beyond the outfield fence",,"above left field beyond the fence - the MaintenX SkyDeck is a separate deck that only shares the 300 Level's hundreds digit, and the source places 347-355 beyond the outfield fence, so a count of sections from the 300 Level anchor would mean nothing","A-H, WCH",H,"Stairway aisles run along both side edges of the section; rows are not split by a mid-row aisle, so seat numbers run continuously from one side aisle to the other. The entry portal is at row H.","Facing the field, seat 1 is on your left. That puts seat 1 on the edge facing section 351, with seat numbers counting up toward the edge facing section 347.",not published,"Accessible seating ""Wheelchair seating is available behind Row H"". NOTE the entrance is given at Row H, i.e. at the last LETTERED row, not at the WCH row. The page carries ""RYS Expert Reviews"" but no attributed fan reviews. no netting line is printed for this section, and it is not in the club's netted list, which the club gives as ""Protective netting extends from home plate to the foul poles located in Sections 137 and 138"" covering 101-138 only.","MEDIUM - rows confirmed, ticket zone not named by the source"
351,"300 Level and MaintenX SkyDeck (300-324, 341-355 odd)",not named by the source,"The MaintenX SkyDeck is located in sections 341-355 in left field on the upper level of Tropicana Field."" / ""Sections 347-355: Positioned beyond the outfield fence",,"above left field beyond the fence - the MaintenX SkyDeck is a separate deck that only shares the 300 Level's hundreds digit, and the source places 347-355 beyond the outfield fence, so a count of sections from the 300 Level anchor would mean nothing",A-J,J,"Stairway aisles run along both side edges of the section; rows are not split by a mid-row aisle, so seat numbers run continuously from one side aisle to the other. The entry portal is at row J.","Facing the field, seat 1 is on your left. That puts seat 1 on the edge facing section 353, with seat numbers counting up toward the edge facing section 349.",not published,"""Very Distant Sightlines: One of the farthest seating areas from home plate with limited detail on-field action"". no netting line is printed for this section, and it is not in the club's netted list, which the club gives as ""Protective netting extends from home plate to the foul poles located in Sections 137 and 138"" covering 101-138 only.","MEDIUM - rows confirmed, ticket zone not named by the source"
353,"300 Level and MaintenX SkyDeck (300-324, 341-355 odd)",not named by the source,"The MaintenX SkyDeck is located in sections 341-355 in left field on the upper level of Tropicana Field."" / ""Sections 347-355: Positioned beyond the outfield fence",,"above left field beyond the fence - the MaintenX SkyDeck is a separate deck that only shares the 300 Level's hundreds digit, and the source places 347-355 beyond the outfield fence, so a count of sections from the 300 Level anchor would mean nothing","A-G, WCH",WCH,"Stairway aisles run along both side edges of the section; rows are not split by a mid-row aisle, so seat numbers run continuously from one side aisle to the other. The entry portal is at row WCH.","Facing the field, seat 1 is on your left. That puts seat 1 on the edge facing section 355, with seat numbers counting up toward the edge facing section 351.",not published,"""Rows A-G, WCH"". Accessible seating ""Wheelchair seating is available behind Row G"". Expert content ""Very Distant Sightlines: One of the farthest seating areas from home plate with limited detail"". Both are recorded ; which convention the deck actually uses is not resolved by these pages. no netting line is printed for this section, and it is not in the club's netted list, which the club gives as ""Protective netting extends from home plate to the foul poles located in Sections 137 and 138"" covering 101-138 only.","MEDIUM - rows confirmed, ticket zone not named by the source"
355,"300 Level and MaintenX SkyDeck (300-324, 341-355 odd)",not named by the source,"The MaintenX SkyDeck is located in sections 341-355 in left field on the upper level of Tropicana Field."" / ""Sections 347-355: Positioned beyond the outfield fence",,"above left field beyond the fence - the MaintenX SkyDeck is a separate deck that only shares the 300 Level's hundreds digit, and the source places 347-355 beyond the outfield fence, so a count of sections from the 300 Level anchor would mean nothing",A-G,G,"Stairway aisles run along both side edges of the section; rows are not split by a mid-row aisle, so seat numbers run continuously from one side aisle to the other. The entry portal is at row G.","Facing the field, seat 1 is on your left. That puts seat 1 on the far edge of the section, with no further section beyond it on that side, with seat numbers counting up toward the edge facing section 353.",not published,"Expert content ""Very Distant Sightlines: One of the farthest seating areas from home plate"". no netting line is printed for this section, and it is not in the club's netted list, which the club gives as ""Protective netting extends from home plate to the foul poles located in Sections 137 and 138"" covering 101-138 only.","MEDIUM - rows confirmed, ticket zone not named by the source"
106C,The Baldwin Group Club (106C-126C even),Rays Club,"Baldwin Group Club seating is located in sections 106-126 along the first base line, just above the 100 Level seating."" / ""1st Base Club Seating: Sections 106-126 along the first base line",,not established for this level,PP-UU,UU,"Stairway aisles run along both side edges of the section; rows are not split by a mid-row aisle, so seat numbers run continuously from one side aisle to the other. The entry portal is at row UU.","Facing the field, seat 1 is on your left. That puts seat 1 on the far edge of the section, with no further section beyond it on that side, with seat numbers counting up toward the edge facing section 108C.",not published,"""Top Pick for Impressing a Guest"". ""Premium seating area as part of the Baldwin Club for Rays games"". ""just above the 100 Level seating"". That is neither field level nor a fourth floor. DOME - no shade/sun statement printed and none applies. The page makes no statement about what a printed ticket shows. Only no fan reviews.","HIGH - zone, rows, location and seat direction stated by the source"
108C,The Baldwin Group Club (106C-126C even),Rays Club,"Baldwin Group Club seating is located in sections 106-126 along the first base line, just above the 100 Level seating."" / ""1st Base Club Seating: Sections 106-126 along the first base line",,not established for this level,PP-UU,UU,"Stairway aisles run along both side edges of the section; rows are not split by a mid-row aisle, so seat numbers run continuously from one side aisle to the other. The entry portal is at row UU.","Facing the field, seat 1 is on your left. That puts seat 1 on the edge facing section 106C, with seat numbers counting up toward the edge facing section 110C.",not published,"""For baseball games, we recommend these seats for impressing a guest"" and ""Premium seating area as part of the Baldwin Club for Rays games"". FAN REVIEWS ""Just like I remember them to be."" and ""Nothing better in the stadium"". Neither names a seat number, a side or a seat count. DOME - no shade/sun statement printed and none applies (fixed-roof dome). The page itself makes no statement about what a printed ticket shows. The ""just above the 100 Level seating"" placement wording is the same third wording flagged in full on the 106C record - see that record.","HIGH - zone, rows, location and seat direction stated by the source"
110C,The Baldwin Group Club (106C-126C even),Rays Club,"Baldwin Group Club seating is located in sections 106-126 along the first base line, just above the 100 Level seating."" / ""1st Base Club Seating: Sections 106-126 along the first base line",,not established for this level,PP-UU,UU,"Stairway aisles run along both side edges of the section; rows are not split by a mid-row aisle, so seat numbers run continuously from one side aisle to the other. The entry portal is at row UU.","Facing the field, seat 1 is on your left. That puts seat 1 on the edge facing section 108C, with seat numbers counting up toward the edge facing section 112C.",not published,"""Top Pick for Impressing a Guest"". ""Premium seating area as part of the Baldwin Club for Rays games"". FAN REVIEW ""Location of the seats gave a good view of the field. Loved the food in the club."" Names no seat number, side or seat count. DOME - no shade/sun statement printed and none applies (fixed-roof dome). The page itself makes no statement about what a printed ticket shows. See the 106C record for the flagged Baldwin Group Club location conflict, which applies to this section too.","HIGH - zone, rows, location and seat direction stated by the source"
112C,The Baldwin Group Club (106C-126C even),Rays Club,"Baldwin Group Club seating is located in sections 106-126 along the first base line, just above the 100 Level seating."" / ""1st Base Club Seating: Sections 106-126 along the first base line",,not established for this level,PP-UU,UU,"Stairway aisles run along both side edges of the section; rows are not split by a mid-row aisle, so seat numbers run continuously from one side aisle to the other. The entry portal is at row UU.","Facing the field, seat 1 is on your left. That puts seat 1 on the edge facing section 110C, with seat numbers counting up toward the edge facing section 114C.",not published,"""Top Pick for Impressing a Guest"". ""Premium seating area as part of the Baldwin Club for Rays games"". DOME - no shade/sun statement printed and none applies (fixed-roof dome). The page itself makes no statement about what a printed ticket shows. See the 106C record for the flagged Baldwin Group Club location conflict.","HIGH - zone, rows, location and seat direction stated by the source"
114C,The Baldwin Group Club (106C-126C even),Rays Club,"Baldwin Group Club seating is located in sections 106-126 along the first base line, just above the 100 Level seating."" / ""1st Base Club Seating: Sections 106-126 along the first base line",,not established for this level,PP-UU,UU,"Stairway aisles run along both side edges of the section; rows are not split by a mid-row aisle, so seat numbers run continuously from one side aisle to the other. The entry portal is at row UU.","Facing the field, seat 1 is on your left. That puts seat 1 on the edge facing section 112C, with seat numbers counting up toward the edge facing section 116C.",not published,"""Top Pick for Impressing a Guest"". ""Premium seating area as part of the Baldwin Club for Rays games"". DOME - no shade/sun statement printed and none applies (fixed-roof dome). The page itself makes no statement about what a printed ticket shows. See the 106C record for the flagged Baldwin Group Club location conflict.","HIGH - zone, rows, location and seat direction stated by the source"
116C,The Baldwin Group Club (106C-126C even),Rays Club,"""1st Base Club Seating: Sections 106-126 along the first base line"" . So this section has NO dedicated location line of its own; the quoted text is zone-level.",,not established for this level,PP-UU,UU,"Stairway aisles run along both side edges of the section; rows are not split by a mid-row aisle, so seat numbers run continuously from one side aisle to the other. The entry portal is at row UU.","Facing the field, seat 1 is on your left. That puts seat 1 on the edge facing section 114C, with seat numbers counting up toward the edge facing section 118C.",not published,"""Top Pick for Impressing a Guest"". ""Premium seating area as part of the Baldwin Club for Rays games"". the first read of this page returned the row line truncated as ""Rows PP-UU"" without the leading clause. DOME - no shade/sun statement printed and none applies (fixed-roof dome). The page itself makes no statement about what a printed ticket shows. See the 106C record for the flagged Baldwin Group Club location conflict.","HIGH - zone, rows, location and seat direction stated by the source"
118C,The Baldwin Group Club (106C-126C even),Rays Club,"""1st Base Club Seating: Sections 106-126 along the first base line"".",,not established for this level,PP-UU,UU,"Stairway aisles run along both side edges of the section; rows are not split by a mid-row aisle, so seat numbers run continuously from one side aisle to the other. The entry portal is at row UU.","Facing the field, seat 1 is on your left. That puts seat 1 on the edge facing section 116C, with seat numbers counting up toward the edge facing section 120C.",not published,"""Top Pick for Impressing a Guest"". ""For baseball games, we recommend these seats for impressing a guest"" and ""Premium seating area as part of the Baldwin Club for Rays games"". The 118C page prints no dugout sentence at all, so it neither confirms nor contradicts that. DOME - no shade/sun statement printed and none applies (fixed-roof dome). The page itself makes no statement about what a printed ticket shows. See the 106C record for the flagged Baldwin Group Club location conflict.","HIGH - zone, rows, location and seat direction stated by the source"
120C,The Baldwin Group Club (106C-126C even),Rays Club,"""1st Base Club Seating: Sections 106-126 along the first base line"".",,not established for this level,PP-UU,UU,"Stairway aisles run along both side edges of the section; rows are not split by a mid-row aisle, so seat numbers run continuously from one side aisle to the other. The entry portal is at row UU.","Facing the field, seat 1 is on your left. That puts seat 1 on the edge facing section 118C, with seat numbers counting up toward the edge facing section 122C.",not published,"""Top Pick for Impressing a Guest"". ""Premium seating area as part of the Baldwin Club for Rays games"". DOME - no shade/sun statement printed and none applies (fixed-roof dome). The page itself makes no statement about what a printed ticket shows. See the 106C record for the flagged Baldwin Group Club location conflict.","HIGH - zone, rows, location and seat direction stated by the source"
122C,The Baldwin Group Club (106C-126C even),Rays Club,"""1st Base Club Seating: Sections 106-126 along the first base line"".",,not established for this level,PP-UU,UU,"Stairway aisles run along both side edges of the section; rows are not split by a mid-row aisle, so seat numbers run continuously from one side aisle to the other. The entry portal is at row UU.","Facing the field, seat 1 is on your left. That puts seat 1 on the edge facing section 120C, with seat numbers counting up toward the edge facing section 124C.",not published,"""Top Pick for Impressing a Guest"". ""Premium seating area as part of the Baldwin Club"". Do not conflate the two products. DOME - no shade/sun statement printed and none applies (fixed-roof dome). The page itself makes no statement about what a printed ticket shows. See the 106C record for the flagged Baldwin Group Club location conflict.","HIGH - zone, rows, location and seat direction stated by the source"
124C,The Baldwin Group Club (106C-126C even),Rays Club,"Baldwin Group Club seating is located in sections 106-126 along the first base line, just above the 100 Level seating."" / ""1st Base Club Seating: Sections 106-126 along the first base line",,not established for this level,PP-UU,UU,"Stairway aisles run along both side edges of the section; rows are not split by a mid-row aisle, so seat numbers run continuously from one side aisle to the other. The entry portal is at row UU.","Facing the field, seat 1 is on your left. That puts seat 1 on the edge facing section 122C, with seat numbers counting up toward the edge facing section 126C.",not published,"""Top Pick for Impressing a Guest"". ""For baseball games, we recommend these seats for impressing a guest"" and ""Premium seating area as part of the Baldwin Club for Rays games"". star-rating entries only, rendered as ""Toronto Blue Jays at Tampa Bay Rays - Mar 31, 2024 Rays Club 124 / Row QQ - Baseball"" with no body text shown. Row QQ falls inside the stated PP-UU range, corroborating the row list. DOME - no shade/sun statement printed and none applies (fixed-roof dome). The page itself makes no statement about what a printed ticket shows. See the 106C record for the flagged Baldwin Group Club location conflict.","HIGH - zone, rows, location and seat direction stated by the source"
126C,The Baldwin Group Club (106C-126C even),Rays Club,"Baldwin Group Club seating is located in sections 106-126 along the first base line, just above the 100 Level seating."" / ""1st Base Club Seating: Sections 106-126 along the first base line",,not established for this level,PP-UU,UU,"Stairway aisles run along both side edges of the section; rows are not split by a mid-row aisle, so seat numbers run continuously from one side aisle to the other. The entry portal is at row UU.","Facing the field, seat 1 is on your left. That puts seat 1 on the edge facing section 124C, with seat numbers counting up toward the far edge of the section, with no further section beyond it on that side.",not published,"""Top Pick for Impressing a Guest"". ""Premium seating area as part of the Baldwin Club for Rays games"". The 126C Club page states NO seats-per-row figure, and that 10-seat figure belongs to the plain-numbered section, not to this Club section. Do not carry it across. 126C is the highest-numbered section in the Baldwin/Rays Club run. DOME - no shade/sun statement printed and none applies (fixed-roof dome). The page itself makes no statement about what a printed ticket shows. See the 106C record for the flagged Baldwin Group Club location conflict.","HIGH - zone, rows, location and seat direction stated by the source"
