section,level,zone,location_in_stadium,sections_from_home_plate,direction_from_home_plate,rows_in_section,entrance_row,aisle_and_walkway_locations,seat_numbering,seats_per_row,notes,confidence
1,Dugout Box and Champions Club (1-17),Dugout Boxes,Located in Sections 1–6 and 11–17 along the infield at field level,6,toward first base / right field,1-13,UNKNOWN,"Stairway aisles run along both side edges of the section; rows are not split by a mid-row aisle, so seat numbers run continuously from one side aisle to the other. The entry portal row is not published for this section.","Facing the field, seat 1 is on your right. That puts seat 1 on the far edge of the section, with no further section beyond it on that side, with seat numbers counting up toward the edge facing section 2. Seat 1 is the end of the row farthest from home plate, and higher seat numbers run back toward home plate.",not published,Protective netting is installed in front of these sections for fan safety; fan feedback notes netting or screening in front of sections 1-17 with varying height and coverage by section. Overhang/rain coverage Accessible/WC rows,"HIGH - zone, rows, location and seat direction stated by the source"
2,Dugout Box and Champions Club (1-17),Dugout Boxes,Located in Sections 1–6 and 11–17 along the infield at field level,5,toward first base / right field,1-13,UNKNOWN,"Stairway aisles run along both side edges of the section; rows are not split by a mid-row aisle, so seat numbers run continuously from one side aisle to the other. The entry portal row is not published for this section.","Facing the field, seat 1 is on your right. That puts seat 1 on the edge facing section 1, with seat numbers counting up toward the edge facing section 3. Seat 1 is the end of the row farthest from home plate, and higher seat numbers run back toward home plate.",not published,"""Protective netting is installed in front of these sections for fan safety"". none mentioned. Overhang/rain coverage Accessible/WC rows","HIGH - zone, rows, location and seat direction stated by the source"
3,Dugout Box and Champions Club (1-17),Dugout Boxes,Located in Sections 1–6 and 11–17 along the infield at field level,4,toward first base / right field,1-13,UNKNOWN,"Stairway aisles run along both side edges of the section; rows are not split by a mid-row aisle, so seat numbers run continuously from one side aisle to the other. The entry portal row is not published for this section.","Facing the field, seat 1 is on your right. That puts seat 1 on the edge facing section 2, with seat numbers counting up toward the edge facing section 4. Seat 1 is the end of the row farthest from home plate, and higher seat numbers run back toward home plate.",not published,"Protective netting is installed in front of these sections; one fan review noted a ""mesh fence"" obstructed their view during a concert. Page states these seats are ""behind the Minnesota Twins dugout"" and provide ""one of the closest viewing experiences in the ballpark"". Overhang/rain coverage Accessible/WC rows","HIGH - zone, rows, location and seat direction stated by the source"
4,Dugout Box and Champions Club (1-17),Dugout Boxes,"Located in Sections 1–6 and 11–17 along the infield at field level; Section 4 ""behind the Minnesota Twins dugout""",3,toward first base / right field,5-13,UNKNOWN,"Stairway aisles run along both side edges of the section; rows are not split by a mid-row aisle, so seat numbers run continuously from one side aisle to the other. The entry portal row is not published for this section.","Facing the field, seat 1 is on your right. That puts seat 1 on the edge facing section 3, with seat numbers counting up toward the edge facing section 5. Seat 1 is the end of the row farthest from home plate, and higher seat numbers run back toward home plate.",not published,"""Protective netting is installed in front of these sections for fan safety"". Field-level seating beside the Twins dugout; Row 5 stated as the first row behind the dugout. Overhang/rain coverage Accessible/WC rows","HIGH - zone, rows, location and seat direction stated by the source"
5,Dugout Box and Champions Club (1-17),Dugout Boxes,"Located in Sections 1–6 and 11–17 along the infield at field level; ""Sections 4–6 sit behind the Twins dugout""",2,toward first base / right field,5-13,UNKNOWN,"Stairway aisles run along both side edges of the section; rows are not split by a mid-row aisle, so seat numbers run continuously from one side aisle to the other. The entry portal row is not published for this section.","Facing the field, seat 1 is on your right. That puts seat 1 on the edge facing section 4, with seat numbers counting up toward the edge facing section 6. Seat 1 is the end of the row farthest from home plate, and higher seat numbers run back toward home plate.",not published,"""Protective netting: Netting is installed in front of these sections for fan safety"". ""Sections 4–6: Located behind the Minnesota Twins dugout"". Obstructed views Overhang/rain coverage Accessible/WC rows","HIGH - zone, rows, location and seat direction stated by the source"
6,Dugout Box and Champions Club (1-17),Dugout Boxes,"Located in Sections 1–6 and 11–17 along the infield at field level; ""Sections 4–6 sit behind the Twins dugout""",1,toward first base / right field,5-13,UNKNOWN,"Stairway aisles run along both side edges of the section; rows are not split by a mid-row aisle, so seat numbers run continuously from one side aisle to the other. The entry portal row is not published for this section.","Facing the field, seat 1 is on your right. That puts seat 1 on the edge facing section 5, with seat numbers counting up toward the edge facing section 7. Seat 1 is the end of the row farthest from home plate, and higher seat numbers run back toward home plate.",not published,"""Protective netting is installed in front of these sections for fan safety"". ""Located behind the Minnesota Twins dugout"". Obstructed views Overhang/rain coverage Accessible/WC rows","HIGH - zone, rows, location and seat direction stated by the source"
7,Dugout Box and Champions Club (1-17),Champions Club,Located near the Minnesota Twins dugout,0,behind home plate,A-M,UNKNOWN,"Stairway aisles run along both side edges of the section; rows are not split by a mid-row aisle, so seat numbers run continuously from one side aisle to the other. The entry portal row is not published for this section.","Facing the field, seat 1 is on your right. That puts seat 1 on the edge facing section 6, with seat numbers counting up toward the edge facing section 8. This section is behind home plate, so seat 1 is on its first-base side.",not published,Lettered rows (A-M). Near the Minnesota Twins dugout. Netting Obstructed views Overhang/rain coverage Accessible/WC rows,"HIGH - zone, rows, location and seat direction stated by the source"
8,Dugout Box and Champions Club (1-17),Champions Club,Located directly behind home plate in four exclusive sections near the field.,0,behind home plate,A-M,UNKNOWN,"Stairway aisles run along both side edges of the section; rows are not split by a mid-row aisle, so seat numbers run continuously from one side aisle to the other. The entry portal row is not published for this section.","Facing the field, seat 1 is on your right. That puts seat 1 on the edge facing section 7, with seat numbers counting up toward the edge facing section 9. This section is behind home plate, so seat 1 is on its first-base side.",not published,"""Rows in Champions Club 8 are labeled A-M"" (lettered rows). Page notes Section 10 (not Section 8) ""includes wheelchair-accessible seating in Row A"". Netting Obstructed views Overhang/rain coverage","HIGH - zone, rows, location and seat direction stated by the source"
9,Dugout Box and Champions Club (1-17),Champions Club,"Sections 8 and 9, located directly behind home plate, are generally considered the most desirable seats",0,behind home plate,A-M,UNKNOWN,"Stairway aisles run along both side edges of the section; rows are not split by a mid-row aisle, so seat numbers run continuously from one side aisle to the other. The entry portal row is not published for this section.","Facing the field, seat 1 is on your right. That puts seat 1 on the edge facing section 8, with seat numbers counting up toward the edge facing section 10. This section is behind home plate, so seat 1 is on its first-base side.",not published,"""Rows in Champions Club 9 are labeled A-M"" (lettered rows). Netting Obstructed views Dugout adjacency Overhang/rain coverage Accessible/WC rows","HIGH - zone, rows, location and seat direction stated by the source"
10,Dugout Box and Champions Club (1-17),Champions Club,Located near the visitor dugout,0,behind home plate,D-M,UNKNOWN,"Stairway aisles run along both side edges of the section; rows are not split by a mid-row aisle, so seat numbers run continuously from one side aisle to the other. The entry portal row is not published for this section.","Facing the field, seat 1 is on your right. That puts seat 1 on the edge facing section 9, with seat numbers counting up toward the edge facing section 11. This section is behind home plate, so seat 1 is on its first-base side.",not published,"Lettered rows (D-M). Near the visitor dugout. Wheelchair-accessible seating stated in ""Row A"". Netting Obstructed views Overhang/rain coverage","HIGH - zone, rows, location and seat direction stated by the source"
11,Dugout Box and Champions Club (1-17),Dugout Boxes,"Located in Sections 1–6 and 11–17 along the infield at field level; ""Sections 11–13 sit behind the visitor dugout""",1,toward third base / left field,5-13,UNKNOWN,"Stairway aisles run along both side edges of the section; rows are not split by a mid-row aisle, so seat numbers run continuously from one side aisle to the other. The entry portal row is not published for this section.","Facing the field, seat 1 is on your right. That puts seat 1 on the edge facing section 10, with seat numbers counting up toward the edge facing section 12. Seat 1 is the end of the row closest to home plate, and higher seat numbers run away from home plate.",not published,"""Protective netting: Netting is installed in front of these sections for fan safety"". ""On the Home Plate side of the Visitors dugout is some kind of antenna that is in your view of home plate"". Behind the visitor dugout. Overhang/rain coverage Accessible/WC rows","HIGH - zone, rows, location and seat direction stated by the source"
12,Dugout Box and Champions Club (1-17),Dugout Boxes,Sections 11–13 sit behind the visitor dugout,2,toward third base / left field,5-13,UNKNOWN,"Stairway aisles run along both side edges of the section; rows are not split by a mid-row aisle, so seat numbers run continuously from one side aisle to the other. The entry portal row is not published for this section.","Facing the field, seat 1 is on your right. That puts seat 1 on the edge facing section 11, with seat numbers counting up toward the edge facing section 13. Seat 1 is the end of the row closest to home plate, and higher seat numbers run away from home plate.",not published,"""Protective netting is installed in front of these sections for fan safety"". ""Located behind the visiting team dugout"". Obstructed views Overhang/rain coverage Accessible/WC rows","HIGH - zone, rows, location and seat direction stated by the source"
13,Dugout Box and Champions Club (1-17),Dugout Boxes,"Located in Sections 1–6 and 11–17 along the infield at field level; ""Sections 11–13 sit behind the visitor dugout""",3,toward third base / left field,5-13,UNKNOWN,"Stairway aisles run along both side edges of the section; rows are not split by a mid-row aisle, so seat numbers run continuously from one side aisle to the other. The entry portal row is not published for this section.","Facing the field, seat 1 is on your right. That puts seat 1 on the edge facing section 12, with seat numbers counting up toward the edge facing section 14. Seat 1 is the end of the row closest to home plate, and higher seat numbers run away from home plate.",not published,"""Protective netting is installed in front of these sections for fan safety"". ""For baseball games, these seats are located behind the visitor dugout"". Obstructed views Overhang/rain coverage Accessible/WC rows","HIGH - zone, rows, location and seat direction stated by the source"
14,Dugout Box and Champions Club (1-17),Dugout Boxes,Located in Sections 1–6 and 11–17 along the infield at field level,4,toward third base / left field,1-13,UNKNOWN,"Stairway aisles run along both side edges of the section; rows are not split by a mid-row aisle, so seat numbers run continuously from one side aisle to the other. The entry portal row is not published for this section.","Facing the field, seat 1 is on your right. That puts seat 1 on the edge facing section 13, with seat numbers counting up toward the edge facing section 15. Seat 1 is the end of the row closest to home plate, and higher seat numbers run away from home plate.",not published,"""Protective netting: Netting is installed in front of these sections for fan safety"". Page states these are ""located behind the visiting team dugout"" for baseball games. Obstructed views Overhang/rain coverage Accessible/WC rows","HIGH - zone, rows, location and seat direction stated by the source"
15,Dugout Box and Champions Club (1-17),Dugout Boxes,"Located in Sections 1–6 and 11–17 along the infield at field level; ""Sections 11–13 sit behind the visitor dugout""",5,toward third base / left field,"1-13 (page also states ""Rows run from Row 5 to Row 13"")",UNKNOWN,"Stairway aisles run along both side edges of the section; rows are not split by a mid-row aisle, so seat numbers run continuously from one side aisle to the other. The entry portal row is not published for this section.","Facing the field, seat 1 is on your right. That puts seat 1 on the edge facing section 14, with seat numbers counting up toward the edge facing section 16. Seat 1 is the end of the row closest to home plate, and higher seat numbers run away from home plate.",not published,"""Protective Netting: Netting is installed in front of these sections for fan safety"". Page states Section 15 is ""behind the visiting team dugout"". Row listing is inconsistent on the page (1-13 vs 5-13). Obstructed views Overhang/rain coverage Accessible/WC rows","HIGH - zone, rows, location and seat direction stated by the source"
16,Dugout Box and Champions Club (1-17),Dugout Boxes,Located in Sections 1–6 and 11–17 along the infield at field level,6,toward third base / left field,"WC, 4-13",UNKNOWN,"Stairway aisles run along both side edges of the section; rows are not split by a mid-row aisle, so seat numbers run continuously from one side aisle to the other. The entry portal row is not published for this section.","Facing the field, seat 1 is on your right. That puts seat 1 on the edge facing section 15, with seat numbers counting up toward the edge facing section 17. Seat 1 is the end of the row closest to home plate, and higher seat numbers run away from home plate.",not published,"""Protective netting is installed in front of these sections for fan safety"". ""There is wheelchair seating betweeen Rows WC and 4"" (WC row interleaved). Obstructed views Overhang/rain coverage","HIGH - zone, rows, location and seat direction stated by the source"
17,Dugout Box and Champions Club (1-17),Dugout Boxes,"Located in Sections 1–6 and 11–17 along the infield at field level; ""Sections 11–13 sit behind the visitor dugout""",7,toward third base / left field,"WC, 4-13",UNKNOWN,"Stairway aisles run along both side edges of the section; rows are not split by a mid-row aisle, so seat numbers run continuously from one side aisle to the other. The entry portal row is not published for this section.","Facing the field, seat 1 is on your right. That puts seat 1 on the edge facing section 16, with seat numbers counting up toward the far edge of the section, with no further section beyond it on that side. Seat 1 is the end of the row closest to home plate, and higher seat numbers run away from home plate.",not published,"""Protective netting is installed in front of these sections for fan safety"". ""There is wheelchair seating betweeen Rows WC and 4"" (WC row interleaved). Page states Section 17 is ""behind the visiting team dugout"". Obstructed views Overhang/rain coverage","HIGH - zone, rows, location and seat direction stated by the source"
101,Main Level (100s),"Primary Lower-Level Seating: Includes Sections 101–127, commonly referred to as Home Plate, Infield, Diamond, and Field Box seats",not stated by the source,11,toward first base / right field,"10-40, 41-44",44,"Stairway aisles run along both side edges of the section; rows are not split by a mid-row aisle, so seat numbers run continuously from one side aisle to the other. The entry portal is at row 44.","Facing the field, seat 1 is on your right. That puts seat 1 on the far edge of the section, with no further section beyond it on that side, with seat numbers counting up toward the edge facing section 102. Seat 1 is the end of the row farthest from home plate, and higher seat numbers run back toward home plate.",not published,"""Low-number seats (1, 2, etc.) from rows 25-40 have a wall blocking part of their outfield view."" ""Rows 41 & Above - Covered"". ""Wheelchair seating is available behind Row 40"". Netting Dugout adjacency","MEDIUM - rows and zone confirmed, the source does not place this section"
102,Main Level (100s),not named by the source,not stated by the source,10,toward first base / right field,"3-40, 41-44",44,"Stairway aisles run along both side edges of the section; rows are not split by a mid-row aisle, so seat numbers run continuously from one side aisle to the other. The entry portal is at row 44.","Facing the field, seat 1 is on your right. That puts seat 1 on the edge facing section 101, with seat numbers counting up toward the edge facing section 103. Seat 1 is the end of the row farthest from home plate, and higher seat numbers run back toward home plate.",not published,"""Rows 41 & Above - Covered"". ""Wheelchair seating is available behind Row 40"". Netting Obstructed views Dugout adjacency","MEDIUM - rows confirmed, ticket zone not named by the source"
103,Main Level (100s),Primary Lower-Level Seating,not stated by the source,9,toward first base / right field,"1-40, 41-44",44,"Stairway aisles run along both side edges of the section; rows are not split by a mid-row aisle, so seat numbers run continuously from one side aisle to the other. The entry portal is at row 44.","Facing the field, seat 1 is on your right. That puts seat 1 on the edge facing section 102, with seat numbers counting up toward the edge facing section 104. Seat 1 is the end of the row farthest from home plate, and higher seat numbers run back toward home plate.","Most rows in section 103, including row 14, have 24 seats in the row","""Rows 41 and above are under cover"". ""Wheelchair seating is available behind Row 40"". Netting Obstructed views Dugout adjacency","MEDIUM - rows and zone confirmed, the source does not place this section"
104,Main Level (100s),Main Level,Sections 101–104 and 124–127 run down each baseline and contain up to 30 rows.,8,toward first base / right field,"1-40, 41-44",44,"Stairway aisles run along both side edges of the section; rows are not split by a mid-row aisle, so seat numbers run continuously from one side aisle to the other. The entry portal is at row 44.","Facing the field, seat 1 is on your right. That puts seat 1 on the edge facing section 103, with seat numbers counting up toward the edge facing section 105. Seat 1 is the end of the row farthest from home plate, and higher seat numbers run back toward home plate.",not published,"Wheelchair seating is available behind Row 40. Rows 41 and above are under cover. Site states rows 13 and higher in many Main Level sections are located under the overhang from the seating deck above, providing rain/sun protection. Obstructed views, netting and dugout adjacency","HIGH - zone, rows, location and seat direction stated by the source"
105,Main Level (100s),Main Level,"Sections 105–123 sit behind the premium Champions Club and Dugout Box seating, meaning the first row in these sections is typically about 15 rows from the field.",7,toward first base / right field,1-28,28,"Stairway aisles run along both side edges of the section; rows are not split by a mid-row aisle, so seat numbers run continuously from one side aisle to the other. The entry portal is at row 28.","Facing the field, seat 1 is on your right. That puts seat 1 on the edge facing section 104, with seat numbers counting up toward the edge facing section 106. Seat 1 is the end of the row farthest from home plate, and higher seat numbers run back toward home plate.",not published,"Rows 25 and above are under cover. Site states ""Rows 13 and higher in many of the Home Plate and Infield Box sections are located under the overhang from the seating deck above"". First row approximately 15 rows from the field. Obstructed views, netting, dugout adjacency and WC rows","HIGH - zone, rows, location and seat direction stated by the source"
106,Main Level (100s),Main Level,"Includes Sections 101–127, commonly referred to as Home Plate, Infield, Diamond, and Field Box seats.",6,toward first base / right field,"1-24, WC-27, 25-WC",WC,"Stairway aisles run along both side edges of the section; rows are not split by a mid-row aisle, so seat numbers run continuously from one side aisle to the other. The entry portal is at row WC.","Facing the field, seat 1 is on your right. That puts seat 1 on the edge facing section 105, with seat numbers counting up toward the edge facing section 107. Seat 1 is the end of the row farthest from home plate, and higher seat numbers run back toward home plate.",not published,"Wheelchair seating is available behind Row 24; WC rows are interleaved (labeled 1-24, WC-27, 25-WC). ""Two exceptions to this are Sections 106 and 123, which have less overhead coverage"". Rows 20 and above provide shade during most day games. Obstructed views, netting and dugout adjacency","HIGH - zone, rows, location and seat direction stated by the source"
107,Main Level (100s),Main Level,"Sections 105–123 sit behind the premium Champions Club and Dugout Box seating, meaning the first row in these sections is typically about 15 rows from the field.",5,toward first base / right field,"1-24, WC-27, 25-WC",WC,"Stairway aisles run along both side edges of the section; rows are not split by a mid-row aisle, so seat numbers run continuously from one side aisle to the other. The entry portal is at row WC.","Facing the field, seat 1 is on your right. That puts seat 1 on the edge facing section 106, with seat numbers counting up toward the edge facing section 108. Seat 1 is the end of the row farthest from home plate, and higher seat numbers run back toward home plate.",not published,"Wheelchair seating is available behind Row 24; WC rows are interleaved (labeled 1-24, WC-27, 25-WC). ""Rows 17 and above are under cover"". First row typically about 15 rows from the field. Site recommends rows 24-28 for ""outstanding convenience"". Obstructed views, netting and dugout adjacency","HIGH - zone, rows, location and seat direction stated by the source"
108,Main Level (100s),Main Level,"Includes Sections 101–127, commonly referred to as Home Plate, Infield, Diamond, and Field Box seats.",4,toward first base / right field,"1-24, WC-27, 25-WC",WC,"Stairway aisles run along both side edges of the section; rows are not split by a mid-row aisle, so seat numbers run continuously from one side aisle to the other. The entry portal is at row WC.","Facing the field, seat 1 is on your right. That puts seat 1 on the edge facing section 107, with seat numbers counting up toward the edge facing section 109. Seat 1 is the end of the row farthest from home plate, and higher seat numbers run back toward home plate.",not published,"""Wheelchair seating is available behind Row 24""; WC rows are interleaved (labeled 1-24, WC-27, 25-WC). ""Rows 17 & Above - Covered"". Obstructed views, netting and dugout adjacency","HIGH - zone, rows, location and seat direction stated by the source"
109,Main Level (100s),Main Level,Includes Sections 101–127.,3,toward first base / right field,"1-24, WC-27, 25-WC",WC,"Stairway aisles run along both side edges of the section; rows are not split by a mid-row aisle, so seat numbers run continuously from one side aisle to the other. The entry portal is at row WC.","Facing the field, seat 1 is on your right. That puts seat 1 on the edge facing section 108, with seat numbers counting up toward the edge facing section 110. Seat 1 is the end of the row farthest from home plate, and higher seat numbers run back toward home plate.",not published,"""Wheelchair seating is available behind Row 24""; WC rows are interleaved (labeled 1-24, WC-27, 25-WC). ""Rows 17 and above are under cover"". Obstructed views, netting and dugout adjacency","HIGH - zone, rows, location and seat direction stated by the source"
110,Main Level (100s),Main Level,Includes Sections 101–127,2,toward first base / right field,1-28,28,"Stairway aisles run along both side edges of the section; rows are not split by a mid-row aisle, so seat numbers run continuously from one side aisle to the other. The entry portal is at row 28.","Facing the field, seat 1 is on your right. That puts seat 1 on the edge facing section 109, with seat numbers counting up toward the edge facing section 111. Seat 1 is the end of the row farthest from home plate, and higher seat numbers run back toward home plate.",not published,"""Rows 17 & Above - Covered""; rows 17 and higher are under the overhang from the seating deck above for sun/rain protection. Obstructed views, netting, dugout adjacency and WC/accessible rows","HIGH - zone, rows, location and seat direction stated by the source"
111,Main Level (100s),Main Level,"The Main Level at Target Field refers to the lower seating bowl, which includes Sections 101 through 127.",1,toward first base / right field,"1-24, WC-27, 25-WC",WC,"Stairway aisles run along both side edges of the section; rows are not split by a mid-row aisle, so seat numbers run continuously from one side aisle to the other. The entry portal is at row WC.","Facing the field, seat 1 is on your right. That puts seat 1 on the edge facing section 110, with seat numbers counting up toward the edge facing section 112. Seat 1 is the end of the row farthest from home plate, and higher seat numbers run back toward home plate.",not published,"""Wheelchair seating is available behind Row 24""; WC rows are interleaved (labeled 1-24, WC-27, 25-WC). ""Rows 17 and above are under cover"" — covered overhang protection from rain for the upper rows. Obstructed views, netting and dugout adjacency","HIGH - zone, rows, location and seat direction stated by the source"
112,Main Level (100s),Main Level,Sections 112–115 sit directly behind home plate and offer a perfectly centered perspective of the field,0,behind home plate,1-28,28,"Stairway aisles run along both side edges of the section; rows are not split by a mid-row aisle, so seat numbers run continuously from one side aisle to the other. The entry portal is at row 28.","Facing the field, seat 1 is on your right. That puts seat 1 on the edge facing section 111, with seat numbers counting up toward the edge facing section 113. This section is behind home plate, so seat 1 is on its first-base side.",not published,"Site describes sections 112–115 as ""Home Plate Boxes"". ""Rows 17 & Above - Covered"". Obstructed views, netting, dugout adjacency and WC/accessible rows","HIGH - zone, rows, location and seat direction stated by the source"
113,Main Level (100s),Main Level,Sections 112–115 offer the most centered views behind home plate,0,behind home plate,"1-24, 25-28",28,"Stairway aisles run along both side edges of the section; rows are not split by a mid-row aisle, so seat numbers run continuously from one side aisle to the other. The entry portal is at row 28.","Facing the field, seat 1 is on your right. That puts seat 1 on the edge facing section 112, with seat numbers counting up toward the edge facing section 114. This section is behind home plate, so seat 1 is on its first-base side.",not published,"""Wheelchair seating is available behind Row 24"". ""Rows 17 & Above - Covered"" — protection from rain/sun. Home plate view orientation. Obstructed views, netting and dugout adjacency","HIGH - zone, rows, location and seat direction stated by the source"
114,Main Level (100s),Main Level,"Sections 112–115 are considered the best seats in this area, as they sit directly behind home plate",0,behind home plate,1-28,28,"Stairway aisles run along both side edges of the section; rows are not split by a mid-row aisle, so seat numbers run continuously from one side aisle to the other. The entry portal is at row 28.","Facing the field, seat 1 is on your right. That puts seat 1 on the edge facing section 113, with seat numbers counting up toward the edge facing section 115. This section is behind home plate, so seat 1 is on its first-base side.","""Section 114 Row 11 has a total of 8 seats""; Row 24 is stated to have seats 1 and 13 on the aisle","Site describes sections 112–115 as ""Home Plate Boxes"". ""Rows 17 & Above - Covered"". Provides ""Home Plate View"". Obstructed views, netting, dugout adjacency and WC/accessible rows","HIGH - zone, rows, location and seat direction stated by the source"
115,Main Level (100s),Main Level,"Sections 112–115 are considered the best seats in this area, as they sit directly behind home plate",0,behind home plate,"1-24, WC-27, 25-WC",WC,"Stairway aisles run along both side edges of the section; rows are not split by a mid-row aisle, so seat numbers run continuously from one side aisle to the other. The entry portal is at row WC.","Facing the field, seat 1 is on your right. That puts seat 1 on the edge facing section 114, with seat numbers counting up toward the edge facing section 116. This section is behind home plate, so seat 1 is on its first-base side.",not published,"Site describes sections 112–115 as ""Home Plate Boxes"". ""Wheelchair seating is available behind Row 24""; WC rows are interleaved (labeled 1-24, WC-27, 25-WC). ""Rows 17 and above are under cover"". Site recommends rows 24-28 for ""outstanding convenience"". Obstructed views, netting and dugout adjacency","HIGH - zone, rows, location and seat direction stated by the source"
116,Main Level (100s),Main Level,"Sections 105–123 sit behind the premium Champions Club and Dugout Box seating, meaning the first row in these sections is typically about 15 rows from the field.",1,toward third base / left field,1-28,28,"Stairway aisles run along both side edges of the section; rows are not split by a mid-row aisle, so seat numbers run continuously from one side aisle to the other. The entry portal is at row 28.","Facing the field, seat 1 is on your right. That puts seat 1 on the edge facing section 115, with seat numbers counting up toward the edge facing section 117. Seat 1 is the end of the row closest to home plate, and higher seat numbers run away from home plate.",not published,"""Rows 17 and above are under cover"". Site recommends rows 24-28 for ""outstanding convenience"". Obstructed views, netting, dugout adjacency and WC/accessible rows","HIGH - zone, rows, location and seat direction stated by the source"
117,Main Level (100s),Main Level,Includes Sections 101–127,2,toward third base / left field,"1-24, 25-28",28,"Stairway aisles run along both side edges of the section; rows are not split by a mid-row aisle, so seat numbers run continuously from one side aisle to the other. The entry portal is at row 28.","Facing the field, seat 1 is on your right. That puts seat 1 on the edge facing section 116, with seat numbers counting up toward the edge facing section 118. Seat 1 is the end of the row closest to home plate, and higher seat numbers run away from home plate.",not published,"""Wheelchair seating is available behind Row 24"". ""Rows 17 & Above - Covered"". Site recommends rows 24-28 for ""outstanding convenience"". Obstructed views, netting and dugout adjacency","HIGH - zone, rows, location and seat direction stated by the source"
118,Main Level (100s),Main Level,"Sections 105–123 sit behind the premium Champions Club and Dugout Box seating, meaning the first row in these sections is typically about 15 rows from the field.",3,toward third base / left field,1-28,28,"Stairway aisles run along both side edges of the section; rows are not split by a mid-row aisle, so seat numbers run continuously from one side aisle to the other. The entry portal is at row 28.","Facing the field, seat 1 is on your right. That puts seat 1 on the edge facing section 117, with seat numbers counting up toward the edge facing section 119. Seat 1 is the end of the row closest to home plate, and higher seat numbers run away from home plate.",not published,"""Rows 17 and above are under cover"". ""The overhang restricted the view of the scoreboard; choose a lower row to avoid the same issue"". Site recommends rows 24-28 for convenience. Netting, dugout adjacency and WC/accessible rows","HIGH - zone, rows, location and seat direction stated by the source"
119,Main Level (100s),Main Level,Includes Sections 101–127,4,toward third base / left field,"1-24, WC-27, 25-WC",WC,"Stairway aisles run along both side edges of the section; rows are not split by a mid-row aisle, so seat numbers run continuously from one side aisle to the other. The entry portal is at row WC.","Facing the field, seat 1 is on your right. That puts seat 1 on the edge facing section 118, with seat numbers counting up toward the edge facing section 120. Seat 1 is the end of the row closest to home plate, and higher seat numbers run away from home plate.",not published,"""Wheelchair seating is available behind Row 24""; WC rows are interleaved (labeled 1-24, WC-27, 25-WC). ""Rows 17 & Above - Covered"". Obstructed views, netting and dugout adjacency","HIGH - zone, rows, location and seat direction stated by the source"
120,Main Level (100s),Main Level,"The Main Level at Target Field refers to the lower seating bowl, which includes Sections 101 through 127.",5,toward third base / left field,"1-24, WC-27, 25-WC",WC,"Stairway aisles run along both side edges of the section; rows are not split by a mid-row aisle, so seat numbers run continuously from one side aisle to the other. The entry portal is at row WC.","Facing the field, seat 1 is on your right. That puts seat 1 on the edge facing section 119, with seat numbers counting up toward the edge facing section 121. Seat 1 is the end of the row closest to home plate, and higher seat numbers run away from home plate.",not published,"Site groups this section within sections 105–123, described as ""Best Non-Club Seats"". ""Wheelchair seating is available behind Row 24""; WC rows are interleaved (labeled 1-24, WC-27, 25-WC). Rows 17 and above are covered; Row WC has ""excellent overhead coverage provided by the Club level sections above"". Obstructed views, netting and dugout adjacency","HIGH - zone, rows, location and seat direction stated by the source"
121,Main Level (100s),Main Level,Includes Sections 101–127,6,toward third base / left field,"1-24, WC-27, 25-WC",WC,"Stairway aisles run along both side edges of the section; rows are not split by a mid-row aisle, so seat numbers run continuously from one side aisle to the other. The entry portal is at row WC.","Facing the field, seat 1 is on your right. That puts seat 1 on the edge facing section 120, with seat numbers counting up toward the edge facing section 122. Seat 1 is the end of the row closest to home plate, and higher seat numbers run away from home plate.",not published,"""Wheelchair seating is available behind Row 24""; WC rows are interleaved (labeled 1-24, WC-27, 25-WC). ""Rows 17 & Above - Covered"". Obstructed views, netting and dugout adjacency","HIGH - zone, rows, location and seat direction stated by the source"
122,Main Level (100s),Main Level,"Sections 105–123 sit behind the premium Champions Club and Dugout Box seating, meaning the first row in these sections is typically about 15 rows from the field.",7,toward third base / left field,"1-24, WC-27, 25-WC",WC,"Stairway aisles run along both side edges of the section; rows are not split by a mid-row aisle, so seat numbers run continuously from one side aisle to the other. The entry portal is at row WC.","Facing the field, seat 1 is on your right. That puts seat 1 on the edge facing section 121, with seat numbers counting up toward the edge facing section 123. Seat 1 is the end of the row closest to home plate, and higher seat numbers run away from home plate.",not published,"""Wheelchair seating is available behind Row 24""; WC rows are interleaved (labeled 1-24, WC-27, 25-WC). ""Rows 17 & Above - Covered"". Obstructed views, netting and dugout adjacency","HIGH - zone, rows, location and seat direction stated by the source"
123,Main Level (100s),Main Level,"Sections 105–123 sit behind the premium Champions Club and Dugout Box seating, meaning the first row in these sections is typically about 15 rows from the field.",8,toward third base / left field,1-28,28,"Stairway aisles run along both side edges of the section; rows are not split by a mid-row aisle, so seat numbers run continuously from one side aisle to the other. The entry portal is at row 28.","Facing the field, seat 1 is on your right. That puts seat 1 on the edge facing section 122, with seat numbers counting up toward the edge facing section 124. Seat 1 is the end of the row closest to home plate, and higher seat numbers run away from home plate.",not published,"""Two exceptions to this are Sections 106 and 123, which have less overhead coverage"". Obstructed views, netting, dugout adjacency and WC/accessible rows","HIGH - zone, rows, location and seat direction stated by the source"
124,Main Level (100s),Primary Lower-Level Seating,"rateyourseats.com: ""Large Baseline Sections: Sections 101-104 and 124-127 run down each baseline and contain up to 30 rows""",9,toward third base / left field,"1-40, plus 41-44",44,"Stairway aisles run along both side edges of the section; rows are not split by a mid-row aisle, so seat numbers run continuously from one side aisle to the other. The entry portal is at row 44.","Facing the field, seat 1 is on your right. That puts seat 1 on the edge facing section 123, with seat numbers counting up toward the edge facing section 125. Seat 1 is the end of the row closest to home plate, and higher seat numbers run away from home plate.",not published,"rows 37 and above are under cover. ""Wheelchair seating is available behind Row 40"". rateyourseats.com/target-field/seating/sections/124","HIGH - zone, rows, location and seat direction stated by the source"
125,Main Level (100s),Primary Lower-Level Seating,"rateyourseats.com: ""Baseline sections (101-104 and 124-127) run down each baseline""; aviewfrommyseat.com tags section 125 ""along the 3rd base line"" and ""behind the netting"". (The rateyourseats page summary also referenced the first base side; the site-tagged location is 3rd base line.)",10,toward third base / left field,"1-40, plus 41-44",44,"Stairway aisles run along both side edges of the section; rows are not split by a mid-row aisle, so seat numbers run continuously from one side aisle to the other. The entry portal is at row 44.","Facing the field, seat 1 is on your right. That puts seat 1 on the edge facing section 124, with seat numbers counting up toward the edge facing section 126. Seat 1 is the end of the row closest to home plate, and higher seat numbers run away from home plate.",not published,"rows 37 and above are under cover; rows 13 and higher have ""protection from rain and offers some of the earliest shade"". ""Seats are in direct sun for day games""; ""Third base side (Sections 125-127): Typically receives sun longer during day games"". potential obstruction from vendors stopping nearby and fans moving in aisles during play. ""Wheelchair seating is available behind Row 40"". rateyourseats.com/target-field/seating/sections/125; aviewfrommyseat.com/venue/Target+Field/125/","HIGH - zone, rows, location and seat direction stated by the source"
126,Main Level (100s),Primary Lower-Level Seating,"rateyourseats.com: ""Sections 101-104 and 124-127 run down each baseline and contain up to 30 rows""; sits ""near several popular concession locations including the Carvery and Asian Wok stands""",11,toward third base / left field,"1-40, plus 41-44",44,"Stairway aisles run along both side edges of the section; rows are not split by a mid-row aisle, so seat numbers run continuously from one side aisle to the other. The entry portal is at row 44.","Facing the field, seat 1 is on your right. That puts seat 1 on the edge facing section 125, with seat numbers counting up toward the edge facing section 127. Seat 1 is the end of the row closest to home plate, and higher seat numbers run away from home plate.",not published,"rows 37 and above are under cover. ""Third base side (Sections 125-127): Typically receives sun longer during day games"". wheelchair seating available behind Row 40. rateyourseats.com/target-field/seating/sections/126","HIGH - zone, rows, location and seat direction stated by the source"
127,Main Level (100s),Field Boxes,"rateyourseats.com: ""Sections 101-104 and 124-127 run down each baseline""",12,toward third base / left field,5-35,35,"Stairway aisles run along both side edges of the section; rows are not split by a mid-row aisle, so seat numbers run continuously from one side aisle to the other. The entry portal is at row 35.","Facing the field, seat 1 is on your right. That puts seat 1 on the edge facing section 126, with seat numbers counting up toward the edge facing section 128. Seat 1 is the end of the row closest to home plate, and higher seat numbers run away from home plate.",not published,"""Fans seated farther back may occasionally have difficulty seeing over fans in front of them, especially for children"". ""Third base side (Sections 125-127): Typically receives sun longer during day games"". UNKNOWN for this section. rateyourseats.com/target-field/seating/sections/127","HIGH - zone, rows, location and seat direction stated by the source"
128,Main Level (100s),Bleachers / Left Field Bleachers,"rateyourseats.com: ""Left Field Bleachers...along the left field line"" with ""angled perspective of the field from the left field corner""; aviewfrommyseat.com tags it ""outfield""",13,toward third base / left field,"1-12, plus 13-15",15,"Stairway aisles run along both side edges of the section; rows are not split by a mid-row aisle, so seat numbers run continuously from one side aisle to the other. The entry portal is at row 15.","Facing the field, seat 1 is on your right. That puts seat 1 on the edge facing section 127, with seat numbers counting up toward the edge facing section 129. Seat 1 is the end of the row closest to home plate, and higher seat numbers run away from home plate.",not published,"the video board ""sits behind these sections, and parts of it may be blocked by the seating deck above"". ""Rows 3 & Above - Covered""; ""Many rows sit under the 200 Level overhang, offering some protection from rain"". sunlight reaches these seats, particularly later in games; the ""upper half of the sections"" offers more consistent shade. ""Wheelchair seating is available behind Row 12"". rateyourseats.com/target-field/seating/sections/128; aviewfrommyseat.com/venue/Target+Field/128/","HIGH - zone, rows, location and seat direction stated by the source"
129,Main Level (100s),Bleachers / Left Field Bleachers,"rateyourseats.com: ""left field line"" / ""left field corner""",14,toward third base / left field,"1-12, plus 13-15",15,"Stairway aisles run along both side edges of the section; rows are not split by a mid-row aisle, so seat numbers run continuously from one side aisle to the other. The entry portal is at row 15.","Facing the field, seat 1 is on your right. That puts seat 1 on the edge facing section 128, with seat numbers counting up toward the edge facing section 130. Seat 1 is the end of the row closest to home plate, and higher seat numbers run away from home plate.",not published,"the main video board sits behind these sections and parts may be blocked by the seating deck above. ""Rows 3 & Above - Covered""; ""Many rows sit under the 200 Level overhang"". rows 3 and above are under cover; sunlight can reach lower seats, particularly later in games. ""Available behind Row 12"" (behind the last row in Sections 128-130). rateyourseats.com/target-field/seating/sections/129","HIGH - zone, rows, location and seat direction stated by the source"
130,Main Level (100s),Bleachers,"rateyourseats.com: ""Left Field Bleachers"" - ""Located in Sections 128-131"" along the left field line",15,toward third base / left field,"1-12, plus 13-15",15,"Stairway aisles run along both side edges of the section; rows are not split by a mid-row aisle, so seat numbers run continuously from one side aisle to the other. The entry portal is at row 15.","Facing the field, seat 1 is on your right. That puts seat 1 on the edge facing section 129, with seat numbers counting up toward the edge facing section 131. Seat 1 is the end of the row closest to home plate, and higher seat numbers run away from home plate.",not published,"""The main video board sits behind these sections, and parts of it may be blocked by the seating deck above"". ""Rows 3 & Above - Covered""; ""Many rows sit under the 200 Level overhang, offering some protection from rain"". ""Wheelchair seating is available behind Row 12"". rateyourseats.com/target-field/seating/sections/130","HIGH - zone, rows, location and seat direction stated by the source"
131,Main Level (100s),Bleachers with Backs,"rateyourseats.com: ""Left field corner"" with ""angled view of the field from the left field corner looking toward home plate""",16,toward third base / left field,1-16,15,"Stairway aisles run along both side edges of the section; rows are not split by a mid-row aisle, so seat numbers run continuously from one side aisle to the other. The entry portal is at row 15.","Facing the field, seat 1 is on your right. That puts seat 1 on the edge facing section 130, with seat numbers counting up toward the edge facing section 132. Seat 1 is the end of the row closest to home plate, and higher seat numbers run away from home plate.",not published,"""Main video board sits behind these sections, and parts of it may be blocked by the seating deck above"". ""Rows 3 & Above - Covered""; ""Many rows in this area are positioned beneath the 200 Level seating deck, which helps protect fans from rain"". ""sunlight can still reach these seats"". wheelchair seating stated as behind Row 12 in Sections 128-130 (adjacent sections). rateyourseats.com/target-field/seating/sections/131","HIGH - zone, rows, location and seat direction stated by the source"
132,Main Level (100s),Treasure Island Cove,"rateyourseats.com: ""Outfield seating in right field"" - ""tucked under the overhang""",,"in right field - the Main Level wraps the whole way round, so these sections are back on the right-field side rather than continuing on toward left field",1-4,4,"Stairway aisles run along both side edges of the section; rows are not split by a mid-row aisle, so seat numbers run continuously from one side aisle to the other. The entry portal is at row 4.","Facing the field, seat 1 is on your right. That puts seat 1 on the edge facing section 131, with seat numbers counting up toward the edge facing section 133.",not published,"""All seats in this section are under cover""; sections 132-135 are completely covered, unlike sections 136-138 which are ""open-air"". ""Section 132 may have a limited view"" as it is ""behind the stage or to the side of the stage for most concerts"". UNKNOWN beyond cover. rateyourseats.com/target-field/seating/sections/132","HIGH - zone, rows, location and seat direction stated by the source"
133,Main Level (100s),Treasure Island Cove,"rateyourseats.com: ""Outfield seating in right field""",,"in right field - the Main Level wraps the whole way round, so these sections are back on the right-field side rather than continuing on toward left field",1-4,4,"Stairway aisles run along both side edges of the section; rows are not split by a mid-row aisle, so seat numbers run continuously from one side aisle to the other. The entry portal is at row 4.","Facing the field, seat 1 is on your right. That puts seat 1 on the edge facing section 132, with seat numbers counting up toward the edge facing section 134.",not published,"""All seats in this section are under cover"" / ""tucked under the overhang"". ""133 is behind the stage or to the side of the stage for most concerts. This may restrict or limit your view of the performance."" UNKNOWN beyond cover. rateyourseats.com/target-field/seating/sections/133","HIGH - zone, rows, location and seat direction stated by the source"
134,Main Level (100s),Treasure Island Cove,"rateyourseats.com: ""Sections 132-138 make up Outfield seating in right field""",,"in right field - the Main Level wraps the whole way round, so these sections are back on the right-field side rather than continuing on toward left field",1-4,4,"Stairway aisles run along both side edges of the section; rows are not split by a mid-row aisle, so seat numbers run continuously from one side aisle to the other. The entry portal is at row 4.","Facing the field, seat 1 is on your right. That puts seat 1 on the edge facing section 133, with seat numbers counting up toward the edge facing section 135.",not published,"""All seats in this section are under cover"" and ""tucked under the overhang"". ""For Concerts, Section 134 May Have a Limited View"" as it is ""behind the stage or to the side of the stage for most concerts"". Obstructed view (baseball) rateyourseats.com/target-field/seating/sections/134","HIGH - zone, rows, location and seat direction stated by the source"
135,Main Level (100s),Treasure Island Cove,"rateyourseats.com: ""Sections 132-138 make up Outfield seating in right field""",,"in right field - the Main Level wraps the whole way round, so these sections are back on the right-field side rather than continuing on toward left field",1-4,4,"Stairway aisles run along both side edges of the section; rows are not split by a mid-row aisle, so seat numbers run continuously from one side aisle to the other. The entry portal is at row 4.","Facing the field, seat 1 is on your right. That puts seat 1 on the edge facing section 134, with seat numbers counting up toward the edge facing section 136.",not published,"""All seats in this section are under cover""; ""tucked under the overhang"". UNKNOWN beyond cover. rateyourseats.com/target-field/seating/sections/135","HIGH - zone, rows, location and seat direction stated by the source"
136,Main Level (100s),Overlook,"rateyourseats.com: ""right field"" - sections 136-138 within the outfield seating area",,"in right field - the Main Level wraps the whole way round, so these sections are back on the right-field side rather than continuing on toward left field",1-7,7,"Stairway aisles run along both side edges of the section; rows are not split by a mid-row aisle, so seat numbers run continuously from one side aisle to the other. The entry portal is at row 7.","Facing the field, seat 1 is on your right. That puts seat 1 on the edge facing section 135, with seat numbers counting up toward the edge facing section 137.",not published,"""completely open-air"" (contrasted with sections 132-135 which are ""tucked under the overhang""). Collects ""a decent number of home run balls from left-handed batters"". rateyourseats.com/target-field/seating/sections/136","HIGH - zone, rows, location and seat direction stated by the source"
137,Main Level (100s),Overlook area,"rateyourseats.com: ""Outfield seating in right field"" (part of sections 132-138)",,"in right field - the Main Level wraps the whole way round, so these sections are back on the right-field side rather than continuing on toward left field",1-7,7,"Stairway aisles run along both side edges of the section; rows are not split by a mid-row aisle, so seat numbers run continuously from one side aisle to the other. The entry portal is at row 7.","Facing the field, seat 1 is on your right. That puts seat 1 on the edge facing section 136, with seat numbers counting up toward the edge facing section 138.",not published,"""completely open-air"" (no overhead protection). rateyourseats.com/target-field/seating/sections/137","HIGH - zone, rows, location and seat direction stated by the source"
138,Main Level (100s),Overlook,"rateyourseats.com: ""right field"" and ""Sections 132-138 make up Outfield seating in right field""",,"in right field - the Main Level wraps the whole way round, so these sections are back on the right-field side rather than continuing on toward left field",1-7,7,"Stairway aisles run along both side edges of the section; rows are not split by a mid-row aisle, so seat numbers run continuously from one side aisle to the other. The entry portal is at row 7.","Facing the field, seat 1 is on your right. That puts seat 1 on the edge facing section 137, with seat numbers counting up toward the edge facing section 139.",not published,"""completely open-air"" (no overhang protection, unlike nearby sections 132-135). Collects ""a decent number of home run balls from left-handed batters"". rateyourseats.com/target-field/seating/sections/138","HIGH - zone, rows, location and seat direction stated by the source"
139,Main Level (100s),Corona Porch,"rateyourseats.com: ""right field line"" (within Sections 139-140); aviewfrommyseat.com tags section 139 ""outfield""",,"in right field - the Main Level wraps the whole way round, so these sections are back on the right-field side rather than continuing on toward left field","aviewfrommyseat.com: ""First Row: 1 ... Last Row: 5",UNKNOWN,"Stairway aisles run along both side edges of the section; rows are not split by a mid-row aisle, so seat numbers run continuously from one side aisle to the other. The entry portal row is not published for this section.","Facing the field, seat 1 is on your right. That puts seat 1 on the edge facing section 138, with seat numbers counting up toward the edge facing section 140.",not published,"Bar stools with backs positioned along a drink rail overlooking the field; social seating area designed for groups. aviewfrommyseat.com row tags: ""is accessible"", ""has bar rail"". ""can be in the shade during a day game"", ""is a bleacher seat"". A photo caption reads ""Front row of 'Great Clips' seats. Bar stool seating."" rateyourseats.com/target-field/seating/sections/139; aviewfrommyseat.com/venue/Target+Field/139/","HIGH - zone, rows, location and seat direction stated by the source"
140,Main Level (100s),Corona Porch,"rateyourseats.com: ""Sections 139-140 along the right field line""; aviewfrommyseat.com tags section 140 ""outfield""",,"in right field - the Main Level wraps the whole way round, so these sections are back on the right-field side rather than continuing on toward left field","aviewfrommyseat.com: ""First Row: 1 Last Row: 5 WC",UNKNOWN,"Stairway aisles run along both side edges of the section; rows are not split by a mid-row aisle, so seat numbers run continuously from one side aisle to the other. The entry portal row is not published for this section.","Facing the field, seat 1 is on your right. That puts seat 1 on the edge facing section 139, with seat numbers counting up toward the far edge of the section, with no further section beyond it on that side.",not published,"Features ""bar stools with backs"" and ""personal drink rails overlooking the field"". aviewfrommyseat.com rows tagged ""is accessible"" and ""has bar rail"" (WC listed as last row). rateyourseats.com/target-field/seating/sections/140; aviewfrommyseat.com/venue/Target+Field/140/","HIGH - zone, rows, location and seat direction stated by the source"
201,Terrace Level (200s),Terrace Level,"rateyourseats.com: UNKNOWN (no location stated for this section); aviewfrommyseat.com tags section 201 ""along the 1st base line"", listed under ""200 Level""",13,toward first base / right field,1-8 (rateyourseats.com),8,"Stairway aisles run along both side edges of the section; rows are not split by a mid-row aisle, so seat numbers run continuously from one side aisle to the other. The entry portal is at row 8.","Facing the field, seat 1 is on your right. That puts seat 1 on the far edge of the section, with no further section beyond it on that side, with seat numbers counting up toward the edge facing section 202. Seat 1 is the end of the row farthest from home plate, and higher seat numbers run back toward home plate.",not published,"aviewfrommyseat.com seat tags: ""has an obstructed view of the stage"", ""has great sound"". Last row listed as WC on aviewfrommyseat.com. rateyourseats.com/target-field/seating/sections/201; aviewfrommyseat.com/venue/Target+Field/201/","HIGH - zone, rows, location and seat direction stated by the source"
202,Terrace Level (200s),Terrace Level,"rateyourseats.com: UNKNOWN (no location stated for this section); aviewfrommyseat.com tags section 202 ""along the 1st base line"", listed under ""200 Level""",12,toward first base / right field,1-8 (rateyourseats.com),8,"Stairway aisles run along both side edges of the section; rows are not split by a mid-row aisle, so seat numbers run continuously from one side aisle to the other. The entry portal is at row 8.","Facing the field, seat 1 is on your right. That puts seat 1 on the edge facing section 201, with seat numbers counting up toward the edge facing section 203. Seat 1 is the end of the row farthest from home plate, and higher seat numbers run back toward home plate.",not published,"rateyourseats.com labels the section a ""Top Pick for Outstanding Convenience"". Last row listed as WC on aviewfrommyseat.com. rateyourseats.com/target-field/seating/sections/202; aviewfrommyseat.com/venue/Target+Field/202/","HIGH - zone, rows, location and seat direction stated by the source"
203,Terrace Level (200s),Terrace Level,"rateyourseats.com: UNKNOWN (no location stated for this section); aviewfrommyseat.com: ""Section 203 is tagged with: along the 1st base line"", listed under ""200 Level""",11,toward first base / right field,1-8,8,"Stairway aisles run along both side edges of the section; rows are not split by a mid-row aisle, so seat numbers run continuously from one side aisle to the other. The entry portal is at row 8.","Facing the field, seat 1 is on your right. That puts seat 1 on the edge facing section 202, with seat numbers counting up toward the edge facing section 204. Seat 1 is the end of the row farthest from home plate, and higher seat numbers run back toward home plate.",not published,"rateyourseats.com labels the section a ""Top Pick for Outstanding Convenience"". aviewfrommyseat.com seat tag: ""is on the aisle"". rateyourseats.com/target-field/seating/sections/203; aviewfrommyseat.com/venue/Target+Field/203/","HIGH - zone, rows, location and seat direction stated by the source"
204,Terrace Level (200s),Terrace Level,Includes 200 Level Terrace seats and 300 Level View Level seats.,10,toward first base / right field,1-6,6,"Stairway aisles run along both side edges of the section; rows are not split by a mid-row aisle, so seat numbers run continuously from one side aisle to the other. The entry portal is at row 6.","Facing the field, seat 1 is on your right. That puts seat 1 on the edge facing section 203, with seat numbers counting up toward the edge facing section 205. Seat 1 is the end of the row farthest from home plate, and higher seat numbers run back toward home plate.",not published,200 Level Terrace and 300 Level View Level share the Terrace Level concourse for concessions and amenities.,"HIGH - zone, rows, location and seat direction stated by the source"
205,Terrace Level (200s),Terrace Level,Includes 200 Level Terrace seats and 300 Level View Level seats.,9,toward first base / right field,1-6,6,"Stairway aisles run along both side edges of the section; rows are not split by a mid-row aisle, so seat numbers run continuously from one side aisle to the other. The entry portal is at row 6.","Facing the field, seat 1 is on your right. That puts seat 1 on the edge facing section 204, with seat numbers counting up toward the edge facing section 206. Seat 1 is the end of the row farthest from home plate, and higher seat numbers run back toward home plate.",not published,"""Shared Concourse: Both levels share the Terrace Level concourse for concessions and amenities.""","HIGH - zone, rows, location and seat direction stated by the source"
206,Terrace Level (200s),Terrace Level,Includes 200 Level Terrace seats and 300 Level View Level seats.,8,toward first base / right field,1-7,6,"Stairway aisles run along both side edges of the section; rows are not split by a mid-row aisle, so seat numbers run continuously from one side aisle to the other. The entry portal is at row 6.","Facing the field, seat 1 is on your right. That puts seat 1 on the edge facing section 205, with seat numbers counting up toward the edge facing section 207. Seat 1 is the end of the row farthest from home plate, and higher seat numbers run back toward home plate.",not published,Shared concourse for both 200 and 300 levels; concessions and amenities available.,"HIGH - zone, rows, location and seat direction stated by the source"
207,Terrace Level (200s),Terrace Level,"Terrace Level at Target Field includes both 200 Level sections and 300 Level sections, which share the same concourse but differ slightly in layout.",7,toward first base / right field,1-6,6,"Stairway aisles run along both side edges of the section; rows are not split by a mid-row aisle, so seat numbers run continuously from one side aisle to the other. The entry portal is at row 6.","Facing the field, seat 1 is on your right. That puts seat 1 on the edge facing section 206, with seat numbers counting up toward the edge facing section 208. Seat 1 is the end of the row farthest from home plate, and higher seat numbers run back toward home plate.",not published,"Shared concourse access with 300 Level for ""concessions and amenities"".","HIGH - zone, rows, location and seat direction stated by the source"
208,Terrace Level (200s),Terrace Level,not stated by the source,6,toward first base / right field,1-6,6,"Stairway aisles run along both side edges of the section; rows are not split by a mid-row aisle, so seat numbers run continuously from one side aisle to the other. The entry portal is at row 6.","Facing the field, seat 1 is on your right. That puts seat 1 on the edge facing section 207, with seat numbers counting up toward the edge facing section 209. Seat 1 is the end of the row farthest from home plate, and higher seat numbers run back toward home plate.",not published,"Page states ""Rows in Section 208 are labeled 1-6"" and ""an entrance to this section is located at Row 6"".","MEDIUM - rows and zone confirmed, the source does not place this section"
209,Terrace Level (200s),Terrace Level,Terrace Level,5,toward first base / right field,1-6,6,"Stairway aisles run along both side edges of the section; rows are not split by a mid-row aisle, so seat numbers run continuously from one side aisle to the other. The entry portal is at row 6.","Facing the field, seat 1 is on your right. That puts seat 1 on the edge facing section 208, with seat numbers counting up toward the edge facing section 210. Seat 1 is the end of the row farthest from home plate, and higher seat numbers run back toward home plate.",not published,"Recommended ""for outstanding convenience""; within five rows of the concourse with nearby men's restroom, women's restroom, and concessions.","HIGH - zone, rows, location and seat direction stated by the source"
210,Terrace Level (200s),Terrace Level,Includes 200 Level Terrace seats and 300 Level View Level seats.,4,toward first base / right field,1-6,6,"Stairway aisles run along both side edges of the section; rows are not split by a mid-row aisle, so seat numbers run continuously from one side aisle to the other. The entry portal is at row 6.","Facing the field, seat 1 is on your right. That puts seat 1 on the edge facing section 209, with seat numbers counting up toward the edge facing section 211. Seat 1 is the end of the row farthest from home plate, and higher seat numbers run back toward home plate.",not published,Shared concourse with 200 and 300 Level sections for concessions and amenities.,"HIGH - zone, rows, location and seat direction stated by the source"
211,Terrace Level (200s),Terrace Level,"Terrace Level at Target Field includes both 200 Level sections and 300 Level sections, which share the same concourse",3,toward first base / right field,"1-4, WC",WC,"Stairway aisles run along both side edges of the section; rows are not split by a mid-row aisle, so seat numbers run continuously from one side aisle to the other. The entry portal is at row WC.","Facing the field, seat 1 is on your right. That puts seat 1 on the edge facing section 210, with seat numbers counting up toward the edge facing section 212. Seat 1 is the end of the row farthest from home plate, and higher seat numbers run back toward home plate.",not published,"""Wheelchair seating is available behind Row 4""; ""An entrance to this section is located at Row WC"".","HIGH - zone, rows, location and seat direction stated by the source"
212,Terrace Level (200s),Terrace Level,not stated by the source,2,toward first base / right field,"1-4, WC",WC,"Stairway aisles run along both side edges of the section; rows are not split by a mid-row aisle, so seat numbers run continuously from one side aisle to the other. The entry portal is at row WC.","Facing the field, seat 1 is on your right. That puts seat 1 on the edge facing section 211, with seat numbers counting up toward the edge facing section 213. Seat 1 is the end of the row farthest from home plate, and higher seat numbers run back toward home plate.",not published,"Page states ""Rows in Section 212 are labeled 1-4, WC"" and ""An entrance to this section is located at Row WC""; ""Wheelchair seating is available behind Row 4"".","MEDIUM - rows and zone confirmed, the source does not place this section"
213,Terrace Level (200s),Terrace Level,Includes 200 Level Terrace seats and 300 Level View Level seats.,1,toward first base / right field,1-6,6,"Stairway aisles run along both side edges of the section; rows are not split by a mid-row aisle, so seat numbers run continuously from one side aisle to the other. The entry portal is at row 6.","Facing the field, seat 1 is on your right. That puts seat 1 on the edge facing section 212, with seat numbers counting up toward the edge facing section 214. Seat 1 is the end of the row farthest from home plate, and higher seat numbers run back toward home plate.",not published,"Shared concourse for both 200 and 300 levels. Page also notes ""Excellent Shade on the View Level: Sections 304-315 offer some of the best sun protection in the ballpark."" (refers to 300 Level, not this section).","HIGH - zone, rows, location and seat direction stated by the source"
214,Terrace Level (200s),Terrace Level,Includes 200 Level Terrace seats and 300 Level View Level seats.,0,behind home plate,1-6,6,"Stairway aisles run along both side edges of the section; rows are not split by a mid-row aisle, so seat numbers run continuously from one side aisle to the other. The entry portal is at row 6.","Facing the field, seat 1 is on your right. That puts seat 1 on the edge facing section 213, with seat numbers counting up toward the edge facing section 215. This section is behind home plate, so seat 1 is on its first-base side.",not published,"Shared concourse with Terrace and View Level for ""concessions and amenities"". Labeled a ""Top Pick for Outstanding Convenience"" with ""Home Plate View"".","HIGH - zone, rows, location and seat direction stated by the source"
215,Terrace Level (200s),Terrace Level,Home Plate View,0,behind home plate,1-6,6,"Stairway aisles run along both side edges of the section; rows are not split by a mid-row aisle, so seat numbers run continuously from one side aisle to the other. The entry portal is at row 6.","Facing the field, seat 1 is on your right. That puts seat 1 on the edge facing section 214, with seat numbers counting up toward the edge facing section 216. This section is behind home plate, so seat 1 is on its first-base side.",not published,"Shared concourse with 300 Level for concessions and amenities. ""An entrance to this section is located at Row 6"".","HIGH - zone, rows, location and seat direction stated by the source"
216,Terrace Level (200s),Terrace Level,Home Plate View,0,behind home plate,1-6,6,"Stairway aisles run along both side edges of the section; rows are not split by a mid-row aisle, so seat numbers run continuously from one side aisle to the other. The entry portal is at row 6.","Facing the field, seat 1 is on your right. That puts seat 1 on the edge facing section 215, with seat numbers counting up toward the edge facing section 217. This section is behind home plate, so seat 1 is on its first-base side.",not published,,"HIGH - zone, rows, location and seat direction stated by the source"
217,Terrace Level (200s),Terrace Level,Includes 200 Level Terrace seats and 300 Level View Level seats.,1,toward third base / left field,1-6,6,"Stairway aisles run along both side edges of the section; rows are not split by a mid-row aisle, so seat numbers run continuously from one side aisle to the other. The entry portal is at row 6.","Facing the field, seat 1 is on your right. That puts seat 1 on the edge facing section 216, with seat numbers counting up toward the edge facing section 218. Seat 1 is the end of the row closest to home plate, and higher seat numbers run away from home plate.",not published,"""Shared Concourse: Both levels share the Terrace Level concourse for concessions and amenities.""","HIGH - zone, rows, location and seat direction stated by the source"
218,Terrace Level (200s),Terrace Level,"Terrace Level at Target Field includes both 200 Level sections and 300 Level sections, which share the same concourse but differ slightly in layout.",2,toward third base / left field,1-6,6,"Stairway aisles run along both side edges of the section; rows are not split by a mid-row aisle, so seat numbers run continuously from one side aisle to the other. The entry portal is at row 6.","Facing the field, seat 1 is on your right. That puts seat 1 on the edge facing section 217, with seat numbers counting up toward the edge facing section 219. Seat 1 is the end of the row closest to home plate, and higher seat numbers run away from home plate.",not published,Shared concourse with 300 Level for concessions and amenities.,"HIGH - zone, rows, location and seat direction stated by the source"
219,Terrace Level (200s),Terrace Level,"Terrace Level at Target Field includes both 200 Level sections and 300 Level sections, which share the same concourse but differ slightly in layout.",3,toward third base / left field,1-6,6,"Stairway aisles run along both side edges of the section; rows are not split by a mid-row aisle, so seat numbers run continuously from one side aisle to the other. The entry portal is at row 6.","Facing the field, seat 1 is on your right. That puts seat 1 on the edge facing section 218, with seat numbers counting up toward the edge facing section 220. Seat 1 is the end of the row closest to home plate, and higher seat numbers run away from home plate.",not published,"""An entrance to this section is located at Row 6"".","HIGH - zone, rows, location and seat direction stated by the source"
220,Terrace Level (200s),Terrace Level,Includes 200 Level Terrace seats and 300 Level View Level seats.,4,toward third base / left field,1-6,6,"Stairway aisles run along both side edges of the section; rows are not split by a mid-row aisle, so seat numbers run continuously from one side aisle to the other. The entry portal is at row 6.","Facing the field, seat 1 is on your right. That puts seat 1 on the edge facing section 219, with seat numbers counting up toward the edge facing section 221. Seat 1 is the end of the row closest to home plate, and higher seat numbers run away from home plate.",not published,Shared concourse with both 200 and 300 levels for concessions and amenities.,"HIGH - zone, rows, location and seat direction stated by the source"
221,Terrace Level (200s),Terrace Level,"Terrace Level at Target Field includes both 200 Level sections and 300 Level sections, which share the same concourse but differ slightly in layout.",5,toward third base / left field,1-7,7,"Stairway aisles run along both side edges of the section; rows are not split by a mid-row aisle, so seat numbers run continuously from one side aisle to the other. The entry portal is at row 7.","Facing the field, seat 1 is on your right. That puts seat 1 on the edge facing section 220, with seat numbers counting up toward the edge facing section 222. Seat 1 is the end of the row closest to home plate, and higher seat numbers run away from home plate.",not published,Shared concourse with 300 Level for concessions and amenities.,"HIGH - zone, rows, location and seat direction stated by the source"
222,Terrace Level (200s),Terrace Level,"Terrace Level at Target Field includes both 200 Level sections and 300 Level sections, which share the same concourse but differ slightly in layout.",6,toward third base / left field,1-7,7,"Stairway aisles run along both side edges of the section; rows are not split by a mid-row aisle, so seat numbers run continuously from one side aisle to the other. The entry portal is at row 7.","Facing the field, seat 1 is on your right. That puts seat 1 on the edge facing section 221, with seat numbers counting up toward the edge facing section 223. Seat 1 is the end of the row closest to home plate, and higher seat numbers run away from home plate.",not published,Shared concourse with 300 Level for concessions and amenities.,"HIGH - zone, rows, location and seat direction stated by the source"
223,Terrace Level (200s),Terrace Level,"Terrace Level at Target Field includes both 200 Level sections and 300 Level sections, which share the same concourse but differ slightly in layout.",7,toward third base / left field,1-6,6,"Stairway aisles run along both side edges of the section; rows are not split by a mid-row aisle, so seat numbers run continuously from one side aisle to the other. The entry portal is at row 6.","Facing the field, seat 1 is on your right. That puts seat 1 on the edge facing section 222, with seat numbers counting up toward the edge facing section 224. Seat 1 is the end of the row closest to home plate, and higher seat numbers run away from home plate.",not published,Shared concourse with 300 Level for concessions and amenities.,"HIGH - zone, rows, location and seat direction stated by the source"
224,Terrace Level (200s),Terrace Level,"Directly above the main seating bowl""; ""some of the smallest seating sections in the ballpark",8,toward third base / left field,1-6,6,"Stairway aisles run along both side edges of the section; rows are not split by a mid-row aisle, so seat numbers run continuously from one side aisle to the other. The entry portal is at row 6.","Facing the field, seat 1 is on your right. That puts seat 1 on the edge facing section 223, with seat numbers counting up toward the edge facing section 225. Seat 1 is the end of the row closest to home plate, and higher seat numbers run away from home plate.",not published,Row 1 has a guard railing that blocks sightlines for shorter people and children. Row 1 seats are directly in the sun.,"HIGH - zone, rows, location and seat direction stated by the source"
225,Terrace Level (200s),Terrace Level,"Terrace Level at Target Field includes both 200 Level sections and 300 Level sections, which share the same concourse",9,toward third base / left field,1-8,8,"Stairway aisles run along both side edges of the section; rows are not split by a mid-row aisle, so seat numbers run continuously from one side aisle to the other. The entry portal is at row 8.","Facing the field, seat 1 is on your right. That puts seat 1 on the edge facing section 224, with seat numbers counting up toward the edge facing section 226. Seat 1 is the end of the row closest to home plate, and higher seat numbers run away from home plate.",not published,"UNKNOWN (page's shade note applies to 300 Level View sections, not this section).","HIGH - zone, rows, location and seat direction stated by the source"
226,Terrace Level (200s),Terrace Level,sit directly above the main seating bowl,10,toward third base / left field,1-8,8,"Stairway aisles run along both side edges of the section; rows are not split by a mid-row aisle, so seat numbers run continuously from one side aisle to the other. The entry portal is at row 8.","Facing the field, seat 1 is on your right. That puts seat 1 on the edge facing section 225, with seat numbers counting up toward the edge facing section 227. Seat 1 is the end of the row closest to home plate, and higher seat numbers run away from home plate.",not published,,"HIGH - zone, rows, location and seat direction stated by the source"
227,Terrace Level (200s),Terrace Level,not stated by the source,11,toward third base / left field,1-8,8,"Stairway aisles run along both side edges of the section; rows are not split by a mid-row aisle, so seat numbers run continuously from one side aisle to the other. The entry portal is at row 8.","Facing the field, seat 1 is on your right. That puts seat 1 on the edge facing section 226, with seat numbers counting up toward the edge facing section 228. Seat 1 is the end of the row closest to home plate, and higher seat numbers run away from home plate.",not published,UNKNOWN (shade benefits noted only for 300 Level View sections).,"MEDIUM - rows and zone confirmed, the source does not place this section"
228,Terrace Level (200s),Terrace Level,directly above the main seating bowl,12,toward third base / left field,1-6,6,"Stairway aisles run along both side edges of the section; rows are not split by a mid-row aisle, so seat numbers run continuously from one side aisle to the other. The entry portal is at row 6.","Facing the field, seat 1 is on your right. That puts seat 1 on the edge facing section 227, with seat numbers counting up toward the edge facing section 229. Seat 1 is the end of the row closest to home plate, and higher seat numbers run away from home plate.",not published,UNKNOWN (shade note applies to 300 Level View sections).,"HIGH - zone, rows, location and seat direction stated by the source"
229,Terrace Level (200s),Treasure Island Home Run Deck,"Located in Sections 229-234 and 329-334 along the left field line""; ""Positioned along the left field line where long fly balls often land",13,toward third base / left field,1-7,7,"Stairway aisles run along both side edges of the section; rows are not split by a mid-row aisle, so seat numbers run continuously from one side aisle to the other. The entry portal is at row 7.","Facing the field, seat 1 is on your right. That puts seat 1 on the edge facing section 228, with seat numbers counting up toward the edge facing section 230. Seat 1 is the end of the row closest to home plate, and higher seat numbers run away from home plate.",not published,"""You can't see the warning track/wall in front of you. Anything from the outfielder back is obstructed"". ""Fully exposed to the elements"" on the upper level; receives direct sunlight for most of the game on sunny days.","HIGH - zone, rows, location and seat direction stated by the source"
230,Terrace Level (200s),Treasure Island Home Run Deck,Located in Sections 229-234 ... along the left field line,14,toward third base / left field,1-7,7,"Stairway aisles run along both side edges of the section; rows are not split by a mid-row aisle, so seat numbers run continuously from one side aisle to the other. The entry portal is at row 7.","Facing the field, seat 1 is on your right. That puts seat 1 on the edge facing section 229, with seat numbers counting up toward the edge facing section 231. Seat 1 is the end of the row closest to home plate, and higher seat numbers run away from home plate.",not published,"direct sunlight for most of day games; seats described as ""fully exposed to the elements"", upper sections receive sun exposure longest.","HIGH - zone, rows, location and seat direction stated by the source"
231,Terrace Level (200s),Treasure Island Home Run Deck,"Located in Sections 229-234"" on the 200 Level, known as ""Home Run Porch Terrace",15,toward third base / left field,"1-4, WC",WC,"Stairway aisles run along both side edges of the section; rows are not split by a mid-row aisle, so seat numbers run continuously from one side aisle to the other. The entry portal is at row WC.","Facing the field, seat 1 is on your right. That puts seat 1 on the edge facing section 230, with seat numbers counting up toward the edge facing section 232. Seat 1 is the end of the row closest to home plate, and higher seat numbers run away from home plate.",not published,"a WC row is listed and the section entrance is at row WC. UNKNOWN for this section specifically (general Home Run Deck note: ""fully exposed to the elements""). Page recommends the section for ""outstanding convenience"" for baseball games.","HIGH - zone, rows, location and seat direction stated by the source"
232,Terrace Level (200s),Treasure Island Home Run Deck,"Located in Sections 229-234 and 329-334 along the left field line""; positioned where ""long fly balls often land",16,toward third base / left field,"1-4, WC",WC,"Stairway aisles run along both side edges of the section; rows are not split by a mid-row aisle, so seat numbers run continuously from one side aisle to the other. The entry portal is at row WC.","Facing the field, seat 1 is on your right. That puts seat 1 on the edge facing section 231, with seat numbers counting up toward the edge facing section 233. Seat 1 is the end of the row closest to home plate, and higher seat numbers run away from home plate.",not published,"section is ""behind the stage or to the side of the stage for most concerts"" and may have limited view. ""Fully exposed to the elements, especially on the upper level"" with direct sunlight during day games. a WC row is listed as the entrance row.","HIGH - zone, rows, location and seat direction stated by the source"
233,Terrace Level (200s),Treasure Island Home Run Deck,behind the stage or to the side of the stage for most concerts,17,toward third base / left field,"1-4, WC",WC,"Stairway aisles run along both side edges of the section; rows are not split by a mid-row aisle, so seat numbers run continuously from one side aisle to the other. The entry portal is at row WC.","Facing the field, seat 1 is on your right. That puts seat 1 on the edge facing section 232, with seat numbers counting up toward the edge facing section 234. Seat 1 is the end of the row closest to home plate, and higher seat numbers run away from home plate.",not published,"may have limited view due to stage positioning. row WC noted as the wheelchair-accessible entrance location. Page recommends the section for baseball for ""outstanding convenience"" (proximity to restrooms, concessions, amenities).","HIGH - zone, rows, location and seat direction stated by the source"
234,Terrace Level (200s),Treasure Island Home Run Deck,"Located in Sections 229-234 ... along the left field line""; seats ""hang over the Left Field Bleachers below",18,toward third base / left field,"1-4, WC",WC,"Stairway aisles run along both side edges of the section; rows are not split by a mid-row aisle, so seat numbers run continuously from one side aisle to the other. The entry portal is at row WC.","Facing the field, seat 1 is on your right. That puts seat 1 on the edge facing section 233, with seat numbers counting up toward the edge facing section 237. Seat 1 is the end of the row closest to home plate, and higher seat numbers run away from home plate.",not published,"""234 is behind the stage or to the side of the stage for most concerts. This may restrict or limit your view"". ""Seats in the Home Run Deck are fully exposed to the elements"" and receive ""direct sunlight for most of the game"". this section hangs over the Left Field Bleachers below. a WC row is listed as the entrance row.","HIGH - zone, rows, location and seat direction stated by the source"
237,Terrace Level (200s),not named by the source,Behind/Side Stage (most shows),19,toward third base / left field,1-22,1,"Stairway aisles run along both side edges of the section; rows are not split by a mid-row aisle, so seat numbers run continuously from one side aisle to the other. The entry portal is at row 1.","Facing the field, seat 1 is on your right. That puts seat 1 on the edge facing section 234, with seat numbers counting up toward the edge facing section 238. Seat 1 is the end of the row closest to home plate, and higher seat numbers run away from home plate.",not published,"Page does not assign this section to a named seating zone. ""behind the stage or to the side of the stage for most concerts"" may limit view. fan review notes ""Outside no shade"" for day games.","MEDIUM - rows confirmed, ticket zone not named by the source"
238,Terrace Level (200s),not named by the source,Behind/Side Stage (most shows),20,toward third base / left field,1-20,1,"Stairway aisles run along both side edges of the section; rows are not split by a mid-row aisle, so seat numbers run continuously from one side aisle to the other. The entry portal is at row 1.","Facing the field, seat 1 is on your right. That puts seat 1 on the edge facing section 237, with seat numbers counting up toward the edge facing section 239. Seat 1 is the end of the row closest to home plate, and higher seat numbers run away from home plate.",not published,"Page does not assign this section to a named seating zone. ""238 is behind the stage or to the side of the stage for most concerts. This may restrict or limit your view of the performance.""","MEDIUM - rows confirmed, ticket zone not named by the source"
239,Terrace Level (200s),not named by the source,Behind/Side Stage (most shows),21,toward third base / left field,1-16,1,"Stairway aisles run along both side edges of the section; rows are not split by a mid-row aisle, so seat numbers run continuously from one side aisle to the other. The entry portal is at row 1.","Facing the field, seat 1 is on your right. That puts seat 1 on the edge facing section 238, with seat numbers counting up toward the edge facing section 240. Seat 1 is the end of the row closest to home plate, and higher seat numbers run away from home plate.",29 (stated for Row 9),Page does not assign this section to a named seating zone. limited view (behind or to the side of the stage). limited visibility of left/center field and the fence area.,"MEDIUM - rows confirmed, ticket zone not named by the source"
240,Terrace Level (200s),not named by the source,not stated by the source,22,toward third base / left field,1-12,1,"Stairway aisles run along both side edges of the section; rows are not split by a mid-row aisle, so seat numbers run continuously from one side aisle to the other. The entry portal is at row 1.","Facing the field, seat 1 is on your right. That puts seat 1 on the edge facing section 239, with seat numbers counting up toward the far edge of the section, with no further section beyond it on that side. Seat 1 is the end of the row closest to home plate, and higher seat numbers run away from home plate.",not published,Page does not assign this section to a named seating zone.,"MEDIUM - rows confirmed, ticket zone not named by the source"
301,View Level (300s),View Level,"""Terrace Level"" shared concourse with 200 Level sections",13,toward first base / right field,1-14,1,"Stairway aisles run along both side edges of the section; rows are not split by a mid-row aisle, so seat numbers run continuously from one side aisle to the other. The entry portal is at row 1.","Facing the field, seat 1 is on your right. That puts seat 1 on the far edge of the section, with no further section beyond it on that side, with seat numbers counting up toward the edge facing section 302. Seat 1 is the end of the row farthest from home plate, and higher seat numbers run back toward home plate.",not published,"""Rows 8 & Above - Covered"". Section accessed by staircase from the Terrace concourse.","HIGH - zone, rows, location and seat direction stated by the source"
302,View Level (300s),View Level,Sits higher above the field but still provide a clear perspective of the entire ballpark,12,toward first base / right field,1-14,1,"Stairway aisles run along both side edges of the section; rows are not split by a mid-row aisle, so seat numbers run continuously from one side aisle to the other. The entry portal is at row 1.","Facing the field, seat 1 is on your right. That puts seat 1 on the edge facing section 301, with seat numbers counting up toward the edge facing section 303. Seat 1 is the end of the row farthest from home plate, and higher seat numbers run back toward home plate.",not published,"rows 7 and above are covered. Wind noted as a significant factor, particularly in April and October games.","HIGH - zone, rows, location and seat direction stated by the source"
303,View Level (300s),View Level,"""Terrace Level"" section; part of the upper-level seating areas",11,toward first base / right field,1-14,1,"Stairway aisles run along both side edges of the section; rows are not split by a mid-row aisle, so seat numbers run continuously from one side aisle to the other. The entry portal is at row 1.","Facing the field, seat 1 is on your right. That puts seat 1 on the edge facing section 302, with seat numbers counting up toward the edge facing section 304. Seat 1 is the end of the row farthest from home plate, and higher seat numbers run back toward home plate.",Rows 1-5 and Row 8: 18 seats; Rows 6-7: 22 seats; Rows 9-13: 24 seats; Row 14: 27 seats,"""Rows 7 & Above - Covered"". ""Excellent Shade on the View Level: Sections 304-315 offer some of the best sun protection in the ballpark"" (303 not explicitly included in that range). Rows 1-5 recommended ""for outstanding convenience"".","HIGH - zone, rows, location and seat direction stated by the source"
304,View Level (300s),View Level,"Terrace Level at Target Field""; seats ""sit above the Terrace seats",10,toward first base / right field,1-14,1,"Stairway aisles run along both side edges of the section; rows are not split by a mid-row aisle, so seat numbers run continuously from one side aisle to the other. The entry portal is at row 1.","Facing the field, seat 1 is on your right. That puts seat 1 on the edge facing section 303, with seat numbers counting up toward the edge facing section 305. Seat 1 is the end of the row farthest from home plate, and higher seat numbers run back toward home plate.",not published,"""Rows 4 & Above - Covered"". ""Sections 304-315 offer some of the best sun protection in the ballpark"".","HIGH - zone, rows, location and seat direction stated by the source"
305,View Level (300s),View Level,Sits higher above the field but still provide a clear perspective of the entire ballpark,9,toward first base / right field,1-14,1,"Stairway aisles run along both side edges of the section; rows are not split by a mid-row aisle, so seat numbers run continuously from one side aisle to the other. The entry portal is at row 1.","Facing the field, seat 1 is on your right. That puts seat 1 on the edge facing section 304, with seat numbers counting up toward the edge facing section 306. Seat 1 is the end of the row farthest from home plate, and higher seat numbers run back toward home plate.",not published,rows 3 and above are under cover. receives significant shade protection during summer games.,"HIGH - zone, rows, location and seat direction stated by the source"
306,View Level (300s),View Level,Sits above the Terrace seats,8,toward first base / right field,1-14,1,"Stairway aisles run along both side edges of the section; rows are not split by a mid-row aisle, so seat numbers run continuously from one side aisle to the other. The entry portal is at row 1.","Facing the field, seat 1 is on your right. That puts seat 1 on the edge facing section 305, with seat numbers counting up toward the edge facing section 307. Seat 1 is the end of the row farthest from home plate, and higher seat numbers run back toward home plate.",not published,"""Rows 3 & Above - Covered"". ""Excellent Shade on the View Level: Sections 304-315 offer some of the best sun protection in the ballpark"". Section contains approximately 14 rows and is accessed by staircase from the Terrace concourse; provides ""elevated perspectives of both the field and the Minneapolis skyline.""","HIGH - zone, rows, location and seat direction stated by the source"
307,View Level (300s),View Level,Sits above the Terrace seats,7,toward first base / right field,1-14,1,"Stairway aisles run along both side edges of the section; rows are not split by a mid-row aisle, so seat numbers run continuously from one side aisle to the other. The entry portal is at row 1.","Facing the field, seat 1 is on your right. That puts seat 1 on the edge facing section 306, with seat numbers counting up toward the edge facing section 308. Seat 1 is the end of the row farthest from home plate, and higher seat numbers run back toward home plate.",not published,"rows 3 and above are covered. Sections 304-315 offer ""some of the best sun protection in the ballpark"". Has ""about 14 rows of seating""; accessed by staircase from the Terrace concourse.","HIGH - zone, rows, location and seat direction stated by the source"
308,View Level (300s),View Level,Sits above the Terrace seats,6,toward first base / right field,1-14,1,"Stairway aisles run along both side edges of the section; rows are not split by a mid-row aisle, so seat numbers run continuously from one side aisle to the other. The entry portal is at row 1.","Facing the field, seat 1 is on your right. That puts seat 1 on the edge facing section 307, with seat numbers counting up toward the edge facing section 309. Seat 1 is the end of the row farthest from home plate, and higher seat numbers run back toward home plate.",not published,"""Rows 3 & Above - Covered"". ""Excellent Shade on the View Level: Sections 304-315 offer some of the best sun protection in the ballpark"". Has ""about 14 rows of seating and is accessed by a staircase from the Terrace concourse"".","HIGH - zone, rows, location and seat direction stated by the source"
309,View Level (300s),View Level,not stated by the source,5,toward first base / right field,1-14,1,"Stairway aisles run along both side edges of the section; rows are not split by a mid-row aisle, so seat numbers run continuously from one side aisle to the other. The entry portal is at row 1.","Facing the field, seat 1 is on your right. That puts seat 1 on the edge facing section 308, with seat numbers counting up toward the edge facing section 310. Seat 1 is the end of the row farthest from home plate, and higher seat numbers run back toward home plate.",not published,"""Rows 3 and above are under cover"". not stated for 309 specifically; page notes first base side sections 304-315 offer the best shade. For baseball, rows 1-5 recommended for ""outstanding convenience"" (within five rows of concourse with nearby restrooms and concessions).","MEDIUM - rows and zone confirmed, the source does not place this section"
310,View Level (300s),View Level,Sit higher above the field but still provide a clear perspective of the entire ballpark,4,toward first base / right field,1-14,1,"Stairway aisles run along both side edges of the section; rows are not split by a mid-row aisle, so seat numbers run continuously from one side aisle to the other. The entry portal is at row 1.","Facing the field, seat 1 is on your right. That puts seat 1 on the edge facing section 309, with seat numbers counting up toward the edge facing section 311. Seat 1 is the end of the row farthest from home plate, and higher seat numbers run back toward home plate.",not published,"""No railing obstruction"". rows 3 and above are under cover. Sections 304-315 offer ""some of the best sun protection in the ballpark"" with ""significant protection from the sun"" and ""nearly every row benefiting from shade during many day games"".","HIGH - zone, rows, location and seat direction stated by the source"
311,View Level (300s),View Level,Sits above the Terrace seats,3,toward first base / right field,1-14,1,"Stairway aisles run along both side edges of the section; rows are not split by a mid-row aisle, so seat numbers run continuously from one side aisle to the other. The entry portal is at row 1.","Facing the field, seat 1 is on your right. That puts seat 1 on the edge facing section 310, with seat numbers counting up toward the edge facing section 312. Seat 1 is the end of the row farthest from home plate, and higher seat numbers run back toward home plate.",not published,"rows 3 and above are under cover. ""Sections 304-315 offer some of the best sun protection in the ballpark"". Accessed ""by a staircase from the Terrace concourse"".","HIGH - zone, rows, location and seat direction stated by the source"
312,View Level (300s),View Level,"300 Level sections, often referred to as the View Level, sit above the Terrace seats",2,toward first base / right field,1-14,1,"Stairway aisles run along both side edges of the section; rows are not split by a mid-row aisle, so seat numbers run continuously from one side aisle to the other. The entry portal is at row 1.","Facing the field, seat 1 is on your right. That puts seat 1 on the edge facing section 311, with seat numbers counting up toward the edge facing section 313. Seat 1 is the end of the row farthest from home plate, and higher seat numbers run back toward home plate.",not published,"rows 3 and above are covered. excellent shade on View Level; ""Sections 304-315 offer some of the best sun protection in the ballpark"".","HIGH - zone, rows, location and seat direction stated by the source"
313,View Level (300s),View Level,Sits above the Terrace seats,1,toward first base / right field,1-14,1,"Stairway aisles run along both side edges of the section; rows are not split by a mid-row aisle, so seat numbers run continuously from one side aisle to the other. The entry portal is at row 1.","Facing the field, seat 1 is on your right. That puts seat 1 on the edge facing section 312, with seat numbers counting up toward the edge facing section 314. Seat 1 is the end of the row farthest from home plate, and higher seat numbers run back toward home plate.",not published,"""Rows 3 & Above - Covered""; rows 3 and above are under cover. Section 313 receives ""significant protection from the sun, with nearly every row benefiting from shade during many day games"". Accessed ""by a staircase from the Terrace concourse"".","HIGH - zone, rows, location and seat direction stated by the source"
314,View Level (300s),View Level,Sit higher above the field but still provide a clear perspective of the entire ballpark,0,behind home plate,1-14,1,"Stairway aisles run along both side edges of the section; rows are not split by a mid-row aisle, so seat numbers run continuously from one side aisle to the other. The entry portal is at row 1.","Facing the field, seat 1 is on your right. That puts seat 1 on the edge facing section 313, with seat numbers counting up toward the edge facing section 315. This section is behind home plate, so seat 1 is on its first-base side.",not published,"rows 3 and above are under cover. Sections 304-315 offer ""some of the best sun protection in the ballpark"" and receive ""significant protection from the sun, with nearly every row benefiting from shade during many day games"".","HIGH - zone, rows, location and seat direction stated by the source"
315,View Level (300s),View Level,"""Sits above the Terrace seats"" on the first base side, behind home plate area",0,behind home plate,1-14,1,"Stairway aisles run along both side edges of the section; rows are not split by a mid-row aisle, so seat numbers run continuously from one side aisle to the other. The entry portal is at row 1.","Facing the field, seat 1 is on your right. That puts seat 1 on the edge facing section 314, with seat numbers counting up toward the edge facing section 316. This section is behind home plate, so seat 1 is on its first-base side.",not published,"rows 3 and above are covered. Sections 304-315 offer ""significant protection from the sun, with nearly every row benefiting from shade during many day games"".","HIGH - zone, rows, location and seat direction stated by the source"
316,View Level (300s),View Level,Sits higher above the field but still provide a clear perspective of the entire ballpark,0,behind home plate,1-14,1,"Stairway aisles run along both side edges of the section; rows are not split by a mid-row aisle, so seat numbers run continuously from one side aisle to the other. The entry portal is at row 1.","Facing the field, seat 1 is on your right. That puts seat 1 on the edge facing section 315, with seat numbers counting up toward the edge facing section 317. This section is behind home plate, so seat 1 is on its first-base side.",not published,rows 3 and above are under cover. UNKNOWN for this section (site's shade note covers Sections 304-315 only).,"HIGH - zone, rows, location and seat direction stated by the source"
317,View Level (300s),View Level,Sit higher above the field but still provide a clear perspective of the entire ballpark,1,toward third base / left field,1-14,1,"Stairway aisles run along both side edges of the section; rows are not split by a mid-row aisle, so seat numbers run continuously from one side aisle to the other. The entry portal is at row 1.","Facing the field, seat 1 is on your right. That puts seat 1 on the edge facing section 316, with seat numbers counting up toward the edge facing section 318. Seat 1 is the end of the row closest to home plate, and higher seat numbers run away from home plate.",not published,"""Rows 3 & Above - Covered"". UNKNOWN for this section (site's shade note covers Sections 304-315 on the first base side).","HIGH - zone, rows, location and seat direction stated by the source"
318,View Level (300s),View Level,not stated by the source,2,toward third base / left field,1-14,1,"Stairway aisles run along both side edges of the section; rows are not split by a mid-row aisle, so seat numbers run continuously from one side aisle to the other. The entry portal is at row 1.","Facing the field, seat 1 is on your right. That puts seat 1 on the edge facing section 317, with seat numbers counting up toward the edge facing section 319. Seat 1 is the end of the row closest to home plate, and higher seat numbers run away from home plate.",not published,"""Rows 3 & Above - Covered"".","MEDIUM - rows and zone confirmed, the source does not place this section"
319,View Level (300s),View Level,not stated by the source,3,toward third base / left field,1-14,1,"Stairway aisles run along both side edges of the section; rows are not split by a mid-row aisle, so seat numbers run continuously from one side aisle to the other. The entry portal is at row 1.","Facing the field, seat 1 is on your right. That puts seat 1 on the edge facing section 318, with seat numbers counting up toward the edge facing section 320. Seat 1 is the end of the row closest to home plate, and higher seat numbers run away from home plate.",not published,"""Rows 3 & Above - Covered"". UNKNOWN for this section (site's shade note covers Sections 304-315).","MEDIUM - rows and zone confirmed, the source does not place this section"
320,View Level (300s),View Level,not stated by the source,4,toward third base / left field,1-14,1,"Stairway aisles run along both side edges of the section; rows are not split by a mid-row aisle, so seat numbers run continuously from one side aisle to the other. The entry portal is at row 1.","Facing the field, seat 1 is on your right. That puts seat 1 on the edge facing section 319, with seat numbers counting up toward the edge facing section 321. Seat 1 is the end of the row closest to home plate, and higher seat numbers run away from home plate.",not published,"""Rows 3 & Above - Covered"". UNKNOWN for this section (site's shade note covers Sections 304-315, which receive ""significant protection from the sun"").","MEDIUM - rows and zone confirmed, the source does not place this section"
321,View Level (300s),View Level,Sits above the Terrace seats,5,toward third base / left field,1-14,1,"Stairway aisles run along both side edges of the section; rows are not split by a mid-row aisle, so seat numbers run continuously from one side aisle to the other. The entry portal is at row 1.","Facing the field, seat 1 is on your right. That puts seat 1 on the edge facing section 320, with seat numbers counting up toward the edge facing section 322. Seat 1 is the end of the row closest to home plate, and higher seat numbers run away from home plate.",not published,"rows 3 and above are under cover. Accessed via staircase from the Terrace concourse. UNKNOWN for this section (site's ""Excellent Shade on the View Level"" note covers sections 304-315 on the first base side).","HIGH - zone, rows, location and seat direction stated by the source"
322,View Level (300s),View Level,not stated by the source,6,toward third base / left field,1-14,1,"Stairway aisles run along both side edges of the section; rows are not split by a mid-row aisle, so seat numbers run continuously from one side aisle to the other. The entry portal is at row 1.","Facing the field, seat 1 is on your right. That puts seat 1 on the edge facing section 321, with seat numbers counting up toward the edge facing section 323. Seat 1 is the end of the row closest to home plate, and higher seat numbers run away from home plate.",not published,"""Rows 3 & Above - Covered"".","MEDIUM - rows and zone confirmed, the source does not place this section"
323,View Level (300s),View Level,Sits above the Terrace seats,7,toward third base / left field,1-14,1,"Stairway aisles run along both side edges of the section; rows are not split by a mid-row aisle, so seat numbers run continuously from one side aisle to the other. The entry portal is at row 1.","Facing the field, seat 1 is on your right. That puts seat 1 on the edge facing section 322, with seat numbers counting up toward the edge facing section 324. Seat 1 is the end of the row closest to home plate, and higher seat numbers run away from home plate.",not published,"rows 3 and above are under cover. Has ""about 14 rows of seating"" accessed ""by a staircase from the Terrace concourse"". UNKNOWN for this section (site's shade note covers sections 304-315).","HIGH - zone, rows, location and seat direction stated by the source"
324,View Level (300s),View Level,Includes 200 Level Terrace seats and 300 Level View Level seats,8,toward third base / left field,1-14,1,"Stairway aisles run along both side edges of the section; rows are not split by a mid-row aisle, so seat numbers run continuously from one side aisle to the other. The entry portal is at row 1.","Facing the field, seat 1 is on your right. That puts seat 1 on the edge facing section 323, with seat numbers counting up toward the edge facing section 325. Seat 1 is the end of the row closest to home plate, and higher seat numbers run away from home plate.",not published,rows 3 and above are under cover. Designated alcohol-free family section for Twins games; recommended for kids and families. UNKNOWN for this section (site's shade note covers sections 304-315).,"HIGH - zone, rows, location and seat direction stated by the source"
325,View Level (300s),View Level,Sits above the Terrace seats,9,toward third base / left field,1-14,1,"Stairway aisles run along both side edges of the section; rows are not split by a mid-row aisle, so seat numbers run continuously from one side aisle to the other. The entry portal is at row 1.","Facing the field, seat 1 is on your right. That puts seat 1 on the edge facing section 324, with seat numbers counting up toward the edge facing section 326. Seat 1 is the end of the row closest to home plate, and higher seat numbers run away from home plate.",not published,rows 3 and above are under cover. Access via staircase from the Terrace concourse; approximately 14 rows of seating per section. Recommended for kids and family. UNKNOWN for this section (site cites the shade advantage particularly for Sections 304-315).,"HIGH - zone, rows, location and seat direction stated by the source"
326,View Level (300s),View Level,"300 Level sections, often referred to as the View Level, sit above the Terrace seats.",10,toward third base / left field,"1-14"")",1,"Stairway aisles run along both side edges of the section; rows are not split by a mid-row aisle, so seat numbers run continuously from one side aisle to the other. The entry portal is at row 1.","Facing the field, seat 1 is on your right. That puts seat 1 on the edge facing section 325, with seat numbers counting up toward the edge facing section 327. Seat 1 is the end of the row closest to home plate, and higher seat numbers run away from home plate.",not published,"""Rows 6 & Above - Covered""; ""Rows 6 and above are under cover"". Each section contains about 14 rows of seating and is accessed by a staircase from the Terrace concourse. not stated for this section (the site's ""Excellent Shade on the View Level"" note covers Sections 304-315 only). Obstructed views, steepness and accessible/wheelchair rows: UNKNOWN - the words ""wheelchair"" and ""accessible"" do not appear on the page. rateyourseats.com section page.","HIGH - zone, rows, location and seat direction stated by the source"
327,View Level (300s),View Level,"Sits above the Terrace seats""; ""Each section contains about 14 rows of seating and is accessed by a staircase from the Terrace concourse.",11,toward third base / left field,"1-14"")",1,"Stairway aisles run along both side edges of the section; rows are not split by a mid-row aisle, so seat numbers run continuously from one side aisle to the other. The entry portal is at row 1.","Facing the field, seat 1 is on your right. That puts seat 1 on the edge facing section 326, with seat numbers counting up toward the edge facing section 329. Seat 1 is the end of the row closest to home plate, and higher seat numbers run away from home plate.",not published,"""Rows 8 & Above - Covered""; ""Rows 8 and above are under cover"". ""the steep pitch between rows can make you feel like you're walking on a ledge"" to get to middle-of-the-row seats. the page's shade praise is stated for Sections 304-315, not for 327. Obstructed views and accessible/wheelchair rows: UNKNOWN - ""wheelchair"" and ""accessible"" do not appear on the page. rateyourseats.com section page.","HIGH - zone, rows, location and seat direction stated by the source"
329,View Level (300s),Treasure Island Home Run Deck,"Known as the Home Run Porch View Level, these are some of the highest outfield seats in the ballpark""; ""Located in Sections 229-234 and 329-334 along the left field line",12,toward third base / left field,"1-16"")",1,"Stairway aisles run along both side edges of the section; rows are not split by a mid-row aisle, so seat numbers run continuously from one side aisle to the other. The entry portal is at row 1.","Facing the field, seat 1 is on your right. That puts seat 1 on the edge facing section 327, with seat numbers counting up toward the edge facing section 330. Seat 1 is the end of the row closest to home plate, and higher seat numbers run away from home plate.",not published,"""On sunny days this area receives direct sunlight for most of the game""; ""Sections 333-334 are typically the last seats in the stadium to receive shade."" Seats in the Home Run Deck are fully exposed to the elements. ""For the best views in this area, fans should consider seats closer to Row 1."" UNKNOWN - ""Covered"" does not appear on the page. Obstructed views, steepness and accessible/wheelchair rows: UNKNOWN - ""obstruct"", ""wheelchair"" and ""accessible"" do not appear. rateyourseats.com section page.","HIGH - zone, rows, location and seat direction stated by the source"
330,View Level (300s),Treasure Island Home Run Deck,"Known as the Home Run Porch View Level, these are some of the highest outfield seats in the ballpark""; ""Located in Sections 229-234 and 329-334 along the left field line",13,toward third base / left field,"1-16"")",1,"Stairway aisles run along both side edges of the section; rows are not split by a mid-row aisle, so seat numbers run continuously from one side aisle to the other. The entry portal is at row 1.","Facing the field, seat 1 is on your right. That puts seat 1 on the edge facing section 329, with seat numbers counting up toward the edge facing section 331. Seat 1 is the end of the row closest to home plate, and higher seat numbers run away from home plate.",not published,"""On sunny days this area receives direct sunlight for most of the game""; ""Sections 333-334 are typically the last seats in the stadium to receive shade."" Seats are fully exposed to the elements, especially on the upper level. ""Home plate can appear quite far away, and the main scoreboard can be difficult to see."" UNKNOWN - ""Covered"" does not appear on the page. Obstructed views, steepness and accessible/wheelchair rows: UNKNOWN - ""obstruct"", ""wheelchair"" and ""accessible"" do not appear. rateyourseats.com section page.","HIGH - zone, rows, location and seat direction stated by the source"
331,View Level (300s),Treasure Island Home Run Deck,"""Located in Sections 229-234 and 329-334 along the left field line""; part of the 300 Level tier",14,toward third base / left field,"1-16"")",1,"Stairway aisles run along both side edges of the section; rows are not split by a mid-row aisle, so seat numbers run continuously from one side aisle to the other. The entry portal is at row 1.","Facing the field, seat 1 is on your right. That puts seat 1 on the edge facing section 330, with seat numbers counting up toward the edge facing section 332. Seat 1 is the end of the row closest to home plate, and higher seat numbers run away from home plate.",not published,"""On sunny days this area receives direct sunlight for most of the game""; ""Sections 333-334 are typically the last seats in the stadium to receive shade."" Seats fully exposed to the elements. UNKNOWN - ""Covered"" does not appear on the page. Obstructed views, steepness and accessible/wheelchair rows: UNKNOWN - ""wheelchair"" and ""accessible"" do not appear. rateyourseats.com section page.","HIGH - zone, rows, location and seat direction stated by the source"
332,View Level (300s),Treasure Island Home Run Deck,"""Sections 329-334: Known as the Home Run Porch View Level, these are some of the highest outfield seats in the ballpark"" - left field line, 300 Level",15,toward third base / left field,"1-16"")",1,"Stairway aisles run along both side edges of the section; rows are not split by a mid-row aisle, so seat numbers run continuously from one side aisle to the other. The entry portal is at row 1.","Facing the field, seat 1 is on your right. That puts seat 1 on the edge facing section 331, with seat numbers counting up toward the edge facing section 333. Seat 1 is the end of the row closest to home plate, and higher seat numbers run away from home plate.",not published,"""332 is behind the stage or to the side of the stage for most concerts. This may restrict or limit your view"" (listed as ""Behind/Side Stage (most shows)""). ""On sunny days this area receives direct sunlight for most of the game""; ""Sections 333-334 are typically the last seats in the stadium to receive shade."" Seats fully exposed to the elements. UNKNOWN - ""Covered"" does not appear on the page. Steepness and accessible/wheelchair rows: UNKNOWN - ""wheelchair"" and ""accessible"" do not appear. rateyourseats.com section page.","HIGH - zone, rows, location and seat direction stated by the source"
333,View Level (300s),Treasure Island Home Run Deck,"""Sections 329-334: Known as the Home Run Porch View Level, these are some of the highest outfield seats in the ballpark"" along the left field line",16,toward third base / left field,"1-16"")",1,"Stairway aisles run along both side edges of the section; rows are not split by a mid-row aisle, so seat numbers run continuously from one side aisle to the other. The entry portal is at row 1.","Facing the field, seat 1 is on your right. That puts seat 1 on the edge facing section 332, with seat numbers counting up toward the edge facing section 334. Seat 1 is the end of the row closest to home plate, and higher seat numbers run away from home plate.",not published,"""Sections 333-334 are typically the last seats in the stadium to receive shade""; ""On sunny days this area receives direct sunlight for most of the game."" Seats fully exposed to the elements. section is ""behind the stage or to the side of the stage for most concerts"", giving a limited view. UNKNOWN - ""Covered"" does not appear on the page. Steepness and accessible/wheelchair rows: UNKNOWN - ""wheelchair"" and ""accessible"" do not appear. rateyourseats.com section page.","HIGH - zone, rows, location and seat direction stated by the source"
334,View Level (300s),Treasure Island Home Run Deck,"Known as the Home Run Porch View Level, these are some of the highest outfield seats in the ballpark.",17,toward third base / left field,"1-16"")",1,"Stairway aisles run along both side edges of the section; rows are not split by a mid-row aisle, so seat numbers run continuously from one side aisle to the other. The entry portal is at row 1.","Facing the field, seat 1 is on your right. That puts seat 1 on the edge facing section 333, with seat numbers counting up toward the far edge of the section, with no further section beyond it on that side. Seat 1 is the end of the row closest to home plate, and higher seat numbers run away from home plate.",not published,"""Sections 333-334 are typically the last seats in the stadium to receive shade""; ""On sunny days this area receives direct sunlight for most of the game""; ""Seats in the Home Run Deck are fully exposed to the elements"", especially on the upper level. ""334 is behind the stage or to the side of the stage for most concerts. This may restrict or limit your view of the performance."" UNKNOWN - ""Covered"" does not appear on the page. Steepness and accessible/wheelchair rows: UNKNOWN - ""wheelchair"" and ""accessible"" do not appear. rateyourseats.com section page.","HIGH - zone, rows, location and seat direction stated by the source"
A,"Clubs, suites and other named areas",Thrivent Club,"""Located in Sections A–R directly above the lower level along the infield."" The page also places the Thrivent Club ""directly above the 100 Level along the infield"".",,not part of the numbered seating bowl,1-12,12,"The source describes this as a named area rather than a numbered section, so it publishes no aisle layout for it. The entry portal is at row 12.","Facing the field, seat 1 is on your right. That is stated on this area's own page. It sits outside the numbered seating bowl, so there is no neighbouring section to describe it against.",not published,"Thrivent Club premium club-level seating. The page lists ""Climate-Controlled Club Lounge: Access to an indoor lounge with dining areas and full-service bars"", ""Overhanging Views: Seats extend over the 100 Level, creating clear sightlines with no sections directly in front"", ""Comfortable Seating: Extra-wide seats with padded bottoms and additional space"", and ""Private Entry & Service: Includes a private stadium entrance, private restrooms, and in-seat beverage service during Twins games"". ""Rows 9 and above are under cover"". No obstruction is stated; the page says these seats have ""no sections directly in front of them"".","HIGH - zone, rows, location and seat direction stated by the source"
B,"Clubs, suites and other named areas",Thrivent Clu,"""Located in Sections A–R directly above the lower level along the infield."" The page also places the Thrivent Club ""directly above the 100 Level along the infield"".",,not part of the numbered seating bowl,1-12,12,"The source describes this as a named area rather than a numbered section, so it publishes no aisle layout for it. The entry portal is at row 12.","Facing the field, seat 1 is on your right. That is stated on this area's own page. It sits outside the numbered seating bowl, so there is no neighbouring section to describe it against.",not published,"Thrivent Club premium club-level seating. The page lists ""Climate-Controlled Club Lounge: Access to an indoor lounge with dining areas and full-service bars"", ""Overhanging Views: Seats extend over the 100 Level, creating clear sightlines with no sections directly in front"", ""Comfortable Seating: Extra-wide seats with padded bottoms and additional space"", and ""Private Entry & Service: Includes a private stadium entrance, private restrooms, and in-seat beverage service during Twins games"". ""Rows 9 and above are under cover"". No obstruction is stated; the page says these seats have ""no sections directly in front of them"".","HIGH - zone, rows, location and seat direction stated by the source"
Budweiser Roof Deck,"Clubs, suites and other named areas",Standing room,One of the most popular SRO gathering areas is the Budweiser Roof Deck in left field.,,not part of the numbered seating bowl,UNKNOWN,UNKNOWN,"The source describes this as a named area rather than a numbered section, so it publishes no aisle layout for it.","This area sits outside the numbered seating bowl and no seat numbering is published for it. Check the seat numbers printed on your own ticket, or ask the ticket office.",not published,"The page describes ""a social atmosphere"" and lists a ""Large fire pit gathering area"", ""TV monitors showing the game"" and ""Open space for standing and socializing"". It calls the deck ""a favorite spot for fans who want to watch the game while enjoying a more relaxed and social environment inside the ballpark"".",LOW - no row data published for this section
C,"Clubs, suites and other named areas",Thrivent Club,"""Located in Sections A–R directly above the lower level along the infield."" The page also places the Thrivent Club ""directly above the 100 Level along the infield"".",,not part of the numbered seating bowl,1-12,12,"The source describes this as a named area rather than a numbered section, so it publishes no aisle layout for it. The entry portal is at row 12.","Facing the field, seat 1 is on your right. That is stated on this area's own page. It sits outside the numbered seating bowl, so there is no neighbouring section to describe it against.",not published,"Thrivent Club premium club-level seating. The page lists ""Climate-Controlled Club Lounge: Access to an indoor lounge with dining areas and full-service bars"", ""Overhanging Views: Seats extend over the 100 Level, creating clear sightlines with no sections directly in front"", ""Comfortable Seating: Extra-wide seats with padded bottoms and additional space"", and ""Private Entry & Service: Includes a private stadium entrance, private restrooms, and in-seat beverage service during Twins games"". ""Rows 9 and above are under cover"". No obstruction is stated; the page says these seats have ""no sections directly in front of them"".","HIGH - zone, rows, location and seat direction stated by the source"
D,"Clubs, suites and other named areas",Thrivent Club,"""Located in Sections A–R directly above the lower level along the infield."" The page also places the Thrivent Club ""directly above the 100 Level along the infield"".",,not part of the numbered seating bowl,1-12,12,"The source describes this as a named area rather than a numbered section, so it publishes no aisle layout for it. The entry portal is at row 12.","Facing the field, seat 1 is on your right. That is stated on this area's own page. It sits outside the numbered seating bowl, so there is no neighbouring section to describe it against.",not published,"Thrivent Club premium club-level seating. The page lists ""Climate-Controlled Club Lounge: Access to an indoor lounge with dining areas and full-service bars"", ""Overhanging Views: Seats extend over the 100 Level, creating clear sightlines with no sections directly in front"", ""Comfortable Seating: Extra-wide seats with padded bottoms and additional space"", and ""Private Entry & Service: Includes a private stadium entrance, private restrooms, and in-seat beverage service during Twins games"". ""Rows 9 and above are under cover"". No obstruction is stated; the page says these seats have ""no sections directly in front of them"".","HIGH - zone, rows, location and seat direction stated by the source"
E,"Clubs, suites and other named areas",Thrivent Club,"""Located in Sections A–R directly above the lower level along the infield."" The page also places the Thrivent Club ""directly above the 100 Level along the infield"".",,not part of the numbered seating bowl,1-12,12,"The source describes this as a named area rather than a numbered section, so it publishes no aisle layout for it. The entry portal is at row 12.","Facing the field, seat 1 is on your right. That is stated on this area's own page. It sits outside the numbered seating bowl, so there is no neighbouring section to describe it against.",not published,"Thrivent Club premium club-level seating. The page lists ""Climate-Controlled Club Lounge: Access to an indoor lounge with dining areas and full-service bars"", ""Overhanging Views: Seats extend over the 100 Level, creating clear sightlines with no sections directly in front"", ""Comfortable Seating: Extra-wide seats with padded bottoms and additional space"", and ""Private Entry & Service: Includes a private stadium entrance, private restrooms, and in-seat beverage service during Twins games"". ""Rows 9 and above are under cover"". No obstruction is stated; the page says these seats have ""no sections directly in front of them"".","HIGH - zone, rows, location and seat direction stated by the source"
F,"Clubs, suites and other named areas",Thrivent Club,"""Located in Sections A–R directly above the lower level along the infield."" The page also places the Thrivent Club ""directly above the 100 Level along the infield"".",,not part of the numbered seating bowl,1-12,12,"The source describes this as a named area rather than a numbered section, so it publishes no aisle layout for it. The entry portal is at row 12.","Facing the field, seat 1 is on your right. That is stated on this area's own page. It sits outside the numbered seating bowl, so there is no neighbouring section to describe it against.",not published,"Thrivent Club premium club-level seating. The page lists ""Climate-Controlled Club Lounge: Access to an indoor lounge with dining areas and full-service bars"", ""Overhanging Views: Seats extend over the 100 Level, creating clear sightlines with no sections directly in front"", ""Comfortable Seating: Extra-wide seats with padded bottoms and additional space"", and ""Private Entry & Service: Includes a private stadium entrance, private restrooms, and in-seat beverage service during Twins games"". ""Rows 9 and above are under cover"". No obstruction is stated; the page says these seats have ""no sections directly in front of them"".","HIGH - zone, rows, location and seat direction stated by the source"
G,"Clubs, suites and other named areas",Thrivent Club,"""Located in Sections A–R directly above the lower level along the infield."" The page also places the Thrivent Club ""directly above the 100 Level along the infield"".",,not part of the numbered seating bowl,1-12,12,"The source describes this as a named area rather than a numbered section, so it publishes no aisle layout for it. The entry portal is at row 12.","Facing the field, seat 1 is on your right. That is stated on this area's own page. It sits outside the numbered seating bowl, so there is no neighbouring section to describe it against.",not published,"Thrivent Club premium club-level seating. The page lists ""Climate-Controlled Club Lounge: Access to an indoor lounge with dining areas and full-service bars"", ""Overhanging Views: Seats extend over the 100 Level, creating clear sightlines with no sections directly in front"", ""Comfortable Seating: Extra-wide seats with padded bottoms and additional space"", and ""Private Entry & Service: Includes a private stadium entrance, private restrooms, and in-seat beverage service during Twins games"". ""Rows 9 and above are under cover"". No obstruction is stated; the page says these seats have ""no sections directly in front of them"".","HIGH - zone, rows, location and seat direction stated by the source"
H,"Clubs, suites and other named areas",Thrivent Club,"""Located in Sections A–R directly above the lower level along the infield."" The page also places the Thrivent Club ""directly above the 100 Level along the infield"".",,not part of the numbered seating bowl,1-12,12,"The source describes this as a named area rather than a numbered section, so it publishes no aisle layout for it. The entry portal is at row 12.","Facing the field, seat 1 is on your right. That is stated on this area's own page. It sits outside the numbered seating bowl, so there is no neighbouring section to describe it against.",not published,"Thrivent Club premium club-level seating. The page lists ""Climate-Controlled Club Lounge: Access to an indoor lounge with dining areas and full-service bars"", ""Overhanging Views: Seats extend over the 100 Level, creating clear sightlines with no sections directly in front"", ""Comfortable Seating: Extra-wide seats with padded bottoms and additional space"", and ""Private Entry & Service: Includes a private stadium entrance, private restrooms, and in-seat beverage service during Twins games"". ""Rows 9 and above are under cover"". No obstruction is stated; the page says these seats have ""no sections directly in front of them"".","HIGH - zone, rows, location and seat direction stated by the source"
J,"Clubs, suites and other named areas",Thrivent Club,"""Located in Sections A–R directly above the lower level along the infield."" The page also places the Thrivent Club ""directly above the 100 Level along the infield"".",,not part of the numbered seating bowl,1-12,12,"The source describes this as a named area rather than a numbered section, so it publishes no aisle layout for it. The entry portal is at row 12.","Facing the field, seat 1 is on your right. That is stated on this area's own page. It sits outside the numbered seating bowl, so there is no neighbouring section to describe it against.",not published,"Thrivent Club premium club-level seating. The page lists ""Climate-Controlled Club Lounge: Access to an indoor lounge with dining areas and full-service bars"", ""Overhanging Views: Seats extend over the 100 Level, creating clear sightlines with no sections directly in front"", ""Comfortable Seating: Extra-wide seats with padded bottoms and additional space"", and ""Private Entry & Service: Includes a private stadium entrance, private restrooms, and in-seat beverage service during Twins games"". ""Rows 9 and above are under cover"". No obstruction is stated; the page says these seats have ""no sections directly in front of them"".","HIGH - zone, rows, location and seat direction stated by the source"
K,"Clubs, suites and other named areas",Thrivent Club,"""Located in Sections A–R directly above the lower level along the infield."" The page also places the Thrivent Club ""directly above the 100 Level along the infield"".",,not part of the numbered seating bowl,1-12,12,"The source describes this as a named area rather than a numbered section, so it publishes no aisle layout for it. The entry portal is at row 12.","Facing the field, seat 1 is on your right. That is stated on this area's own page. It sits outside the numbered seating bowl, so there is no neighbouring section to describe it against.",not published,"Thrivent Club premium club-level seating. The page lists ""Climate-Controlled Club Lounge: Access to an indoor lounge with dining areas and full-service bars"", ""Overhanging Views: Seats extend over the 100 Level, creating clear sightlines with no sections directly in front"", ""Comfortable Seating: Extra-wide seats with padded bottoms and additional space"", and ""Private Entry & Service: Includes a private stadium entrance, private restrooms, and in-seat beverage service during Twins games"". ""Rows 9 and above are under cover"". No obstruction is stated; the page says these seats have ""no sections directly in front of them"".","HIGH - zone, rows, location and seat direction stated by the source"
L,"Clubs, suites and other named areas",Thrivent Club,"""Located in Sections A–R directly above the lower level along the infield."" The page also places the Thrivent Club ""directly above the 100 Level along the infield"".",,not part of the numbered seating bowl,1-12,12,"The source describes this as a named area rather than a numbered section, so it publishes no aisle layout for it. The entry portal is at row 12.","Facing the field, seat 1 is on your right. That is stated on this area's own page. It sits outside the numbered seating bowl, so there is no neighbouring section to describe it against.",not published,"Thrivent Club premium club-level seating. The page lists ""Climate-Controlled Club Lounge: Access to an indoor lounge with dining areas and full-service bars"", ""Overhanging Views: Seats extend over the 100 Level, creating clear sightlines with no sections directly in front"", ""Comfortable Seating: Extra-wide seats with padded bottoms and additional space"", and ""Private Entry & Service: Includes a private stadium entrance, private restrooms, and in-seat beverage service during Twins games"". ""Rows 9 and above are under cover"". No obstruction is stated; the page says these seats have ""no sections directly in front of them"".","HIGH - zone, rows, location and seat direction stated by the source"
M,"Clubs, suites and other named areas",Thrivent Club,"""Located in Sections A–R directly above the lower level along the infield."" The page also places the Thrivent Club ""directly above the 100 Level along the infield"".",,not part of the numbered seating bowl,1-12,12,"The source describes this as a named area rather than a numbered section, so it publishes no aisle layout for it. The entry portal is at row 12.","Facing the field, seat 1 is on your right. That is stated on this area's own page. It sits outside the numbered seating bowl, so there is no neighbouring section to describe it against.",not published,"Thrivent Club premium club-level seating. The page lists ""Climate-Controlled Club Lounge: Access to an indoor lounge with dining areas and full-service bars"", ""Overhanging Views: Seats extend over the 100 Level, creating clear sightlines with no sections directly in front"", ""Comfortable Seating: Extra-wide seats with padded bottoms and additional space"", and ""Private Entry & Service: Includes a private stadium entrance, private restrooms, and in-seat beverage service during Twins games"". ""Rows 9 and above are under cover"". No obstruction is stated; the page says these seats have ""no sections directly in front of them"".","HIGH - zone, rows, location and seat direction stated by the source"
N,"Clubs, suites and other named areas",Thrivent Club,"""Located in Sections A–R directly above the lower level along the infield."" The page also places the Thrivent Club ""directly above the 100 Level along the infield"".",,not part of the numbered seating bowl,1-12,12,"The source describes this as a named area rather than a numbered section, so it publishes no aisle layout for it. The entry portal is at row 12.","Facing the field, seat 1 is on your right. That is stated on this area's own page. It sits outside the numbered seating bowl, so there is no neighbouring section to describe it against.",not published,"Thrivent Club premium club-level seating. The page lists ""Climate-Controlled Club Lounge: Access to an indoor lounge with dining areas and full-service bars"", ""Overhanging Views: Seats extend over the 100 Level, creating clear sightlines with no sections directly in front"", ""Comfortable Seating: Extra-wide seats with padded bottoms and additional space"", and ""Private Entry & Service: Includes a private stadium entrance, private restrooms, and in-seat beverage service during Twins games"". ""Rows 9 and above are under cover"". No obstruction is stated; the page says these seats have ""no sections directly in front of them"".","HIGH - zone, rows, location and seat direction stated by the source"
P,"Clubs, suites and other named areas",Thrivent Club,"""Located in Sections A–R directly above the lower level along the infield."" The page also places the Thrivent Club ""directly above the 100 Level along the infield"".",,not part of the numbered seating bowl,1-12,12,"The source describes this as a named area rather than a numbered section, so it publishes no aisle layout for it. The entry portal is at row 12.","Facing the field, seat 1 is on your right. That is stated on this area's own page. It sits outside the numbered seating bowl, so there is no neighbouring section to describe it against.",not published,"Thrivent Club premium club-level seating. The page lists ""Climate-Controlled Club Lounge: Access to an indoor lounge with dining areas and full-service bars"", ""Overhanging Views: Seats extend over the 100 Level, creating clear sightlines with no sections directly in front"", ""Comfortable Seating: Extra-wide seats with padded bottoms and additional space"", and ""Private Entry & Service: Includes a private stadium entrance, private restrooms, and in-seat beverage service during Twins games"". ""Rows 9 and above are under cover"". No obstruction is stated; the page says these seats have ""no sections directly in front of them"".","HIGH - zone, rows, location and seat direction stated by the source"
Q,"Clubs, suites and other named areas",Thrivent Club,"""Located in Sections A–R directly above the lower level along the infield."" The page also places the Thrivent Club ""directly above the 100 Level along the infield"".",,not part of the numbered seating bowl,1-12,12,"The source describes this as a named area rather than a numbered section, so it publishes no aisle layout for it. The entry portal is at row 12.","Facing the field, seat 1 is on your right. That is stated on this area's own page. It sits outside the numbered seating bowl, so there is no neighbouring section to describe it against.",not published,"Thrivent Club premium club-level seating. The page lists ""Climate-Controlled Club Lounge: Access to an indoor lounge with dining areas and full-service bars"", ""Overhanging Views: Seats extend over the 100 Level, creating clear sightlines with no sections directly in front"", ""Comfortable Seating: Extra-wide seats with padded bottoms and additional space"", and ""Private Entry & Service: Includes a private stadium entrance, private restrooms, and in-seat beverage service during Twins games"". ""Rows 9 and above are under cover"". No obstruction is stated; the page says these seats have ""no sections directly in front of them"".","HIGH - zone, rows, location and seat direction stated by the source"
R,"Clubs, suites and other named areas",Thrivent Club,"""Located in Sections A–R directly above the lower level along the infield."" The page also places the Thrivent Club ""directly above the 100 Level along the infield"".",,not part of the numbered seating bowl,1-12,12,"The source describes this as a named area rather than a numbered section, so it publishes no aisle layout for it. The entry portal is at row 12.","Facing the field, seat 1 is on your right. That is stated on this area's own page. It sits outside the numbered seating bowl, so there is no neighbouring section to describe it against.",not published,"Thrivent Club premium club-level seating. The page lists ""Climate-Controlled Club Lounge: Access to an indoor lounge with dining areas and full-service bars"", ""Overhanging Views: Seats extend over the 100 Level, creating clear sightlines with no sections directly in front"", ""Comfortable Seating: Extra-wide seats with padded bottoms and additional space"", and ""Private Entry & Service: Includes a private stadium entrance, private restrooms, and in-seat beverage service during Twins games"". ""Rows 9 and above are under cover"". No obstruction is stated; the page says these seats have ""no sections directly in front of them"".","HIGH - zone, rows, location and seat direction stated by the source"
S,"Clubs, suites and other named areas",Skyline Deck,"""Located in Sections S–V along the left field line of the ballpark."" The page also says these seats ""sit down the line"".",,not part of the numbered seating bowl,1-14,12,"The source describes this as a named area rather than a numbered section, so it publishes no aisle layout for it. The entry portal is at row 12.","Facing the field, seat 1 is on your right. That is stated on this area's own page. It sits outside the numbered seating bowl, so there is no neighbouring section to describe it against.",not published,"Skyline Deck upper-level seating. The page states ""Next to Premium Seating: Located near the Thrivent Club, but without the same amenities"" and that ""Skyline Deck tickets do not include the club amenities provided to Thrivent Club ticketholders"". ""Rows 9 & Above - Covered"". The page notes ""higher rows—particularly in Section S—can have partially obstructed views due to the adjacent Thrivent Club seating"", and that ""the viewing angle toward home plate can feel more distant and angled compared to infield seating"". It also cites ""excellent views of the Minneapolis skyline beyond right field"". For this section specifically the page flags ""Obstructed/Limited Views Rows 13-14"", warning that low-number seats in rows 13 and above have nearly impossible views of home plate.","HIGH - zone, rows, location and seat direction stated by the source"
T,"Clubs, suites and other named areas",Skyline Deck,"""Located in Sections S–V along the left field line of the ballpark."" The page also says these seats ""sit down the line"".",,not part of the numbered seating bowl,1-12,12,"The source describes this as a named area rather than a numbered section, so it publishes no aisle layout for it. The entry portal is at row 12.","Facing the field, seat 1 is on your right. That is stated on this area's own page. It sits outside the numbered seating bowl, so there is no neighbouring section to describe it against.",not published,"Skyline Deck upper-level seating. The page states ""Next to Premium Seating: Located near the Thrivent Club, but without the same amenities"" and that ""Skyline Deck tickets do not include the club amenities provided to Thrivent Club ticketholders"". ""Rows 9 & Above - Covered"". The page notes ""higher rows—particularly in Section S—can have partially obstructed views due to the adjacent Thrivent Club seating"", and that ""the viewing angle toward home plate can feel more distant and angled compared to infield seating"". It also cites ""excellent views of the Minneapolis skyline beyond right field"".","HIGH - zone, rows, location and seat direction stated by the source"
U,"Clubs, suites and other named areas",Skyline Deck,"""Located in Sections S–V along the left field line of the ballpark."" The page also says these seats ""sit down the line"".",,not part of the numbered seating bowl,1-14,14,"The source describes this as a named area rather than a numbered section, so it publishes no aisle layout for it. The entry portal is at row 14.","Facing the field, seat 1 is on your right. That is stated on this area's own page. It sits outside the numbered seating bowl, so there is no neighbouring section to describe it against.",not published,"Skyline Deck upper-level seating. The page states ""Next to Premium Seating: Located near the Thrivent Club, but without the same amenities"" and that ""Skyline Deck tickets do not include the club amenities provided to Thrivent Club ticketholders"". ""Rows 9 & Above - Covered"". The page notes ""higher rows—particularly in Section S—can have partially obstructed views due to the adjacent Thrivent Club seating"", and that ""the viewing angle toward home plate can feel more distant and angled compared to infield seating"". It also cites ""excellent views of the Minneapolis skyline beyond right field"".","HIGH - zone, rows, location and seat direction stated by the source"
V,"Clubs, suites and other named areas",Skyline Deck,"""Located in Sections S–V along the left field line of the ballpark."" The page also says these seats ""sit down the line"".",,not part of the numbered seating bowl,1-14,14,"The source describes this as a named area rather than a numbered section, so it publishes no aisle layout for it. The entry portal is at row 14.","Facing the field, seat 1 is on your right. That is stated on this area's own page. It sits outside the numbered seating bowl, so there is no neighbouring section to describe it against.",not published,"Skyline Deck upper-level seating. The page states ""Next to Premium Seating: Located near the Thrivent Club, but without the same amenities"" and that ""Skyline Deck tickets do not include the club amenities provided to Thrivent Club ticketholders"". ""Rows 9 & Above - Covered"". The page notes ""higher rows—particularly in Section S—can have partially obstructed views due to the adjacent Thrivent Club seating"", and that ""the viewing angle toward home plate can feel more distant and angled compared to infield seating"". It also cites ""excellent views of the Minneapolis skyline beyond right field"".","HIGH - zone, rows, location and seat direction stated by the source"
