section,level,zone,location_in_stadium,sections_from_home_plate,direction_from_home_plate,rows_in_section,entrance_row,aisle_and_walkway_locations,seat_numbering,seats_per_row,notes,confidence
1,Promenade Level (1-40),Promenade Level Down the Line,not stated by the source,12,toward first base / right field,9-30,30,"Stairway aisles run along both side edges of the section; rows are not split by a mid-row aisle, so seat numbers run continuously from one side aisle to the other. The entry portal is at row 30.","Facing the field, seat 1 is on your right. That puts seat 1 on the far edge of the section, with no further section beyond it on that side, with seat numbers counting up toward the edge facing section 2. Seat 1 is the end of the row farthest from home plate, and higher seat numbers run back toward home plate.",not published,"'Obstructed/Limited Views'. 'For football games at Marlins Park, right field sections can not see the entire field. Obstructed sections include Field sections 1-4, outfield sections 134-141 and sections 201-204 and 302-305.' Fan review (Row 21): 'Good seat but the foul pole is annoying... The yellow foul pole is distracting when looking at the outfield, but overall the seats are great.' Lowest listed price $17.","MEDIUM - rows and zone confirmed, the source does not place this section"
2,Promenade Level (1-40),Promenade Level Down the Line,not stated by the source,11,toward first base / right field,"J-L, 1-30",30,"Stairway aisles run along both side edges of the section; rows are not split by a mid-row aisle, so seat numbers run continuously from one side aisle to the other. The entry portal is at row 30.","Facing the field, seat 1 is on your right. That puts seat 1 on the edge facing section 1, with seat numbers counting up toward the edge facing section 3. Seat 1 is the end of the row farthest from home plate, and higher seat numbers run back toward home plate.",not published,"'Top Pick for Outstanding Convenience — Rows 26-30' and 'Obstructed/Limited Views'. 'For baseball games, we recommend rows 26-30 for outstanding convenience' and 'Obstructed/Limited Views — See all details'. Football-only obstruction note applies to sections 1-4 (see section 1). Lowest listed price $21.","MEDIUM - rows and zone confirmed, the source does not place this section"
3,Promenade Level (1-40),Promenade Level Down the Line,not stated by the source,10,toward first base / right field,"C-L, 1-30",30,"Stairway aisles run along both side edges of the section; rows are not split by a mid-row aisle, so seat numbers run continuously from one side aisle to the other. The entry portal is at row 30.","Facing the field, seat 1 is on your right. That puts seat 1 on the edge facing section 2, with seat numbers counting up toward the edge facing section 4. Seat 1 is the end of the row farthest from home plate, and higher seat numbers run back toward home plate.",not published,"'Top Pick for Outstanding Convenience — Rows 26-30' and 'Obstructed/Limited Views'. 'For baseball games, we recommend rows 26-30 for outstanding convenience' and 'Obstructed/Limited Views — See all details'. Football-only obstruction note applies to sections 1-4 (see section 1). Fan review (Row 17): 'Nearly the complete view of the field — Awesome seats! You can see the entire field from here at ease and the scoreboard is very easy to see also.' Lowest listed price $21.","MEDIUM - rows and zone confirmed, the source does not place this section"
4,Promenade Level (1-40),Promenade Level Down the Line,not stated by the source,9,toward first base / right field,"A, D-L, 1-30",Rows L and 30,"Stairway aisles run along both side edges of the section; rows are not split by a mid-row aisle, so seat numbers run continuously from one side aisle to the other. The entry portal is at row Rows L and 30.","Facing the field, seat 1 is on your right. That puts seat 1 on the edge facing section 3, with seat numbers counting up toward the edge facing section 5. Seat 1 is the end of the row farthest from home plate, and higher seat numbers run back toward home plate.",not published,"'Obstructed/Limited Views'. 'For football games, row D is usually the first row.' Football-only obstruction note applies to sections 1-4 (see section 1). Fan review (Row 26): 'Good angle, comfortable spot... Seats have a good angle to the field for being so far in the outfield. That plus being higher up makes it easy to see the whole field. Just a couple rows from plenty of concessions for nice convenience.' Lowest listed price $21.","MEDIUM - rows and zone confirmed, the source does not place this section"
5,Promenade Level (1-40),Promenade Level Down the Line,not stated by the source,8,toward first base / right field,"A-J, 1-30",Rows J and 30,"Stairway aisles run along both side edges of the section; rows are not split by a mid-row aisle, so seat numbers run continuously from one side aisle to the other. The entry portal is at row Rows J and 30.","Facing the field, seat 1 is on your right. That puts seat 1 on the edge facing section 4, with seat numbers counting up toward the edge facing section 6. Seat 1 is the end of the row farthest from home plate, and higher seat numbers run back toward home plate.",not published,"'Midfield View'. 'There is a walkway between Rows J and 1' and 'For football games, row D is usually the first row.' 'For football games, desirable view from near midfield.' Fan reviews (Row 3, Row 14 x2) mention good views and easy concession access; one fan complained about high concession prices. Lowest listed price $18.","MEDIUM - rows and zone confirmed, the source does not place this section"
6,Promenade Level (1-40),Promenade Level Down the Line,not stated by the source,7,toward first base / right field,"A-L, 1-30",30,"Stairway aisles run along both side edges of the section; rows are not split by a mid-row aisle, so seat numbers run continuously from one side aisle to the other. The entry portal is at row 30.","Facing the field, seat 1 is on your right. That puts seat 1 on the edge facing section 5, with seat numbers counting up toward the edge facing section 7. Seat 1 is the end of the row farthest from home plate, and higher seat numbers run back toward home plate.",not published,"'Midfield View'. 'There is a walkway between Rows L and 1.' 'For football games, desirable view from near midfield.' Fan review (Row D): 'Wow — Great unobstructed view about 10 yards from first base.' Lowest listed price $19.","MEDIUM - rows and zone confirmed, the source does not place this section"
7,Promenade Level (1-40),Promenade Level Infield,not stated by the source,6,toward first base / right field,"A-L, 1-30",Rows L and 30,"Stairway aisles run along both side edges of the section; rows are not split by a mid-row aisle, so seat numbers run continuously from one side aisle to the other. The entry portal is at row Rows L and 30.","Facing the field, seat 1 is on your right. That puts seat 1 on the edge facing section 6, with seat numbers counting up toward the edge facing section 8. Seat 1 is the end of the row farthest from home plate, and higher seat numbers run back toward home plate.",not published,"'Top Pick for Great Views of the Field — Rows 1-10' and 'Midfield View'. 'There is a walkway between Rows L and 1.' 'For baseball games, we recommend rows 1-10 for great views of the field' and 'For football games, desirable view from near midfield.' Fan reviews (Row 12, Row 2) mention good field visibility. Lowest listed price $21.","MEDIUM - rows and zone confirmed, the source does not place this section"
8,Promenade Level (1-40),Promenade Level Infield,"Behind the visitor dugout. 'For baseball games, these seats are located behind the visitor dugout.' 'Row A is the first row behind the visitor's dugout in Section 8.' 'sections 8-10 behind the visitors dugout.'",5,toward first base / right field,"A-J, 1-30",30,"Stairway aisles run along both side edges of the section; rows are not split by a mid-row aisle, so seat numbers run continuously from one side aisle to the other. The entry portal is at row 30.","Facing the field, seat 1 is on your right. That puts seat 1 on the edge facing section 7, with seat numbers counting up toward the edge facing section 9. Seat 1 is the end of the row farthest from home plate, and higher seat numbers run back toward home plate.",not published,"'Top Pick for Great Views of the Field — Rows 1-10' and 'Midfield View'. 'Front of sections 8-21 are behind the netting — There is some amount of netting or screening in front of sections 8-21. The height and coverage of netting or screening will vary by section.' Detailed fan review (Row 13) notes 'about ten lettered rows before these numbered rows begin,' shade from the roof overhang in the evening, and heavy foul-ball activity. Another fan review (Row 19) complains A/C blows cold air down the back of the neck. Lowest listed price $22.","HIGH - zone, rows, location and seat direction stated by the source"
9,Promenade Level (1-40),Promenade Level Infield,"Behind the visitor dugout. 'For baseball games, these seats are located behind the visitor dugout.' 'Row A is the first row behind the visitor's dugout in Section 9.' 'sections 8-10 behind the visitors dugout.'",4,toward first base / right field,"A-L, 1-27",Rows L and 27,"Stairway aisles run along both side edges of the section; rows are not split by a mid-row aisle, so seat numbers run continuously from one side aisle to the other. The entry portal is at row Rows L and 27.","Facing the field, seat 1 is on your right. That puts seat 1 on the edge facing section 8, with seat numbers counting up toward the edge facing section 10. Seat 1 is the end of the row farthest from home plate, and higher seat numbers run back toward home plate.",not published,"'Top Pick for Great Views of the Field — Rows 1-10'. 'For baseball games, these seats are located behind the visitor dugout' and 'we recommend rows 1-10 for great views of the field.' 'Front of sections 8-21 are behind the netting.' Fan reviews (Row D, Row 10, Row A, Row 5) generally positive, one notes 'if you're hoping to catch a ball after an inning from one of the players heading into the dugout you will want to sit further back in sections 9 & 10.' Lowest listed price $23.","HIGH - zone, rows, location and seat direction stated by the source"
10,Promenade Level (1-40),Promenade Level Infield,"Behind the visitor dugout. 'For baseball games, these seats are located behind the visitor dugout.' 'Row A is the first row behind the visitor's dugout in Section 10.' 'sections 8-10 behind the visitors dugout.'",3,toward first base / right field,"A-L, 1-27",27,"Stairway aisles run along both side edges of the section; rows are not split by a mid-row aisle, so seat numbers run continuously from one side aisle to the other. The entry portal is at row 27.","Facing the field, seat 1 is on your right. That puts seat 1 on the edge facing section 9, with seat numbers counting up toward the edge facing section 11. Seat 1 is the end of the row farthest from home plate, and higher seat numbers run back toward home plate.",not published,'Front of sections 8-21 are behind the netting — There is some amount of netting or screening in front of sections 8-21. The height and coverage of netting or screening will vary by section.' Fan review (Row D): 'Great seats.' Lowest listed price $36.,"HIGH - zone, rows, location and seat direction stated by the source"
11,Promenade Level (1-40),Promenade Level Infield,not stated by the source,2,toward first base / right field,"A-E, 1-27",27,"Stairway aisles run along both side edges of the section; rows are not split by a mid-row aisle, so seat numbers run continuously from one side aisle to the other. The entry portal is at row 27.","Facing the field, seat 1 is on your right. That puts seat 1 on the edge facing section 10, with seat numbers counting up toward the edge facing section 12. Seat 1 is the end of the row farthest from home plate, and higher seat numbers run back toward home plate.",not published,'Front of sections 8-21 are behind the netting.' Fan review (Row 15): 'Nearly the best seats for this field — The batter and pitcher is awesome to see from here. You can see all of the field very well and the infield extremely well.' Lowest listed price $29.,"MEDIUM - rows and zone confirmed, the source does not place this section"
12,Promenade Level (1-40),Promenade Level Infield,"Behind home plate. 'For baseball games, desirable view from behind home plate.' 'For Baseball - Recommended For Great Views of the Field — Amazing view from behind home plate on the lower level. Higher on the lower tier for expansive viewing angles and less distraction from the netting. Excellent perspective to the batters box, pitchers mound, and on deck circles.'",1,toward first base / right field,"A-E, 1-27",27,"Stairway aisles run along both side edges of the section; rows are not split by a mid-row aisle, so seat numbers run continuously from one side aisle to the other. The entry portal is at row 27.","Facing the field, seat 1 is on your right. That puts seat 1 on the edge facing section 11, with seat numbers counting up toward the edge facing section 13. Seat 1 is the end of the row farthest from home plate, and higher seat numbers run back toward home plate.",not published,Page rendered in RateYourSeats' simplified template (no 'Section Insights' tag list shown). Netting review (first listed): 'Front of sections 8-21 are behind the netting — There is some amount of netting or screening in front of sections 8-21. The height and coverage of netting or screening will vary by section.' Also carries the 'Lower Sideline (Football)' review naming sections 5-12 as infield sideline seats.,"HIGH - zone, rows, location and seat direction stated by the source"
13,Promenade Level (1-40),Promenade Level Infield,"Behind home plate. 'Home Plate View'. 'For baseball games, desirable view from behind home plate.' 'Sections 13-18 behind home plate and 25-28 down the left field line offer surprisingly good angles towards the 50 yard-line.'",0,behind home plate,"A-E, 1-27",27,"Stairway aisles run along both side edges of the section; rows are not split by a mid-row aisle, so seat numbers run continuously from one side aisle to the other. The entry portal is at row 27.","Facing the field, seat 1 is on your right. That puts seat 1 on the edge facing section 12, with seat numbers counting up toward the edge facing section 14. This section is behind home plate, so seat 1 is on its first-base side.",not published,'Top Pick for Great Views of the Field' and 'Home Plate View'. 'we recommend these seats for great views of the field' and 'desirable view from behind home plate.' 'Front of sections 8-21 are behind the netting.' Lowest listed price $32.,"HIGH - zone, rows, location and seat direction stated by the source"
14,Promenade Level (1-40),Promenade Level Infield,"Behind home plate. 'Home Plate View'. 'For baseball games, desirable view from behind home plate.' Football review places Section 14 within 'Sections 13-18 behind home plate.'",0,behind home plate,1-27,27,"Stairway aisles run along both side edges of the section; rows are not split by a mid-row aisle, so seat numbers run continuously from one side aisle to the other. The entry portal is at row 27.","Facing the field, seat 1 is on your right. That puts seat 1 on the edge facing section 13, with seat numbers counting up toward the edge facing section 15. This section is behind home plate, so seat 1 is on its first-base side.",not published,"'Top Pick for Great Views of the Field' and 'Home Plate View'. Row Numbers state only '1-27' (no lettered rows listed for Section 14, unlike neighboring 13/15/16 which are also number-only here but 13/17/18 have A-E). Fan review (Row 23): 'Directly Behind Home Plate — Five star seats all around... Higher row pushes you away from the field, but it also means you're covered and shaded when the roof is open. Also means that you're just a couple steps from the concourse.' (roof/overhang coverage benefit noted at higher rows). 'Front of sections 8-21 are behind the netting.' Lowest listed price $28.","HIGH - zone, rows, location and seat direction stated by the source"
15,Promenade Level (1-40),Promenade Level Infield,"Behind home plate. 'Home Plate View'. 'For baseball games, desirable view from behind home plate.' Football review places Section 15 within 'Sections 13-18 behind home plate.'",0,behind home plate,1-27,27,"Stairway aisles run along both side edges of the section; rows are not split by a mid-row aisle, so seat numbers run continuously from one side aisle to the other. The entry portal is at row 27.","Facing the field, seat 1 is on your right. That puts seat 1 on the edge facing section 14, with seat numbers counting up toward the edge facing section 16. This section is behind home plate, so seat 1 is on its first-base side.",not published,"'Top Pick for Outstanding Convenience — Rows 23-27', 'Top Pick for Great Views of the Field', 'Home Plate View'. 'we recommend rows 23-27 for outstanding convenience,' 'we recommend these seats for great views of the field,' 'desirable view from behind home plate.' Fan review (Row B): 'Row AA is the actual first row of the section, and it is a little smaller than all the other rows... Row B of section 15 provides fans with a great view of the action directly behind homeplate' — note this 'Row AA' label is from a fan review, not the page's own Row Numbers statement (which lists only '1-27'). Another fan review (Row B) says the seat line is 'dead center behind home plate... perfect for game action and analysis.","HIGH - zone, rows, location and seat direction stated by the source"
16,Promenade Level (1-40),Promenade Level Infield,"Behind home plate. 'Home Plate View'. 'For baseball games, desirable view from behind home plate.' Football review places Section 16 within 'Sections 13-18 behind home plate.'",0,behind home plate,1-27,27,"Stairway aisles run along both side edges of the section; rows are not split by a mid-row aisle, so seat numbers run continuously from one side aisle to the other. The entry portal is at row 27.","Facing the field, seat 1 is on your right. That puts seat 1 on the edge facing section 15, with seat numbers counting up toward the edge facing section 17. This section is behind home plate, so seat 1 is on its first-base side.",not published,"'Top Pick for Great Views of the Field' and 'Home Plate View'. 'we recommend these seats for great views of the field' and 'desirable view from behind home plate.' Fan review (Row 10): 'Beautiful View — Clear views, comfortable angle, head-on the videoboard and pretty close to the field.' 'Front of sections 8-21 are behind the netting.' Lowest listed price $25.","HIGH - zone, rows, location and seat direction stated by the source"
17,Promenade Level (1-40),Promenade Level Infield,"Behind home plate. 'For baseball games, desirable view from behind home plate.' Football review places Section 17 within 'Sections 13-18 behind home plate.'",0,behind home plate,"A-E, 1-27",27,"Stairway aisles run along both side edges of the section; rows are not split by a mid-row aisle, so seat numbers run continuously from one side aisle to the other. The entry portal is at row 27.","Facing the field, seat 1 is on your right. That puts seat 1 on the edge facing section 16, with seat numbers counting up toward the edge facing section 18. This section is behind home plate, so seat 1 is on its first-base side.",not published,"Page uses RateYourSeats' simplified template (no Section Insights tag list). Fan review (Aug 2016, Row B): 'Close to the field, behind home plate and comfortable. It is a bit of a walk to get up and down stairs and you have to watch through the net. But really, it's hard to complain much about these.' 'Front of sections 8-21 are behind the netting.' Also carries the 'For Baseball - Recommended For Great Views of the Field' expert tag about the netting/tier tradeoff (same text as Section 12).","HIGH - zone, rows, location and seat direction stated by the source"
18,Promenade Level (1-40),Promenade Level Infield,not stated by the source,0,behind home plate,"A-E, 1-27",27,"Stairway aisles run along both side edges of the section; rows are not split by a mid-row aisle, so seat numbers run continuously from one side aisle to the other. The entry portal is at row 27.","Facing the field, seat 1 is on your right. That puts seat 1 on the edge facing section 17, with seat numbers counting up toward the edge facing section 19. This section is behind home plate, so seat 1 is on its first-base side.",not published,"Fan review (Row 8): 'Great view except for the net — Great seats almost behind home plate. You do have to look through the net, which is not ideal, but it's also not a deal breaker. Just really good seats with quality views in every direction.' 'Front of sections 8-21 are behind the netting.' Lowest listed price $31.","MEDIUM - rows and zone confirmed, the source does not place this section"
19,Promenade Level (1-40),Promenade Level Infield,Behind the Marlins dugout (Clubhouse Box). 'Near Marlins Dugout'. 'These seats are located behind the Marlins dugout.' 'Row A is the first row behind the Marlins dugout in Section 19.' 'The Clubhouse Box seats in sections 19-21 will get you just behind the Marlin's dugout.',1,toward third base / left field,"A-L, 1-30",30,"Stairway aisles run along both side edges of the section; rows are not split by a mid-row aisle, so seat numbers run continuously from one side aisle to the other. The entry portal is at row 30.","Facing the field, seat 1 is on your right. That puts seat 1 on the edge facing section 18, with seat numbers counting up toward the edge facing section 20. Seat 1 is the end of the row closest to home plate, and higher seat numbers run away from home plate.",not published,"Football review 'Lower Endzone (Football)' notes sections 19-24 are on the 'North side' with good sightlines (football-only, not applicable to baseball). Fan review (Row 4): 'Just about perfect — Fantastic view of the batter-pitcher exchange. Great height for comfortable views. Gorgeous view of the infield and just about 15 rows above the Marlins dugout.' 'Front of sections 8-21 are behind the netting.' Lowest listed price $28.","HIGH - zone, rows, location and seat direction stated by the source"
20,Promenade Level (1-40),Promenade Level Infield,Behind the Marlins dugout. 'Near Marlins Dugout'. 'These seats are located behind the Marlins dugout.' 'Row A is the first row behind the Marlins dugout in Section 20.',2,toward third base / left field,"A-L, 1-30",Rows L and 30,"Stairway aisles run along both side edges of the section; rows are not split by a mid-row aisle, so seat numbers run continuously from one side aisle to the other. The entry portal is at row Rows L and 30.","Facing the field, seat 1 is on your right. That puts seat 1 on the edge facing section 19, with seat numbers counting up toward the edge facing section 21. Seat 1 is the end of the row closest to home plate, and higher seat numbers run away from home plate.",not published,"Football review 'Lower Endzone (Football)' notes sections 19-24 are on the 'North side' with good sightlines (football-only, not applicable to baseball). 'Front of sections 8-21 are behind the netting — There is some amount of netting or screening in front of sections 8-21. The height and coverage of netting or screening will vary by section.' Lowest listed price $26.","HIGH - zone, rows, location and seat direction stated by the source"
21,Promenade Level (1-40),Promenade Level Infield,"Behind the Marlins dugout. 'Near Marlins Dugout'. 'The Clubhouse Box seats in sections 19-21 will get you just behind the Marlin's dugout, and the same can be said for sections 8-10 behind the visitors dugout.'",3,toward third base / left field,"A-L, 1-30",30,"Stairway aisles run along both side edges of the section; rows are not split by a mid-row aisle, so seat numbers run continuously from one side aisle to the other. The entry portal is at row 30.","Facing the field, seat 1 is on your right. That puts seat 1 on the edge facing section 20, with seat numbers counting up toward the edge facing section 22. Seat 1 is the end of the row closest to home plate, and higher seat numbers run away from home plate.",not published,There is a walkway between Rows L and 1. 'Front of sections 8-21 are behind the netting - There is some amount of netting or screening in front of sections 8-21. The height and coverage of netting or screening will vary by section.' Row A is described by a fan as 'the first row behind the Marlins dugout in Section 21.',"HIGH - zone, rows, location and seat direction stated by the source"
22,Promenade Level (1-40),Promenade Level Infield,"'The Promenade Level Infield seats keep you close to the action... The Clubhouse Box seats in sections 19-21 will get you just behind the Marlin's dugout, and the same can be said for sections 8-10 behind the visitors dugout... Seats on the first base side will see good shade during the day even with the retractable roof open.'",4,toward third base / left field,"A-L, 1-30",Rows L and 30 (page states: 'Entrances to this section are located at Rows L and 30'),"Stairway aisles run along both side edges of the section; rows are not split by a mid-row aisle, so seat numbers run continuously from one side aisle to the other. The entry portal is at row Rows L and 30 (page states: 'Entrances to this section are located at Rows L and 30').","Facing the field, seat 1 is on your right. That puts seat 1 on the edge facing section 21, with seat numbers counting up toward the edge facing section 23. Seat 1 is the end of the row closest to home plate, and higher seat numbers run away from home plate.",not published,"There is a walkway between Rows L and 1. seats 'underneath the vents,' roof closed but seats 'fully covered and would be shaded'; another fan review: 'the back of the section has great views but you will not see pop balls.'","HIGH - zone, rows, location and seat direction stated by the source"
23,Promenade Level (1-40),Promenade Level Down the Line,"'Sections down the line on the Promenade Level will offer good views from the lowest tier of the stadium... Located in prime foul ball territory, these begin to angle towards the pitchers mound as you get closer to the foul poles... Seats on the right field side will have good protection from the sun, but will have a more cumbersome time trying to view the large video board located in right center field.'",5,toward third base / left field,"A-L, 1-30",30,"Stairway aisles run along both side edges of the section; rows are not split by a mid-row aisle, so seat numbers run continuously from one side aisle to the other. The entry portal is at row 30.","Facing the field, seat 1 is on your right. That puts seat 1 on the edge facing section 22, with seat numbers counting up toward the edge facing section 24. Seat 1 is the end of the row closest to home plate, and higher seat numbers run away from home plate.",not published,There is a walkway between Rows L and 1. Also flagged (football-only) as a 'Lower Endzone' section on the North side of the field for football events.,"HIGH - zone, rows, location and seat direction stated by the source"
24,Promenade Level (1-40),Promenade Level Down the Line,"Same 'Promenade Level Down the Line' down the line on the Promenade Level, prime foul ball territory, angled toward the pitcher's mound near the foul poles.",6,toward third base / left field,"A-J, 1-30",Rows J and 30 (page states: 'Entrances to this section are located at Rows J and 30'),"Stairway aisles run along both side edges of the section; rows are not split by a mid-row aisle, so seat numbers run continuously from one side aisle to the other. The entry portal is at row Rows J and 30 (page states: 'Entrances to this section are located at Rows J and 30').","Facing the field, seat 1 is on your right. That puts seat 1 on the edge facing section 23, with seat numbers counting up toward the edge facing section 25. Seat 1 is the end of the row closest to home plate, and higher seat numbers run away from home plate.",not published,"There is a walkway between Rows J and 1. For football games, row D is usually the first row. 'Clear view of the field and comfortable view of the video screen... about 25 rows up to food.'","HIGH - zone, rows, location and seat direction stated by the source"
25,Promenade Level (1-40),Promenade Level Down the Line,Same 'Promenade Level Down the Line' expert review. Also named in the football 'Lower Corner' review: 'Sections 13-18 behind home plate and 25-28 down the left field line offer surprisingly good angles towards the 50 yard-line.',7,toward third base / left field,"A, D-J, 1-30",30,"Stairway aisles run along both side edges of the section; rows are not split by a mid-row aisle, so seat numbers run continuously from one side aisle to the other. The entry portal is at row 30.","Facing the field, seat 1 is on your right. That puts seat 1 on the edge facing section 24, with seat numbers counting up toward the edge facing section 26. Seat 1 is the end of the row closest to home plate, and higher seat numbers run away from home plate.",not published,"There is a walkway between Rows J and 1. For football games, row D is usually the first row.","HIGH - zone, rows, location and seat direction stated by the source"
26,Promenade Level (1-40),Promenade Level Down the Line,Same 'Promenade Level Down the Line' also within the football 'Lower Corner' range '25-28 down the left field line.',8,toward third base / left field,"B-L, 1-30",30,"Stairway aisles run along both side edges of the section; rows are not split by a mid-row aisle, so seat numbers run continuously from one side aisle to the other. The entry portal is at row 30.","Facing the field, seat 1 is on your right. That puts seat 1 on the edge facing section 25, with seat numbers counting up toward the edge facing section 27. Seat 1 is the end of the row closest to home plate, and higher seat numbers run away from home plate.",not published,'Row J is the 8th row in this section... Awesome view towards home plate and super close to the field... view of LF is partially blocked.',"HIGH - zone, rows, location and seat direction stated by the source"
27,Promenade Level (1-40),Promenade Level Down the Line,Same 'Promenade Level Down the Line' also within the football 'Lower Corner' range '25-28 down the left field line.',9,toward third base / left field,"J-L, 1-30",30,"Stairway aisles run along both side edges of the section; rows are not split by a mid-row aisle, so seat numbers run continuously from one side aisle to the other. The entry portal is at row 30.","Facing the field, seat 1 is on your right. That puts seat 1 on the edge facing section 26, with seat numbers counting up toward the edge facing section 28. Seat 1 is the end of the row closest to home plate, and higher seat numbers run away from home plate.",not published,,"HIGH - zone, rows, location and seat direction stated by the source"
28,Promenade Level (1-40),Promenade Level Down the Line,Same 'Promenade Level Down the Line' also within the football 'Lower Corner' range '25-28 down the left field line.',10,toward third base / left field,"9-27, WC",WC,"Stairway aisles run along both side edges of the section; rows are not split by a mid-row aisle, so seat numbers run continuously from one side aisle to the other. The entry portal is at row WC.","Facing the field, seat 1 is on your right. That puts seat 1 on the edge facing section 27, with seat numbers counting up toward the edge facing section 29. Seat 1 is the end of the row closest to home plate, and higher seat numbers run away from home plate.",not published,"For football games, row 10 is usually the first row. 'Seat 4 is right up against the wall. Cool view towards the plate. Look straight ahead to see home plate and directly left for the videoboard.'","HIGH - zone, rows, location and seat direction stated by the source"
29,Promenade Level (1-40),Bullpen Outfield,"'Sections 29-31 will be located directly behind the Marlins bullpen in left field... Fans on the right field side will have a near impossible task of seeing the large video board located behind, while fans in section 32 on the left field side will have a great view of the activity down in the Clevelander area.' Also named in football 'Lower Sideline' review as left field, Sections 29-32.",11,toward third base / left field,"1-8, WC",WC,"Stairway aisles run along both side edges of the section; rows are not split by a mid-row aisle, so seat numbers run continuously from one side aisle to the other. The entry portal is at row WC.","Facing the field, seat 1 is on your right. That puts seat 1 on the edge facing section 28, with seat numbers counting up toward the edge facing section 30. Seat 1 is the end of the row closest to home plate, and higher seat numbers run away from home plate.",not published,"fan feedback on this page states 'The Visitor Bullpen is Below Sections 29-31 - Sit in Row 1 to be right above the visitor bullpen,' which directly contradicts the page's own expert review stating the Marlins bullpen is behind sections 29-31.","HIGH - zone, rows, location and seat direction stated by the source"
30,Promenade Level (1-40),Bullpen Outfield,'Sections 29-31 will be located directly behind the Marlins bullpen in left field.',12,toward third base / left field,1-9,9,"Stairway aisles run along both side edges of the section; rows are not split by a mid-row aisle, so seat numbers run continuously from one side aisle to the other. The entry portal is at row 9.","Facing the field, seat 1 is on your right. That puts seat 1 on the edge facing section 29, with seat numbers counting up toward the edge facing section 31. Seat 1 is the end of the row closest to home plate, and higher seat numbers run away from home plate.",not published,'One of the few spots for home runs. Above visitor bullpen.' Fan feedback (same as section 29): 'The Visitor Bullpen is Below Sections 29-31 - Sit in Row 1 to be right above the visitor bullpen' - contradicts the page's own expert review naming the Marlins bullpen here.,"HIGH - zone, rows, location and seat direction stated by the source"
31,Promenade Level (1-40),Bullpen Outfield,'Sections 29-31 will be located directly behind the Marlins bullpen in left field.',13,toward third base / left field,1-9,9,"Stairway aisles run along both side edges of the section; rows are not split by a mid-row aisle, so seat numbers run continuously from one side aisle to the other. The entry portal is at row 9.","Facing the field, seat 1 is on your right. That puts seat 1 on the edge facing section 30, with seat numbers counting up toward the edge facing section 32. Seat 1 is the end of the row closest to home plate, and higher seat numbers run away from home plate.",not published,'Behind/Side Stage (most shows)' - limited view for concerts. 'The Visitor Bullpen is Below Sections 29-31' - again contradicts the expert review's Marlins-bullpen claim for this same range.,"HIGH - zone, rows, location and seat direction stated by the source"
32,Promenade Level (1-40),Bullpen Outfield,'fans in section 32 on the left field side will have a great view of the activity down in the Clevelander area.',14,toward third base / left field,1-4,4,"Stairway aisles run along both side edges of the section; rows are not split by a mid-row aisle, so seat numbers run continuously from one side aisle to the other. The entry portal is at row 4.","Facing the field, seat 1 is on your right. That puts seat 1 on the edge facing section 31, with seat numbers counting up toward the edge facing section 34. Seat 1 is the end of the row closest to home plate, and higher seat numbers run away from home plate.",not published,'Behind/Side Stage (most shows)' - limited view for concerts.,"HIGH - zone, rows, location and seat direction stated by the source"
34,Promenade Level (1-40),Bullpen Outfield,"Page carries the same 'Bullpen Outfield' expert review text (Sections 29-31 behind Marlins bullpen, 38-39 behind visiting bullpen) though it does not name section 34 specifically within that review.",,"in right field - the lower bowl's numbering wraps past the left-field corner and picks up again beneath the Home Run Porch, so these sections are back on the first-base side","E-G, 1-9",9,"Stairway aisles run along both side edges of the section; rows are not split by a mid-row aisle, so seat numbers run continuously from one side aisle to the other. The entry portal is at row 9.","Facing the field, seat 1 is on your right. That puts seat 1 on the edge facing section 32, with seat numbers counting up toward the edge facing section 35.",not published,'Top Pick for Outstanding Convenience - Rows 8-12' and 'Behind/Side Stage (most shows)' for concerts.,"HIGH - zone, rows, location and seat direction stated by the source"
35,Promenade Level (1-40),Bullpen Outfield,Page carries the same 'Bullpen Outfield' no section-35-specific sentence given.,,"in right field - the lower bowl's numbering wraps past the left-field corner and picks up again beneath the Home Run Porch, so these sections are back on the first-base side","A-G, 1-11, WC",WC,"Stairway aisles run along both side edges of the section; rows are not split by a mid-row aisle, so seat numbers run continuously from one side aisle to the other. The entry portal is at row WC.","Facing the field, seat 1 is on your right. That puts seat 1 on the edge facing section 34, with seat numbers counting up toward the edge facing section 36.",not published,'Top Pick for Outstanding Convenience - Rows 8-12' and 'Behind/Side Stage (most shows)' for concerts.,"HIGH - zone, rows, location and seat direction stated by the source"
36,Promenade Level (1-40),Bullpen Outfield,Page carries the same 'Bullpen Outfield' no section-36-specific sentence given beyond fan feedback (see notes).,,"in right field - the lower bowl's numbering wraps past the left-field corner and picks up again beneath the Home Run Porch, so these sections are back on the first-base side","A-G, 1-13",13,"Stairway aisles run along both side edges of the section; rows are not split by a mid-row aisle, so seat numbers run continuously from one side aisle to the other. The entry portal is at row 13.","Facing the field, seat 1 is on your right. That puts seat 1 on the edge facing section 35, with seat numbers counting up toward the edge facing section 38.",not published,"'Behind/Side Stage (most shows)' for concerts. 'Can see the whole field. Under the video screen, so have to rely on the monitors for replays.' 'The Marlins Bullpen is to the Right of Section 36 - Sit close to Seat 1 in Section 36 to be right next to the Marlins bullpen.'","HIGH - zone, rows, location and seat direction stated by the source"
38,Promenade Level (1-40),Bullpen Outfield,not stated by the source,,"in right field - the lower bowl's numbering wraps past the left-field corner and picks up again beneath the Home Run Porch, so these sections are back on the first-base side",1-13,13,"Stairway aisles run along both side edges of the section; rows are not split by a mid-row aisle, so seat numbers run continuously from one side aisle to the other. The entry portal is at row 13.","Facing the field, seat 1 is on your right. That puts seat 1 on the edge facing section 36, with seat numbers counting up toward the edge facing section 39.",not published,"'Behind/Side Stage (most shows)' for concerts. 'The Marlins Bullpen is Below Sections 38 and 39 - Sit in Row 1 to be right above the Marlins bullpen' - this fan note says MARLINS bullpen, contradicting the expert review on this same page which calls it the visiting bullpen.","MEDIUM - rows and zone confirmed, the source does not place this section"
39,Promenade Level (1-40),Bullpen Outfield,'sections 38-39 are just behind the visiting bullpen in left field' [as published ].,,"in right field - the lower bowl's numbering wraps past the left-field corner and picks up again beneath the Home Run Porch, so these sections are back on the first-base side","1-10, WC",WC,"Stairway aisles run along both side edges of the section; rows are not split by a mid-row aisle, so seat numbers run continuously from one side aisle to the other. The entry portal is at row WC.","Facing the field, seat 1 is on your right. That puts seat 1 on the edge facing section 38, with seat numbers counting up toward the edge facing section 40.",not published,"'Top Pick for Outstanding Convenience - Rows 8-12' and 'Behind/Side Stage (most shows)' for concerts. 'First row over the Marlins bullpen sounds great, but it really isn't. The wall in front of you is pretty high, so you can't see in unless you stand. No videoboard view.' 'The Marlins Bullpen is Below Sections 38 and 39' - again names it the Marlins bullpen, contradicting the page's own expert review text calling it the visiting bullpen.","HIGH - zone, rows, location and seat direction stated by the source"
40,Promenade Level (1-40),Bullpen Outfield,Page carries the same 'Bullpen Outfield' no section-40-specific sentence in the expert review beyond fan feedback (see notes).,,"in right field - the lower bowl's numbering wraps past the left-field corner and picks up again beneath the Home Run Porch, so these sections are back on the first-base side","A-G, 1-12",12,"Stairway aisles run along both side edges of the section; rows are not split by a mid-row aisle, so seat numbers run continuously from one side aisle to the other. The entry portal is at row 12.","Facing the field, seat 1 is on your right. That puts seat 1 on the edge facing section 39, with seat numbers counting up toward the far edge of the section, with no further section beyond it on that side.",not published,'Top Pick for Outstanding Convenience - Rows 8-12' and 'Top Pick for Great Views of the Field - Rows A-G'. 'Great View From the Outfield... can't see the videoboard.' 'The Marlins Bullpen is to the Left of Section 40 - Sit in a higher number seat in Section 40 to be next to the Marlins bullpen.',"HIGH - zone, rows, location and seat direction stated by the source"
134,Home Run Porch (100s),Home Run Porch,"'The Home Run Porch at LoanDepot Park is located above the right field outfield seats, forming a second tier of seating behind the lower outfield sections. This area overlooks the right field bullpen and provides a view of the field from an elevated position in the outfield... Seats in this section sit farther from home plate than most seating areas in the stadium.'",,not established for this level,"1-5, WC",WC,"Stairway aisles run along both side edges of the section; rows are not split by a mid-row aisle, so seat numbers run continuously from one side aisle to the other. The entry portal is at row WC.","Facing the field, seat 1 is on your right. That puts seat 1 on the far edge of the section, with no further section beyond it on that side, with seat numbers counting up toward the edge facing section 135.",not published,"'Obstructed/Limited Views' and 'Behind/Side Stage (most shows)' for concerts. 'Obstructed sections include Field sections 1-4, outfield sections 134-141 and sections 201-204 and 302-305.' Review also states seats can receive shade with the roof open, and that sections 38-40 below the porch tend to receive more home run balls despite the porch's name.","HIGH - zone, rows, location and seat direction stated by the source"
135,Home Run Porch (100s),Home Run Porch,"Same 2026 Home Run Porch located above the right field outfield seats, second tier behind the lower outfield sections, overlooks the right field bullpen.",,not established for this level,1-7,7,"Stairway aisles run along both side edges of the section; rows are not split by a mid-row aisle, so seat numbers run continuously from one side aisle to the other. The entry portal is at row 7.","Facing the field, seat 1 is on your right. That puts seat 1 on the edge facing section 134, with seat numbers counting up toward the edge facing section 136.",not published,"'Obstructed/Limited Views' and 'Behind/Side Stage (most shows)' for concerts. 'Obstructed sections include Field sections 1-4, outfield sections 134-141 and sections 201-204 and 302-305.'","HIGH - zone, rows, location and seat direction stated by the source"
136,Home Run Porch (100s),Home Run Porch,"Home Run Porch, right field: page states 'located above the right field outfield seats, forming a second tier of seating behind the lower outfield sections. This area overlooks the right field bullpen...'",,not established for this level,1-12,8,"Stairway aisles run along both side edges of the section; rows are not split by a mid-row aisle, so seat numbers run continuously from one side aisle to the other. The entry portal is at row 8.","Facing the field, seat 1 is on your right. That puts seat 1 on the edge facing section 135, with seat numbers counting up toward the edge facing section 137.",not published,"Obstructed/Limited Views; Behind/Side Stage (most shows) for concerts. 'Obstructed sections include Field sections 1-4, outfield sections 134-141 and sections 201-204 and 302-305.' Home Run Porch review notes seats below the porch (Sections 38-40) get more home run balls; roof-open shade possible.","HIGH - zone, rows, location and seat direction stated by the source"
137,Home Run Porch (100s),Home Run Porch,"Home Run Porch, right field: page states 'located above the right field outfield seats, forming a second tier of seating behind the lower outfield sections. This area overlooks the right field bullpen...'",,not established for this level,1-13,8,"Stairway aisles run along both side edges of the section; rows are not split by a mid-row aisle, so seat numbers run continuously from one side aisle to the other. The entry portal is at row 8.","Facing the field, seat 1 is on your right. That puts seat 1 on the edge facing section 136, with seat numbers counting up toward the edge facing section 138.",not published,"Obstructed/Limited Views; Behind/Side Stage (most shows) for concerts. Football obstructed sections list includes 134-141. Fan review (Row 5): 'these sections are really steep, so aim for row 7 or 8 where you're right at the entrance'; 'No view of main video screen, but you can see the smaller one in left field.' Fan review (unspecified row): 'There truly is not a bad seat in the house.'","HIGH - zone, rows, location and seat direction stated by the source"
138,Home Run Porch (100s),Home Run Porch,"Home Run Porch, right field: page states 'located above the right field outfield seats, forming a second tier of seating behind the lower outfield sections. This area overlooks the right field bullpen...'",,not established for this level,1-14,8,"Stairway aisles run along both side edges of the section; rows are not split by a mid-row aisle, so seat numbers run continuously from one side aisle to the other. The entry portal is at row 8.","Facing the field, seat 1 is on your right. That puts seat 1 on the edge facing section 137, with seat numbers counting up toward the edge facing section 139.",not published,Obstructed/Limited Views; Behind/Side Stage (most shows) for concerts. Football obstructed sections list includes 134-141.,"HIGH - zone, rows, location and seat direction stated by the source"
139,Home Run Porch (100s),Home Run Porch,"Home Run Porch, right field: page states 'located above the right field outfield seats, forming a second tier of seating behind the lower outfield sections. This area overlooks the right field bullpen...'",,not established for this level,1-15,8,"Stairway aisles run along both side edges of the section; rows are not split by a mid-row aisle, so seat numbers run continuously from one side aisle to the other. The entry portal is at row 8.","Facing the field, seat 1 is on your right. That puts seat 1 on the edge facing section 138, with seat numbers counting up toward the edge facing section 140.",not published,Obstructed/Limited Views; Behind/Side Stage (most shows) for concerts. Football obstructed sections list includes 134-141.,"HIGH - zone, rows, location and seat direction stated by the source"
140,Home Run Porch (100s),Home Run Porch,"Home Run Porch, right field: page states 'located above the right field outfield seats, forming a second tier of seating behind the lower outfield sections. This area overlooks the right field bullpen...'",,not established for this level,1-16,8,"Stairway aisles run along both side edges of the section; rows are not split by a mid-row aisle, so seat numbers run continuously from one side aisle to the other. The entry portal is at row 8.","Facing the field, seat 1 is on your right. That puts seat 1 on the edge facing section 139, with seat numbers counting up toward the edge facing section 141.",not published,"Obstructed/Limited Views (no 'Behind/Side Stage' concert note on this page, unlike 136-139). Football obstructed sections list includes 134-141. 'the seats below the porch in Sections 38-40 tend to receive more home run balls.'","HIGH - zone, rows, location and seat direction stated by the source"
141,Home Run Porch (100s),Home Run Porch,"Home Run Porch, right field: page states 'located above the right field outfield seats, forming a second tier of seating behind the lower outfield sections. This area overlooks the right field bullpen...'",,not established for this level,1-16,8,"Stairway aisles run along both side edges of the section; rows are not split by a mid-row aisle, so seat numbers run continuously from one side aisle to the other. The entry portal is at row 8.","Facing the field, seat 1 is on your right. That puts seat 1 on the edge facing section 140, with seat numbers counting up toward the far edge of the section, with no further section beyond it on that side.",not published,Obstructed/Limited Views (no 'Behind/Side Stage' concert note on this page). Football obstructed sections list includes 134-141.,"HIGH - zone, rows, location and seat direction stated by the source"
201,Lexus Legends Level (200s),Legends Level Down the Line,"Legends Level (200 level), down-the-line seating; grouped with right field per Obstructed Seating review: 'right field sections can not see the entire field. Obstructed sections include...sections 201-204...'",,not established for this level,1-12,12,"Stairway aisles run along both side edges of the section; rows are not split by a mid-row aisle, so seat numbers run continuously from one side aisle to the other. The entry portal is at row 12.","Facing the field, seat 1 is on your right. That puts seat 1 on the far edge of the section, with no further section beyond it on that side, with seat numbers counting up toward the edge facing section 202.",not published,"Obstructed/Limited Views. 'no more than 13 rows in each... options down the right field line (Sections 202-204 feature just 8 rows of seating in each)' groups 201 with that right-field-line cluster. Fan review (Row 7): 'These seats are on the foul side of the pole, but have a nice angle to home plate and the outfield...From row 7 you can't see a big portion of right field...No padded seats like you get in sections 205-211, but still comfortable with an armrest and cup holder.'","HIGH - zone, rows, location and seat direction stated by the source"
202,Lexus Legends Level (200s),Legends Level Down the Line,"Legends Level (200 level), down-the-line, right field line: Legends Level Down the Line review states 'the sections down the right field line (Sections 202-204 feature just 8 rows of seating in each)'; Obstructed Seating review also lists 201-204 as right field.",,not established for this level,1-8,8,"Stairway aisles run along both side edges of the section; rows are not split by a mid-row aisle, so seat numbers run continuously from one side aisle to the other. The entry portal is at row 8.","Facing the field, seat 1 is on your right. That puts seat 1 on the edge facing section 201, with seat numbers counting up toward the edge facing section 203.",not published,"Top Pick for Outstanding Convenience (Rows 4-8); Obstructed/Limited Views. 'For baseball games, we recommend rows 4-8 for outstanding convenience.' Fan review (Row 1): 'Can see almost the whole field from here...Good view of the field from a nice height.'","HIGH - zone, rows, location and seat direction stated by the source"
203,Lexus Legends Level (200s),Legends Level Down the Line,"Legends Level (200 level), down-the-line, right field line: Legends Level Down the Line review states 'the sections down the right field line (Sections 202-204 feature just 8 rows of seating in each)'; Obstructed Seating review also lists 201-204 as right field.",,not established for this level,1-8,8,"Stairway aisles run along both side edges of the section; rows are not split by a mid-row aisle, so seat numbers run continuously from one side aisle to the other. The entry portal is at row 8.","Facing the field, seat 1 is on your right. That puts seat 1 on the edge facing section 202, with seat numbers counting up toward the edge facing section 204.",not published,"Top Pick for Outstanding Convenience (Rows 4-8); Obstructed/Limited Views. 'For baseball games, we recommend rows 4-8 for outstanding convenience.'","HIGH - zone, rows, location and seat direction stated by the source"
204,Lexus Legends Level (200s),Legends Level Down the Line,"Legends Level (200 level), down-the-line, right field line: Legends Level Down the Line review states 'the sections down the right field line (Sections 202-204 feature just 8 rows of seating in each)'; Obstructed Seating review also lists 201-204 as right field.",,not established for this level,1-8,8,"Stairway aisles run along both side edges of the section; rows are not split by a mid-row aisle, so seat numbers run continuously from one side aisle to the other. The entry portal is at row 8.","Facing the field, seat 1 is on your right. That puts seat 1 on the edge facing section 203, with seat numbers counting up toward the edge facing section 205.",not published,"Obstructed/Limited Views (no 'Top Pick' badge on this page, unlike 202-203). Football obstructed sections list includes 201-204.","HIGH - zone, rows, location and seat direction stated by the source"
205,Lexus Legends Level (200s),Legends Level Down the Line,Legends Level (200 level). Page tags this section 'Midfield View'; page does not state whether it is on the first-base or third-base side. Fan review on Section 201 groups 'sections 205-211' together as padded-seat sections.,,not established for this level,"1-10, WC",WC,"Stairway aisles run along both side edges of the section; rows are not split by a mid-row aisle, so seat numbers run continuously from one side aisle to the other. The entry portal is at row WC.","Facing the field, seat 1 is on your right. That puts seat 1 on the edge facing section 204, with seat numbers counting up toward the edge facing section 206.",not published,"Midfield View. 'Wheelchair seating is available behind Row 10.' Legends Level Sideline (Football) review: 'The best seats for football...are located in the 200 level sections on the West sideline...the angle towards midfield is OK.' 'For football games, desirable view from near midfield.'","HIGH - zone, rows, location and seat direction stated by the source"
206,Lexus Legends Level (200s),Legends Level Down the Line,Legends Level (200 level). Page tags this section 'Midfield View'; page does not state whether it is on the first-base or third-base side.,,not established for this level,1-13,13,"Stairway aisles run along both side edges of the section; rows are not split by a mid-row aisle, so seat numbers run continuously from one side aisle to the other. The entry portal is at row 13.","Facing the field, seat 1 is on your right. That puts seat 1 on the edge facing section 205, with seat numbers counting up toward the edge facing section 207.",not published,"Midfield View. 'For football games, desirable view from near midfield.' Fan review (Row 12): 'Thought the suites might get in the way, but they don't at all. Just a good comfortable spot. Concessions directly behind. Clear view of the field. Nice and cool too.'","HIGH - zone, rows, location and seat direction stated by the source"
207,Lexus Legends Level (200s),Legends Platinum,"Legends Platinum, first base side: 'Sections 207-211 on the first base side' per Legends Platinum review.",,not established for this level,1-7,7,"Stairway aisles run along both side edges of the section; rows are not split by a mid-row aisle, so seat numbers run continuously from one side aisle to the other. The entry portal is at row 7.","Facing the field, seat 1 is on your right. That puts seat 1 on the edge facing section 206, with seat numbers counting up toward the edge facing section 208.",not published,"Midfield View; Legends Platinum; Rows 1-7. cushioned seats, section has 10 rows or fewer, climate-controlled Legends Level concourse access. 'For football games, desirable view from near midfield'; 'Premium seating area as part of the Legends Platinum.' Fan review (Row 4): 'Nice big seats here. Good view of everything.'","HIGH - zone, rows, location and seat direction stated by the source"
208,Lexus Legends Level (200s),Legends Platinum,"Legends Platinum, first base side: 'Sections 207-211 on the first base side' per Legends Platinum review.",,not established for this level,1-8,8,"Stairway aisles run along both side edges of the section; rows are not split by a mid-row aisle, so seat numbers run continuously from one side aisle to the other. The entry portal is at row 8.","Facing the field, seat 1 is on your right. That puts seat 1 on the edge facing section 207, with seat numbers counting up toward the edge facing section 209.",not published,"Midfield View; Legends Platinum; Rows 1-8. 'For football games, desirable view from near midfield'; 'Premium seating area as part of the Legends Platinum.'","HIGH - zone, rows, location and seat direction stated by the source"
209,Lexus Legends Level (200s),Legends Platinum,"Legends Platinum, first base side: 'Sections 207-211 on the first base side' per Legends Platinum review.",,not established for this level,1-8,8,"Stairway aisles run along both side edges of the section; rows are not split by a mid-row aisle, so seat numbers run continuously from one side aisle to the other. The entry portal is at row 8.","Facing the field, seat 1 is on your right. That puts seat 1 on the edge facing section 208, with seat numbers counting up toward the edge facing section 210.",not published,"Top Pick for Great Views of the Field (Rows 2-8); Midfield View; Legends Platinum; Rows 1-8. 'For baseball games, we recommend rows 2-8 for great views of the field'; 'For football games, desirable view from near midfield.' Fan review (Row 1): 'Super comfortable, padded seats on the visitor side between home and first base. Glass railing doesn't get in the way at all!'","HIGH - zone, rows, location and seat direction stated by the source"
210,Lexus Legends Level (200s),Legends Platinum,"Legends Platinum, first base side: 'Sections 207-211 on the first base side' per Legends Platinum review.",,not established for this level,1-8,8,"Stairway aisles run along both side edges of the section; rows are not split by a mid-row aisle, so seat numbers run continuously from one side aisle to the other. The entry portal is at row 8.","Facing the field, seat 1 is on your right. That puts seat 1 on the edge facing section 209, with seat numbers counting up toward the edge facing section 211.",not published,"Top Pick for Great Views of the Field (Rows 2-8); Legends Platinum; Rows 1-8 (no 'Midfield View' badge on this page). 'For baseball games, we recommend rows 2-8 for great views of the field.' Fan review (Row 8): 'Super comfortable seats. Big chair with a lot of legroom. From this section, the entire infield is right in front of you. Phenomenal views from the 200 level...Could have used in-seat wait service since the single food stand serves multiple sections and the line was pretty long.' Fan review (Row 1): 'We got club seats between 1st and home, and they were exactly as the pictures on the web site described.'","HIGH - zone, rows, location and seat direction stated by the source"
211,Lexus Legends Level (200s),Legends Platinum,"Legends Platinum, first base side, closest to home plate: 'Sections 207-211 on the first base side'; 'Sections 211 and 219, located closest to home plate, typically provide the best overall sightlines within the Legends Platinum seating area.'",,not established for this level,"1-10, WC",WC,"Stairway aisles run along both side edges of the section; rows are not split by a mid-row aisle, so seat numbers run continuously from one side aisle to the other. The entry portal is at row WC.","Facing the field, seat 1 is on your right. That puts seat 1 on the edge facing section 210, with seat numbers counting up toward the edge facing section 219.",not published,"Legends Platinum; Rows 1-10, WC (no Midfield View or Top Pick badges on this page). 'Premium seating area as part of the Legends Platinum.'","HIGH - zone, rows, location and seat direction stated by the source"
219,Lexus Legends Level (200s),Legends Platinum,"Legends Platinum, third base side, closest to home plate: 'Sections 219-222 on the third base side'; 'Sections 211 and 219, located closest to home plate, typically provide the best overall sightlines within the Legends Platinum seating area.'",,not established for this level,"1-10, WC",WC,"Stairway aisles run along both side edges of the section; rows are not split by a mid-row aisle, so seat numbers run continuously from one side aisle to the other. The entry portal is at row WC.","Facing the field, seat 1 is on your right. That puts seat 1 on the edge facing section 211, with seat numbers counting up toward the edge facing section 220.",not published,"Legends Platinum; Rows 1-10, WC. Legends Level End (Football) review: 'Sections 221-223 above the North Endzone offer good views of the entire field from a comfortable setting.' 'Premium seating area as part of the Legends Platinum.'","HIGH - zone, rows, location and seat direction stated by the source"
220,Lexus Legends Level (200s),Legends Platinum,"Legends Platinum, third base side: 'Sections 219-222 on the third base side' per Legends Platinum review.",,not established for this level,1-8,8,"Stairway aisles run along both side edges of the section; rows are not split by a mid-row aisle, so seat numbers run continuously from one side aisle to the other. The entry portal is at row 8.","Facing the field, seat 1 is on your right. That puts seat 1 on the edge facing section 219, with seat numbers counting up toward the edge facing section 221.",not published,"Top Pick for Great Views of the Field (Rows 2-8); Legends Platinum; Rows 1-8. Legends Level End (Football) review: 'Sections 221-223 above the North Endzone offer good views of the entire field.' 'For baseball games, we recommend rows 2-8 for great views of the field.' Fan review (Row 2, dated Jul 24 2026 game) present but no text body captured.","HIGH - zone, rows, location and seat direction stated by the source"
221,Lexus Legends Level (200s),Legends Platinum,"Legends Platinum, third base side: 'Sections 219-222 on the third base side' per Legends Platinum review.",,not established for this level,1-8,8,"Stairway aisles run along both side edges of the section; rows are not split by a mid-row aisle, so seat numbers run continuously from one side aisle to the other. The entry portal is at row 8.","Facing the field, seat 1 is on your right. That puts seat 1 on the edge facing section 220, with seat numbers counting up toward the edge facing section 222.",not published,"Top Pick for Outstanding Convenience (Rows 4-8); Top Pick for Great Views of the Field (Rows 2-8); Legends Platinum; Rows 1-8. Legends Level End (Football) review: 'Sections 221-223 above the North Endzone offer good views of the entire field.' 'For baseball games, we recommend rows 4-8 for outstanding convenience' and 'rows 2-8 for great views of the field.' Fan review (Row 5): 'The seats were just perfect, I picked them accommodating my infant and they had the most amazing view.'","HIGH - zone, rows, location and seat direction stated by the source"
222,Lexus Legends Level (200s),Legends Platinum,not stated by the source,,not established for this level,1-7,7,"Stairway aisles run along both side edges of the section; rows are not split by a mid-row aisle, so seat numbers run continuously from one side aisle to the other. The entry portal is at row 7.","Facing the field, seat 1 is on your right. That puts seat 1 on the edge facing section 221, with seat numbers counting up toward the edge facing section 223.",not published,"Legends Platinum. Legends Platinum review states 'Sections 211 and 219, located closest to home plate, typically provide the best overall sightlines'; small sections with no more than 10 rows. Football-only review notes 'Sections 221-223 above the North Endzone offer good views of the entire field' - not applicable to baseball.","MEDIUM - rows and zone confirmed, the source does not place this section"
223,Lexus Legends Level (200s),Legends Level Down the Line,"200 Level, past third base on the second tier Legends Level (per Legends Level Down the Line review, general area description)",,not established for this level,"1-11, WC",WC,"Stairway aisles run along both side edges of the section; rows are not split by a mid-row aisle, so seat numbers run continuously from one side aisle to the other. The entry portal is at row WC.","Facing the field, seat 1 is on your right. That puts seat 1 on the edge facing section 222, with seat numbers counting up toward the edge facing section 224.",not published,'Located just past first and third base on the second tier Legends Level... no more than 13 rows in each... Sections 202-204 feature just 8 rows of seating.' 'Sections 221-223 above the North Endzone' - not applicable to baseball.,"HIGH - zone, rows, location and seat direction stated by the source"
224,Lexus Legends Level (200s),Legends Level Down the Line,"200 Level, past first and third base on the second tier Legends Level",,not established for this level,1-13,13,"Stairway aisles run along both side edges of the section; rows are not split by a mid-row aisle, so seat numbers run continuously from one side aisle to the other. The entry portal is at row 13.","Facing the field, seat 1 is on your right. That puts seat 1 on the edge facing section 223, with seat numbers counting up toward the edge facing section 225.",not published,"Top Pick for Outstanding Convenience tag: rows 9-13. 'For baseball games, we recommend rows 9-13 for outstanding convenience.' Legends Level Down the Line review as for 223.","HIGH - zone, rows, location and seat direction stated by the source"
225,Lexus Legends Level (200s),Legends Level Down the Line,"200 Level, past first and third base on the second tier Legends Level",,not established for this level,1-13,13,"Stairway aisles run along both side edges of the section; rows are not split by a mid-row aisle, so seat numbers run continuously from one side aisle to the other. The entry portal is at row 13.","Facing the field, seat 1 is on your right. That puts seat 1 on the edge facing section 224, with seat numbers counting up toward the edge facing section 226.",not published,Legends Level Down the Line review as for 223/224; no section-specific insight tag beyond row range.,"HIGH - zone, rows, location and seat direction stated by the source"
226,Lexus Legends Level (200s),Legends Level Down the Line,"200 Level, past first and third base on the second tier Legends Level",,not established for this level,1-13,13,"Stairway aisles run along both side edges of the section; rows are not split by a mid-row aisle, so seat numbers run continuously from one side aisle to the other. The entry portal is at row 13.","Facing the field, seat 1 is on your right. That puts seat 1 on the edge facing section 225, with seat numbers counting up toward the edge facing section 227.",not published,"'Favorite Seats: section 226 row 1 seat 8' (Sec 226 / Row 1, Baseball).","HIGH - zone, rows, location and seat direction stated by the source"
227,Lexus Legends Level (200s),Legends Level Down the Line,"200 Level, past first and third base on the second tier Legends Level",,not established for this level,1-13,13,"Stairway aisles run along both side edges of the section; rows are not split by a mid-row aisle, so seat numbers run continuously from one side aisle to the other. The entry portal is at row 13.","Facing the field, seat 1 is on your right. That puts seat 1 on the edge facing section 226, with seat numbers counting up toward the edge facing section 228.",not published,,"HIGH - zone, rows, location and seat direction stated by the source"
228,Lexus Legends Level (200s),Legends Level Down the Line,"200 Level, past first and third base on the second tier Legends Level",,not established for this level,1-11,11,"Stairway aisles run along both side edges of the section; rows are not split by a mid-row aisle, so seat numbers run continuously from one side aisle to the other. The entry portal is at row 11.","Facing the field, seat 1 is on your right. That puts seat 1 on the edge facing section 227, with seat numbers counting up toward the far edge of the section, with no further section beyond it on that side.",not published,,"HIGH - zone, rows, location and seat direction stated by the source"
302,Vista Level (300s),Vista Level,"Highest seating tier of the stadium; per football-obstruction review, section 302 is grouped with 'right field sections' (obstructed sections include 302-305)",9,toward first base / right field,"A-K, 1-7",K,"Stairway aisles run along both side edges of the section; rows are not split by a mid-row aisle, so seat numbers run continuously from one side aisle to the other. The entry portal is at row K.","Facing the field, seat 1 is on your right. That puts seat 1 on the far edge of the section, with no further section beyond it on that side, with seat numbers counting up toward the edge facing section 303. Seat 1 is the end of the row farthest from home plate, and higher seat numbers run back toward home plate.",not published,"Obstructed/Limited Views. Obstructed Seating review (football-only): 'right field sections can not see the entire field. Obstructed sections include Field sections 1-4, outfield sections 134-141 and sections 201-204 and 302-305' - this is a football-specific note. bar located in 'outside section 302'; section 303 is 'the best option on the right field side... close to concession options and the bar located in outside section 302.'","HIGH - zone, rows, location and seat direction stated by the source"
303,Vista Level (300s),Vista Level,Highest seating tier; right field side per Vista Level Down the Line review ('Section 303 is the best option on the right field side'),8,toward first base / right field,"A-K, 1-8",K,"Stairway aisles run along both side edges of the section; rows are not split by a mid-row aisle, so seat numbers run continuously from one side aisle to the other. The entry portal is at row K.","Facing the field, seat 1 is on your right. That puts seat 1 on the edge facing section 302, with seat numbers counting up toward the edge facing section 304. Seat 1 is the end of the row farthest from home plate, and higher seat numbers run back toward home plate.",not published,"Top Pick for Outstanding Convenience (Rows G-K), Obstructed/Limited Views. 'For baseball games, we recommend rows G-K for outstanding convenience' and 'Obstructed/Limited Views'. Football-only obstruction note (302-305) also applies per Obstructed Seating review.","HIGH - zone, rows, location and seat direction stated by the source"
304,Vista Level (300s),Vista Level,Highest seating tier; grouped with right-field obstructed sections (302-305) in football review,7,toward first base / right field,"A-K, 1-9",K,"Stairway aisles run along both side edges of the section; rows are not split by a mid-row aisle, so seat numbers run continuously from one side aisle to the other. The entry portal is at row K.","Facing the field, seat 1 is on your right. That puts seat 1 on the edge facing section 303, with seat numbers counting up toward the edge facing section 305. Seat 1 is the end of the row farthest from home plate, and higher seat numbers run back toward home plate.",not published,"Top Pick for Outstanding Convenience (Rows G-K), Obstructed/Limited Views. 'For baseball games, we recommend rows G-K for outstanding convenience' and 'Obstructed/Limited Views'.","HIGH - zone, rows, location and seat direction stated by the source"
305,Vista Level (300s),Vista Level,Highest seating tier; grouped with right-field obstructed sections (302-305) in football review,6,toward first base / right field,"A-K, 1-10",K,"Stairway aisles run along both side edges of the section; rows are not split by a mid-row aisle, so seat numbers run continuously from one side aisle to the other. The entry portal is at row K.","Facing the field, seat 1 is on your right. That puts seat 1 on the edge facing section 304, with seat numbers counting up toward the edge facing section 306. Seat 1 is the end of the row farthest from home plate, and higher seat numbers run back toward home plate.",not published,Obstructed/Limited Views. 'Obstructed/Limited Views — See all details'.,"HIGH - zone, rows, location and seat direction stated by the source"
306,Vista Level (300s),Vista Level,"Highest seating tier; per Vista Level 2026 review, 'Sections 306-310 and 319-322 sit closest to the infield' and 'Sections 306-310: Closer to the infield with strong overall views'",5,toward first base / right field,"A-J, WC, 1-12",Rows J and 3 (two entrances),"Stairway aisles run along both side edges of the section; rows are not split by a mid-row aisle, so seat numbers run continuously from one side aisle to the other. The entry portal is at row Rows J and 3 (two entrances).","Facing the field, seat 1 is on your right. That puts seat 1 on the edge facing section 305, with seat numbers counting up toward the edge facing section 307. Seat 1 is the end of the row farthest from home plate, and higher seat numbers run back toward home plate.",not published,"There is a walkway between Rows J and WC. Football review (Vista Level Sideline): 'Some of the best seats for football at Marlins Park are located in the front rows of 307 and 308' and 'Fans looking for a sideline perspective should consider Sections 306-309' - football-only, not baseball.","HIGH - zone, rows, location and seat direction stated by the source"
307,Vista Level (300s),Vista Level,Highest seating tier; near midfield per football review; part of 'Sections 306-310 ... closest to the infield' per baseball Vista Level review,4,toward first base / right field,"A-J, WC, 1-13",Rows J and 3 (two entrances),"Stairway aisles run along both side edges of the section; rows are not split by a mid-row aisle, so seat numbers run continuously from one side aisle to the other. The entry portal is at row Rows J and 3 (two entrances).","Facing the field, seat 1 is on your right. That puts seat 1 on the edge facing section 306, with seat numbers counting up toward the edge facing section 308. Seat 1 is the end of the row farthest from home plate, and higher seat numbers run back toward home plate.",not published,"Midfield View. 'For football games, desirable view from near midfield' (football-specific). There is a walkway between Rows J and WC. best seats for football in 'front rows of 307 and 308'.","HIGH - zone, rows, location and seat direction stated by the source"
308,Vista Level (300s),Vista Level,Highest seating tier; part of 'Sections 306-310 ... closest to the infield' per baseball Vista Level review,3,toward first base / right field,"A-J, WC, 1-14",Rows J and 3 (two entrances),"Stairway aisles run along both side edges of the section; rows are not split by a mid-row aisle, so seat numbers run continuously from one side aisle to the other. The entry portal is at row Rows J and 3 (two entrances).","Facing the field, seat 1 is on your right. That puts seat 1 on the edge facing section 307, with seat numbers counting up toward the edge facing section 309. Seat 1 is the end of the row farthest from home plate, and higher seat numbers run back toward home plate.",not published,"Top Pick for Outstanding Convenience (Rows F-J), Midfield View. 'For baseball games, we recommend rows F-J for outstanding convenience' and 'For football games, desirable view from near midfield'. There is a walkway between Rows J and WC. 5-star, 'New York Yankees at Miami Marlins - Aug 13, 2023 — View was great.' (Sec 308 / Row A).","HIGH - zone, rows, location and seat direction stated by the source"
309,Vista Level (300s),Vista Level,Highest seating tier; part of 'Sections 306-310 ... closest to the infield' per baseball Vista Level review,2,toward first base / right field,"A-J, WC, 1-15",Rows J and 3 (two entrances),"Stairway aisles run along both side edges of the section; rows are not split by a mid-row aisle, so seat numbers run continuously from one side aisle to the other. The entry portal is at row Rows J and 3 (two entrances).","Facing the field, seat 1 is on your right. That puts seat 1 on the edge facing section 308, with seat numbers counting up toward the edge facing section 310. Seat 1 is the end of the row farthest from home plate, and higher seat numbers run back toward home plate.",not published,"Top Pick for Outstanding Convenience (Rows F-J). 'For baseball games, we recommend rows F-J for outstanding convenience'. There is a walkway between Rows J and WC.","HIGH - zone, rows, location and seat direction stated by the source"
310,Vista Level (300s),Vista Level,Highest seating tier; part of 'Sections 306-310 ... closest to the infield' per baseball Vista Level review,1,toward first base / right field,"A-J, WC, 1-16",Rows J and 3 (two entrances),"Stairway aisles run along both side edges of the section; rows are not split by a mid-row aisle, so seat numbers run continuously from one side aisle to the other. The entry portal is at row Rows J and 3 (two entrances).","Facing the field, seat 1 is on your right. That puts seat 1 on the edge facing section 309, with seat numbers counting up toward the edge facing section 311. Seat 1 is the end of the row farthest from home plate, and higher seat numbers run back toward home plate.",not published,There is a walkway between Rows J and WC.,"HIGH - zone, rows, location and seat direction stated by the source"
311,Vista Level (300s),Vista Level,"Highest seating tier; per Vista Level 2026 review, 'Sections 311-318 sit directly behind home plate and are positioned above the suite level below, which places them slightly higher than surrounding sections'",0,behind home plate,"WC, 1-16",3,"Stairway aisles run along both side edges of the section; rows are not split by a mid-row aisle, so seat numbers run continuously from one side aisle to the other. The entry portal is at row 3.","Facing the field, seat 1 is on your right. That puts seat 1 on the edge facing section 310, with seat numbers counting up toward the edge facing section 312. This section is behind home plate, so seat 1 is on its first-base side.",not published,"Top Pick for Kids and Family. 'For baseball games, we recommend these seats for kids and family'.","HIGH - zone, rows, location and seat direction stated by the source"
312,Vista Level (300s),Vista Level,"Highest seating tier; behind home plate, part of Sections 311-318 per Vista Level 2026 review",0,behind home plate,"WC, 1-16",Rows WC and 3 (two entrances),"Stairway aisles run along both side edges of the section; rows are not split by a mid-row aisle, so seat numbers run continuously from one side aisle to the other. The entry portal is at row Rows WC and 3 (two entrances).","Facing the field, seat 1 is on your right. That puts seat 1 on the edge facing section 311, with seat numbers counting up toward the edge facing section 313. This section is behind home plate, so seat 1 is on its first-base side.",not published,"Top Pick for Kids and Family, Home Plate View. Wheelchair seating is available in front of Row 1. 'For baseball games, we recommend these seats for kids and family' and 'For baseball games, desirable view from behind home plate'.","HIGH - zone, rows, location and seat direction stated by the source"
313,Vista Level (300s),Vista Level,"Highest seating tier; behind home plate, part of Sections 311-318 per Vista Level 2026 review",0,behind home plate,"A-C, 1-16",3,"Stairway aisles run along both side edges of the section; rows are not split by a mid-row aisle, so seat numbers run continuously from one side aisle to the other. The entry portal is at row 3.","Facing the field, seat 1 is on your right. That puts seat 1 on the edge facing section 312, with seat numbers counting up toward the edge facing section 314. This section is behind home plate, so seat 1 is on its first-base side.",not published,"Top Pick for Kids and Family, Home Plate View. 'For baseball games, we recommend these seats for kids and family' and 'For baseball games, desirable view from behind home plate'.","HIGH - zone, rows, location and seat direction stated by the source"
314,Vista Level (300s),Vista Level,"Highest seating tier; behind home plate, part of Sections 311-318 per Vista Level 2026 review",0,behind home plate,"A-C, 1-16",3,"Stairway aisles run along both side edges of the section; rows are not split by a mid-row aisle, so seat numbers run continuously from one side aisle to the other. The entry portal is at row 3.","Facing the field, seat 1 is on your right. That puts seat 1 on the edge facing section 313, with seat numbers counting up toward the edge facing section 315. This section is behind home plate, so seat 1 is on its first-base side.",not published,"Top Pick for Kids and Family, Home Plate View. 'For baseball games, we recommend these seats for kids and family' and 'For baseball games, desirable view from behind home plate'.","HIGH - zone, rows, location and seat direction stated by the source"
315,Vista Level (300s),Vista Level,"""Sections 311–318 sit directly behind home plate and are positioned above the suite level below, which places them slightly higher than surrounding sections."" ""Home Plate View"".",0,behind home plate,"A-C, 1-16",3,"Stairway aisles run along both side edges of the section; rows are not split by a mid-row aisle, so seat numbers run continuously from one side aisle to the other. The entry portal is at row 3.","Facing the field, seat 1 is on your right. That puts seat 1 on the edge facing section 314, with seat numbers counting up toward the edge facing section 316. This section is behind home plate, so seat 1 is on its first-base side.",not published,"Section Insights list 'Home Plate View' and 'Rows A-C, 1-16'. 'For baseball games, desirable view from behind home plate.' Vista Level often closed for lower-demand Marlins games per the expert review carried on this page.","HIGH - zone, rows, location and seat direction stated by the source"
316,Vista Level (300s),Vista Level,"""Sections 311–318 sit directly behind home plate and are positioned above the suite level below, which places them slightly higher than surrounding sections."" ""Home Plate View"".",0,behind home plate,"A-C, 1-16",3,"Stairway aisles run along both side edges of the section; rows are not split by a mid-row aisle, so seat numbers run continuously from one side aisle to the other. The entry portal is at row 3.","Facing the field, seat 1 is on your right. That puts seat 1 on the edge facing section 315, with seat numbers counting up toward the edge facing section 317. This section is behind home plate, so seat 1 is on its first-base side.",not published,"Section Insights list 'Home Plate View' and 'Rows A-C, 1-16'. 'For baseball games, desirable view from behind home plate.'","HIGH - zone, rows, location and seat direction stated by the source"
317,Vista Level (300s),Vista Level,"""Sections 311–318 sit directly behind home plate and are positioned above the suite level below, which places them slightly higher than surrounding sections."" ""Home Plate View"".",0,behind home plate,"WC, 1-16","Rows WC and 3 (page states ""Entrances to this section are located at Rows WC and 3"")","Stairway aisles run along both side edges of the section; rows are not split by a mid-row aisle, so seat numbers run continuously from one side aisle to the other. The entry portal is at row Rows WC and 3 (page states ""Entrances to this section are located at Rows WC and 3"").","Facing the field, seat 1 is on your right. That puts seat 1 on the edge facing section 316, with seat numbers counting up toward the edge facing section 318. This section is behind home plate, so seat 1 is on its first-base side.",not published,"Page states 'Wheelchair seating is available in front of Row 1.' 'For baseball games, desirable view from behind home plate.'","HIGH - zone, rows, location and seat direction stated by the source"
318,Vista Level (300s),Vista Level,"""Sections 311–318 sit directly behind home plate and are positioned above the suite level below, which places them slightly higher than surrounding sections."" (from the Vista Level no section-specific Home Plate View tag was listed for 318, only 'Rows WC, 1-16' under Section Insights).",0,behind home plate,"WC, 1-16",3,"Stairway aisles run along both side edges of the section; rows are not split by a mid-row aisle, so seat numbers run continuously from one side aisle to the other. The entry portal is at row 3.","Facing the field, seat 1 is on your right. That puts seat 1 on the edge facing section 317, with seat numbers counting up toward the edge facing section 319. This section is behind home plate, so seat 1 is on its first-base side.",not published,,"HIGH - zone, rows, location and seat direction stated by the source"
319,Vista Level (300s),Vista Level,Sections 306–310 and 319–322 extend closer toward the infield and tend to be the most desirable locations on the level.,1,toward third base / left field,"A-J, WC",WC,"Stairway aisles run along both side edges of the section; rows are not split by a mid-row aisle, so seat numbers run continuously from one side aisle to the other. The entry portal is at row WC.","Facing the field, seat 1 is on your right. That puts seat 1 on the edge facing section 318, with seat numbers counting up toward the edge facing section 320. Seat 1 is the end of the row closest to home plate, and higher seat numbers run away from home plate.",not published,"Fan review (Sec 319 / Row B, Baseball): 'Double Railing Means You Can't See Home Plate' - 'The original season ticket holder for these seats refused to accept them because you can not see home plate from seat 1. There are two railings in the way which obstruct your view while sitting normally... You have to climb over about a dozen other seats to exit this row.' A second fan review (Sec 319 / Row B): 'Terrible seats... you were literally forced to look at the railings while watching the game.'","HIGH - zone, rows, location and seat direction stated by the source"
320,Vista Level (300s),Vista Level,Sections 306–310 and 319–322 extend closer toward the infield and tend to be the most desirable locations on the level.,2,toward third base / left field,"A-J, WC, 1-15","Rows J and 3 (page states ""Entrances to this section are located at Rows J and 3"")","Stairway aisles run along both side edges of the section; rows are not split by a mid-row aisle, so seat numbers run continuously from one side aisle to the other. The entry portal is at row Rows J and 3 (page states ""Entrances to this section are located at Rows J and 3"").","Facing the field, seat 1 is on your right. That puts seat 1 on the edge facing section 319, with seat numbers counting up toward the edge facing section 321. Seat 1 is the end of the row closest to home plate, and higher seat numbers run away from home plate.",not published,"'Top Pick for Partying and Socializing', 'Top Pick for Great Views of the Field'. Page states 'There is a walkway betweeen Rows J and WC' . 'For baseball games, we recommend these seats for partying and socializing' and 'for great views of the field.'","HIGH - zone, rows, location and seat direction stated by the source"
321,Vista Level (300s),Vista Level,"""Sections 306–310 and 319–322 extend closer toward the infield and tend to be the most desirable locations on the level."" 'Sections 321–323 can still offer surprisingly good sightlines—especially for fans seated in the lower rows.'",3,toward third base / left field,"A-J, WC, 1-14",Rows J and 3,"Stairway aisles run along both side edges of the section; rows are not split by a mid-row aisle, so seat numbers run continuously from one side aisle to the other. The entry portal is at row Rows J and 3.","Facing the field, seat 1 is on your right. That puts seat 1 on the edge facing section 320, with seat numbers counting up toward the edge facing section 322. Seat 1 is the end of the row closest to home plate, and higher seat numbers run away from home plate.",not published,"'Top Pick for Outstanding ConvenienceRows F-J' , 'Top Pick for Partying and Socializing', 'Top Pick for Great Views of the Field'. Page states 'There is a walkway betweeen Rows J and WC' . recommend rows F-J for outstanding convenience; recommend for partying/socializing; recommend for great views of the field.","HIGH - zone, rows, location and seat direction stated by the source"
322,Vista Level (300s),Vista Level,"""Sections 306–310 and 319–322 extend closer toward the infield and tend to be the most desirable locations on the level."" 'Sections 321–323 can still offer surprisingly good sightlines—especially for fans seated in the lower rows.'",4,toward third base / left field,"A-J, WC, 1-13",Rows J and 3,"Stairway aisles run along both side edges of the section; rows are not split by a mid-row aisle, so seat numbers run continuously from one side aisle to the other. The entry portal is at row Rows J and 3.","Facing the field, seat 1 is on your right. That puts seat 1 on the edge facing section 321, with seat numbers counting up toward the edge facing section 323. Seat 1 is the end of the row closest to home plate, and higher seat numbers run away from home plate.",not published,"'Top Pick for Partying and Socializing', 'Top Pick for Great Views of the Field'. Page states 'There is a walkway betweeen Rows J and WC' . recommend for partying/socializing and great views of the field.","HIGH - zone, rows, location and seat direction stated by the source"
323,Vista Level (300s),Vista Level,"Page carries a 'Vista Level Down the Line (Baseball)' review stating: 'The experience down the base lines on the Vista Level will be similar to that in the Vista Level Infield. Fans will find themselves on the highest tier with some of the furthest views, but will be paying less in ticket prices.' 'Sections 321–323 can still offer surprisingly good sightlines—especially for fans seated in the lower rows.'",5,toward third base / left field,A-J,J,"Stairway aisles run along both side edges of the section; rows are not split by a mid-row aisle, so seat numbers run continuously from one side aisle to the other. The entry portal is at row J.","Facing the field, seat 1 is on your right. That puts seat 1 on the edge facing section 322, with seat numbers counting up toward the edge facing section 324. Seat 1 is the end of the row closest to home plate, and higher seat numbers run away from home plate.",not published,Only Section Insight listed is 'Rows A-J'. No 'lowest price' shown.,"HIGH - zone, rows, location and seat direction stated by the source"
324,Vista Level (300s),Vista Level,'Vista Level Down the Line (Baseball)' review on this page: 'The experience down the base lines on the Vista Level will be similar to that in the Vista Level Infield... On the third base side we recommend section 324 for its great views on the video board in right field.' 'Section 324: Excellent angle toward the main videoboard in right field.',6,toward third base / left field,"A-K, 1-11",K,"Stairway aisles run along both side edges of the section; rows are not split by a mid-row aisle, so seat numbers run continuously from one side aisle to the other. The entry portal is at row K.","Facing the field, seat 1 is on your right. That puts seat 1 on the edge facing section 323, with seat numbers counting up toward the edge facing section 325. Seat 1 is the end of the row closest to home plate, and higher seat numbers run away from home plate.",not published,"Only Section Insight listed is 'Rows A-K, 1-11'. No 'lowest price' shown.","HIGH - zone, rows, location and seat direction stated by the source"
325,Vista Level (300s),Vista Level,"Page carries the same 'Vista Level Down the Line (Baseball)' review as 323/324/326/327: 'The experience down the base lines on the Vista Level will be similar to that in the Vista Level Infield. Fans will find themselves on the highest tier with some of the furthest views, but will be paying less in ticket prices.'",7,toward third base / left field,"A-K, 1-10",K,"Stairway aisles run along both side edges of the section; rows are not split by a mid-row aisle, so seat numbers run continuously from one side aisle to the other. The entry portal is at row K.","Facing the field, seat 1 is on your right. That puts seat 1 on the edge facing section 324, with seat numbers counting up toward the edge facing section 326. Seat 1 is the end of the row closest to home plate, and higher seat numbers run away from home plate.",not published,"Only Section Insight listed is 'Rows A-K, 1-10'. No 'lowest price' shown.","HIGH - zone, rows, location and seat direction stated by the source"
326,Vista Level (300s),Vista Level,"Page carries the same 'Vista Level Down the Line (Baseball)' review as the other 32x sections: 'The experience down the base lines on the Vista Level will be similar to that in the Vista Level Infield. Fans will find themselves on the highest tier with some of the furthest views, but will be paying less in ticket prices.'",8,toward third base / left field,"A-K, 1-9",K,"Stairway aisles run along both side edges of the section; rows are not split by a mid-row aisle, so seat numbers run continuously from one side aisle to the other. The entry portal is at row K.","Facing the field, seat 1 is on your right. That puts seat 1 on the edge facing section 325, with seat numbers counting up toward the edge facing section 327. Seat 1 is the end of the row closest to home plate, and higher seat numbers run away from home plate.",not published,"Only Section Insight listed is 'Rows A-K, 1-9'. No 'lowest price' shown.","HIGH - zone, rows, location and seat direction stated by the source"
327,Vista Level (300s),Vista Level,"Page carries the same 'Vista Level Down the Line (Baseball)' review as the other 32x sections: 'The experience down the base lines on the Vista Level will be similar to that in the Vista Level Infield. Fans will find themselves on the highest tier with some of the furthest views, but will be paying less in ticket prices.'",9,toward third base / left field,"A-K, 1-9",K,"Stairway aisles run along both side edges of the section; rows are not split by a mid-row aisle, so seat numbers run continuously from one side aisle to the other. The entry portal is at row K.","Facing the field, seat 1 is on your right. That puts seat 1 on the edge facing section 326, with seat numbers counting up toward the far edge of the section, with no further section beyond it on that side. Seat 1 is the end of the row closest to home plate, and higher seat numbers run away from home plate.",not published,"Only Section Insight listed is 'Rows A-K, 1-9'. No 'lowest price' shown.","HIGH - zone, rows, location and seat direction stated by the source"
FL1,"Clubs, suites and other named areas",Dugout Club,"Located just beyond the dugouts in Sections F1–F3 (first base side) and F9–F11 (third base side)."" ""Sections F1–F3: Located along the first base line, extremely close to the infield."" ""Sections F9–F11: Located along the third base line, near the opposing team's dugout.",,not part of the numbered seating bowl,AA-WC,WC,"The source describes this as a named area rather than a numbered section, so it publishes no aisle layout for it. The entry portal is at row WC.","Facing the field, seat 1 is on your right. That is stated on this area's own page. It sits outside the numbered seating bowl, so there is no neighbouring section to describe it against.",not published,"Premium seating area sold as part of the Dugout Club. ""Extremely Close to the Field: Seats are within four rows of the playing surface."" ""Private Club Access: Includes entry to a Dugout Club lounge with private amenities."" ""Premium Seating: Cushioned seats designed for comfort during the game."" ""In-Seat Wait Service: Food and drinks delivered directly to your seat.""","HIGH - zone, rows, location and seat direction stated by the source"
FL2,"Clubs, suites and other named areas",Dugout Club,"Located just beyond the dugouts in Sections F1–F3 (first base side) and F9–F11 (third base side)."" ""Sections F1–F3: Located along the first base line, extremely close to the infield.",,not part of the numbered seating bowl,AA-DD,DD,"The source describes this as a named area rather than a numbered section, so it publishes no aisle layout for it. The entry portal is at row DD.","Facing the field, seat 1 is on your right. That is stated on this area's own page. It sits outside the numbered seating bowl, so there is no neighbouring section to describe it against.",not published,"Premium seating area sold as part of the Dugout Club. ""Extremely Close to the Field: Seats are within four rows of the playing surface."" ""Private Club Access: Includes entry to a Dugout Club lounge with private amenities."" ""Premium Seating: Cushioned seats designed for comfort during the game."" ""In-Seat Wait Service: Food and drinks delivered directly to your seat.""","HIGH - zone, rows, location and seat direction stated by the source"
FL3,"Clubs, suites and other named areas",Dugout Club,"Located just beyond the dugouts in Sections F1–F3 (first base side) and F9–F11 (third base side)."" ""Sections F1–F3: Located along the first base line, extremely close to the infield."" ""Seats in Sections F1–F3 are positioned so close to the infield that fans may feel like they're standing alongside the umpire near first base.",,not part of the numbered seating bowl,AA-DD,UNKNOWN,"The source describes this as a named area rather than a numbered section, so it publishes no aisle layout for it.","Facing the field, seat 1 is on your right. That is stated on this area's own page. It sits outside the numbered seating bowl, so there is no neighbouring section to describe it against.",not published,"Premium seating area sold as part of the Dugout Club. ""Extremely Close to the Field: Seats are within four rows of the playing surface."" ""Private Club Access: Includes entry to a Dugout Club lounge with private amenities."" ""Premium Seating: Cushioned seats designed for comfort during the game."" ""In-Seat Wait Service: Food and drinks delivered directly to your seat.""","HIGH - zone, rows, location and seat direction stated by the source"
FL4,"Clubs, suites and other named areas",PNC Club,"Located between the dugouts directly behind home plate."" ""The PNC Club at LoanDepot Park is located directly behind home plate and between the team dugouts."" ""Sections F4–F8: Field-level seats directly behind home plate.",,not part of the numbered seating bowl,AA-HH,HH,"The source describes this as a named area rather than a numbered section, so it publishes no aisle layout for it. The entry portal is at row HH.","Facing the field, seat 1 is on your right. That is stated on this area's own page. It sits outside the numbered seating bowl, so there is no neighbouring section to describe it against.",not published,"Premium seating area sold as part of the PNC Club. ""All-Inclusive Experience: Food and alcoholic beverages included with access to the PNC Club Lounge."" ""Field-Level Views: Most sections sit right at field level, putting fans extremely close to the action."" ""Oversized Premium Seats: Extra-padded seats with in-seat service throughout the game."" ""Luxury Club Experience: One of the most exclusive seating areas for Marlins games."" ""Foul Ball Territory: Because the seats are directly behind home plate, these sections are located in an area where foul balls can occasionally reach the stands.""","HIGH - zone, rows, location and seat direction stated by the source"
FL5,"Clubs, suites and other named areas",PNC Club,"Located between the dugouts directly behind home plate."" ""The PNC Club at LoanDepot Park is located directly behind home plate and between the team dugouts."" ""Sections F4–F8: Field-level seats directly behind home plate.",,not part of the numbered seating bowl,AA-HH,UNKNOWN,"The source describes this as a named area rather than a numbered section, so it publishes no aisle layout for it.","Facing the field, seat 1 is on your right. That is stated on this area's own page. It sits outside the numbered seating bowl, so there is no neighbouring section to describe it against.",not published,"Premium seating area sold as part of the PNC Club. ""All-Inclusive Experience: Food and alcoholic beverages included with access to the PNC Club Lounge."" ""Field-Level Views: Most sections sit right at field level, putting fans extremely close to the action."" ""Oversized Premium Seats: Extra-padded seats with in-seat service throughout the game."" Page notes ""There is some amount of netting or screening in front of sections 8-21.""","HIGH - zone, rows, location and seat direction stated by the source"
FL6,"Clubs, suites and other named areas",PNC Club,"Located between the dugouts directly behind home plate."" ""The PNC Club at LoanDepot Park is located directly behind home plate and between the team dugouts."" ""Section F6 sits directly behind home plate, while Section F8 is positioned closest to the Marlins dugout.",,not part of the numbered seating bowl,"AA-WC, W1-W2",UNKNOWN,"The source describes this as a named area rather than a numbered section, so it publishes no aisle layout for it.","Facing the field, seat 1 is on your right. That is stated on this area's own page. It sits outside the numbered seating bowl, so there is no neighbouring section to describe it against.",not published,"Premium seating area sold as part of the PNC Club. ""All-Inclusive Experience: Food and alcoholic beverages included with access to the PNC Club Lounge."" ""Field-Level Views: Most sections sit right at field level, putting fans extremely close to the action."" ""Oversized Premium Seats: Extra-padded seats with in-seat service throughout the game."" Page notes ""There is some amount of netting or screening in front of sections 8-21.""","HIGH - zone, rows, location and seat direction stated by the source"
FL7,"Clubs, suites and other named areas",PNC Club,"Located between the dugouts directly behind home plate."" ""The PNC Club at LoanDepot Park is located directly behind home plate and between the team dugouts."" ""Section F6 sits directly behind home plate, while Section F8 is positioned closest to the Marlins dugout.",,not part of the numbered seating bowl,AA-HH,UNKNOWN,"The source describes this as a named area rather than a numbered section, so it publishes no aisle layout for it.","Facing the field, seat 1 is on your right. That is stated on this area's own page. It sits outside the numbered seating bowl, so there is no neighbouring section to describe it against.",not published,"Premium seating area sold as part of the PNC Club. ""All-Inclusive Experience: Food and alcoholic beverages included with access to the PNC Club Lounge."" ""Field-Level Views: Most sections sit right at field level, putting fans extremely close to the action."" ""Oversized Premium Seats: Extra-padded seats with in-seat service throughout the game."" ""Foul Ball Territory: Because the seats are directly behind home plate, these sections are located in an area where foul balls can occasionally reach the stands.""","HIGH - zone, rows, location and seat direction stated by the source"
FL8,"Clubs, suites and other named areas",PNC Club,"Located between the dugouts directly behind home plate."" ""The PNC Club at LoanDepot Park is located directly behind home plate and between the team dugouts."" ""Section F8 is positioned closest to the Marlins dugout.",,not part of the numbered seating bowl,AA-HH,HH,"The source describes this as a named area rather than a numbered section, so it publishes no aisle layout for it. The entry portal is at row HH.","Facing the field, seat 1 is on your right. That is stated on this area's own page. It sits outside the numbered seating bowl, so there is no neighbouring section to describe it against.",not published,"Premium seating area sold as part of the PNC Club. ""All-Inclusive Experience: Food and alcoholic beverages included with access to the PNC Club Lounge."" ""Field-Level Views: Most sections sit right at field level, putting fans extremely close to the action."" ""Oversized Premium Seats: Extra-padded seats with in-seat service throughout the game."" Page notes ""There is some amount of netting or screening in front of sections 8-21.""","HIGH - zone, rows, location and seat direction stated by the source"
FL9,"Clubs, suites and other named areas",Dugout Club,"Located just beyond the dugouts in Sections F1–F3 (first base side) and F9–F11 (third base side)."" ""Sections F9–F11: Located along the third base line, near the opposing team's dugout.",,not part of the numbered seating bowl,AA-DD,UNKNOWN,"The source describes this as a named area rather than a numbered section, so it publishes no aisle layout for it.","Facing the field, seat 1 is on your right. That is stated on this area's own page. It sits outside the numbered seating bowl, so there is no neighbouring section to describe it against.",not published,"Premium seating area sold as part of the Dugout Club. ""Extremely Close to the Field: Seats are within four rows of the playing surface."" ""Private Club Access: Includes entry to a Dugout Club lounge with private amenities."" ""Premium Seating: Cushioned seats designed for comfort during the game."" ""In-Seat Wait Service: Food and drinks delivered directly to your seat.""","HIGH - zone, rows, location and seat direction stated by the source"
FL10,"Clubs, suites and other named areas",Dugout Club,"Located just beyond the dugouts in Sections F1–F3 (first base side) and F9–F11 (third base side)."" ""Sections F9–F11: Located along the third base line, near the opposing team's dugout.",,not part of the numbered seating bowl,AA-DD,DD,"The source describes this as a named area rather than a numbered section, so it publishes no aisle layout for it. The entry portal is at row DD.","Facing the field, seat 1 is on your right. That is stated on this area's own page. It sits outside the numbered seating bowl, so there is no neighbouring section to describe it against.",not published,"Premium seating area sold as part of the Dugout Club. ""Extremely Close to the Field: Seats are within four rows of the playing surface."" ""Private Club Access: Includes entry to a Dugout Club lounge with private amenities."" ""Premium Seating: Cushioned seats designed for comfort during the game."" ""In-Seat Wait Service: Food and drinks delivered directly to your seat."" Club amenities also include ""Private restrooms for club guests"" and ""Fully serviced bars.""","HIGH - zone, rows, location and seat direction stated by the source"
FL11,"Clubs, suites and other named areas",Dugout Club,"Located just beyond the dugouts in Sections F1–F3 (first base side) and F9–F11 (third base side)."" ""Sections F9–F11: Located along the third base line, near the opposing team's dugout.",,not part of the numbered seating bowl,AA-DD,DD,"The source describes this as a named area rather than a numbered section, so it publishes no aisle layout for it. The entry portal is at row DD.","Facing the field, seat 1 is on your right. That is stated on this area's own page. It sits outside the numbered seating bowl, so there is no neighbouring section to describe it against.",not published,"Described as ""Field-Level Dugout Seating."" Premium seating area sold as part of the Dugout Club. ""Extremely Close to the Field: Seats are within four rows of the playing surface."" ""Private Club Access: Includes entry to a Dugout Club lounge with private amenities."" ""Premium Seating: Cushioned seats designed for comfort during the game."" ""In-Seat Wait Service: Food and drinks delivered directly to your seat."" Club amenities also include ""Private restrooms for club guests"" and ""fully serviced bars.""","HIGH - zone, rows, location and seat direction stated by the source"
FL14,"Clubs, suites and other named areas",PNC Club,"Located between the dugouts directly behind home plate."" ""The PNC Club at LoanDepot Park is located directly behind home plate and between the team dugouts."" ""Sections F14–F16: Elevated seats located directly behind the field-level PNC Club sections.",,not part of the numbered seating bowl,A-E,UNKNOWN,"The source describes this as a named area rather than a numbered section, so it publishes no aisle layout for it.","Facing the field, seat 1 is on your right. That is stated on this area's own page. It sits outside the numbered seating bowl, so there is no neighbouring section to describe it against.",not published,"Premium seating area sold as part of the PNC Club. ""All-Inclusive Experience: Food and alcoholic beverages included with access to the PNC Club Lounge."" ""Field-Level Views: Most sections sit right at field level, putting fans extremely close to the action."" ""Oversized Premium Seats: Extra-padded seats with in-seat service throughout the game.""","HIGH - zone, rows, location and seat direction stated by the source"
FL15,"Clubs, suites and other named areas",PNC Club,"Located between the dugouts directly behind home plate."" ""The PNC Club at LoanDepot Park is located directly behind home plate and between the team dugouts.",,not part of the numbered seating bowl,A-E,UNKNOWN,"The source describes this as a named area rather than a numbered section, so it publishes no aisle layout for it.","Facing the field, seat 1 is on your right. That is stated on this area's own page. It sits outside the numbered seating bowl, so there is no neighbouring section to describe it against.",not published,"Premium seating area sold as part of the PNC Club. ""All-Inclusive Experience: Food and alcoholic beverages included with access to the PNC Club Lounge."" ""Field-Level Views: Most sections sit right at field level, putting fans extremely close to the action."" ""Oversized Premium Seats: Extra-padded seats with in-seat service throughout the game."" ""Foul Ball Territory: Because the seats are directly behind home plate, these sections are located in an area where foul balls can occasionally reach the stands.""","HIGH - zone, rows, location and seat direction stated by the source"
FL16,"Clubs, suites and other named areas",PNC Club,"Located between the dugouts directly behind home plate."" ""The PNC Club at LoanDepot Park is located directly behind home plate and between the team dugouts."" ""Sections F14–F16: Elevated seats located directly behind the field-level PNC Club sections.",,not part of the numbered seating bowl,A-E,UNKNOWN,"The source describes this as a named area rather than a numbered section, so it publishes no aisle layout for it.","Facing the field, seat 1 is on your right. That is stated on this area's own page. It sits outside the numbered seating bowl, so there is no neighbouring section to describe it against.",not published,"Premium seating area sold as part of the PNC Club. ""All-Inclusive Experience: Food and alcoholic beverages included with access to the PNC Club Lounge."" ""Field-Level Views: Most sections sit right at field level, putting fans extremely close to the action."" ""Oversized Premium Seats: Extra-padded seats with in-seat service throughout the game."" ""Foul Ball Territory: Because the seats are directly behind home plate, these sections are located in an area where foul balls can occasionally reach the stands.""","HIGH - zone, rows, location and seat direction stated by the source"
