section,level,zone,location_in_stadium,sections_from_home_plate,direction_from_home_plate,rows_in_section,entrance_row,aisle_and_walkway_locations,seat_numbering,seats_per_row,notes,confidence
1,"Field Level (even) and Terrace Level (odd), 1–98",Terrace Level,"Terrace Level zone text returned on this page (these sentences recur on every Terrace Level page in this batch and none of them names this section on its own): ""Odd-Numbered Lower Level Sections: Terrace Level seats are the odd-numbered sections on the lower level of Camden Yards."" ""These seats sit behind the Field Level sections, providing a slightly elevated perspective of the field."" ""Elevated Lower Bowl Views: The first row sits 25–30 rows behind the field, offering a comfortable viewing height."" ""Great Weather Protection: Most sections sit under the Club Level overhang, providing shade and rain protection.""",14,toward first base / right field,1-17,1,"Stairway aisles run along both side edges of the section; rows are not split by a mid-row aisle, so seat numbers run continuously from one side aisle to the other. The entry portal is at row 1.","Facing the field, seat 1 is on your right. That puts seat 1 on the far edge of the section, with no further section beyond it on that side, with seat numbers counting up toward the edge facing section 3. Seat 1 is the end of the row farthest from home plate, and higher seat numbers run back toward home plate.",not published,"sections 1-9 in right field have ""less overhead coverage""; outfield terrace sections receive ""most sun exposure"".","HIGH - zone, rows, location and seat direction stated by the source"
3,"Field Level (even) and Terrace Level (odd), 1–98",Terrace Level,"Terrace Level zone text returned on this page (these sentences recur on every Terrace Level page in this batch and none of them names this section on its own): ""Odd-Numbered Lower Level Sections: Terrace Level seats are the odd-numbered sections on the lower level of Camden Yards."" ""These seats sit behind the Field Level sections, providing a slightly elevated perspective of the field."" ""Elevated Lower Bowl Views: The first row sits 25–30 rows behind the field, offering a comfortable viewing height."" ""Great Weather Protection: Most sections sit under the Club Level overhang, providing shade and rain protection.""",13,toward first base / right field,1-21,1,"Stairway aisles run along both side edges of the section; rows are not split by a mid-row aisle, so seat numbers run continuously from one side aisle to the other. The entry portal is at row 1.","Facing the field, seat 1 is on your right. That puts seat 1 on the edge facing section 1, with seat numbers counting up toward the edge facing section 5. Seat 1 is the end of the row farthest from home plate, and higher seat numbers run back toward home plate.",not published,"""Rows 1-21"". ""Terrace Level seats are a great choice for fans who want excellent views of the field with added protection from sun and rain.""","HIGH - zone, rows, location and seat direction stated by the source"
4,"Field Level (even) and Terrace Level (odd), 1–98",Field Level,"Field Level zone text returned on this page (these sentences recur on every Field Level page in this batch and none of them names this section on its own): ""Closest Seats to the Field: Field Level sections include even-numbered sections below 100 (e.g., 20, 40, etc.) and place fans closest to the action."" ""Traditional Ballpark Layout: Most sections feature 25–30 rows with Row 1 at the front and accessible seating near the back."" ""Dugout Seating Options: Sections 22–26 sit behind the Orioles dugout, while Sections 48–52 sit behind the visitor dugout.""",14,toward first base / right field,EAL,UNKNOWN,"Stairway aisles run along both side edges of the section; rows are not split by a mid-row aisle, so seat numbers run continuously from one side aisle to the other. The entry portal row is not published for this section.","Facing the field, seat 1 is on your right. That puts seat 1 on the far edge of the section, with no further section beyond it on that side, with seat numbers counting up toward the edge facing section 6. Seat 1 is the end of the row farthest from home plate, and higher seat numbers run back toward home plate.",not published,"ANOMALY — SPARSE PAGE. Section 4 resolves to a genuine per-section page (title ""Section 4 at Oriole Park at Camden Yards"") but it serves almost no per-section data: NO ""Rows in Section 4 are labeled ..."" range line, NO entrance-row line, NO ""Row Numbers"" seat-direction boilerplate, NO ""Section Insights"" bullets, NO ""Seating and Ticket Q&A"" block. The only row statement returned is ""The first row in this section is labeled EAL"". Seat-view photos on the page are labelled Row 27 and Row 20, so rows reach at least 27, but the page does not state a row range and none is asserted here. Confirmed by three passes.","HIGH - zone, rows, location and seat direction stated by the source"
5,"Field Level (even) and Terrace Level (odd), 1–98",Terrace Level,"Terrace Level zone text returned on this page (these sentences recur on every Terrace Level page in this batch and none of them names this section on its own): ""Odd-Numbered Lower Level Sections: Terrace Level seats are the odd-numbered sections on the lower level of Camden Yards."" ""These seats sit behind the Field Level sections, providing a slightly elevated perspective of the field."" ""Elevated Lower Bowl Views: The first row sits 25–30 rows behind the field, offering a comfortable viewing height."" ""Great Weather Protection: Most sections sit under the Club Level overhang, providing shade and rain protection.""",12,toward first base / right field,1-21,1,"Stairway aisles run along both side edges of the section; rows are not split by a mid-row aisle, so seat numbers run continuously from one side aisle to the other. The entry portal is at row 1.","Facing the field, seat 1 is on your right. That puts seat 1 on the edge facing section 3, with seat numbers counting up toward the edge facing section 7. Seat 1 is the end of the row farthest from home plate, and higher seat numbers run back toward home plate.",not published,"""Rows 1-21""; ""Elevated Lower Bowl Views: The first row sits 25–30 rows behind the field""; ""Great Weather Protection: Most sections sit under the Club Level overhang""; ""Strong Value Seating: Known for excellent sightlines"". ""Great view. — Be mindful of the loud fans"".","HIGH - zone, rows, location and seat direction stated by the source"
6,"Field Level (even) and Terrace Level (odd), 1–98",Field Level,"Field Level zone text returned on this page (these sentences recur on every Field Level page in this batch and none of them names this section on its own): ""Closest Seats to the Field: Field Level sections include even-numbered sections below 100 (e.g., 20, 40, etc.) and place fans closest to the action."" ""Traditional Ballpark Layout: Most sections feature 25–30 rows with Row 1 at the front and accessible seating near the back."" ""Dugout Seating Options: Sections 22–26 sit behind the Orioles dugout, while Sections 48–52 sit behind the visitor dugout.""",13,toward first base / right field,"10-27, EAL",EAL,"Stairway aisles run along both side edges of the section; rows are not split by a mid-row aisle, so seat numbers run continuously from one side aisle to the other. The entry portal is at row EAL.","Facing the field, seat 1 is on your right. That puts seat 1 on the edge facing section 4, with seat numbers counting up toward the edge facing section 8. Seat 1 is the end of the row farthest from home plate, and higher seat numbers run back toward home plate.",not published,"""Rows 10-27, EAL"". NOTE the row range STARTS AT 10, not 1 — unusual for a Field Level section in this batch (8 starts at 4; 10, 12, 14, 20 start at 1). The page gives no explanation. ""Third Base Side: Better view of the main scoreboard; Receives shade earlier during afternoon and evening games"" — a zone-wide line, not about Section 6.","HIGH - zone, rows, location and seat direction stated by the source"
7,"Field Level (even) and Terrace Level (odd), 1–98",Terrace Level,"Terrace Level zone text returned on this page (these sentences recur on every Terrace Level page in this batch and none of them names this section on its own): ""Odd-Numbered Lower Level Sections: Terrace Level seats are the odd-numbered sections on the lower level of Camden Yards."" ""These seats sit behind the Field Level sections, providing a slightly elevated perspective of the field."" ""Elevated Lower Bowl Views: The first row sits 25–30 rows behind the field, offering a comfortable viewing height."" ""Great Weather Protection: Most sections sit under the Club Level overhang, providing shade and rain protection.""",11,toward first base / right field,1-13,1,"Stairway aisles run along both side edges of the section; rows are not split by a mid-row aisle, so seat numbers run continuously from one side aisle to the other. The entry portal is at row 1.","Facing the field, seat 1 is on your right. That puts seat 1 on the edge facing section 5, with seat numbers counting up toward the edge facing section 9. Seat 1 is the end of the row farthest from home plate, and higher seat numbers run back toward home plate.",not published,"""Rows 1-13""; ""Elevated Lower Bowl Views: The first row sits 25–30 rows behind the field""; ""Great Weather Protection: Most sections sit under the Club Level overhang"".","HIGH - zone, rows, location and seat direction stated by the source"
8,"Field Level (even) and Terrace Level (odd), 1–98",Field Level,"Field Level zone text returned on this page (these sentences recur on every Field Level page in this batch and none of them names this section on its own): ""Closest Seats to the Field: Field Level sections include even-numbered sections below 100 (e.g., 20, 40, etc.) and place fans closest to the action."" ""Traditional Ballpark Layout: Most sections feature 25–30 rows with Row 1 at the front and accessible seating near the back."" ""Dugout Seating Options: Sections 22–26 sit behind the Orioles dugout, while Sections 48–52 sit behind the visitor dugout.""",12,toward first base / right field,"4-27, EAL",EAL,"Stairway aisles run along both side edges of the section; rows are not split by a mid-row aisle, so seat numbers run continuously from one side aisle to the other. The entry portal is at row EAL.","Facing the field, seat 1 is on your right. That puts seat 1 on the edge facing section 6, with seat numbers counting up toward the edge facing section 10. Seat 1 is the end of the row farthest from home plate, and higher seat numbers run back toward home plate.",not published,"""Rows 4-27, EAL"". NOTE the row range STARTS AT 4, not 1; the page gives no explanation. Fan review present but the fetcher returned only its header: ""Sec 8 / Row 8"" (Sep 7, 2024 game, rated five stars) — no review body text was returned.","HIGH - zone, rows, location and seat direction stated by the source"
9,"Field Level (even) and Terrace Level (odd), 1–98",Terrace Level,"Terrace Level zone text returned on this page (these sentences recur on every Terrace Level page in this batch and none of them names this section on its own): ""Odd-Numbered Lower Level Sections: Terrace Level seats are the odd-numbered sections on the lower level of Camden Yards."" ""These seats sit behind the Field Level sections, providing a slightly elevated perspective of the field."" ""Elevated Lower Bowl Views: The first row sits 25–30 rows behind the field, offering a comfortable viewing height."" ""Great Weather Protection: Most sections sit under the Club Level overhang, providing shade and rain protection.""",10,toward first base / right field,1-13,1,"Stairway aisles run along both side edges of the section; rows are not split by a mid-row aisle, so seat numbers run continuously from one side aisle to the other. The entry portal is at row 1.","Facing the field, seat 1 is on your right. That puts seat 1 on the edge facing section 7, with seat numbers counting up toward the edge facing section 11. Seat 1 is the end of the row farthest from home plate, and higher seat numbers run back toward home plate.",not published,"""Top Pick for Kids and Family""; ""Rows 2 & Above - Covered""; ""Rows 1-13""; ""Recommended seating for kids and family""; ""Rows 2 and above are under cover"". Fan review ""The seats were awesome. They were under cover so I was safe in case of bad weather.""","HIGH - zone, rows, location and seat direction stated by the source"
10,"Field Level (even) and Terrace Level (odd), 1–98",Field Level,"Field Level zone text returned on this page (these sentences recur on every Field Level page in this batch and none of them names this section on its own): ""Closest Seats to the Field: Field Level sections include even-numbered sections below 100 (e.g., 20, 40, etc.) and place fans closest to the action."" ""Traditional Ballpark Layout: Most sections feature 25–30 rows with Row 1 at the front and accessible seating near the back."" ""Dugout Seating Options: Sections 22–26 sit behind the Orioles dugout, while Sections 48–52 sit behind the visitor dugout.""",11,toward first base / right field,"1-27, EAL",EAL,"Stairway aisles run along both side edges of the section; rows are not split by a mid-row aisle, so seat numbers run continuously from one side aisle to the other. The entry portal is at row EAL.","Facing the field, seat 1 is on your right. That puts seat 1 on the edge facing section 8, with seat numbers counting up toward the edge facing section 12. Seat 1 is the end of the row farthest from home plate, and higher seat numbers run back toward home plate.",not published,"""Rows 1-27, EAL"".","HIGH - zone, rows, location and seat direction stated by the source"
11,"Field Level (even) and Terrace Level (odd), 1–98",Terrace Level,"No sentence on this page places Section 11 in the ballpark by field position; the only placement sentence returned is the zone-wide one: ""Odd-Numbered Lower Level Sections: Terrace Level seats are the odd-numbered sections on the lower level of Camden Yards."" Terrace Level zone text returned on this page (these sentences recur on every Terrace Level page in this batch and none of them names this section on its own): ""Odd-Numbered Lower Level Sections: Terrace Level seats are the odd-numbered sections on the lower level of Camden Yards.""",9,toward first base / right field,1-13,1,"Stairway aisles run along both side edges of the section; rows are not split by a mid-row aisle, so seat numbers run continuously from one side aisle to the other. The entry portal is at row 1.","Facing the field, seat 1 is on your right. That puts seat 1 on the edge facing section 9, with seat numbers counting up toward the edge facing section 13. Seat 1 is the end of the row farthest from home plate, and higher seat numbers run back toward home plate.",not published,"""Top Pick for Kids and Family""; ""Rows 2 & Above - Covered""; ""Recommended seating for kids and family""; ""Rows 2 and above are under cover"". Fan review (May 17, 2024) ""This section had great views of the field and the scoreboard"".","HIGH - zone, rows, location and seat direction stated by the source"
12,"Field Level (even) and Terrace Level (odd), 1–98",Field Level,"Field Level zone text returned on this page (these sentences recur on every Field Level page in this batch and none of them names this section on its own): ""Closest Seats to the Field: Field Level sections include even-numbered sections below 100 (e.g., 20, 40, etc.) and place fans closest to the action."" ""Traditional Ballpark Layout: Most sections feature 25–30 rows with Row 1 at the front and accessible seating near the back."" ""Dugout Seating Options: Sections 22–26 sit behind the Orioles dugout, while Sections 48–52 sit behind the visitor dugout.""",10,toward first base / right field,"1-27, EAL",EAL,"Stairway aisles run along both side edges of the section; rows are not split by a mid-row aisle, so seat numbers run continuously from one side aisle to the other. The entry portal is at row EAL.","Facing the field, seat 1 is on your right. That puts seat 1 on the edge facing section 10, with seat numbers counting up toward the edge facing section 14. Seat 1 is the end of the row farthest from home plate, and higher seat numbers run back toward home plate.",not published,"""Rows 1-27, EAL"".","HIGH - zone, rows, location and seat direction stated by the source"
13,"Field Level (even) and Terrace Level (odd), 1–98",Terrace Level,"The expert text mentions ""odd-numbered sections on the lower level"" and ""Sections 1–9 in right field"" as examples but does not place Section 13. Terrace Level zone text returned on this page (these sentences recur on every Terrace Level page in this batch and none of them names this section on its own): ""Odd-Numbered Lower Level Sections: Terrace Level seats are the odd-numbered sections on the lower level of Camden Yards."" ""These seats sit behind the Field Level sections, providing a slightly elevated perspective of the field.""",8,toward first base / right field,1-13,1,"Stairway aisles run along both side edges of the section; rows are not split by a mid-row aisle, so seat numbers run continuously from one side aisle to the other. The entry portal is at row 1.","Facing the field, seat 1 is on your right. That puts seat 1 on the edge facing section 11, with seat numbers counting up toward the edge facing section 15. Seat 1 is the end of the row farthest from home plate, and higher seat numbers run back toward home plate.","Per-section statement from the ""Seating and Ticket Q&A"" block, verbatim: ""All rows in section 13 contain between 21 and 24 seats.""","""Top Pick for Outstanding Convenience - Rows 1-5""; ""Top Pick for Kids and Family""; ""Rows 2 & Above - Covered""; ""Rows 1-13""; ""Rows 1-5 are recommended for outstanding convenience""; ""Recommended seating for kids and family""; ""Rows 2 and above are under cover"". All nineteen other sections in the batch were probed specifically for that block and returned ABSENT. That block is the source of both the seats-per-row figure and the per-section seat-1 sentence recorded above. Fan review (New York Mets at Baltimore Orioles, Jul 8, 2025) ""Great seats!""","HIGH - zone, rows, location and seat direction stated by the source"
14,"Field Level (even) and Terrace Level (odd), 1–98",Field Level,"Field Level zone text returned on this page (these sentences recur on every Field Level page in this batch and none of them names this section on its own): ""Closest Seats to the Field: Field Level sections include even-numbered sections below 100 (e.g., 20, 40, etc.) and place fans closest to the action."" ""Traditional Ballpark Layout: Most sections feature 25–30 rows with Row 1 at the front and accessible seating near the back."" ""Dugout Seating Options: Sections 22–26 sit behind the Orioles dugout, while Sections 48–52 sit behind the visitor dugout.""",9,toward first base / right field,"1-27, EAL",EAL,"Stairway aisles run along both side edges of the section; rows are not split by a mid-row aisle, so seat numbers run continuously from one side aisle to the other. The entry portal is at row EAL.","Facing the field, seat 1 is on your right. That puts seat 1 on the edge facing section 12, with seat numbers counting up toward the edge facing section 16. Seat 1 is the end of the row farthest from home plate, and higher seat numbers run back toward home plate.",not published,"""Top Pick for Outstanding Convenience Rows 24""; ""Rows 24 are recommended for outstanding convenience"". (The fetcher returned ""Rows 24"" without a hyphen or range; whether the site prints ""Row 24"" or a range such as ""Rows 24-27"" is NOT determinable from what was returned, so nothing beyond the literal string is asserted.) Fan review present but only its header was returned: ""Sec 14 / Row 11"" (Jun 14, 2024 game) — no review body text.","HIGH - zone, rows, location and seat direction stated by the source"
15,"Field Level (even) and Terrace Level (odd), 1–98",Terrace Level,"Terrace Level zone text returned on this page (these sentences recur on every Terrace Level page in this batch and none of them names this section on its own): ""Odd-Numbered Lower Level Sections: Terrace Level seats are the odd-numbered sections on the lower level of Camden Yards."" ""These seats sit behind the Field Level sections, providing a slightly elevated perspective of the field."" ""Elevated Lower Bowl Views: The first row sits 25–30 rows behind the field, offering a comfortable viewing height."" ""Great Weather Protection: Most sections sit under the Club Level overhang, providing shade and rain protection.""",7,toward first base / right field,1-13,1,"Stairway aisles run along both side edges of the section; rows are not split by a mid-row aisle, so seat numbers run continuously from one side aisle to the other. The entry portal is at row 1.","Facing the field, seat 1 is on your right. That puts seat 1 on the edge facing section 13, with seat numbers counting up toward the edge facing section 17. Seat 1 is the end of the row farthest from home plate, and higher seat numbers run back toward home plate.",not published,"""Top Pick for Outstanding Convenience Rows 1-5""; ""Top Pick for Kids and Family""; ""Rows 2 & Above - Covered""; ""Rows 1-13""; ""Rows 1-5 are recommended for outstanding convenience""; ""Recommended seating for kids and family""; ""Rows 2 and above are under cover"". Fan review ""These seats are so far back in this level that the food court noise and smells are annoying.""","HIGH - zone, rows, location and seat direction stated by the source"
16,"Field Level (even) and Terrace Level (odd), 1–98",Field Level,"""Field Boxes (Sections 16–58) These sections are located around the infield"". This is the only placement sentence returned, and it names a range beginning with this section rather than Section 16 alone. Field Level zone text returned on this page (these sentences recur on every Field Level page in this batch and none of them names this section on its own): ""Closest Seats to the Field: Field Level sections include even-numbered sections below 100 (e.g., 20, 40, etc.) and place fans closest to the action."" ""Traditional Ballpark Layout: Most sections feature 25–30 rows with Row 1 at the front and accessible seating near the back.""",8,toward first base / right field,"1-29, EAL",EAL,"Stairway aisles run along both side edges of the section; rows are not split by a mid-row aisle, so seat numbers run continuously from one side aisle to the other. The entry portal is at row EAL.","Facing the field, seat 1 is on your right. That puts seat 1 on the edge facing section 14, with seat numbers counting up toward the edge facing section 18. Seat 1 is the end of the row farthest from home plate, and higher seat numbers run back toward home plate.",not published,"this page DOES carry a netting note ""Front of sections 16-58 are behind the netting — There is some amount of netting or screening in front of sections 16-58. The height and coverage of netting or screening will vary by section."" Note further that the note names the range 16-58, which would cover sections 18, 20 and 22 in this batch — yet targeted second-pass probes of the 18, 20 and 22 pages for the words ""netting"" and ""screening"" all returned ABSENT. So within this batch the note appears only on the Section 16 page. ""Top Pick for Outstanding ConvenienceRows 24""; ""Rows 24 are recommended for outstanding convenience"" (same unhyphenated ""Rows 24"" string as Section 14; nothing beyond the literal is asserted).","HIGH - zone, rows, location and seat direction stated by the source"
17,"Field Level (even) and Terrace Level (odd), 1–98",Terrace Level,"Terrace Level zone text returned on this page (these sentences recur on every Terrace Level page in this batch and none of them names this section on its own): ""Odd-Numbered Lower Level Sections: Terrace Level seats are the odd-numbered sections on the lower level of Camden Yards."" ""These seats sit behind the Field Level sections, providing a slightly elevated perspective of the field."" ""Elevated Lower Bowl Views: The first row sits 25–30 rows behind the field, offering a comfortable viewing height."" ""Great Weather Protection: Most sections sit under the Club Level overhang, providing shade and rain protection.""",6,toward first base / right field,1-13,1,"Stairway aisles run along both side edges of the section; rows are not split by a mid-row aisle, so seat numbers run continuously from one side aisle to the other. The entry portal is at row 1.","Facing the field, seat 1 is on your right. That puts seat 1 on the edge facing section 15, with seat numbers counting up toward the edge facing section 19. Seat 1 is the end of the row farthest from home plate, and higher seat numbers run back toward home plate.",not published,"""Top Pick for Outstanding Convenience Rows 1-5""; ""Rows 2 & Above - Covered""; ""Rows 1-13""; ""Rows 1-5 are recommended for outstanding convenience""; ""Rows 2 and above are under cover"". Fan review ""Thanks. I only regret not being lower but shade was very important.""","HIGH - zone, rows, location and seat direction stated by the source"
18,"Field Level (even) and Terrace Level (odd), 1–98",Field Level,"Field Level zone text returned on this page (these sentences recur on every Field Level page in this batch and none of them names this section on its own): ""Closest Seats to the Field: Field Level sections include even-numbered sections below 100 (e.g., 20, 40, etc.) and place fans closest to the action."" ""Traditional Ballpark Layout: Most sections feature 25–30 rows with Row 1 at the front and accessible seating near the back."" ""Dugout Seating Options: Sections 22–26 sit behind the Orioles dugout, while Sections 48–52 sit behind the visitor dugout.""",7,toward first base / right field,"1-29, EAL",EAL,"Stairway aisles run along both side edges of the section; rows are not split by a mid-row aisle, so seat numbers run continuously from one side aisle to the other. The entry portal is at row EAL.","Facing the field, seat 1 is on your right. That puts seat 1 on the edge facing section 16, with seat numbers counting up toward the edge facing section 20. Seat 1 is the end of the row farthest from home plate, and higher seat numbers run back toward home plate.",not published,"""Rows 1-29, EAL"". This is notable because the Section 16 page carries a note reading ""There is some amount of netting or screening in front of sections 16-58"", a range that includes Section 18.","HIGH - zone, rows, location and seat direction stated by the source"
19,"Field Level (even) and Terrace Level (odd), 1–98",Terrace Level,"No sentence on this page places Section 19 in the ballpark by field position; the only placement text returned is zone-wide: ""Odd-numbered sections on the lower level of Camden Yards"" and ""positioned slightly higher than Field Level seats"". Terrace Level zone text returned on this page (these sentences recur on every Terrace Level page in this batch and none of them names this section on its own): ""Odd-Numbered Lower Level Sections: Terrace Level seats are the odd-numbered sections on the lower level of Camden Yards.""",5,toward first base / right field,1-13,1,"Stairway aisles run along both side edges of the section; rows are not split by a mid-row aisle, so seat numbers run continuously from one side aisle to the other. The entry portal is at row 1.","Facing the field, seat 1 is on your right. That puts seat 1 on the edge facing section 17, with seat numbers counting up toward the edge facing section 23. Seat 1 is the end of the row farthest from home plate, and higher seat numbers run back toward home plate.",not published,"""Rows 2 & Above - Covered""; ""Rows 1-13""; ""Rows 2 and above are under cover"".","HIGH - zone, rows, location and seat direction stated by the source"
20,"Field Level (even) and Terrace Level (odd), 1–98",Field Level,"The page does return the zone-wide sentence ""Field Level sections include even-numbered sections below 100 (e.g., 20, 40, etc.)"", which uses Section 20 only as an example of the even-numbered series, and ""Sections 22–26 sit behind the Orioles dugout"", which names neighbouring sections rather than this one. Field Level zone text returned on this page (these sentences recur on every Field Level page in this batch and none of them names this section on its own): ""Closest Seats to the Field: Field Level sections include even-numbered sections below 100 (e.g., 20, 40, etc.) and place fans closest to the action.""",6,toward first base / right field,"1-27, EAL",EAL,"Stairway aisles run along both side edges of the section; rows are not split by a mid-row aisle, so seat numbers run continuously from one side aisle to the other. The entry portal is at row EAL.","Facing the field, seat 1 is on your right. That puts seat 1 on the edge facing section 18, with seat numbers counting up toward the edge facing section 22. Seat 1 is the end of the row farthest from home plate, and higher seat numbers run back toward home plate.",not published,"""Rows 1-27, EAL"". ""Most Field Level sections contain approximately 25–30 rows"" — rows, not seats per row. a targeted second-pass probe for the words ""netting"" and ""screening"" returned ABSENT, even though the Section 16 page carries ""There is some amount of netting or screening in front of sections 16-58"", a range that includes Section 20.","HIGH - zone, rows, location and seat direction stated by the source"
22,"Field Level (even) and Terrace Level (odd), 1–98",Field Level,"""Near Orioles Dugout"" (headline location tag) and ""These seats are located behind the Orioles dugout"". ""Sections 22–26 sit behind the Orioles dugout, while Sections 48–52 sit behind the visitor dugout."" Field Level zone text returned on this page (these sentences recur on every Field Level page in this batch and none of them names this section on its own): ""Closest Seats to the Field: Field Level sections include even-numbered sections below 100 (e.g., 20, 40, etc.) and place fans closest to the action."" ""Traditional Ballpark Layout: Most sections feature 25–30 rows with Row 1 at the front and accessible seating near the back.""",5,toward first base / right field,"1-24, EAL",EAL,"Stairway aisles run along both side edges of the section; rows are not split by a mid-row aisle, so seat numbers run continuously from one side aisle to the other. The entry portal is at row EAL.","Facing the field, seat 1 is on your right. That puts seat 1 on the edge facing section 20, with seat numbers counting up toward the edge facing section 24. Seat 1 is the end of the row farthest from home plate, and higher seat numbers run back toward home plate.",not published,"""Near Orioles Dugout""; ""Rows 1-24, EAL""; ""These seats are located behind the Orioles dugout""; ""Row 1 is the first row behind the Orioles dugout in Section 22"". a targeted second-pass probe for the words ""netting"" and ""screening"" returned ABSENT, even though the Section 16 page carries ""There is some amount of netting or screening in front of sections 16-58"", a range that includes Section 22 — and Section 22 sits behind a dugout on the infield, where netting would be expected.","HIGH - zone, rows, location and seat direction stated by the source"
23,"Field Level (even) and Terrace Level (odd), 1–98",not named by the source,not stated by the source,4,toward first base / right field,1-13,1,"Stairway aisles run along both side edges of the section; rows are not split by a mid-row aisle, so seat numbers run continuously from one side aisle to the other. The entry portal is at row 1.","Facing the field, seat 1 is on your right. That puts seat 1 on the edge facing section 19, with seat numbers counting up toward the edge facing section 27. Seat 1 is the end of the row farthest from home plate, and higher seat numbers run back toward home plate.",not published,"""Rows 2 & Above - Covered""; ""Rows 1-13"". ""Rows 2 and above are under cover"". ""Awesome way to pick seats. Was very pleased!"" (5 stars, Sec 23 / Row 10). Note the entrance row here is Row 1 (front of section), not the ""EAL"" row used by the even/Field Level sections — the odd Terrace sections in this batch (23, 27, 29, 31, 33, 35, 37, 39, 43) all show ""Row 1"" as the entrance and carry no EAL row label.","MEDIUM - rows confirmed, ticket zone not named by the source"
24,"Field Level (even) and Terrace Level (odd), 1–98",not named by the source,"""Near Orioles Dugout"". ""Sections 22–26 sit behind the Orioles dugout"". ""These seats are located behind the Orioles dugout"".",4,toward first base / right field,"1-24, EAL",EAL,"Stairway aisles run along both side edges of the section; rows are not split by a mid-row aisle, so seat numbers run continuously from one side aisle to the other. The entry portal is at row EAL.","Facing the field, seat 1 is on your right. That puts seat 1 on the edge facing section 22, with seat numbers counting up toward the edge facing section 26. Seat 1 is the end of the row farthest from home plate, and higher seat numbers run back toward home plate.",not published,"""Near Orioles Dugout""; ""Rows 1-24, EAL"". ""These seats are located behind the Orioles dugout"". Fan review (5 stars, Chicago White Sox at Baltimore Orioles - Jul 1, 2026, Sec 24 / Row 16): ""Seats were great, the sun was scorching. So if you're not a fan of being in direct sun that might be the only drawback but the seats were padded. Concession wasn't far. Overall, great day."" Fan feedback (Sec 24 / Row 1): ""Row 1 is the first row behind the Orioles dugout in Section 24."" ""Stays in the sun longer during day games"" (First Base Side) and ""Receives shade earlier during afternoon and evening games"" (Third Base Side).","MEDIUM - rows confirmed, ticket zone not named by the source"
26,"Field Level (even) and Terrace Level (odd), 1–98",not named by the source,"""Near Orioles Dugout"". ""Sections 22–26 sit behind the Orioles dugout"". ""These seats are located behind the Orioles dugout"".",3,toward first base / right field,"1-24, EAL",EAL,"Stairway aisles run along both side edges of the section; rows are not split by a mid-row aisle, so seat numbers run continuously from one side aisle to the other. The entry portal is at row EAL.","Facing the field, seat 1 is on your right. That puts seat 1 on the edge facing section 24, with seat numbers counting up toward the edge facing section 28. Seat 1 is the end of the row farthest from home plate, and higher seat numbers run back toward home plate.",not published,"""Near Orioles Dugout""; ""Rows 1-24, EAL"". ""These seats are located behind the Orioles dugout"". ""Great seats! We had a great view of the home team and had a great time! Easily accessible.""; ""Row 1 is the first row behind the Orioles dugout in Section 26.""","MEDIUM - rows confirmed, ticket zone not named by the source"
27,"Field Level (even) and Terrace Level (odd), 1–98",not named by the source,not stated by the source,3,toward first base / right field,1-13,1,"Stairway aisles run along both side edges of the section; rows are not split by a mid-row aisle, so seat numbers run continuously from one side aisle to the other. The entry portal is at row 1.","Facing the field, seat 1 is on your right. That puts seat 1 on the edge facing section 23, with seat numbers counting up toward the edge facing section 29. Seat 1 is the end of the row farthest from home plate, and higher seat numbers run back toward home plate.",not published,"""Top Pick for Partying and Socializing""; ""Rows 2 & Above - Covered""; ""Rows 1-13"". ""Recommended seating for partying and socializing""; ""Rows 2 and above are under cover"". Notably this section is NOT flagged ""Home Plate View"", unlike Terrace sections 31-39 and 43 in this batch.","MEDIUM - rows confirmed, ticket zone not named by the source"
28,"Field Level (even) and Terrace Level (odd), 1–98",not named by the source,not stated by the source,2,toward first base / right field,"1-27, EAL",EAL,"Stairway aisles run along both side edges of the section; rows are not split by a mid-row aisle, so seat numbers run continuously from one side aisle to the other. The entry portal is at row EAL.","Facing the field, seat 1 is on your right. That puts seat 1 on the edge facing section 26, with seat numbers counting up toward the edge facing section 30. Seat 1 is the end of the row farthest from home plate, and higher seat numbers run back toward home plate.",not published,"""Rows 1-27, EAL"" — and nothing else; Section 28 carries NO ""Home Plate View"" tag and no ""Near Orioles Dugout"" tag, unlike its neighbours 26 (dugout) and 30-44 (home plate view). ""Minnesota Twins at Baltimore Orioles - Apr 17, 2024 Sec 28 / Row 15"" (5 stars). the expert-review body is generic Field Level zone content rather than Section 28 analysis; the row/entrance data IS section-specific and is recorded above. Row count here (1-27) differs from its neighbours 30-44 (1-29) and 24/26 (1-24).","MEDIUM - rows confirmed, ticket zone not named by the source"
29,"Field Level (even) and Terrace Level (odd), 1–98",not named by the source,not stated by the source,2,toward first base / right field,1-13,1,"Stairway aisles run along both side edges of the section; rows are not split by a mid-row aisle, so seat numbers run continuously from one side aisle to the other. The entry portal is at row 1.","Facing the field, seat 1 is on your right. That puts seat 1 on the edge facing section 27, with seat numbers counting up toward the edge facing section 31. Seat 1 is the end of the row farthest from home plate, and higher seat numbers run back toward home plate.",not published,"""Rows 1-5 are recommended for outstanding convenience""; ""Recommended seating for partying and socializing""; ""Rows 2 and above are under cover""; ""Close to the main bar in the stadium. Most seats are covered by an overhang, which keeps them cool.""; ""These seats were hand-selected for being close to a wide-range of amenities. Within five rows of concourse (fewer stairs) with nearby restrooms and concessions."" The overhang statement is a cover/shade note, not an obstruction warning — but compare Section 43, where a fan reports the same overhang blocking the scoreboard and fly balls. Not tagged ""Home Plate View"".","MEDIUM - rows confirmed, ticket zone not named by the source"
30,"Field Level (even) and Terrace Level (odd), 1–98",not named by the source,"""Field Level seating at Oriole Park at Camden Yards includes the lower bowl sections closest to the field."" Treat the specific placement as UNKNOWN from this page.",1,toward first base / right field,"1-29, EAL",EAL,"Stairway aisles run along both side edges of the section; rows are not split by a mid-row aisle, so seat numbers run continuously from one side aisle to the other. The entry portal is at row EAL.","Facing the field, seat 1 is on your right. That puts seat 1 on the edge facing section 28, with seat numbers counting up toward the edge facing section 32. Seat 1 is the end of the row farthest from home plate, and higher seat numbers run back toward home plate.",not published,"""Top Pick for Outstanding Convenience—Rows 24""; ""Top Pick for Great Views of the Field—Rows 20-29""; ""Rows 1-29, EAL"". ""Rows 24 are recommended for outstanding convenience""; ""Rows 20-29 are recommended for great views of the field"". Section 30 is NOT tagged ""Home Plate View"" (sections 32-44 in this batch are) — it sits between the dugout tag block (22-26) and the home-plate tag block.","MEDIUM - rows confirmed, ticket zone not named by the source"
31,"Field Level (even) and Terrace Level (odd), 1–98",not named by the source,"""Terrace Level sections are the odd-numbered sections on the lower seating bowl."" ""These seats sit behind the Field Level sections, providing a slightly elevated perspective of the field."" Its own position is implied only by the ""Home Plate View"" insight tag and the note ""Desirable view from behind home plate"".",1,toward first base / right field,1-13,1,"Stairway aisles run along both side edges of the section; rows are not split by a mid-row aisle, so seat numbers run continuously from one side aisle to the other. The entry portal is at row 1.","Facing the field, seat 1 is on your right. That puts seat 1 on the edge facing section 29, with seat numbers counting up toward the edge facing section 33. Seat 1 is the end of the row farthest from home plate, and higher seat numbers run back toward home plate.",not published,"""Top Pick for Outstanding Convenience Rows 1-5""; ""Top Pick for Partying and Socializing""; ""Home Plate View""; ""Rows 2 & Above - Covered""; ""Rows 1-13"". ""Rows 1-5 are recommended for outstanding convenience""; ""Recommended seating for partying and socializing""; ""Desirable view from behind home plate""; ""Rows 2 and above are under cover"". ""Toronto Blue Jays at Baltimore Orioles - Aug 4, 2019 Sec 31 / Row 11"" (5 stars).","MEDIUM - rows confirmed, ticket zone not named by the source"
32,"Field Level (even) and Terrace Level (odd), 1–98",not named by the source,"""Field Level sections include even-numbered sections below 100 (e.g., 20, 40, etc.)"". Position implied only by the ""Home Plate View"" insight tag and ""Desirable view from behind home plate"".",0,toward first base / right field,"1-29, EAL",EAL,"Stairway aisles run along both side edges of the section; rows are not split by a mid-row aisle, so seat numbers run continuously from one side aisle to the other. The entry portal is at row EAL.","Facing the field, seat 1 is on your right. That puts seat 1 on the edge facing section 30, with seat numbers counting up toward the edge facing section 34. This section is behind home plate, so seat 1 is on its first-base side.",not published,"""Top Pick for Great Views of the Field Rows 20-29""; ""Home Plate View""; ""Rows 1-29, EAL"". ""Rows 20-29 are recommended for great views of the field""; ""Desirable view from behind home plate"". the expert-review body is generic Field Level zone content; row/entrance data is section-specific.","MEDIUM - rows confirmed, ticket zone not named by the source"
33,"Field Level (even) and Terrace Level (odd), 1–98",not named by the source,"""Odd-Numbered Lower Level Sections: Terrace Level seats are the odd-numbered sections on the lower level of Camden Yards."" ""These seats sit behind the Field Level sections, providing a slightly elevated perspective of the field."" Position implied only by the ""Home Plate View"" tag and ""Desirable view from behind home plate"".",0,behind home plate,1-6,1,"Stairway aisles run along both side edges of the section; rows are not split by a mid-row aisle, so seat numbers run continuously from one side aisle to the other. The entry portal is at row 1.","Facing the field, seat 1 is on your right. That puts seat 1 on the edge facing section 31, with seat numbers counting up toward the edge facing section 35. This section is behind home plate, so seat 1 is on its first-base side.",not published,"""Top Pick for Partying and Socializing""; ""Home Plate View""; ""Shaded For Day Games"". ""Recommended seating for partying and socializing""; ""Desirable view from behind home plate""; ""All seats in this section are shaded during most day games"". Sections 33-39 are the short Terrace sections (only 6 rows), against 13 rows in 23/27/29/31/43 — this batch confirms the 33-39 block is distinct.","MEDIUM - rows confirmed, ticket zone not named by the source"
34,"Field Level (even) and Terrace Level (odd), 1–98",not named by the source,"""Field Level sections include even-numbered sections below 100"".",0,behind home plate,"1-29, EAL",EAL,"Stairway aisles run along both side edges of the section; rows are not split by a mid-row aisle, so seat numbers run continuously from one side aisle to the other. The entry portal is at row EAL.","Facing the field, seat 1 is on your right. That puts seat 1 on the edge facing section 32, with seat numbers counting up toward the edge facing section 36. This section is behind home plate, so seat 1 is on its first-base side.",not published,"""Top Pick for Great Views of the Field Rows 20-29""; ""Home Plate View""; ""Rows 1-29, EAL"". ""Rows 20-29 are recommended for great views of the field""; ""Desirable view from behind home plate"". ""Awesome Seats!"" (5 stars, Sec 34 / Row 17).","MEDIUM - rows confirmed, ticket zone not named by the source"
35,"Field Level (even) and Terrace Level (odd), 1–98",not named by the source,"""Odd-Numbered Lower Level Sections: Terrace Level seats are the odd-numbered sections on the lower level of Camden Yards."" ""These seats sit behind the Field Level sections, providing a slightly elevated perspective of the field."" Position implied only by ""Home Plate View"" / ""Desirable view from behind home plate"".",0,behind home plate,1-6,1,"Stairway aisles run along both side edges of the section; rows are not split by a mid-row aisle, so seat numbers run continuously from one side aisle to the other. The entry portal is at row 1.","Facing the field, seat 1 is on your right. That puts seat 1 on the edge facing section 33, with seat numbers counting up toward the edge facing section 37. This section is behind home plate, so seat 1 is on its first-base side.",not published,"""Top Pick for Partying and Socializing""; ""Home Plate View""; ""Shaded For Day Games"". ""Recommended seating for partying and socializing""; ""Desirable view from behind home plate""; ""All seats in this section are shaded during most day games"". RateYourSeats' shaded-seats page excludes 33-39 from covered Terrace seating while this page calls all seats shaded for day games.","MEDIUM - rows confirmed, ticket zone not named by the source"
36,"Field Level (even) and Terrace Level (odd), 1–98",not named by the source,"""Closest Seats to the Field: Field Level sections include even-numbered sections below 100"". ""Sections 16–58 are located around the infield and are commonly referred to as Field Box seating"" — this is the closest the page comes to placing Section 36; it is a range statement, not a Section 36 statement. Position further implied by ""Home Plate View"".",0,behind home plate,"1-29, EAL",EAL,"Stairway aisles run along both side edges of the section; rows are not split by a mid-row aisle, so seat numbers run continuously from one side aisle to the other. The entry portal is at row EAL.","Facing the field, seat 1 is on your right. That puts seat 1 on the edge facing section 34, with seat numbers counting up toward the edge facing section 38. This section is behind home plate, so seat 1 is on its first-base side.",not published,"""Top Pick for Great Views of the Field Rows 20-29""; ""Home Plate View""; ""Rows 1-29, EAL"". ""Rows 20-29 are recommended for great views of the field""; ""Desirable view from behind home plate"".","MEDIUM - rows confirmed, ticket zone not named by the source"
37,"Field Level (even) and Terrace Level (odd), 1–98",not named by the source,"""Terrace Level seats are the odd-numbered sections on the lower seating bowl""; ""Odd-Numbered Lower Level Sections: Terrace Level seats are the odd-numbered sections on the lower level of Camden Yards."" Position implied only by ""Home Plate View"" / ""Desirable view from behind home plate"".",0,behind home plate,1-6,1,"Stairway aisles run along both side edges of the section; rows are not split by a mid-row aisle, so seat numbers run continuously from one side aisle to the other. The entry portal is at row 1.","Facing the field, seat 1 is on your right. That puts seat 1 on the edge facing section 35, with seat numbers counting up toward the edge facing section 39. This section is behind home plate, so seat 1 is on its first-base side.",not published,"""Top Pick for Outstanding Convenience Rows 1-5""; ""Home Plate View""; ""Shaded For Day Games"". ""Rows 1-5 are recommended for outstanding convenience""; ""Desirable view from behind home plate""; ""All seats in this section are shaded during most day games"". Same shade tension with the park-wide shaded-seats page (which excludes 33-39) noted for 33 and 35. Six-row section.","MEDIUM - rows confirmed, ticket zone not named by the source"
38,"Field Level (even) and Terrace Level (odd), 1–98",not named by the source,"""Field Level sections include even-numbered sections below 100 (e.g., 20, 40, etc.)""; ""Field Boxes (Sections 16–58) These sections are located around the infield"".",0,behind home plate,"1-29, EAL",EAL,"Stairway aisles run along both side edges of the section; rows are not split by a mid-row aisle, so seat numbers run continuously from one side aisle to the other. The entry portal is at row EAL.","Facing the field, seat 1 is on your right. That puts seat 1 on the edge facing section 36, with seat numbers counting up toward the edge facing section 40. This section is behind home plate, so seat 1 is on its first-base side.",not published,"""Top Pick for Outstanding Convenience Rows 24""; ""Top Pick for Great Views of the Field Rows 20-29""; ""Home Plate View""; ""Rows 1-29, EAL"". ""Rows 24 are recommended for outstanding convenience""; ""Rows 20-29 are recommended for great views of the field""; ""Desirable view from behind home plate"". ""Most Field Level sections contain approximately 25–30 rows, with Row 1 located at the front of the section"" — this confirms Row 1 is the FRONT row at Field Level, and by implication that EAL (the entrance row) is at the BACK.","MEDIUM - rows confirmed, ticket zone not named by the source"
39,"Field Level (even) and Terrace Level (odd), 1–98",not named by the source,"""Odd-Numbered Lower Level Sections: Terrace Level seats are the odd-numbered sections on the lower level of Camden Yards."" ""On the Orioles seating chart, Terrace Level sections are the odd-numbered sections on the lower seating bowl."" Position implied only by ""Home Plate View"" / ""Desirable view from behind home plate"".",0,behind home plate,1-6,1,"Stairway aisles run along both side edges of the section; rows are not split by a mid-row aisle, so seat numbers run continuously from one side aisle to the other. The entry portal is at row 1.","Facing the field, seat 1 is on your right. That puts seat 1 on the edge facing section 37, with seat numbers counting up toward the edge facing section 43. This section is behind home plate, so seat 1 is on its first-base side.",not published,"""Top Pick for Outstanding Convenience Rows 1-5""; ""Home Plate View""; ""Shaded For Day Games""; ""Rows 1-6"". ""Rows 1-5 are recommended for outstanding convenience""; ""Desirable view from behind home plate""; ""All seats in this section are shaded during most day games"". Same 33-39 shade tension noted for 33/35/37.","MEDIUM - rows confirmed, ticket zone not named by the source"
40,"Field Level (even) and Terrace Level (odd), 1–98",not named by the source,"""Field Level sections include even-numbered sections below 100 (e.g., 20, 40, etc.)""; ""Field Boxes (Sections 16–58) These sections are located around the infield"".",0,toward third base / left field,"1-29, EAL",EAL,"Stairway aisles run along both side edges of the section; rows are not split by a mid-row aisle, so seat numbers run continuously from one side aisle to the other. The entry portal is at row EAL.","Facing the field, seat 1 is on your right. That puts seat 1 on the edge facing section 38, with seat numbers counting up toward the edge facing section 42. This section is behind home plate, so seat 1 is on its first-base side.",not published,"""Top Pick for Great Views of the Field Rows 20-29""; ""Home Plate View""; ""Rows 1-29, EAL"". ""Rows 20-29 are recommended for great views of the field""; ""Desirable view from behind home plate"". ""Awesome seats for a great price!"" (Sec 40 / Row 25, Jul 13, 2024); ""Awesome seats."" (Sec 40 / Row 25, Jul 13, 2024). No ticket-identifier variance mentioned.","MEDIUM - rows confirmed, ticket zone not named by the source"
42,"Field Level (even) and Terrace Level (odd), 1–98",not named by the source,not stated by the source,1,toward third base / left field,"1-29, EAL",EAL,"Stairway aisles run along both side edges of the section; rows are not split by a mid-row aisle, so seat numbers run continuously from one side aisle to the other. The entry portal is at row EAL.","Facing the field, seat 1 is on your right. That puts seat 1 on the edge facing section 40, with seat numbers counting up toward the edge facing section 44. Seat 1 is the end of the row closest to home plate, and higher seat numbers run away from home plate.",not published,"""Top Pick for Great Views of the Field Rows 20-29""; ""Home Plate View""; ""Rows 1-29, EAL"". ""Rows 20-29 are recommended for great views of the field""; ""Desirable view from behind home plate"". the page serves primarily generic Field Level zone content; only the row/entrance/insight data is section-specific.","MEDIUM - rows confirmed, ticket zone not named by the source"
43,"Field Level (even) and Terrace Level (odd), 1–98",not named by the source,"""Odd-Numbered Lower Level Sections: Terrace Level seats are the odd-numbered sections on the lower level of Camden Yards."" ""On the Orioles seating chart, Terrace Level sections are the odd-numbered sections on the lower seating bowl."" Position implied only by ""Home Plate View"" / ""Desirable view from behind home plate""; a fan independently says it is ""Fairly close to home plate"".",1,toward third base / left field,1-13,1,"Stairway aisles run along both side edges of the section; rows are not split by a mid-row aisle, so seat numbers run continuously from one side aisle to the other. The entry portal is at row 1.","Facing the field, seat 1 is on your right. That puts seat 1 on the edge facing section 39, with seat numbers counting up toward the edge facing section 45. Seat 1 is the end of the row closest to home plate, and higher seat numbers run away from home plate.",not published,"""Home Plate View""; ""Shaded For Day Games""; ""Rows 1-13"". ""Desirable view from behind home plate""; ""All seats in this section are shaded during most day games"". ""Fairly close to home plate, but due to the overhang from the deck above us, it was like watching the game through a tunnel. Couldn't see the scoreboard, or fly balls."" Note also that 43 has 13 rows, unlike the six-row 33-39 block.","MEDIUM - rows confirmed, ticket zone not named by the source"
44,"Field Level (even) and Terrace Level (odd), 1–98",not named by the source,"""Field Level seating at Oriole Park at Camden Yards includes the lower bowl sections closest to the field."" ""Field Boxes (Sections 16–58) These sections are located around the infield"".",2,toward third base / left field,"1-29, EAL",EAL,"Stairway aisles run along both side edges of the section; rows are not split by a mid-row aisle, so seat numbers run continuously from one side aisle to the other. The entry portal is at row EAL.","Facing the field, seat 1 is on your right. That puts seat 1 on the edge facing section 42, with seat numbers counting up toward the edge facing section 46. Seat 1 is the end of the row closest to home plate, and higher seat numbers run away from home plate.",not published,"""Top Pick for Great Views of the Field Rows 20-29""; ""Rows 1-29, EAL"". ""Rows 20-29 are recommended for great views of the field"". Section 44 is NOT tagged ""Home Plate View"" — the home-plate tag block in this batch runs 31-43 and stops before 44, which is a useful boundary marker for where the behind-the-plate arc ends on the third-base side.","MEDIUM - rows confirmed, ticket zone not named by the source"
45,"Field Level (even) and Terrace Level (odd), 1–98",not named by the source,not stated by the source,2,toward third base / left field,1-13,1,"Stairway aisles run along both side edges of the section; rows are not split by a mid-row aisle, so seat numbers run continuously from one side aisle to the other. The entry portal is at row 1.","Facing the field, seat 1 is on your right. That puts seat 1 on the edge facing section 43, with seat numbers counting up toward the edge facing section 47. Seat 1 is the end of the row closest to home plate, and higher seat numbers run away from home plate.",not published,"""Rows 2 & Above - Covered""; ""Rows 1-13"". ""Rows 2 and above are under cover"". Fan review, Section 45 Row 12 ""Not a great view... top structure blocks view and flyballs"" - an obstruction/overhang complaint from a fan, not a site-published obstruction line.","MEDIUM - rows confirmed, ticket zone not named by the source"
46,"Field Level (even) and Terrace Level (odd), 1–98",not named by the source,"""Field Level seats are ideal for fans who want to sit as close to the field as possible at Camden Yards"".",3,toward third base / left field,"1-27, EAL",EAL,"Stairway aisles run along both side edges of the section; rows are not split by a mid-row aisle, so seat numbers run continuously from one side aisle to the other. The entry portal is at row EAL.","Facing the field, seat 1 is on your right. That puts seat 1 on the edge facing section 44, with seat numbers counting up toward the edge facing section 48. Seat 1 is the end of the row closest to home plate, and higher seat numbers run away from home plate.",not published,"""Rows 1-27, EAL"". Fan review, Sec 46 / Row 10 ""Great view of infield, felt like you were part of the action."" (5 stars) - the only locational hint on the page, and it comes from a fan, not the site.","MEDIUM - rows confirmed, ticket zone not named by the source"
47,"Field Level (even) and Terrace Level (odd), 1–98",not named by the source,"The only locating statement is inside a Q&A answer ""This section is located between the Red Sox (visitor) dugout and home plate, and row 10 is roughly 40 rows from the field."" Note the answer names the visiting club as the Red Sox, i.e. it was written for one specific opponent. ""Terrace Level seats are the odd-numbered sections on the lower level of Camden Yards""; ""The first row sits 25-30 rows behind the field"".",3,toward third base / left field,1-13,1,"Stairway aisles run along both side edges of the section; rows are not split by a mid-row aisle, so seat numbers run continuously from one side aisle to the other. The entry portal is at row 1.","Facing the field, seat 1 is on your right. That puts seat 1 on the edge facing section 45, with seat numbers counting up toward the edge facing section 49. Seat 1 is the end of the row closest to home plate, and higher seat numbers run away from home plate.",not published,"""Rows 2 & Above - Covered""; ""Rows 1-13"". ""Rows 2 and above are under cover"". Full Q&A - Question: ""Is the view from Row 10 of Section 47 at Camden Yards good?"" ""Row 10 of Section 47 will provide an excellent view of the game. This section is located between the Red Sox (visitor) dugout and home plate, and row 10 is roughly 40 rows from the field. This combination of home plate view and elevation offers quality and comfortable sitelines. These seats are also covered by the 200 level overhang so you will be dry in the event or rain. Fortunately, in row 10 the overhang does not obstruct the view like it does it some higher rows."" .","MEDIUM - rows confirmed, ticket zone not named by the source"
48,"Field Level (even) and Terrace Level (odd), 1–98",not named by the source,"""These seats are located behind the visitor dugout"" (Seating Notes).",4,toward third base / left field,"1-24, EAL",EAL,"Stairway aisles run along both side edges of the section; rows are not split by a mid-row aisle, so seat numbers run continuously from one side aisle to the other. The entry portal is at row EAL.","Facing the field, seat 1 is on your right. That puts seat 1 on the edge facing section 46, with seat numbers counting up toward the edge facing section 50. Seat 1 is the end of the row closest to home plate, and higher seat numbers run away from home plate.",not published,"""Top Pick for Visiting Team Fans Rows 1-10""; ""Rows 1-24, EAL"". ""These seats are located behind the visitor dugout""; ""Rows 1-10 are recommended for visiting team fans"". ""Row 1 is the first row behind the visitor's dugout in Section 48."" a five-star review dated June 15, 2025 from Section 48, Row 16.","MEDIUM - rows confirmed, ticket zone not named by the source"
49,"Field Level (even) and Terrace Level (odd), 1–98",not named by the source,"""Terrace Level sections are the odd-numbered sections on the lower seating bowl""; ""These seats sit behind the Field Level sections""; ""Elevated Lower Bowl Views: The first row sits 25-30 rows behind the field"". Additional ""Most sections sit under the Club Level overhang"".",4,toward third base / left field,1-13,1,"Stairway aisles run along both side edges of the section; rows are not split by a mid-row aisle, so seat numbers run continuously from one side aisle to the other. The entry portal is at row 1.","Facing the field, seat 1 is on your right. That puts seat 1 on the edge facing section 47, with seat numbers counting up toward the edge facing section 53. Seat 1 is the end of the row closest to home plate, and higher seat numbers run away from home plate.",not published,"""Rows 2 & Above - Covered""; ""Rows 1-13"". ""Rows 2 and above are under cover"". ""Most sections sit under the Club Level overhang"". Fan review quotes ""They were just under the overhang, so if it was raining we would have been covered""; ""We appreciated the shade and cool breeze as well"".","MEDIUM - rows confirmed, ticket zone not named by the source"
50,"Field Level (even) and Terrace Level (odd), 1–98",not named by the source,"""These seats are located behind the visitor dugout"" (Seating Notes).",5,toward third base / left field,"1-24, EAL",EAL,"Stairway aisles run along both side edges of the section; rows are not split by a mid-row aisle, so seat numbers run continuously from one side aisle to the other. The entry portal is at row EAL.","Facing the field, seat 1 is on your right. That puts seat 1 on the edge facing section 48, with seat numbers counting up toward the edge facing section 52. Seat 1 is the end of the row closest to home plate, and higher seat numbers run away from home plate.",not published,"""Top Pick for Visiting Team Fans"" for ""Rows 1-10""; ""Rows 1-24, EAL"". ""These seats are located behind the visitor dugout""; ""Rows 1-10 are recommended for visiting team fans"". Fan review ""Row 1 is the first row behind the visitor's dugout in Section 50.""","MEDIUM - rows confirmed, ticket zone not named by the source"
52,"Field Level (even) and Terrace Level (odd), 1–98",not named by the source,"""These seats are located behind the visitor dugout"" (Seating Notes).",6,toward third base / left field,"1-24, EAL",EAL,"Stairway aisles run along both side edges of the section; rows are not split by a mid-row aisle, so seat numbers run continuously from one side aisle to the other. The entry portal is at row EAL.","Facing the field, seat 1 is on your right. That puts seat 1 on the edge facing section 50, with seat numbers counting up toward the edge facing section 54. Seat 1 is the end of the row closest to home plate, and higher seat numbers run away from home plate.",not published,"""Top Pick for Visiting Team Fans - Rows 1-10""; ""Rows 1-24, EAL"". ""These seats are located behind the visitor dugout""; ""Rows 1-10 are recommended for visiting team fans"". ""Row 1 is the first row behind the visitor's dugout in Section 52."" ""Sec 52 / Row 15 Seats 6-7"" (five stars) and ""Sec 52 / Row 4"" - ""Awesome!"" (five stars).","MEDIUM - rows confirmed, ticket zone not named by the source"
53,"Field Level (even) and Terrace Level (odd), 1–98",not named by the source,"""Terrace Level sections are the odd-numbered sections on the lower seating bowl""; ""These seats sit behind the Field Level sections""; ""Elevated Lower Bowl Views: The first row sits 25-30 rows behind the field"".",5,toward third base / left field,1-13,1,"Stairway aisles run along both side edges of the section; rows are not split by a mid-row aisle, so seat numbers run continuously from one side aisle to the other. The entry portal is at row 1.","Facing the field, seat 1 is on your right. That puts seat 1 on the edge facing section 49, with seat numbers counting up toward the edge facing section 55. Seat 1 is the end of the row closest to home plate, and higher seat numbers run away from home plate.",not published,"""Rows 2 & Above - Covered""; ""Rows 1-13"". ""Rows 2 and above are under cover"". ""Can't see anything not hit on the ground... you can't see the ball fly from these seats because of the low ceiling from the section above you.""","MEDIUM - rows confirmed, ticket zone not named by the source"
54,"Field Level (even) and Terrace Level (odd), 1–98",not named by the source,"""Field Level seats are ideal for fans who want to sit as close to the field as possible at Camden Yards"".",7,toward third base / left field,"1-27, EAL"". Corroborated inside the Q&A: ""There are 27 rows in section 54""",EAL,"Stairway aisles run along both side edges of the section; rows are not split by a mid-row aisle, so seat numbers run continuously from one side aisle to the other. The entry portal is at row EAL.","Facing the field, seat 1 is on your right. That puts seat 1 on the edge facing section 52, with seat numbers counting up toward the edge facing section 56. Seat 1 is the end of the row closest to home plate, and higher seat numbers run away from home plate.","""each of them have 12 seats"" (Q&A, for all 27 rows of Section 54)","""Rows 1-27, EAL"".","MEDIUM - rows confirmed, ticket zone not named by the source"
55,"Field Level (even) and Terrace Level (odd), 1–98",not named by the source,"""Terrace Level sections are the odd-numbered sections on the lower seating bowl""; ""These seats sit behind the Field Level sections""; ""Elevated Lower Bowl Views: The first row sits 25-30 rows behind the field"".",6,toward third base / left field,1-13,1,"Stairway aisles run along both side edges of the section; rows are not split by a mid-row aisle, so seat numbers run continuously from one side aisle to the other. The entry portal is at row 1.","Facing the field, seat 1 is on your right. That puts seat 1 on the edge facing section 53, with seat numbers counting up toward the edge facing section 59. Seat 1 is the end of the row closest to home plate, and higher seat numbers run away from home plate.",not published,"""Rows 2 & Above - Covered""; ""Rows 1-13"". ""Rows 2 and above are under cover"". Fan review quotes ""Good view of field, felt close to infield""; ""the seats are undercover if it rains""; ""no one is behind you which is a plus""; ""Very comfortable and away from all of the weather elements"".","MEDIUM - rows confirmed, ticket zone not named by the source"
56,"Field Level (even) and Terrace Level (odd), 1–98",not named by the source,"""Field Level seats are ideal for fans who want to sit as close to the field as possible at Camden Yards"".",8,toward third base / left field,"1-29, EAL",EAL,"Stairway aisles run along both side edges of the section; rows are not split by a mid-row aisle, so seat numbers run continuously from one side aisle to the other. The entry portal is at row EAL.","Facing the field, seat 1 is on your right. That puts seat 1 on the edge facing section 54, with seat numbers counting up toward the edge facing section 58. Seat 1 is the end of the row closest to home plate, and higher seat numbers run away from home plate.",not published,"""Rows 1-29, EAL"". ""Unfortunately none of the seats in Section 56 will be covered by the overhanging 200 level seating deck above."" Fan review, Row 29 ""These seats gave you a great view of the field, but kept us out of the direct sun. Lots of foul balls in the area, and close to the concourse."" the site says no seat in 56 is covered by the 200 level deck, while a Row 29 fan says the seats ""kept us out of the direct sun"".","MEDIUM - rows confirmed, ticket zone not named by the source"
58,"Field Level (even) and Terrace Level (odd), 1–98",not named by the source,"""Field Boxes (Sections 16-58) These sections are located around the infield."" That range statement includes 58 as its top end, so it is the closest thing to a location for this section.",9,toward third base / left field,"1-29, EAL",EAL,"Stairway aisles run along both side edges of the section; rows are not split by a mid-row aisle, so seat numbers run continuously from one side aisle to the other. The entry portal is at row EAL.","Facing the field, seat 1 is on your right. That puts seat 1 on the edge facing section 56, with seat numbers counting up toward the edge facing section 60. Seat 1 is the end of the row closest to home plate, and higher seat numbers run away from home plate.",not published,"""Rows 1-29, EAL"". ""Field Boxes (Sections 16-58) These sections are located around the infield.""; ""Field Level seats are ideal for fans who want to sit as close to the field as possible at Camden Yards.""; ""Field Boxes feature padded chairs and offer some of the best sightlines in the stadium."" It implies even sections 60 and above (60, 62, 64, 66 in this batch) fall OUTSIDE the Field Box range and into whatever sub-zone follows, but the page does not name that sub-zone, so it stays","MEDIUM - rows confirmed, ticket zone not named by the source"
59,"Field Level (even) and Terrace Level (odd), 1–98",not named by the source,"""Nearly all Terrace Level seats are protected by the Club Level overhang.""",7,toward third base / left field,1-13,1,"Stairway aisles run along both side edges of the section; rows are not split by a mid-row aisle, so seat numbers run continuously from one side aisle to the other. The entry portal is at row 1.","Facing the field, seat 1 is on your right. That puts seat 1 on the edge facing section 55, with seat numbers counting up toward the edge facing section 61. Seat 1 is the end of the row closest to home plate, and higher seat numbers run away from home plate.",not published,"""Rows 1-5 are recommended for outstanding convenience""; ""Rows 2 and above are under cover""; ""Related Seating: Terrace Level"". Amenities text ""These seats were hand-selected for being close to a wide-range of amenities. They are within five rows of the concourse (fewer stairs) and there is a men's restroom, women's restroom and concessions near this section."" ""Nearly all Terrace Level seats are protected by the Club Level overhang.""","MEDIUM - rows confirmed, ticket zone not named by the source"
60,"Field Level (even) and Terrace Level (odd), 1–98",not named by the source,"""Field Level seats are ideal for fans who want to sit as close to the field as possible at Camden Yards"".",10,toward third base / left field,"1-27, EAL",EAL,"Stairway aisles run along both side edges of the section; rows are not split by a mid-row aisle, so seat numbers run continuously from one side aisle to the other. The entry portal is at row EAL.","Facing the field, seat 1 is on your right. That puts seat 1 on the edge facing section 58, with seat numbers counting up toward the edge facing section 62. Seat 1 is the end of the row closest to home plate, and higher seat numbers run away from home plate.",not published,"""Top Pick for Outstanding Convenience"" and ""Rows 24"". ""Rows 24 are recommended for outstanding convenience"". the convenience-row value reads as a bare ""Rows 24"" where every comparable section prints a range (e.g. Section 59/61 ""Rows 1-5""); this may be a truncated range on the page or in extraction. Recorded exactly as read; the true range is UNKNOWN and should not be assumed.","MEDIUM - rows confirmed, ticket zone not named by the source"
61,"Field Level (even) and Terrace Level (odd), 1–98",not named by the source,"""Terrace Level sections are the odd-numbered sections on the lower seating bowl""; ""These seats sit behind the Field Level sections""; ""Elevated Lower Bowl Views: The first row sits 25-30 rows behind the field"".",8,toward third base / left field,1-13,1,"Stairway aisles run along both side edges of the section; rows are not split by a mid-row aisle, so seat numbers run continuously from one side aisle to the other. The entry portal is at row 1.","Facing the field, seat 1 is on your right. That puts seat 1 on the edge facing section 59, with seat numbers counting up toward the edge facing section 65. Seat 1 is the end of the row closest to home plate, and higher seat numbers run away from home plate.",not published,"""Top Pick for Outstanding Convenience - Rows 1-5""; ""Rows 2 & Above - Covered""; ""Rows 1-13"". ""Rows 1-5 are recommended for outstanding convenience""; ""Rows 2 and above are under cover"". Fan review ""First row under overhang so shaded during day games. Easy to access, concessions nearby, no view obstructions, great view"". NOTE the explicit fan statement of NO obstruction here, which stands against the overhang-obstruction complaints logged in this batch at Sections 45, 47 (higher rows) and 53 - the difference in every case is row depth.","MEDIUM - rows confirmed, ticket zone not named by the source"
62,"Field Level (even) and Terrace Level (odd), 1–98",not named by the source,"""Field Level seats are ideal for fans who want to sit as close to the field as possible at Camden Yards"". The page does not describe Section 62's position relative to bases, dugouts or field areas.",11,toward third base / left field,"1-27, EAL",EAL,"Stairway aisles run along both side edges of the section; rows are not split by a mid-row aisle, so seat numbers run continuously from one side aisle to the other. The entry portal is at row EAL.","Facing the field, seat 1 is on your right. That puts seat 1 on the edge facing section 60, with seat numbers counting up toward the edge facing section 64. Seat 1 is the end of the row closest to home plate, and higher seat numbers run away from home plate.",not published,"""Rows 1-27, EAL"".","MEDIUM - rows confirmed, ticket zone not named by the source"
64,"Field Level (even) and Terrace Level (odd), 1–98",not named by the source,not stated by the source,12,toward third base / left field,"1-27, EAL",EAL,"Stairway aisles run along both side edges of the section; rows are not split by a mid-row aisle, so seat numbers run continuously from one side aisle to the other. The entry portal is at row EAL.","Facing the field, seat 1 is on your right. That puts seat 1 on the edge facing section 62, with seat numbers counting up toward the edge facing section 66. Seat 1 is the end of the row closest to home plate, and higher seat numbers run away from home plate.",not published,"""Rows 1-27, EAL"". ""Fans sitting in the infield sections will enjoy clear views of home plate, the pitcher's mound, and the dugouts."" and ""Orioles Dugout Located behind Sections 22, 24, and 26.""","MEDIUM - rows confirmed, ticket zone not named by the source"
65,"Field Level (even) and Terrace Level (odd), 1–98",not named by the source,"Treated as extraction error, not as a source statement; recorded here so it is not mistaken for evidence later.",9,toward third base / left field,1-13,1,"Stairway aisles run along both side edges of the section; rows are not split by a mid-row aisle, so seat numbers run continuously from one side aisle to the other. The entry portal is at row 1.","Facing the field, seat 1 is on your right. That puts seat 1 on the edge facing section 61, with seat numbers counting up toward the edge facing section 67. Seat 1 is the end of the row closest to home plate, and higher seat numbers run away from home plate.",not published,"""Rows 2 & Above - Covered""; ""Rows 1-13"". ""Rows 2 and above are under cover"". Fan review, ALDS game 8 October 2023, Row 6 ""Great seats. Like all sporting events, food and drink is way over priced. Parking lot fees were crazy."" (no sightline content). See the `location` field for a flagged extraction artefact that would, if believed, invert this section onto the first-base side - it is NOT on the page and should not be carried forward.","MEDIUM - rows confirmed, ticket zone not named by the source"
66,"Field Level (even) and Terrace Level (odd), 1–98",not named by the source,not stated by the source,13,toward third base / left field,"1-27, EAL",EAL,"Stairway aisles run along both side edges of the section; rows are not split by a mid-row aisle, so seat numbers run continuously from one side aisle to the other. The entry portal is at row EAL.","Facing the field, seat 1 is on your right. That puts seat 1 on the edge facing section 64, with seat numbers counting up toward the edge facing section 68. Seat 1 is the end of the row closest to home plate, and higher seat numbers run away from home plate.",not published,"""Rows 1-27, EAL"". Fan review ""You get to see the whole park."" - a wide-angle remark consistent with an outfield-ward section, but it names no landmark and is not treated as locating evidence.","MEDIUM - rows confirmed, ticket zone not named by the source"
67,"Field Level (even) and Terrace Level (odd), 1–98",not named by the source,"""Terrace Level sections are the odd-numbered sections on the lower seating bowl""; ""These seats sit behind the Field Level sections""; ""Elevated Lower Bowl Views: The first row sits 25-30 rows behind the field"".",10,toward third base / left field,1-13,1,"Stairway aisles run along both side edges of the section; rows are not split by a mid-row aisle, so seat numbers run continuously from one side aisle to the other. The entry portal is at row 1.","Facing the field, seat 1 is on your right. That puts seat 1 on the edge facing section 65, with seat numbers counting up toward the edge facing section 69. Seat 1 is the end of the row closest to home plate, and higher seat numbers run away from home plate.",not published,"""Rows 2 & Above - Covered""; ""Rows 1-13"". ""Rows 2 and above are under cover"". Fan reviews ""Seats were amazing. In the shade while it was scorching hot.""; ""Shielded from rain on a rainy day."" Both corroborate the printed ""Rows 2 and above are under cover"" note.","MEDIUM - rows confirmed, ticket zone not named by the source"
68,"Field Level (even) and Terrace Level (odd), 1–98",Field Level,"""Field Level sections include even-numbered sections below 100 (e.g., 20, 40, etc.)"" and ""Field Boxes (Sections 16-58)"" / ""Sections 22-26 sit behind the Orioles dugout, while Sections 48-52 sit behind the visitor dugout."" This section falls OUTSIDE the stated 16-58 Field Boxes range; no source sentence places it more precisely.",14,toward third base / left field,"1-27, EAL",EAL,"Stairway aisles run along both side edges of the section; rows are not split by a mid-row aisle, so seat numbers run continuously from one side aisle to the other. The entry portal is at row EAL.","Facing the field, seat 1 is on your right. That puts seat 1 on the edge facing section 66, with seat numbers counting up toward the edge facing section 70. Seat 1 is the end of the row closest to home plate, and higher seat numbers run away from home plate.",not published,"The page states no shade note for this section. Generic Field Level text says ""Most sections feature 25-30 rows with Row 1 at the front and accessible seating near the back.""","HIGH - zone, rows, location and seat direction stated by the source"
69,"Field Level (even) and Terrace Level (odd), 1–98",Terrace Level,"""Odd-Numbered Lower Level Sections: Terrace Level seats are the odd-numbered sections on the lower level of Camden Yards."" and ""These seats sit behind the Field Level sections, providing a slightly elevated perspective of the field."" The Terrace Level zone page names only ""Sections 33-39 behind home plate"", ""Sections 1-9 in right field"" and ""Terrace sections 43-65, which tend to provide the best shade during afternoon games"" - this section is not placed by any of those.",11,toward third base / left field,1-13,1,"Stairway aisles run along both side edges of the section; rows are not split by a mid-row aisle, so seat numbers run continuously from one side aisle to the other. The entry portal is at row 1.","Facing the field, seat 1 is on your right. That puts seat 1 on the edge facing section 67, with seat numbers counting up toward the edge facing section 71. Seat 1 is the end of the row closest to home plate, and higher seat numbers run away from home plate.",not published,"Cover/shade ""Rows 2 & Above - Covered""; ""Rows 2 and above are under cover""; ""Most Terrace Level sections sit under the Club Level overhang, helping shield fans from both sun and rain."" entrance is at Row 1 (the front), not at an ""EAL"" row.","HIGH - zone, rows, location and seat direction stated by the source"
70,"Field Level (even) and Terrace Level (odd), 1–98",Field Level,"""Field Level sections include even-numbered sections below 100 (e.g., 20, 40, etc.)"" and ""Field Boxes (Sections 16-58)"" / ""Sections 22-26 sit behind the Orioles dugout, while Sections 48-52 sit behind the visitor dugout."" This section falls OUTSIDE the stated 16-58 Field Boxes range; no source sentence places it more precisely.",15,toward third base / left field,"1-27, EAL",EAL,"Stairway aisles run along both side edges of the section; rows are not split by a mid-row aisle, so seat numbers run continuously from one side aisle to the other. The entry portal is at row EAL.","Facing the field, seat 1 is on your right. That puts seat 1 on the edge facing section 68, with seat numbers counting up toward the edge facing section 72. Seat 1 is the end of the row closest to home plate, and higher seat numbers run away from home plate.",not published,"FAN REVIEW ""This seat is right up against the angled 3rd base wall. The seat is at an angle to the wall and so close that the seat bottom hits the wall when you put it down."" and ""There is no place to put your legs unless you are under 4' tall."" this reviewer places Section 70 against ""the angled 3rd base wall"", i.e. on the third-base/left-field-line side. This is a fan comment about one seat, not a published obstruction note.","HIGH - zone, rows, location and seat direction stated by the source"
71,"Field Level (even) and Terrace Level (odd), 1–98",Terrace Level,"""Odd-Numbered Lower Level Sections: Terrace Level seats are the odd-numbered sections on the lower level of Camden Yards."" and ""These seats sit behind the Field Level sections, providing a slightly elevated perspective of the field."" The Terrace Level zone page names only ""Sections 33-39 behind home plate"", ""Sections 1-9 in right field"" and ""Terrace sections 43-65, which tend to provide the best shade during afternoon games"" - this section is not placed by any of those.",12,toward third base / left field,1-13,1,"Stairway aisles run along both side edges of the section; rows are not split by a mid-row aisle, so seat numbers run continuously from one side aisle to the other. The entry portal is at row 1.","Facing the field, seat 1 is on your right. That puts seat 1 on the edge facing section 69, with seat numbers counting up toward the edge facing section 73. Seat 1 is the end of the row closest to home plate, and higher seat numbers run away from home plate.",not published,"Cover/shade ""Rows 2 & Above - Covered""; ""Rows 2 and above are under cover""; ""Most Terrace Level sections sit under the Club Level overhang, helping shield fans from both sun and rain.""","HIGH - zone, rows, location and seat direction stated by the source"
72,"Field Level (even) and Terrace Level (odd), 1–98",Field Level,"""Field Level sections include even-numbered sections below 100 (e.g., 20, 40, etc.)"" and ""Field Boxes (Sections 16-58)"" / ""Sections 22-26 sit behind the Orioles dugout, while Sections 48-52 sit behind the visitor dugout."" This section falls OUTSIDE the stated 16-58 Field Boxes range; no source sentence places it more precisely.",16,toward third base / left field,"4-27, EAL",EAL,"Stairway aisles run along both side edges of the section; rows are not split by a mid-row aisle, so seat numbers run continuously from one side aisle to the other. The entry portal is at row EAL.","Facing the field, seat 1 is on your right. That puts seat 1 on the edge facing section 70, with seat numbers counting up toward the edge facing section 74. Seat 1 is the end of the row closest to home plate, and higher seat numbers run away from home plate.",not published,"the row sequence starts at Row 4, not Row 1 (""Rows in Section 72 are labeled 4-27, EAL"") - rows 1-3 are absent. Neighbouring even sections 68, 70 are labeled 1-27.","HIGH - zone, rows, location and seat direction stated by the source"
73,"Field Level (even) and Terrace Level (odd), 1–98",Terrace Level,"""Odd-Numbered Lower Level Sections: Terrace Level seats are the odd-numbered sections on the lower level of Camden Yards."" and ""These seats sit behind the Field Level sections, providing a slightly elevated perspective of the field."" The Terrace Level zone page names only ""Sections 33-39 behind home plate"", ""Sections 1-9 in right field"" and ""Terrace sections 43-65, which tend to provide the best shade during afternoon games"" - this section is not placed by any of those.",13,toward third base / left field,1-13,1,"Stairway aisles run along both side edges of the section; rows are not split by a mid-row aisle, so seat numbers run continuously from one side aisle to the other. The entry portal is at row 1.","Facing the field, seat 1 is on your right. That puts seat 1 on the edge facing section 71, with seat numbers counting up toward the edge facing section 75. Seat 1 is the end of the row closest to home plate, and higher seat numbers run away from home plate.",not published,"Cover/shade ""Rows 2 & Above - Covered""; ""Rows 2 and above are under cover""; ""Most Terrace Level sections sit under the Club Level overhang, helping shield fans from both sun and rain."" FAN REVIEW ""You cannot see the scoreboard and the sound system in this section does not work so you cannot hear anything that is going on. There are also no cup holders for some reason."" a fan reports the scoreboard is not visible from this section.","HIGH - zone, rows, location and seat direction stated by the source"
74,"Field Level (even) and Terrace Level (odd), 1–98",Field Level,"""Field Level sections include even-numbered sections below 100 (e.g., 20, 40, etc.)"" and ""Field Boxes (Sections 16-58)"" / ""Sections 22-26 sit behind the Orioles dugout, while Sections 48-52 sit behind the visitor dugout."" This section falls OUTSIDE the stated 16-58 Field Boxes range; no source sentence places it more precisely.",17,toward third base / left field,"1-23, EAL",EAL,"Stairway aisles run along both side edges of the section; rows are not split by a mid-row aisle, so seat numbers run continuously from one side aisle to the other. The entry portal is at row EAL.","Facing the field, seat 1 is on your right. That puts seat 1 on the edge facing section 72, with seat numbers counting up toward the edge facing section 76. Seat 1 is the end of the row closest to home plate, and higher seat numbers run away from home plate.","Verbatim: ""Most rows in Section 74 have 16 seats per row. The only exceptions are row 1 (13 seats), and the last row, which includes spaces for wheelchairs and companion seating.""",,"HIGH - zone, rows, location and seat direction stated by the source"
75,"Field Level (even) and Terrace Level (odd), 1–98",Terrace Level,"""Odd-Numbered Lower Level Sections: Terrace Level seats are the odd-numbered sections on the lower level of Camden Yards."" and ""These seats sit behind the Field Level sections, providing a slightly elevated perspective of the field."" The Terrace Level zone page names only ""Sections 33-39 behind home plate"", ""Sections 1-9 in right field"" and ""Terrace sections 43-65, which tend to provide the best shade during afternoon games"" - this section is not placed by any of those.",14,toward third base / left field,1-13,1,"Stairway aisles run along both side edges of the section; rows are not split by a mid-row aisle, so seat numbers run continuously from one side aisle to the other. The entry portal is at row 1.","Facing the field, seat 1 is on your right. That puts seat 1 on the edge facing section 73, with seat numbers counting up toward the edge facing section 77. Seat 1 is the end of the row closest to home plate, and higher seat numbers run away from home plate.",not published,"""Top Pick for Outstanding Convenience - Rows 1-5""; ""Rows 1-5 are recommended for outstanding convenience""; ""Rows 2 & Above - Covered""; ""Rows 2 and above are under cover"". ""The first row sits 25-30 rows behind the field, offering a comfortable viewing height.""","HIGH - zone, rows, location and seat direction stated by the source"
76,"Field Level (even) and Terrace Level (odd), 1–98",Field Level,"""Field Level sections include even-numbered sections below 100 (e.g., 20, 40, etc.)"" and ""Field Boxes (Sections 16-58)"" / ""Sections 22-26 sit behind the Orioles dugout, while Sections 48-52 sit behind the visitor dugout."" This section falls OUTSIDE the stated 16-58 Field Boxes range; no source sentence places it more precisely.",18,toward third base / left field,"1-23, EAL",EAL,"Stairway aisles run along both side edges of the section; rows are not split by a mid-row aisle, so seat numbers run continuously from one side aisle to the other. The entry portal is at row EAL.","Facing the field, seat 1 is on your right. That puts seat 1 on the edge facing section 74, with seat numbers counting up toward the edge facing section 78. Seat 1 is the end of the row closest to home plate, and higher seat numbers run away from home plate.","Verbatim: ""Section 76 Row 6 has a total of 16 seats"" (stated for Row 6 only).","""Top Pick for Outstanding Convenience Rows 24""; ""Rows 24 are recommended for outstanding convenience"". that ""Rows 24"" recommendation is inconsistent with the stated row range for this section (""Rows in Section 76 are labeled 1-23, EAL"") - Row 24 is not in the labelled range. Seat-view photo on the page is dated ""Feb 2026"", so the page content is current for the 2026 season.","HIGH - zone, rows, location and seat direction stated by the source"
77,"Field Level (even) and Terrace Level (odd), 1–98",Terrace Level,"""Odd-Numbered Lower Level Sections: Terrace Level seats are the odd-numbered sections on the lower level of Camden Yards."" and ""These seats sit behind the Field Level sections, providing a slightly elevated perspective of the field."" The Terrace Level zone page names only ""Sections 33-39 behind home plate"", ""Sections 1-9 in right field"" and ""Terrace sections 43-65, which tend to provide the best shade during afternoon games"" - this section is not placed by any of those.",15,toward third base / left field,1-13,1,"Stairway aisles run along both side edges of the section; rows are not split by a mid-row aisle, so seat numbers run continuously from one side aisle to the other. The entry portal is at row 1.","Facing the field, seat 1 is on your right. That puts seat 1 on the edge facing section 75, with seat numbers counting up toward the edge facing section 79. Seat 1 is the end of the row closest to home plate, and higher seat numbers run away from home plate.",not published,"""Top Pick for Outstanding Convenience - Rows 1-5""; ""Rows 2 & Above - Covered""; ""Most Terrace Level sections sit under the Club Level overhang, helping shield fans from both sun and rain.""","HIGH - zone, rows, location and seat direction stated by the source"
78,"Field Level (even) and Terrace Level (odd), 1–98",Field Level,"""Field Level sections include even-numbered sections below 100 (e.g., 20, 40, etc.)"" and ""Field Boxes (Sections 16-58)"" / ""Sections 22-26 sit behind the Orioles dugout, while Sections 48-52 sit behind the visitor dugout."" This section falls OUTSIDE the stated 16-58 Field Boxes range; no source sentence places it more precisely.",19,toward third base / left field,"1-13, EAL",EAL,"Stairway aisles run along both side edges of the section; rows are not split by a mid-row aisle, so seat numbers run continuously from one side aisle to the other. The entry portal is at row EAL.","Facing the field, seat 1 is on your right. That puts seat 1 on the edge facing section 76, with seat numbers counting up toward the edge facing section 80. Seat 1 is the end of the row closest to home plate, and higher seat numbers run away from home plate.",not published,"FAN REVIEW ""Wear a hard hat! Incomings all night. Manny Machado blasted two right over our heads. Great view of entire field. Close to concessions and quick exit from the park .Will only sit in 78 from now on."" (posted from Sec 78 / Row 4). This is a home-run-ball area, consistent with an outfield section. the page carries seat-view photos labelled Row 20 and Row 23, which fall outside the stated labelled range ""Rows in Section 78 are labeled 1-13, EAL"".","HIGH - zone, rows, location and seat direction stated by the source"
79,"Field Level (even) and Terrace Level (odd), 1–98",Terrace Level,"""Odd-Numbered Lower Level Sections: Terrace Level seats are the odd-numbered sections on the lower level of Camden Yards."" and ""These seats sit behind the Field Level sections, providing a slightly elevated perspective of the field."" The Terrace Level zone page names only ""Sections 33-39 behind home plate"", ""Sections 1-9 in right field"" and ""Terrace sections 43-65, which tend to provide the best shade during afternoon games"" - this section is not placed by any of those.",16,toward third base / left field,1-13,1,"Stairway aisles run along both side edges of the section; rows are not split by a mid-row aisle, so seat numbers run continuously from one side aisle to the other. The entry portal is at row 1.","Facing the field, seat 1 is on your right. That puts seat 1 on the edge facing section 77, with seat numbers counting up toward the edge facing section 81. Seat 1 is the end of the row closest to home plate, and higher seat numbers run away from home plate.","Verbatim: ""There are 17 seats for rows 1-2, 18 seats for rows 3-4, 19 seats for row 5, 22 seats for rows 6-7, 23 seats for rows 8-9, 24 seats for row 10, and 23 seats for rows 11-13.""","Cover/shade ""Rows 2 & Above - Covered""; ""Rows 2 and above are under cover""; ""Most Terrace Level sections sit under the Club Level overhang, helping shield fans from both sun and rain."" The seats-per-row breakdown covers all 13 rows and shows the section widening from front to back (17 seats in Row 1 up to 24 in Row 10).","HIGH - zone, rows, location and seat direction stated by the source"
80,"Field Level (even) and Terrace Level (odd), 1–98",Field Level,"""Field Level sections include even-numbered sections below 100 (e.g., 20, 40, etc.)"" and ""Field Boxes (Sections 16-58)"" / ""Sections 22-26 sit behind the Orioles dugout, while Sections 48-52 sit behind the visitor dugout."" This section falls OUTSIDE the stated 16-58 Field Boxes range; no source sentence places it more precisely.",20,toward third base / left field,"1-13, EAL",EAL,"Stairway aisles run along both side edges of the section; rows are not split by a mid-row aisle, so seat numbers run continuously from one side aisle to the other. The entry portal is at row EAL.","Facing the field, seat 1 is on your right. That puts seat 1 on the edge facing section 78, with seat numbers counting up toward the edge facing section 82. Seat 1 is the end of the row closest to home plate, and higher seat numbers run away from home plate.",not published,"The generic Field Level body on this page repeats the park-wide bullpen line ""Fans interested in watching pitchers warm up should look toward Section 86, where the team bullpens are located.""","HIGH - zone, rows, location and seat direction stated by the source"
81,"Field Level (even) and Terrace Level (odd), 1–98",Terrace Level,"""Odd-Numbered Lower Level Sections: Terrace Level seats are the odd-numbered sections on the lower level of Camden Yards."" and ""These seats sit behind the Field Level sections, providing a slightly elevated perspective of the field."" The Terrace Level zone page names only ""Sections 33-39 behind home plate"", ""Sections 1-9 in right field"" and ""Terrace sections 43-65, which tend to provide the best shade during afternoon games"" - this section is not placed by any of those.",17,toward third base / left field,1-13,13,"Stairway aisles run along both side edges of the section; rows are not split by a mid-row aisle, so seat numbers run continuously from one side aisle to the other. The entry portal is at row 13.","Facing the field, seat 1 is on your right. That puts seat 1 on the edge facing section 79, with seat numbers counting up toward the edge facing section 83. Seat 1 is the end of the row closest to home plate, and higher seat numbers run away from home plate.",not published,"Cover/shade ""Rows 2 & Above - Covered""; ""Rows 2 and above are under cover""; ""Most Terrace Level sections sit under the Club Level overhang, helping shield fans from both sun and rain."" the entrance for Section 81 is at Row 13 (the BACK of the section), whereas Terrace sections 69, 71, 73, 75, 77 all show ""An entrance to this section is located at Row 1"" (the front). Sections 83, 85 and 87 also show Row 13. So the Terrace entrance row flips from Row 1 to Row 13 somewhere between Section 79 and Section 81. ""On the Orioles seating chart, Terrace Level sections are the odd-numbered sections on the lower seating bowl.""","HIGH - zone, rows, location and seat direction stated by the source"
82,"Field Level (even) and Terrace Level (odd), 1–98",Field Level,"""Field Level sections include even-numbered sections below 100 (e.g., 20, 40, etc.)"" and ""Field Boxes (Sections 16-58)"" / ""Sections 22-26 sit behind the Orioles dugout, while Sections 48-52 sit behind the visitor dugout."" This section falls OUTSIDE the stated 16-58 Field Boxes range; no source sentence places it more precisely.",21,toward third base / left field,"1-13, EAL",EAL,"Stairway aisles run along both side edges of the section; rows are not split by a mid-row aisle, so seat numbers run continuously from one side aisle to the other. The entry portal is at row EAL.","Facing the field, seat 1 is on your right. That puts seat 1 on the edge facing section 80, with seat numbers counting up toward the edge facing section 84. Seat 1 is the end of the row closest to home plate, and higher seat numbers run away from home plate.",not published,,"HIGH - zone, rows, location and seat direction stated by the source"
83,"Field Level (even) and Terrace Level (odd), 1–98",Terrace Level,"""Odd-Numbered Lower Level Sections: Terrace Level seats are the odd-numbered sections on the lower level of Camden Yards."" and ""These seats sit behind the Field Level sections, providing a slightly elevated perspective of the field."" The Terrace Level zone page names only ""Sections 33-39 behind home plate"", ""Sections 1-9 in right field"" and ""Terrace sections 43-65, which tend to provide the best shade during afternoon games"" - this section is not placed by any of those.",18,toward third base / left field,1-13,13,"Stairway aisles run along both side edges of the section; rows are not split by a mid-row aisle, so seat numbers run continuously from one side aisle to the other. The entry portal is at row 13.","Facing the field, seat 1 is on your right. That puts seat 1 on the edge facing section 81, with seat numbers counting up toward the edge facing section 85. Seat 1 is the end of the row closest to home plate, and higher seat numbers run away from home plate.",not published,"Cover/shade ""Rows 2 & Above - Covered""; ""Rows 2 and above are under cover""; ""Most Terrace Level sections sit under the Club Level overhang, helping shield fans from both sun and rain."" FAN REVIEW ""This is the worst seat I have ever sat in... Someone choose to put this seat right at the top of the stairs and no one in this section can get to any seat without asking you to get up out of your seat..."" - an aisle/stair-position complaint about one specific seat, not a published obstruction note. Entrance is at Row 13 (back of section), matching 81/85/87 and differing from 69-79.","HIGH - zone, rows, location and seat direction stated by the source"
84,"Field Level (even) and Terrace Level (odd), 1–98",Field Level,"""Field Level sections include even-numbered sections below 100 (e.g., 20, 40, etc.)"" and ""Field Boxes (Sections 16-58)"" / ""Sections 22-26 sit behind the Orioles dugout, while Sections 48-52 sit behind the visitor dugout."" This section falls OUTSIDE the stated 16-58 Field Boxes range; no source sentence places it more precisely.",22,toward third base / left field,"1-13, EAL",EAL,"Stairway aisles run along both side edges of the section; rows are not split by a mid-row aisle, so seat numbers run continuously from one side aisle to the other. The entry portal is at row EAL.","Facing the field, seat 1 is on your right. That puts seat 1 on the edge facing section 82, with seat numbers counting up toward the edge facing section 86. Seat 1 is the end of the row closest to home plate, and higher seat numbers run away from home plate.",not published,,"HIGH - zone, rows, location and seat direction stated by the source"
85,"Field Level (even) and Terrace Level (odd), 1–98",Terrace Level,"""Odd-Numbered Lower Level Sections: Terrace Level seats are the odd-numbered sections on the lower level of Camden Yards."" and ""These seats sit behind the Field Level sections, providing a slightly elevated perspective of the field."" The Terrace Level zone page names only ""Sections 33-39 behind home plate"", ""Sections 1-9 in right field"" and ""Terrace sections 43-65, which tend to provide the best shade during afternoon games"" - this section is not placed by any of those.",19,toward third base / left field,1-13,13,"Stairway aisles run along both side edges of the section; rows are not split by a mid-row aisle, so seat numbers run continuously from one side aisle to the other. The entry portal is at row 13.","Facing the field, seat 1 is on your right. That puts seat 1 on the edge facing section 83, with seat numbers counting up toward the edge facing section 87. Seat 1 is the end of the row closest to home plate, and higher seat numbers run away from home plate.","Verbatim: ""Section 85 Row 5 has a total of 22 seats"" (stated for Row 5 only).","Cover/shade ""Rows 2 & Above - Covered""; ""Rows 2 and above are under cover""; ""Most Terrace Level sections sit under the Club Level overhang, helping shield fans from both sun and rain."" Together with Sections 74 and 76 in this batch, three independent per-section statements in the 74-86 range all agree with ""lower number seats are on the right"".","HIGH - zone, rows, location and seat direction stated by the source"
86,"Field Level (even) and Terrace Level (odd), 1–98",Field Level,"""Fans interested in watching pitchers warm up should look toward Section 86, where the team bullpens are located."" Fan review on the section page ""Both Team Bullpens are to the Left of Section 86"" and ""Best thing about these seats is being able to watch the bullpen.""",23,toward third base / left field,1-13,EAL,"Stairway aisles run along both side edges of the section; rows are not split by a mid-row aisle, so seat numbers run continuously from one side aisle to the other. The entry portal is at row EAL.","Facing the field, seat 1 is on your right. That puts seat 1 on the edge facing section 84, with seat numbers counting up toward the edge facing section 90. Seat 1 is the end of the row closest to home plate, and higher seat numbers run away from home plate.",not published,"""Top Pick for Visiting Team Fans Rows 12-12""; ""Rows 12-12 are recommended for visiting team fans""; ""Rows 1-13"". page states ""Fans interested in watching pitchers warm up should look toward Section 86, where the team bullpens are located."" It still does not say which tier is the Orioles', so that remains VIEW QUALITY fan reviews: ""View is not great."" and ""Best thing about these seats is being able to watch the bullpen.""","HIGH - zone, rows, location and seat direction stated by the source"
87,"Field Level (even) and Terrace Level (odd), 1–98",Terrace Level,"""Odd-Numbered Lower Level Sections: Terrace Level seats are the odd-numbered sections on the lower level of Camden Yards."" and ""These seats sit behind the Field Level sections, providing a slightly elevated perspective of the field."" The Terrace Level zone page names only ""Sections 33-39 behind home plate"", ""Sections 1-9 in right field"" and ""Terrace sections 43-65, which tend to provide the best shade during afternoon games"" - this section is not placed by any of those.",20,toward third base / left field,1-13,13,"Stairway aisles run along both side edges of the section; rows are not split by a mid-row aisle, so seat numbers run continuously from one side aisle to the other. The entry portal is at row 13.","Facing the field, seat 1 is on your right. That puts seat 1 on the edge facing section 85, with seat numbers counting up toward the far edge of the section, with no further section beyond it on that side. Seat 1 is the end of the row closest to home plate, and higher seat numbers run away from home plate.",not published,"Cover/shade ""Rows 2 & Above - Covered""; ""Rows 2 and above are under cover""; ""Most Terrace Level sections sit under the Club Level overhang, helping shield fans from both sun and rain."" ""Great Weather Protection"" under the ""Club Level overhang"". Entrance at Row 13 (back of section), matching 81/83/85.","HIGH - zone, rows, location and seat direction stated by the source"
90,"Field Level (even) and Terrace Level (odd), 1–98",Bleachers,"""Right-Center Field Seating: Located in Sections 90-98 below the main scoreboard in right-center field."" ""The Bleachers at Oriole Park at Camden Yards are located in Sections 90 through 98 in right-center field, positioned below the main video board and next to the out-of-town scoreboard."" (These two sentences are the zone-level location text served on this section page; the page carries no sentence placing Section 90 individually within the bleacher run, though a zone insight line names it: ""Sections 90 and 92 offer rare center-field-style views toward home plate."")",,"in the outfield beyond the wall - the bleachers sit below the main scoreboard, but the sources place that at right-centre field, at centre field and beyond right field along Eutaw Street, so no distance is stated",1-19,19,"Stairway aisles run along both side edges of the section; rows are not split by a mid-row aisle, so seat numbers run continuously from one side aisle to the other. The entry portal is at row 19.","Facing the field, seat 1 is on your right. That puts seat 1 on the edge facing section 86, with seat numbers counting up toward the edge facing section 92.",not published,"""Bleacher Seating with Back Support: Seats feature bleacher-style benches with back support, rather than traditional chairback seats.""; ""Sunny Sections: These seats receive significant sun exposure during day games."" ""Home Run Territory: Front rows provide good chances to catch home run balls.""; ""Sections 90 and 92 offer rare center-field-style views toward home plate.""; ""Fans attending afternoon games should consider bringing sunglasses, hats, or sunscreen."" No covered-rows line is printed for Section 90 (unlike 92 and 94, which carry ""Rows 19 and above are under cover""). Row labels here are plain numeric with NO ""EAL"" entrance row - the entrance is given as Row 19, the last labelled row. This page supports the RateYourSeats reading only.","HIGH - zone, rows, location and seat direction stated by the source"
92,"Field Level (even) and Terrace Level (odd), 1–98",Bleachers,"""Right-Center Field Seating: Located in Sections 90-98 below the main scoreboard in right-center field."" ""The Bleachers at Oriole Park at Camden Yards are located in Sections 90 through 98 in right-center field, positioned below the main video board and next to the out-of-town scoreboard.""",,"in the outfield beyond the wall - the bleachers sit below the main scoreboard, but the sources place that at right-centre field, at centre field and beyond right field along Eutaw Street, so no distance is stated",1-23,23,"Stairway aisles run along both side edges of the section; rows are not split by a mid-row aisle, so seat numbers run continuously from one side aisle to the other. The entry portal is at row 23.","Facing the field, seat 1 is on your right. That puts seat 1 on the edge facing section 90, with seat numbers counting up toward the edge facing section 94.",not published,"""Bleacher Seating with Back Support: Seats feature bleacher-style benches with back support, rather than traditional chairback seats.""; ""Sunny Sections: These seats receive significant sun exposure during day games."" Covered rows ""Rows 19 & Above - Covered"" and ""Rows 19 and above are under cover"". ""Bleacher seats are fully exposed to the sun, and like many outfield seating areas, they can receive extended sunlight during day games."" Row labels are plain numeric with NO ""EAL"" entrance row.","HIGH - zone, rows, location and seat direction stated by the source"
94,"Field Level (even) and Terrace Level (odd), 1–98",Bleachers,"""Right-Center Field Seating: Located in Sections 90-98 below the main scoreboard in right-center field."" ""The Bleachers at Oriole Park at Camden Yards are located in Sections 90 through 98 in right-center field, positioned below the main video board and next to the out-of-town scoreboard.""",,"in the outfield beyond the wall - the bleachers sit below the main scoreboard, but the sources place that at right-centre field, at centre field and beyond right field along Eutaw Street, so no distance is stated",1-23,23,"Stairway aisles run along both side edges of the section; rows are not split by a mid-row aisle, so seat numbers run continuously from one side aisle to the other. The entry portal is at row 23.","Facing the field, seat 1 is on your right. That puts seat 1 on the edge facing section 92, with seat numbers counting up toward the edge facing section 96.",not published,"""Bleacher Seating with Back Support: Seats feature bleacher-style benches with back support, rather than traditional chairback seats.""; ""Sunny Sections: These seats receive significant sun exposure during day games."" Covered rows ""Rows 19 & Above - Covered"" and ""Rows 19 and above are under cover"". ""Home Run Territory: Front rows provide good chances to catch home run balls."" Row labels are plain numeric with NO ""EAL"" entrance row.","HIGH - zone, rows, location and seat direction stated by the source"
96,"Field Level (even) and Terrace Level (odd), 1–98",Bleachers,"""Right-Center Field Seating: Located in Sections 90-98 below the main scoreboard in right-center field."" ""The Bleachers at Oriole Park at Camden Yards are located in Sections 90 through 98 in right-center field, positioned below the main video board and next to the out-of-town scoreboard.""",,"in the outfield beyond the wall - the bleachers sit below the main scoreboard, but the sources place that at right-centre field, at centre field and beyond right field along Eutaw Street, so no distance is stated","1-22, EAL",EAL,"Stairway aisles run along both side edges of the section; rows are not split by a mid-row aisle, so seat numbers run continuously from one side aisle to the other. The entry portal is at row EAL.","Facing the field, seat 1 is on your right. That puts seat 1 on the edge facing section 94, with seat numbers counting up toward the edge facing section 98.",not published,"""Bleacher Seating with Back Support: Seats feature bleacher-style benches with back support, rather than traditional chairback seats.""; ""Sunny Sections: These seats receive significant sun exposure during day games."" ""Home Run Territory: Front rows provide good chances to catch home run balls.""; ""Fans looking to stay close to concessions may want to consider seats closer to Section 98, which sits nearer to beer stands and food vendors.""; ""Bleacher seats are fully exposed to the sun, and like many outfield seating areas, they can receive extended sunlight during day games.""","HIGH - zone, rows, location and seat direction stated by the source"
98,"Field Level (even) and Terrace Level (odd), 1–98",Bleachers,"""Right-Center Field Seating: Located in Sections 90-98 below the main scoreboard in right-center field."" ""The Bleachers at Oriole Park at Camden Yards are located in Sections 90 through 98 in right-center field, positioned below the main video board and next to the out-of-town scoreboard.""",,"in the outfield beyond the wall - the bleachers sit below the main scoreboard, but the sources place that at right-centre field, at centre field and beyond right field along Eutaw Street, so no distance is stated","1-15, EAL",EAL,"Stairway aisles run along both side edges of the section; rows are not split by a mid-row aisle, so seat numbers run continuously from one side aisle to the other. The entry portal is at row EAL.","Facing the field, seat 1 is on your right. That puts seat 1 on the edge facing section 96, with seat numbers counting up toward the far edge of the section, with no further section beyond it on that side.",not published,"""Bleacher Seating with Back Support: Seats feature bleacher-style benches with back support, rather than traditional chairback seats.""; ""Sunny Sections: These seats receive significant sun exposure during day games."" ""Home Run Territory: Front rows provide good chances to catch home run balls.""; ""Fans looking to stay close to concessions may want to consider seats closer to Section 98, which sits nearer to beer stands and food vendors."" OBSTRUCTED/LIMITED VIEW ""Because these seats are located below the main scoreboard, fans who frequently watch the video board or out-of-town scoreboard may find those views somewhat limited."" This section carries the ""EAL"" entrance row.","HIGH - zone, rows, location and seat direction stated by the source"
204,Club Level (200s),Club Level,"""The Club Level wraps around more than half of the stadium on the second tier between the lower bowl and the upper deck."" ""Sections on this level include: 204-240 along the first base side"" and ""242-280 along the third base side"". Section 204 falls in the stated 204-240 FIRST BASE range.)",,not established for this level,1-5,5,"Stairway aisles run along both side edges of the section; rows are not split by a mid-row aisle, so seat numbers run continuously from one side aisle to the other. The entry portal is at row 5.","Facing the field, seat 1 is on your right. That puts seat 1 on the far edge of the section, with no further section beyond it on that side, with seat numbers counting up toward the edge facing section 206.",not published,"""Premium seating area as part of the Club Level""; ""Climate-Controlled Concourse: Fans have access to indoor lounges, bars, and specialty concessions""; ""In-Seat Wait Service (Orioles Games - Select Areas): Some sections offer in-seat food and beverage service during Baltimore Orioles games.""; ""Compact Sections: Most sections feature 5-9 rows, creating a smaller and less crowded seating experience.""; ""The Club Level offers limited overhead protection, meaning many seats will be exposed to the sun during day games."" Rows are labelled 1-5 only - these are among the SHORT five-row Club Level sections, and NO ""Rows 8 and above are under cover"" line is printed for this section (that line appears on the nine-row sections 212 and up).","HIGH - zone, rows, location and seat direction stated by the source"
206,Club Level (200s),Club Level,"""The Club Level wraps around more than half of the stadium on the second tier between the lower bowl and the upper deck."" ""Sections on this level include: 204-240 along the first base side"" and ""242-280 along the third base side"". Section 206 falls in the stated 204-240 FIRST BASE range.)",,not established for this level,1-5,5,"Stairway aisles run along both side edges of the section; rows are not split by a mid-row aisle, so seat numbers run continuously from one side aisle to the other. The entry portal is at row 5.","Facing the field, seat 1 is on your right. That puts seat 1 on the edge facing section 204, with seat numbers counting up toward the edge facing section 208.",not published,"""Premium seating area as part of the Club Level""; ""Climate-Controlled Concourse: Fans have access to indoor lounges, bars, and specialty concessions""; ""In-Seat Wait Service (Orioles Games - Select Areas): Some sections offer in-seat food and beverage service during Baltimore Orioles games.""; ""Compact Sections: Most sections feature 5-9 rows, creating a smaller and less crowded seating experience.""; ""The Club Level offers limited overhead protection, meaning many seats will be exposed to the sun during day games."" Rows are labelled 1-5 only - these are among the SHORT five-row Club Level sections, and NO ""Rows 8 and above are under cover"" line is printed for this section (that line appears on the nine-row sections 212 and up).","HIGH - zone, rows, location and seat direction stated by the source"
208,Club Level (200s),Club Level,"""The Club Level wraps around more than half of the stadium on the second tier between the lower bowl and the upper deck."" ""Sections on this level include: 204-240 along the first base side"" and ""242-280 along the third base side"". Section 208 falls in the stated 204-240 FIRST BASE range.)",,not established for this level,1-5,5,"Stairway aisles run along both side edges of the section; rows are not split by a mid-row aisle, so seat numbers run continuously from one side aisle to the other. The entry portal is at row 5.","Facing the field, seat 1 is on your right. That puts seat 1 on the edge facing section 206, with seat numbers counting up toward the edge facing section 210.",not published,"""Premium seating area as part of the Club Level""; ""Climate-Controlled Concourse: Fans have access to indoor lounges, bars, and specialty concessions""; ""In-Seat Wait Service (Orioles Games - Select Areas): Some sections offer in-seat food and beverage service during Baltimore Orioles games.""; ""Compact Sections: Most sections feature 5-9 rows, creating a smaller and less crowded seating experience.""; ""The Club Level offers limited overhead protection, meaning many seats will be exposed to the sun during day games."" Rows are labelled 1-5 only - these are among the SHORT five-row Club Level sections, and NO ""Rows 8 and above are under cover"" line is printed for this section (that line appears on the nine-row sections 212 and up).","HIGH - zone, rows, location and seat direction stated by the source"
210,Club Level (200s),Club Level,"""The Club Level wraps around more than half of the stadium on the second tier between the lower bowl and the upper deck."" ""Sections on this level include: 204-240 along the first base side"" and ""242-280 along the third base side"". Section 210 falls in the stated 204-240 FIRST BASE range.)",,not established for this level,1-5,5,"Stairway aisles run along both side edges of the section; rows are not split by a mid-row aisle, so seat numbers run continuously from one side aisle to the other. The entry portal is at row 5.","Facing the field, seat 1 is on your right. That puts seat 1 on the edge facing section 208, with seat numbers counting up toward the edge facing section 212.",not published,"""Premium seating area as part of the Club Level""; ""Climate-Controlled Concourse: Fans have access to indoor lounges, bars, and specialty concessions""; ""In-Seat Wait Service (Orioles Games - Select Areas): Some sections offer in-seat food and beverage service during Baltimore Orioles games.""; ""Compact Sections: Most sections feature 5-9 rows, creating a smaller and less crowded seating experience.""; ""The Club Level offers limited overhead protection, meaning many seats will be exposed to the sun during day games."" Rows are labelled 1-5 only - these are among the SHORT five-row Club Level sections, and NO ""Rows 8 and above are under cover"" line is printed for this section (that line appears on the nine-row sections 212 and up).","HIGH - zone, rows, location and seat direction stated by the source"
212,Club Level (200s),Club Level,"""The Club Level wraps around more than half of the stadium on the second tier between the lower bowl and the upper deck."" ""Sections on this level include: 204-240 along the first base side"" and ""242-280 along the third base side"". Section 212 falls in the stated 204-240 FIRST BASE range.)",,not established for this level,1-9,9,"Stairway aisles run along both side edges of the section; rows are not split by a mid-row aisle, so seat numbers run continuously from one side aisle to the other. The entry portal is at row 9.","Facing the field, seat 1 is on your right. That puts seat 1 on the edge facing section 210, with seat numbers counting up toward the edge facing section 214.",not published,"""Premium seating area as part of the Club Level""; ""Climate-Controlled Concourse: Fans have access to indoor lounges, bars, and specialty concessions""; ""In-Seat Wait Service (Orioles Games - Select Areas): Some sections offer in-seat food and beverage service during Baltimore Orioles games.""; ""Compact Sections: Most sections feature 5-9 rows, creating a smaller and less crowded seating experience.""; ""The Club Level offers limited overhead protection, meaning many seats will be exposed to the sun during day games."" Covered rows ""Rows 8 & Above - Covered"" and ""Rows 8 and above are under cover"". ""Each section features between five and nine rows, creating smaller seating areas and easier access to the concourse"".","HIGH - zone, rows, location and seat direction stated by the source"
214,Club Level (200s),Club Level,"""The Club Level wraps around more than half of the stadium on the second tier between the lower bowl and the upper deck."" ""Sections on this level include: 204-240 along the first base side"" and ""242-280 along the third base side"". Section 214 falls in the stated 204-240 FIRST BASE range.)",,not established for this level,1-9,9,"Stairway aisles run along both side edges of the section; rows are not split by a mid-row aisle, so seat numbers run continuously from one side aisle to the other. The entry portal is at row 9.","Facing the field, seat 1 is on your right. That puts seat 1 on the edge facing section 212, with seat numbers counting up toward the edge facing section 216.",not published,"""Premium seating area as part of the Club Level""; ""Climate-Controlled Concourse: Fans have access to indoor lounges, bars, and specialty concessions""; ""In-Seat Wait Service (Orioles Games - Select Areas): Some sections offer in-seat food and beverage service during Baltimore Orioles games.""; ""Compact Sections: Most sections feature 5-9 rows, creating a smaller and less crowded seating experience.""; ""The Club Level offers limited overhead protection, meaning many seats will be exposed to the sun during day games."" Covered rows ""Rows 8 & Above - Covered"" and ""Rows 8 and above are under cover"".","HIGH - zone, rows, location and seat direction stated by the source"
216,Club Level (200s),Club Level,"""The Club Level wraps around more than half of the stadium on the second tier between the lower bowl and the upper deck."" ""Sections on this level include: 204-240 along the first base side"" and ""242-280 along the third base side"". Section 216 falls in the stated 204-240 FIRST BASE range.)",,not established for this level,1-9,9,"Stairway aisles run along both side edges of the section; rows are not split by a mid-row aisle, so seat numbers run continuously from one side aisle to the other. The entry portal is at row 9.","Facing the field, seat 1 is on your right. That puts seat 1 on the edge facing section 214, with seat numbers counting up toward the edge facing section 218.",not published,"""Premium seating area as part of the Club Level""; ""Climate-Controlled Concourse: Fans have access to indoor lounges, bars, and specialty concessions""; ""In-Seat Wait Service (Orioles Games - Select Areas): Some sections offer in-seat food and beverage service during Baltimore Orioles games.""; ""Compact Sections: Most sections feature 5-9 rows, creating a smaller and less crowded seating experience.""; ""The Club Level offers limited overhead protection, meaning many seats will be exposed to the sun during day games."" Covered rows ""Rows 8 & Above - Covered"" and ""Rows 8 and above are under cover"". ""Top Pick for Outstanding Convenience Rows 5-9"" and ""Rows 5-9 are recommended for outstanding convenience"".","HIGH - zone, rows, location and seat direction stated by the source"
218,Club Level (200s),Club Level,"""The Club Level wraps around more than half of the stadium on the second tier between the lower bowl and the upper deck."" ""Sections on this level include: 204-240 along the first base side"" and ""242-280 along the third base side"". Section 218 falls in the stated 204-240 FIRST BASE range.)",,not established for this level,1-9,9,"Stairway aisles run along both side edges of the section; rows are not split by a mid-row aisle, so seat numbers run continuously from one side aisle to the other. The entry portal is at row 9.","Facing the field, seat 1 is on your right. That puts seat 1 on the edge facing section 216, with seat numbers counting up toward the edge facing section 220.",not published,"""Premium seating area as part of the Club Level""; ""Climate-Controlled Concourse: Fans have access to indoor lounges, bars, and specialty concessions""; ""In-Seat Wait Service (Orioles Games - Select Areas): Some sections offer in-seat food and beverage service during Baltimore Orioles games.""; ""Compact Sections: Most sections feature 5-9 rows, creating a smaller and less crowded seating experience.""; ""The Club Level offers limited overhead protection, meaning many seats will be exposed to the sun during day games."" Covered rows ""Rows 8 & Above - Covered"" and ""Rows 8 and above are under cover"". FAN FEEDBACK ""The closeness to food and drinks is great, the view is wonderful and the ease of getting to the seats is outstanding.""","HIGH - zone, rows, location and seat direction stated by the source"
220,Club Level (200s),Club Level,"""The Club Level wraps around more than half of the stadium on the second tier between the lower bowl and the upper deck."" ""Sections on this level include: 204-240 along the first base side"" and ""242-280 along the third base side"". Section 220 falls in the stated 204-240 FIRST BASE range.)",,not established for this level,1-9,9,"Stairway aisles run along both side edges of the section; rows are not split by a mid-row aisle, so seat numbers run continuously from one side aisle to the other. The entry portal is at row 9.","Facing the field, seat 1 is on your right. That puts seat 1 on the edge facing section 218, with seat numbers counting up toward the edge facing section 222.",not published,"""Premium seating area as part of the Club Level""; ""Climate-Controlled Concourse: Fans have access to indoor lounges, bars, and specialty concessions""; ""In-Seat Wait Service (Orioles Games - Select Areas): Some sections offer in-seat food and beverage service during Baltimore Orioles games.""; ""Compact Sections: Most sections feature 5-9 rows, creating a smaller and less crowded seating experience.""; ""The Club Level offers limited overhead protection, meaning many seats will be exposed to the sun during day games."" Covered rows ""Rows 8 & Above - Covered"" and ""Rows 8 and above are under cover"". ""Top Pick for Outstanding Convenience Rows 5-9"", ""Rows 5-9 are recommended for outstanding convenience"", ""Top Pick for Impressing a Guest"" and ""Recommended seating for impressing a guest"".","HIGH - zone, rows, location and seat direction stated by the source"
222,Club Level (200s),Club Level,"""The Club Level wraps around more than half of the stadium on the second tier between the lower bowl and the upper deck."" ""Sections on this level include: 204-240 along the first base side"" and ""242-280 along the third base side"". Section 222 falls in the stated 204-240 FIRST BASE range.)",,not established for this level,1-9,9,"Stairway aisles run along both side edges of the section; rows are not split by a mid-row aisle, so seat numbers run continuously from one side aisle to the other. The entry portal is at row 9.","Facing the field, seat 1 is on your right. That puts seat 1 on the edge facing section 220, with seat numbers counting up toward the edge facing section 226.",not published,"""Premium seating area as part of the Club Level""; ""Climate-Controlled Concourse: Fans have access to indoor lounges, bars, and specialty concessions""; ""In-Seat Wait Service (Orioles Games - Select Areas): Some sections offer in-seat food and beverage service during Baltimore Orioles games.""; ""Compact Sections: Most sections feature 5-9 rows, creating a smaller and less crowded seating experience.""; ""The Club Level offers limited overhead protection, meaning many seats will be exposed to the sun during day games."" Covered rows ""Rows 8 & Above - Covered"" and ""Rows 8 and above are under cover"". ""Top Pick for Impressing a Guest"" and ""Recommended seating for impressing a guest"".","HIGH - zone, rows, location and seat direction stated by the source"
226,Club Level (200s),Club Level,"""The Club Level wraps around more than half of the stadium on the second tier between the lower bowl and the upper deck."" ""Sections on this level include: 204-240 along the first base side"" and ""242-280 along the third base side"". Section 226 falls in the stated 204-240 FIRST BASE range.)",,not established for this level,1-9,9,"Stairway aisles run along both side edges of the section; rows are not split by a mid-row aisle, so seat numbers run continuously from one side aisle to the other. The entry portal is at row 9.","Facing the field, seat 1 is on your right. That puts seat 1 on the edge facing section 222, with seat numbers counting up toward the edge facing section 228.",not published,"""Premium seating area as part of the Club Level""; ""Climate-Controlled Concourse: Fans have access to indoor lounges, bars, and specialty concessions""; ""In-Seat Wait Service (Orioles Games - Select Areas): Some sections offer in-seat food and beverage service during Baltimore Orioles games.""; ""Compact Sections: Most sections feature 5-9 rows, creating a smaller and less crowded seating experience.""; ""The Club Level offers limited overhead protection, meaning many seats will be exposed to the sun during day games."" Covered rows ""Rows 8 & Above - Covered"" and ""Rows 8 and above are under cover"". ""Top Pick for Impressing a Guest"" and ""Recommended seating for impressing a guest"". Shade ""This particular row is both shaded and covered, which is ideal"".","HIGH - zone, rows, location and seat direction stated by the source"
228,Club Level (200s),Club Level,"""Located along the first base line but still close to home plate, Section 228 is one of the closest club-level sections to the action."" and ""Section 228 at Oriole Park at Camden Yards is home to the brand-new Home Plate Club.""",,not established for this level,1-9,9,"Stairway aisles run along both side edges of the section; rows are not split by a mid-row aisle, so seat numbers run continuously from one side aisle to the other. The entry portal is at row 9.","Facing the field, seat 1 is on your right. That puts seat 1 on the edge facing section 226, with seat numbers counting up toward the edge facing section 230.",not published,"Badges/notes ""Top Pick for Outstanding Convenience Rows 5-9""; ""Top Pick for Impressing a Guest""; ""Club Level""; ""Home Plate Club""; ""Rows 8 & Above - Covered""; ""Rows 1-9""; ""Rows 5-9 are recommended for outstanding convenience""; ""Rows 8 and above are under cover"". FAN FEEDBACK ""Crazy great view of the stadium and field, could hear the ball hit the catchers mitt on every pitch"" and ""Four foul balls came right by us in one game!"" - the foul-ball comment is the only hint at netting/screening exposure; no netting or screening line is printed.","HIGH - zone, rows, location and seat direction stated by the source"
230,Club Level (200s),Club Level,"""For the best centered views, sections 230 and 242 are closest to home plate and offer some of the most desirable vantage points on the level."" Badge line ""Home Plate View"" and ""Desirable view from behind home plate"". This places 230 immediately on the first-base side of the home-plate centre point, with 242 the mirror section on the third-base side - consistent with the Club Level zone split ""204-240 along the first base side"" / ""242-280 along the third base side"".",,not established for this level,1-9,9,"Stairway aisles run along both side edges of the section; rows are not split by a mid-row aisle, so seat numbers run continuously from one side aisle to the other. The entry portal is at row 9.","Facing the field, seat 1 is on your right. That puts seat 1 on the edge facing section 228, with seat numbers counting up toward the edge facing section 242.",not published,"Badges/notes ""Top Pick for Outstanding Convenience Rows 5-9""; ""Top Pick for Impressing a Guest""; ""Home Plate View""; ""Club Level""; ""Rows 8 & Above - Covered""; ""Rows 1-9""; ""Rows 5-9 are recommended for outstanding convenience""; ""Recommended seating for impressing a guest""; ""Desirable view from behind home plate""; ""Premium seating area as part of the Club Level""; ""Rows 8 and above are under cover"". FAN FEEDBACK ""Amazing seats and great unobstructed views."" This page repeats that stale 204-240 range without explaining the gap.","HIGH - zone, rows, location and seat direction stated by the source"
242,Club Level (200s),Club Level,"""along the third base side"" (Club Level Location & Amenities), with the zone list ""Sections 242-280 along the third base side"". The Section 230 page adds ""For the best centered views, sections 230 and 242 are closest to home plate and offer some of the most desirable vantage points on the level.""",,not established for this level,1-9,9,"Stairway aisles run along both side edges of the section; rows are not split by a mid-row aisle, so seat numbers run continuously from one side aisle to the other. The entry portal is at row 9.","Facing the field, seat 1 is on your right. That puts seat 1 on the edge facing section 230, with seat numbers counting up toward the edge facing section 244.",not published,"Badges/notes ""Top Pick for Impressing a Guest""; ""Top Pick for Great Views of the Field""; ""Home Plate View""; ""Club Level""; ""Rows 8 & Above - Covered""; ""Rows 1-9""; ""Recommended seating for impressing a guest""; ""Recommended seating for great views of the field""; ""Desirable view from behind home plate""; ""Premium seating area as part of the Club Level""; ""Rows 8 and above are under cover"".","HIGH - zone, rows, location and seat direction stated by the source"
244,Club Level (200s),Club Level,"""The Club Level wraps around more than half of the stadium on the second tier between the lower bowl and the upper deck."" ""Sections on this level include: 204-240 along the first base side"" and ""242-280 along the third base side"". Section 244 falls in the stated 242-280 THIRD BASE range, but that is inference from the zone list, not a statement about 244.)",,not established for this level,1-9,9,"Stairway aisles run along both side edges of the section; rows are not split by a mid-row aisle, so seat numbers run continuously from one side aisle to the other. The entry portal is at row 9.","Facing the field, seat 1 is on your right. That puts seat 1 on the edge facing section 242, with seat numbers counting up toward the edge facing section 246.",not published,"""Premium seating area as part of the Club Level""; ""Climate-Controlled Concourse: Fans have access to indoor lounges, bars, and specialty concessions""; ""In-Seat Wait Service (Orioles Games - Select Areas): Some sections offer in-seat food and beverage service during Baltimore Orioles games.""; ""Compact Sections: Most sections feature 5-9 rows, creating a smaller and less crowded seating experience.""; ""The Club Level offers limited overhead protection, meaning many seats will be exposed to the sun during day games."" Covered rows ""Rows 8 & Above - Covered"" and ""Rows 8 and above are under cover"". Badges ""Top Pick for Impressing a Guest""; ""Top Pick for Great Views of the Field""; ""Recommended seating for impressing a guest""; ""Recommended seating for great views of the field""; ""Premium seating area as part of the Club Level"".","HIGH - zone, rows, location and seat direction stated by the source"
246,Club Level (200s),Club Level,not stated by the source,,not established for this level,1-9,9,"Stairway aisles run along both side edges of the section; rows are not split by a mid-row aisle, so seat numbers run continuously from one side aisle to the other. The entry portal is at row 9.","Facing the field, seat 1 is on your right. That puts seat 1 on the edge facing section 244, with seat numbers counting up toward the edge facing section 248.",not published,"""Top Pick for Impressing a Guest""; ""Top Pick for Great Views of the Field""; ""Club Level""; ""Rows 8 & Above - Covered""; ""Rows 1-9"". ""Recommended seating for impressing a guest""; ""Recommended seating for great views of the field""; ""Premium seating area as part of the Club Level""; ""Rows 8 and above are under cover"".","MEDIUM - rows and zone confirmed, the source does not place this section"
248,Club Level (200s),Club Level,not stated by the source,,not established for this level,1-9,9,"Stairway aisles run along both side edges of the section; rows are not split by a mid-row aisle, so seat numbers run continuously from one side aisle to the other. The entry portal is at row 9.","Facing the field, seat 1 is on your right. That puts seat 1 on the edge facing section 246, with seat numbers counting up toward the edge facing section 250.",each row has 14 seats,"""Top Pick for Impressing a Guest""; ""Top Pick for Great Views of the Field""; ""Club Level""; ""Rows 8 & Above - Covered""; ""Rows 1-9"". ""Recommended seating for impressing a guest""; ""Recommended seating for great views of the field""; ""Premium seating area as part of the Club Level""; ""Rows 8 and above are under cover"". One of only two sections in this batch that states a seats-per-row figure (the other is 262, also 14).","MEDIUM - rows and zone confirmed, the source does not place this section"
250,Club Level (200s),Club Level,not stated by the source,,not established for this level,1-9,9,"Stairway aisles run along both side edges of the section; rows are not split by a mid-row aisle, so seat numbers run continuously from one side aisle to the other. The entry portal is at row 9.","Facing the field, seat 1 is on your right. That puts seat 1 on the edge facing section 248, with seat numbers counting up toward the edge facing section 252.",not published,"""Top Pick for Impressing a Guest""; ""Top Pick for Great Views of the Field""; ""Club Level""; ""Rows 8 & Above - Covered""; ""Rows 1-9"". ""Recommended seating for impressing a guest""; ""Recommended seating for great views of the field""; ""Premium seating area as part of the Club Level""; ""Rows 8 and above are under cover"".","MEDIUM - rows and zone confirmed, the source does not place this section"
252,Club Level (200s),Club Level,not stated by the source,,not established for this level,1-9,9,"Stairway aisles run along both side edges of the section; rows are not split by a mid-row aisle, so seat numbers run continuously from one side aisle to the other. The entry portal is at row 9.","Facing the field, seat 1 is on your right. That puts seat 1 on the edge facing section 250, with seat numbers counting up toward the edge facing section 254.",not published,"""Club Level""; ""Rows 8 & Above - Covered""; ""Rows 1-9"". ""Premium seating area as part of the Club Level""; ""Rows 8 and above are under cover"".","MEDIUM - rows and zone confirmed, the source does not place this section"
254,Club Level (200s),Club Level,not stated by the source,,not established for this level,1-9,9,"Stairway aisles run along both side edges of the section; rows are not split by a mid-row aisle, so seat numbers run continuously from one side aisle to the other. The entry portal is at row 9.","Facing the field, seat 1 is on your right. That puts seat 1 on the edge facing section 252, with seat numbers counting up toward the edge facing section 256.",not published,"""Club Level""; ""Rows 8 & Above - Covered""; ""Rows 1-9"". ""Premium seating area as part of the Club Level""; ""Rows 8 and above are under cover"". Also carries the link line ""See all shaded and covered seating"".","MEDIUM - rows and zone confirmed, the source does not place this section"
256,Club Level (200s),Club Level,not stated by the source,,not established for this level,1-9,9,"Stairway aisles run along both side edges of the section; rows are not split by a mid-row aisle, so seat numbers run continuously from one side aisle to the other. The entry portal is at row 9.","Facing the field, seat 1 is on your right. That puts seat 1 on the edge facing section 254, with seat numbers counting up toward the edge facing section 258.",not published,"""Premium seating area as part of the Club Level""; ""Rows 8 and above are under cover"". ""Each section on the Club Level will have at least five rows of seating, but no more than nine rows in any one section.""","MEDIUM - rows and zone confirmed, the source does not place this section"
258,Club Level (200s),Club Level,not stated by the source,,not established for this level,1-9,9,"Stairway aisles run along both side edges of the section; rows are not split by a mid-row aisle, so seat numbers run continuously from one side aisle to the other. The entry portal is at row 9.","Facing the field, seat 1 is on your right. That puts seat 1 on the edge facing section 256, with seat numbers counting up toward the edge facing section 260.",not published,"""Club Level""; ""Rows 8 & Above - Covered""; ""Rows 1-9"". ""Premium seating area as part of the Club Level""; ""Rows 8 and above are under cover"". ""See all shaded and covered seating"". ""Climate-Controlled Concourse: Fans have access to indoor lounges, bars, and specialty concessions""; ""Compact Sections: Most sections feature 5-9 rows"".","MEDIUM - rows and zone confirmed, the source does not place this section"
260,Club Level (200s),Club Level,not stated by the source,,not established for this level,1-9,9,"Stairway aisles run along both side edges of the section; rows are not split by a mid-row aisle, so seat numbers run continuously from one side aisle to the other. The entry portal is at row 9.","Facing the field, seat 1 is on your right. That puts seat 1 on the edge facing section 258, with seat numbers counting up toward the edge facing section 262.",not published,"""Club Level""; ""Rows 8 & Above - Covered""; ""Rows 1-9"". ""Premium seating area as part of the Club Level""; ""Rows 8 and above are under cover"".","MEDIUM - rows and zone confirmed, the source does not place this section"
262,Club Level (200s),Club Level,not stated by the source,,not established for this level,1-9,9,"Stairway aisles run along both side edges of the section; rows are not split by a mid-row aisle, so seat numbers run continuously from one side aisle to the other. The entry portal is at row 9.","Facing the field, seat 1 is on your right. That puts seat 1 on the edge facing section 260, with seat numbers counting up toward the edge facing section 264.",In Section 262 there are a total of 14 seats in each row of seating.,"""Premium seating area as part of the Club Level""; ""Rows 8 and above are under cover"". One of only two sections in this batch stating a seats-per-row figure (the other is 248, also 14).","MEDIUM - rows and zone confirmed, the source does not place this section"
264,Club Level (200s),Club Level,"""The Club Level wraps around more than half of the stadium on the second tier between the lower bowl and the upper deck."" ""Sections on this level include: 204-240 along the first base side"" and ""242-280 along the third base side.""",,not established for this level,1-9,9,"Stairway aisles run along both side edges of the section; rows are not split by a mid-row aisle, so seat numbers run continuously from one side aisle to the other. The entry portal is at row 9.","Facing the field, seat 1 is on your right. That puts seat 1 on the edge facing section 262, with seat numbers counting up toward the edge facing section 268.",not published,"""Club Level""; ""Rows 8 & Above - Covered""; ""Rows 1-9"". ""Premium seating area as part of the Club Level""; ""Rows 8 and above are under cover"".","HIGH - zone, rows, location and seat direction stated by the source"
268,Club Level (200s),Club Level,not stated by the source,,not established for this level,"1-6, A",A,"Stairway aisles run along both side edges of the section; rows are not split by a mid-row aisle, so seat numbers run continuously from one side aisle to the other. The entry portal is at row A.","Facing the field, seat 1 is on your right. That puts seat 1 on the edge facing section 264, with seat numbers counting up toward the edge facing section 270.",not published,"268 is the first section in this batch to use ""1-6, A"" rather than the ""1-9"" scheme of 246-264, and its entrance is at lettered Row A rather than numeric Row 9. Sections 268-278 share the ""1-6, A"" scheme. SHADE STATEMENT DIFFERS from the rest of the Club Level: this page says ""Rows 5 and above are shaded during most day games"", where 246-264 say ""Rows 8 and above are under cover"" - a straightforward consequence of this section having only 6 numbered rows, but recorded rather than reconciled. Fan review : ""Club level, with great sight lines.""","MEDIUM - rows and zone confirmed, the source does not place this section"
270,Club Level (200s),Club Level,"""The Club Level wraps around more than half of the stadium on the second tier between the lower bowl and the upper deck."" ""Sections on this level include: 204-240 along the first base side"" and ""242-280 along the third base side.""",,not established for this level,"1-6, A",A,"Stairway aisles run along both side edges of the section; rows are not split by a mid-row aisle, so seat numbers run continuously from one side aisle to the other. The entry portal is at row A.","Facing the field, seat 1 is on your right. That puts seat 1 on the edge facing section 268, with seat numbers counting up toward the edge facing section 272.",not published,"""Premium seating area as part of the Club Level"". ""Climate-Controlled Concourse: Fans have access to indoor lounges, bars, and specialty concessions including the All-Star Cafe""; ""Compact Sections: Most sections feature 5-9 rows""; ""Drink Rail seating is located at the top of Club Level sections 270 through 280"" - i.e. Section 270 is the first of the drink-rail run, which may explain the lettered Row A at the top of the section. Fan review ( 5 stars): ""Club level, with great sight lines.""","HIGH - zone, rows, location and seat direction stated by the source"
272,Club Level (200s),Club Level,Located in Sections 272-288 on the Club Level overlooking left field.,,not established for this level,"1-6, A",A,"Stairway aisles run along both side edges of the section; rows are not split by a mid-row aisle, so seat numbers run continuously from one side aisle to the other. The entry portal is at row A.","Facing the field, seat 1 is on your right. That puts seat 1 on the edge facing section 270, with seat numbers counting up toward the edge facing section 274.",not published,"""Club Level - Orioles Games""; ""Rows 1-6, A"". ""Premium seating area as part of the Club Level"". the Club Level zone text says ""242-280 along the third base side"" while the Left Field Club Level text says ""Left Field Club Level: Located in Sections 272-288 on the Club Level overlooking left field."" Sections 272, 274, 276, 278 and 280 are claimed by BOTH descriptions. FAN REVIEW ( Sec 272 / Row 2): ""Great seats and good price - Section 272 has a view of the entire field with access to the club level climate controlled area. Foul pole is visible but doesn't cause any viewing problem. The drink-rail line ""Drink Rail seating is located at the top of Club Level sections 270 through 280"" covers this section.""","HIGH - zone, rows, location and seat direction stated by the source"
274,Club Level (200s),Club Level,"""Left Field Club Level: Located in Sections 272-288 on the Club Level overlooking left field."" ""The Picnic Perch is located on the Club Level along the left field side"".",,not established for this level,"1-6, A",A,"Stairway aisles run along both side edges of the section; rows are not split by a mid-row aisle, so seat numbers run continuously from one side aisle to the other. The entry portal is at row A.","Facing the field, seat 1 is on your right. That puts seat 1 on the edge facing section 272, with seat numbers counting up toward the edge facing section 276.",not published,"""Club Level - Orioles Games""; ""Rows 1-6, A"". ""Premium seating area as part of the Club Level"". ""Drink Rail seating is located at the top of Club Level sections 270 through 280"" applies to this section. the Club Level zone text says ""242-280 along the third base side"" while the Left Field Club Level text says ""Left Field Club Level: Located in Sections 272-288 on the Club Level overlooking left field."" Sections 272, 274, 276, 278 and 280 are claimed by BOTH descriptions. Fan review present but text not quoted by the page beyond the header: ""5 stars - Los Angeles Dodgers at Baltimore Orioles - Sep 6, 2025 - Sec 274 / Row 1"".","HIGH - zone, rows, location and seat direction stated by the source"
276,Club Level (200s),Club Level,Located in Sections 272-288 on the Club Level overlooking left field.,,not established for this level,"1-6, A",A,"Stairway aisles run along both side edges of the section; rows are not split by a mid-row aisle, so seat numbers run continuously from one side aisle to the other. The entry portal is at row A.","Facing the field, seat 1 is on your right. That puts seat 1 on the edge facing section 274, with seat numbers counting up toward the edge facing section 278.",not published,"""Club Level - Orioles Games""; ""Rows 1-6, A"". ""Premium seating area as part of the Club Level"". The page also carries the zone-level All-Inclusive Picnic Perch, Club Level and Drink Rail expert-review blocks (food inclusions, access features, viewing angles); none of that text names Section 276 individually. the Club Level zone text says ""242-280 along the third base side"" while the Left Field Club Level text says ""Left Field Club Level: Located in Sections 272-288 on the Club Level overlooking left field."" Sections 272, 274, 276, 278 and 280 are claimed by BOTH descriptions.","HIGH - zone, rows, location and seat direction stated by the source"
278,Club Level (200s),Club Level,Located in Sections 272-288 on the Club Level overlooking left field.,,not established for this level,"1-6, A",A,"Stairway aisles run along both side edges of the section; rows are not split by a mid-row aisle, so seat numbers run continuously from one side aisle to the other. The entry portal is at row A.","Facing the field, seat 1 is on your right. That puts seat 1 on the edge facing section 276, with seat numbers counting up toward the edge facing section 280.",not published,"""Premium seating area as part of the Club Level"". The page carries three zone-level expert-review blocks (All-Inclusive Picnic Perch, Club Level, Drink Rails) describing amenities, who should sit there, locations, views and bistro-table options; none names Section 278 individually. ""Drink Rail seating is located at the top of Club Level sections 270 through 280"" applies to this section. the Club Level zone text says ""242-280 along the third base side"" while the Left Field Club Level text says ""Left Field Club Level: Located in Sections 272-288 on the Club Level overlooking left field."" Sections 272, 274, 276, 278 and 280 are claimed by BOTH descriptions.","HIGH - zone, rows, location and seat direction stated by the source"
280,Club Level (200s),Club Level,"Located in Sections 272-288 on the Club Level overlooking left field."" ""Picnic Perch is located on the Club Level along the left field side at Oriole Park at Camden Yards. This area includes Sections 272 through 288 on the seating chart."" ""Club Level seats run from first base through third base, offering multiple price points and viewing angles."" with sections listed as ""242-280 along the third base side.",,not established for this level,"1-6, A, TB",TB,"Stairway aisles run along both side edges of the section; rows are not split by a mid-row aisle, so seat numbers run continuously from one side aisle to the other. The entry portal is at row TB.","Facing the field, seat 1 is on your right. That puts seat 1 on the edge facing section 278, with seat numbers counting up toward the edge facing section 282.",not published,"280 is the only section in this batch with BOTH a lettered Row A and a Row TB (""1-6, A, TB""); the entrance is given at Row TB, not Row A. ""TB"" is not explained on the page but is presumably table/bistro seating - the page does not say so, so it is recorded as-is and NOT interpreted. ""Drink Rail seating is located at the top of Club Level sections 270 through 280"" - Section 280 is the last of the drink-rail run. the Club Level zone text says ""242-280 along the third base side"" while the Left Field Club Level text says ""Left Field Club Level: Located in Sections 272-288 on the Club Level overlooking left field."" Sections 272, 274, 276, 278 and 280 are claimed by BOTH descriptions. Section 280 is the exact overlap point: it is the last section of the ""242-280 third base side"" list AND inside the ""272-288 overlooking left field"" list.","HIGH - zone, rows, location and seat direction stated by the source"
282,Club Level (200s),All-Inclusive Picnic Perch / Left Field Club Level,"""Left Field Club Level: Located in Sections 272-288 on the Club Level overlooking left field."" and ""This area includes Sections 272 through 288 on the seating chart."" (Picnic Perch).",,not established for this level,"1-6, TB",TB,"Stairway aisles run along both side edges of the section; rows are not split by a mid-row aisle, so seat numbers run continuously from one side aisle to the other. The entry portal is at row TB.","Facing the field, seat 1 is on your right. That puts seat 1 on the edge facing section 280, with seat numbers counting up toward the edge facing section 284.",not published,"from 282 onward the page heading is the ""All-Inclusive Picnic Perch"" rather than the plain Club Level, and the row scheme drops the lettered Row A, becoming ""1-6, TB"". ""Top Pick for Kids and Family"". ""Recommended seating for kids and family""; ""There is table seating behind Row 6"" - this is the only page in the batch that explains what sits behind the numbered rows, and supports (but does not state) that ""TB"" means table seating. the Club Level zone text says ""242-280 along the third base side"" while the Left Field Club Level text says ""Left Field Club Level: Located in Sections 272-288 on the Club Level overlooking left field."" Sections 272, 274, 276, 278 and 280 are claimed by BOTH descriptions.","HIGH - zone, rows, location and seat direction stated by the source"
284,Club Level (200s),Left Field Club Level,"Located in Sections 272-288 on the Club Level overlooking left field."" and ""The Picnic Perch is located on the Club Level along the left field side at Oriole Park at Camden Yards.",,not established for this level,"1-6, TB",TB,"Stairway aisles run along both side edges of the section; rows are not split by a mid-row aisle, so seat numbers run continuously from one side aisle to the other. The entry portal is at row TB.","Facing the field, seat 1 is on your right. That puts seat 1 on the edge facing section 282, with seat numbers counting up toward the edge facing section 286.",not published,"""Top Pick for Kids and Family""; ""Rows 1-6, TB"". ""Recommended seating for kids and family"". Fan review present but text not quoted by the page beyond the header: ""5 stars - ALDS - TBD at Baltimore Orioles - Oct 7, 2023 - Sec 284 / Row 1"". the Club Level zone text says ""242-280 along the third base side"" while the Left Field Club Level text says ""Left Field Club Level: Located in Sections 272-288 on the Club Level overlooking left field."" Sections 272, 274, 276, 278 and 280 are claimed by BOTH descriptions.","HIGH - zone, rows, location and seat direction stated by the source"
286,Club Level (200s),Left Field Club Level,"Located in Sections 272-288 on the Club Level overlooking left field."" and ""The Picnic Perch is located on the Club Level along the left field side at Oriole Park at Camden Yards.",,not established for this level,"1-6, TB",TB,"Stairway aisles run along both side edges of the section; rows are not split by a mid-row aisle, so seat numbers run continuously from one side aisle to the other. The entry portal is at row TB.","Facing the field, seat 1 is on your right. That puts seat 1 on the edge facing section 284, with seat numbers counting up toward the edge facing section 288.",not published,"""Top Pick for Outstanding Convenience""; ""Top Pick for Kids and Family"". ""Recommended seating for outstanding convenience""; ""Recommended seating for kids and family"". The page carries the full ""All-Inclusive Picnic Perch"" expert review describing amenities, included food items and bistro-table options; none of that text names Section 286 individually. the Club Level zone text says ""242-280 along the third base side"" while the Left Field Club Level text says ""Left Field Club Level: Located in Sections 272-288 on the Club Level overlooking left field."" Sections 272, 274, 276, 278 and 280 are claimed by BOTH descriptions.","HIGH - zone, rows, location and seat direction stated by the source"
288,Club Level (200s),Left Field Club Level,"""Left Field Club Level: Located in Sections 272-288 on the Club Level overlooking left field."" ""This area includes Sections 272 through 288 on the seating chart."" ""These sections provide a comfortable elevated vantage point of the field while keeping fans close to the social atmosphere of left field.""",,not established for this level,"1-6, TB",TB,"Stairway aisles run along both side edges of the section; rows are not split by a mid-row aisle, so seat numbers run continuously from one side aisle to the other. The entry portal is at row TB.","Facing the field, seat 1 is on your right. That puts seat 1 on the edge facing section 286, with seat numbers counting up toward the far edge of the section, with no further section beyond it on that side.",not published,"""Recommended seating for outstanding convenience""; ""Recommended seating for kids and family""; ""There is table seating behind Row 6"".","HIGH - zone, rows, location and seat direction stated by the source"
306,Upper Level (300s),Upper Level / 300-Level Seating,"""300-Level Seating: Upper Level sections are labeled in the 300s on the seating chart."" ""Upper Level seating at Oriole Park at Camden Yards includes all sections labeled in the 300s."" ""These sections sit on the stadium's highest tier and typically contain up to 25 rows of seating.""",11,toward first base / right field,"1-5, 9-25",8,"Stairway aisles run along both side edges of the section; rows are not split by a mid-row aisle, so seat numbers run continuously from one side aisle to the other. The entry portal is at row 8.","Facing the field, seat 1 is on your right. That puts seat 1 on the far edge of the section, with no further section beyond it on that side, with seat numbers counting up toward the edge facing section 308. Seat 1 is the end of the row farthest from home plate, and higher seat numbers run back toward home plate.",not published,"""Rows 15 & Above - Covered""; ""There is wheelchair seating betweeen Rows 5 and 9"" (site's own spelling of ""betweeen""); ""Rows 15 and above are under cover"". ""Most sections are entered near Row 8, meaning fans may either walk down toward the front rows or up toward the higher rows."" and ""The back portion of many sections is protected by the stadium overhang, which can provide shade and protection from rain.""","HIGH - zone, rows, location and seat direction stated by the source"
308,Upper Level (300s),Upper Level / 300-Level Seating,"""300-Level Seating: Upper Level sections are labeled in the 300s on the seating chart."" ""Upper Level seating at Oriole Park at Camden Yards includes all sections labeled in the 300s."" ""These sections sit on the stadium's highest tier and typically contain up to 25 rows of seating.""",10,toward first base / right field,1-25,8,"Stairway aisles run along both side edges of the section; rows are not split by a mid-row aisle, so seat numbers run continuously from one side aisle to the other. The entry portal is at row 8.","Facing the field, seat 1 is on your right. That puts seat 1 on the edge facing section 306, with seat numbers counting up toward the edge facing section 310. Seat 1 is the end of the row farthest from home plate, and higher seat numbers run back toward home plate.",not published,"""Rows 15 & Above - Covered""; ""Rows 15 and above are under cover"". ""These sections sit on the stadium's highest tier and typically contain up to 25 rows of seating."" Unbroken 1-25 row run - no wheelchair gap, unlike neighbouring 306.","HIGH - zone, rows, location and seat direction stated by the source"
310,Upper Level (300s),Upper Level / 300-Level Seating,"""300-Level Seating: Upper Level sections are labeled in the 300s on the seating chart."" ""Upper Level seating at Oriole Park at Camden Yards includes all sections labeled in the 300s."" ""These sections sit on the stadium's highest tier and typically contain up to 25 rows of seating.""",9,toward first base / right field,1-25,8,"Stairway aisles run along both side edges of the section; rows are not split by a mid-row aisle, so seat numbers run continuously from one side aisle to the other. The entry portal is at row 8.","Facing the field, seat 1 is on your right. That puts seat 1 on the edge facing section 308, with seat numbers counting up toward the edge facing section 312. Seat 1 is the end of the row farthest from home plate, and higher seat numbers run back toward home plate.",not published,"""Top Pick for Outstanding Convenience-Rows 4-12""; ""Rows 15 & Above - Covered""; ""Rows 4-12 are recommended for outstanding convenience""; ""Rows 15 and above are under cover"". ""Upper Level seats provide a wide, panoramic view of the entire field."" Unbroken 1-25 row run.","HIGH - zone, rows, location and seat direction stated by the source"
312,Upper Level (300s),Upper Level / 300-Level Seating,"""300-Level Seating: Upper Level sections are labeled in the 300s on the seating chart."" ""Upper Level seating at Oriole Park at Camden Yards includes all sections labeled in the 300s."" ""These sections sit on the stadium's highest tier and typically contain up to 25 rows of seating.""",8,toward first base / right field,"1-5, 9-25",8,"Stairway aisles run along both side edges of the section; rows are not split by a mid-row aisle, so seat numbers run continuously from one side aisle to the other. The entry portal is at row 8.","Facing the field, seat 1 is on your right. That puts seat 1 on the edge facing section 310, with seat numbers counting up toward the edge facing section 316. Seat 1 is the end of the row farthest from home plate, and higher seat numbers run back toward home plate.",not published,"""Top Pick for Kids and FamilyRows 1-5"" (run-together as printed); ""Rows 15 & Above - Covered""; ""There is wheelchair seating betweeen Rows 5 and 9""; ""Rows 1-5 are recommended for kids and family""; ""Rows 15 and above are under cover"". The 6-8 row gap is the accessible-row gap.","HIGH - zone, rows, location and seat direction stated by the source"
316,Upper Level (300s),Upper Level / 300-Level Seating,"""300-Level Seating: Upper Level sections are labeled in the 300s on the seating chart."" ""Upper Level seating at Oriole Park at Camden Yards includes all sections labeled in the 300s."" ""These sections sit on the stadium's highest tier and typically contain up to 25 rows of seating.""",7,toward first base / right field,1-25,8,"Stairway aisles run along both side edges of the section; rows are not split by a mid-row aisle, so seat numbers run continuously from one side aisle to the other. The entry portal is at row 8.","Facing the field, seat 1 is on your right. That puts seat 1 on the edge facing section 312, with seat numbers counting up toward the edge facing section 318. Seat 1 is the end of the row farthest from home plate, and higher seat numbers run back toward home plate.",not published,"""Top Pick for Kids and Family Rows 1-5""; ""Rows 15 & Above - Covered""; ""Rows 1-25""; ""Rows 1-5 are recommended for kids and family""; ""Rows 15 and above are under cover"". ""The back portion of many sections is protected by the stadium overhang, which can provide shade and protection from rain."" Unbroken 1-25 row run.","HIGH - zone, rows, location and seat direction stated by the source"
318,Upper Level (300s),Upper Level / 300-Level Seating,"""300-Level Seating: Upper Level sections are labeled in the 300s on the seating chart."" ""Upper Level seating at Oriole Park at Camden Yards includes all sections labeled in the 300s."" ""These sections sit on the stadium's highest tier and typically contain up to 25 rows of seating.""",6,toward first base / right field,"1-5, 9-25",8,"Stairway aisles run along both side edges of the section; rows are not split by a mid-row aisle, so seat numbers run continuously from one side aisle to the other. The entry portal is at row 8.","Facing the field, seat 1 is on your right. That puts seat 1 on the edge facing section 316, with seat numbers counting up toward the edge facing section 320. Seat 1 is the end of the row farthest from home plate, and higher seat numbers run back toward home plate.",not published,"""Rows 1-5 are recommended for kids and family""; ""Rows 15 and above are under cover"". ""Most sections are entered near Row 8, meaning fans may either walk down toward the front rows or up toward the higher rows."" The 6-8 row gap is the accessible-row gap; the page associates wheelchair access with rows 5-9.","HIGH - zone, rows, location and seat direction stated by the source"
320,Upper Level (300s),Upper Level / 300-Level Seating,"""300-Level Seating: Upper Level sections are labeled in the 300s on the seating chart."" ""Upper Level seating at Oriole Park at Camden Yards includes all sections labeled in the 300s."" ""These sections sit on the stadium's highest tier and typically contain up to 25 rows of seating.""",5,toward first base / right field,"1-5, 6-8",8,"Stairway aisles run along both side edges of the section; rows are not split by a mid-row aisle, so seat numbers run continuously from one side aisle to the other. The entry portal is at row 8.","Facing the field, seat 1 is on your right. That puts seat 1 on the edge facing section 318, with seat numbers counting up toward the edge facing section 322. Seat 1 is the end of the row farthest from home plate, and higher seat numbers run back toward home plate.",not published,"ANOMALY - the row-labels line reads ""Rows in Section 320 are labeled 1-5, 6-8"", i.e. it stops at Row 8, which is out of step with every neighbouring upper-deck section (1-25 or 1-5, 9-25) and with the zone text ""These sections sit on the stadium's highest tier and typically contain up to 25 rows of seating."" Two independent reads of the page, the second using a targeted quote-exactly prompt, returned the same string, so this is what the page says - recorded as-is, NOT corrected. ""Top Pick for Kids and FamilyRows 1-5""; ""Rows 1-5 are recommended for kids and family"". Note this section carries NO ""Rows 15 & Above - Covered"" line, unlike its neighbours - consistent with the short row list but unexplained.","HIGH - zone, rows, location and seat direction stated by the source"
322,Upper Level (300s),Upper Level / 300-Level Seating,"""300-Level Seating: Upper Level sections are labeled in the 300s on the seating chart."" ""Upper Level seating at Oriole Park at Camden Yards includes all sections labeled in the 300s."" ""These sections sit on the stadium's highest tier and typically contain up to 25 rows of seating.""",4,toward first base / right field,"1-5, 9-25",8,"Stairway aisles run along both side edges of the section; rows are not split by a mid-row aisle, so seat numbers run continuously from one side aisle to the other. The entry portal is at row 8.","Facing the field, seat 1 is on your right. That puts seat 1 on the edge facing section 320, with seat numbers counting up toward the edge facing section 324. Seat 1 is the end of the row farthest from home plate, and higher seat numbers run back toward home plate.",not published,"""Top Pick for Kids and FamilyRows 1-5""; ""Rows 15 & Above - Covered""; ""Rows 1-5 are recommended for kids and family""; ""Rows 15 and above are under cover""; ""There is wheelchair seating betweeen Rows 5 and 9"". The 6-8 row gap is the accessible-row gap.","HIGH - zone, rows, location and seat direction stated by the source"
324,Upper Level (300s),Upper Level / 300-Level Seating,"""300-Level Seating: Upper Level sections are labeled in the 300s on the seating chart."" ""Upper Level seating at Oriole Park at Camden Yards includes all sections labeled in the 300s."" ""These sections sit on the stadium's highest tier and typically contain up to 25 rows of seating.""",3,toward first base / right field,1-25,8,"Stairway aisles run along both side edges of the section; rows are not split by a mid-row aisle, so seat numbers run continuously from one side aisle to the other. The entry portal is at row 8.","Facing the field, seat 1 is on your right. That puts seat 1 on the edge facing section 322, with seat numbers counting up toward the edge facing section 326. Seat 1 is the end of the row farthest from home plate, and higher seat numbers run back toward home plate.",not published,"""Top Pick for Kids and FamilyRows 1-5""; ""Rows 15 & Above - Covered""; ""Rows 1-25""; ""Rows 1-5 are recommended for kids and family""; ""Rows 15 and above are under cover"". A fan review is present but the only text returned from it is the seat tag ""Sec 324 / Row 6"" - no review sentence naming a side or a seat number. Unbroken 1-25 row run.","HIGH - zone, rows, location and seat direction stated by the source"
326,Upper Level (300s),Upper Level / 300-Level Seating,"""300-Level Seating: Upper Level sections are labeled in the 300s on the seating chart."" ""Upper Level seating at Oriole Park at Camden Yards includes all sections labeled in the 300s."" ""These sections sit on the stadium's highest tier and typically contain up to 25 rows of seating.""",2,toward first base / right field,"1-5, 9-25",8,"Stairway aisles run along both side edges of the section; rows are not split by a mid-row aisle, so seat numbers run continuously from one side aisle to the other. The entry portal is at row 8.","Facing the field, seat 1 is on your right. That puts seat 1 on the edge facing section 324, with seat numbers counting up toward the edge facing section 328. Seat 1 is the end of the row farthest from home plate, and higher seat numbers run back toward home plate.","""There are a total of 20 seats in Section 326 Row 17"" - a single-row count for Row 17 only; no general seats-per-row figure is stated.","""Section 326 might appear as two different sections in some seating charts as the Orioles designate the first twelve rows as Box seating and the rest of the rows as Reserve seating."" This is the only split-designation note found anywhere in batch 07. ""Rows 15 & Above - Covered""; ""Rows 15 and above are under cover"". The 6-8 row gap is the accessible-row gap.","HIGH - zone, rows, location and seat direction stated by the source"
328,Upper Level (300s),"Upper Level / 300-Level Seating, at the edge of the Home Plate upper-deck block","RateYourSeats headline tag on this section page ""Desirable view from behind home plate"". ""Upper Level seating at Oriole Park at Camden Yards includes all sections labeled in the 300s."" ""300-Level Seating: Upper Level sections are labeled in the 300s"". ""Home Plate View"". ""For the best home plate views in the upper deck, consider Sections 330-342, which sit directly behind home plate"".",1,toward first base / right field,"1-5, 9-25",8,"Stairway aisles run along both side edges of the section; rows are not split by a mid-row aisle, so seat numbers run continuously from one side aisle to the other. The entry portal is at row 8.","Facing the field, seat 1 is on your right. That puts seat 1 on the edge facing section 326, with seat numbers counting up toward the edge facing section 330. Seat 1 is the end of the row farthest from home plate, and higher seat numbers run back toward home plate.",not published,"""Rows 15 & Above - Covered""; ""Desirable view from behind home plate""; ""Rows 15 and above are under cover"". The 6-8 row gap is the accessible-row gap. Section 326's page names ""the aisle between Sections 326 and 328"" as the easiest access.","HIGH - zone, rows, location and seat direction stated by the source"
330,Upper Level (300s),Upper Level / 300-Level Seating,"RateYourSeats headline tag on this section page ""Desirable view from behind home plate"". ""Home Plate Upper Deck Views: Sections 330-342 offer strong views of the entire field from behind home plate."" ""For the best home plate views in the upper deck, consider Sections 330-342, which sit directly behind home plate and offer a balanced perspective of the field along with a clear view of the right field scoreboard."" ""Upper Level seating at Oriole Park at Camden Yards includes all sections labeled in the 300s."" ""300-Level Seating: Upper Level sections are labeled in the 300s on the seating chart.""",0,behind home plate,1-25,8,"Stairway aisles run along both side edges of the section; rows are not split by a mid-row aisle, so seat numbers run continuously from one side aisle to the other. The entry portal is at row 8.","Facing the field, seat 1 is on your right. That puts seat 1 on the edge facing section 328, with seat numbers counting up toward the edge facing section 332. This section is behind home plate, so seat 1 is on its first-base side.",not published,"""Rows 1-5 are recommended for great views of the field""; ""Rows 15 and above are under cover"". FAN REVIEW ""Behind home plate and just above press box. First row really makes a difference."" - this CORROBORATES the behind-home-plate placement and adds the press box as a landmark, but says nothing about seat numbering or which side seat 1 is on. Unbroken 1-25 row run - no accessible-row gap.","HIGH - zone, rows, location and seat direction stated by the source"
332,Upper Level (300s),Upper Level / 300-Level Seating,"RateYourSeats headline tag on this section page ""Desirable view from behind home plate"". ""Home Plate Upper Deck Views: Sections 330-342 offer strong views of the entire field from behind home plate."" ""For the best home plate views in the upper deck, consider Sections 330-342, which sit directly behind home plate and offer a balanced perspective of the field along with a clear view of the right field scoreboard."" ""Upper Level seating at Oriole Park at Camden Yards includes all sections labeled in the 300s."" ""300-Level Seating: Upper Level sections are labeled in the 300s on the seating chart.""",0,behind home plate,1-25,8,"Stairway aisles run along both side edges of the section; rows are not split by a mid-row aisle, so seat numbers run continuously from one side aisle to the other. The entry portal is at row 8.","Facing the field, seat 1 is on your right. That puts seat 1 on the edge facing section 330, with seat numbers counting up toward the edge facing section 334. This section is behind home plate, so seat 1 is on its first-base side.",not published,"""Rows 4-12 are recommended for outstanding convenience""; ""Rows 1-5 are recommended for great views of the field""; ""Rows 15 and above are under cover"". Recorded ; it names no seat number and so does NOT bear on the seat-1 side. Unbroken 1-25 row run.","HIGH - zone, rows, location and seat direction stated by the source"
334,Upper Level (300s),Upper Level / 300-Level Seating,"RateYourSeats headline tag on this section page ""Desirable view from behind home plate"". ""Home Plate Upper Deck Views: Sections 330-342 offer strong views of the entire field from behind home plate."" ""For the best home plate views in the upper deck, consider Sections 330-342, which sit directly behind home plate and offer a balanced perspective of the field along with a clear view of the right field scoreboard."" ""Upper Level seating at Oriole Park at Camden Yards includes all sections labeled in the 300s."" ""300-Level Seating: Upper Level sections are labeled in the 300s on the seating chart.""",0,behind home plate,"1-5, 9-25",8,"Stairway aisles run along both side edges of the section; rows are not split by a mid-row aisle, so seat numbers run continuously from one side aisle to the other. The entry portal is at row 8.","Facing the field, seat 1 is on your right. That puts seat 1 on the edge facing section 332, with seat numbers counting up toward the edge facing section 336. This section is behind home plate, so seat 1 is on its first-base side.",not published,"""Top Pick for Great Views of the FieldRows 1-5"" (run-together as printed); ""Home Plate View""; ""Rows 15 & Above - Covered""; ""Rows 1-5 are recommended for great views of the field""; ""Rows 15 and above are under cover"". The 6-8 row gap is the accessible-row gap.","HIGH - zone, rows, location and seat direction stated by the source"
336,Upper Level (300s),Upper Level / 300-Level Seating,"RateYourSeats headline tag on this section page ""Desirable view from behind home plate"". ""Home Plate Upper Deck Views: Sections 330-342 offer strong views of the entire field from behind home plate."" ""For the best home plate views in the upper deck, consider Sections 330-342, which sit directly behind home plate and offer a balanced perspective of the field along with a clear view of the right field scoreboard."" ""Upper Level seating at Oriole Park at Camden Yards includes all sections labeled in the 300s."" ""300-Level Seating: Upper Level sections are labeled in the 300s on the seating chart.""",0,behind home plate,"1-5, 9-25",8,"Stairway aisles run along both side edges of the section; rows are not split by a mid-row aisle, so seat numbers run continuously from one side aisle to the other. The entry portal is at row 8.","Facing the field, seat 1 is on your right. That puts seat 1 on the edge facing section 334, with seat numbers counting up toward the edge facing section 338. This section is behind home plate, so seat 1 is on its first-base side.",not published,"""Rows 1-5 are recommended for great views of the field""; ""Rows 15 and above are under cover"".","HIGH - zone, rows, location and seat direction stated by the source"
338,Upper Level (300s),Upper Level / 300-Level Seating,"RateYourSeats headline tag on this section page ""Desirable view from behind home plate"". ""Home Plate Upper Deck Views: Sections 330-342 offer strong views of the entire field from behind home plate."" ""For the best home plate views in the upper deck, consider Sections 330-342, which sit directly behind home plate...""",0,behind home plate,"1-5, 6-8",8,"Stairway aisles run along both side edges of the section; rows are not split by a mid-row aisle, so seat numbers run continuously from one side aisle to the other. The entry portal is at row 8.","Facing the field, seat 1 is on your right. That puts seat 1 on the edge facing section 336, with seat numbers counting up toward the edge facing section 340. This section is behind home plate, so seat 1 is on its first-base side.",not published,"ANOMALY, and it is INTERNALLY CONTRADICTORY on the page itself. The row-labels line reads ""Rows in Section 338 are labeled 1-5, 6-8"" - stopping at Row 8 - yet the same page states ""The last 10 rows are covered by the stadium overhang."" A section of 8 rows cannot have 10 covered rows. Two independent reads, the second with a targeted quote-exactly prompt, returned the identical row string, so this is what the page says; recorded as-is and NOT corrected to the 1-5, 9-25 pattern its neighbours use. This is the SECOND section in this batch with the same odd ""1-5, 6-8"" string (see Section 320) - a site-side data defect on these two pages is the likelier explanation than a real 8-row upper-deck section, but no source states that, so it stays UNRESOLVED.","HIGH - zone, rows, location and seat direction stated by the source"
340,Upper Level (300s),Upper Level / 300-Level Seating,"RateYourSeats headline tag on this section page ""Desirable view from behind home plate"". ""Home Plate Upper Deck Views: Sections 330-342 offer strong views of the entire field from behind home plate."" ""For the best home plate views in the upper deck, consider Sections 330-342, which sit directly behind home plate and offer a balanced perspective of the field along with a clear view of the right field scoreboard."" ""Upper Level seating at Oriole Park at Camden Yards includes all sections labeled in the 300s."" ""300-Level Seating: Upper Level sections are labeled in the 300s on the seating chart.""",0,behind home plate,"1-5, 9-25",8,"Stairway aisles run along both side edges of the section; rows are not split by a mid-row aisle, so seat numbers run continuously from one side aisle to the other. The entry portal is at row 8.","Facing the field, seat 1 is on your right. That puts seat 1 on the edge facing section 338, with seat numbers counting up toward the edge facing section 342. This section is behind home plate, so seat 1 is on its first-base side.",not published,"""Rows 15 & Above - Covered""; ""Rows 4-12 are recommended for outstanding convenience""; ""Rows 1-5 are recommended for great views of the field""; ""Rows 15 and above are under cover"". The 6-8 row gap is the accessible-row gap.","HIGH - zone, rows, location and seat direction stated by the source"
342,Upper Level (300s),Upper Level / 300-Level Seating,"RateYourSeats headline tag on this section page ""Desirable view from behind home plate"". ""Home Plate Upper Deck Views: Sections 330-342 offer strong views of the entire field from behind home plate."" ""For the best home plate views in the upper deck, consider Sections 330-342, which sit directly behind home plate and offer a balanced perspective of the field along with a clear view of the right field scoreboard."" ""Upper Level seating at Oriole Park at Camden Yards includes all sections labeled in the 300s."" ""300-Level Seating: Upper Level sections are labeled in the 300s on the seating chart.""",0,behind home plate,1-25,8,"Stairway aisles run along both side edges of the section; rows are not split by a mid-row aisle, so seat numbers run continuously from one side aisle to the other. The entry portal is at row 8.","Facing the field, seat 1 is on your right. That puts seat 1 on the edge facing section 340, with seat numbers counting up toward the edge facing section 344. This section is behind home plate, so seat 1 is on its first-base side.",not published,"""Rows 4-12 are recommended for outstanding convenience""; ""Rows 1-5 are recommended for great views of the field""; ""Rows 15 and above are under cover"". FAN REVIEW ""Great view, in shade for 3:05 game"" (tagged Row 16) - corroborates the overhang shade line for the back rows. 342 is the top end of the 330-342 home-plate block. Unbroken 1-25 row run.","HIGH - zone, rows, location and seat direction stated by the source"
344,Upper Level (300s),Upper Level / 300-Level Seating,"""300-Level Seating: Upper Level sections are labeled in the 300s on the seating chart."" ""Upper Level seating at Oriole Park at Camden Yards includes all sections labeled in the 300s."" ""For the best home plate views in the upper deck, consider Sections 330-342, which sit directly behind home plate..."" - NOTE that last sentence names 330-342 and therefore EXCLUDES Section 344; it appears on the page as zone context, not as a placement of 344. No section-specific placement sentence for Section 344 is stated, and the page carries NO ""Desirable view from behind home plate"" headline tag.",1,toward third base / left field,1-25,8,"Stairway aisles run along both side edges of the section; rows are not split by a mid-row aisle, so seat numbers run continuously from one side aisle to the other. The entry portal is at row 8.","Facing the field, seat 1 is on your right. That puts seat 1 on the edge facing section 342, with seat numbers counting up toward the edge facing section 346. Seat 1 is the end of the row closest to home plate, and higher seat numbers run away from home plate.",not published,"""Top Pick for Great Views of the Field-Rows 1-5""; ""Rows 15 & Above - Covered""; ""Rows 1-5 are recommended for great views of the field""; ""Rows 15 and above are under cover"". Unbroken 1-25 row run - no accessible-row gap.","HIGH - zone, rows, location and seat direction stated by the source"
346,Upper Level (300s),not named by the source,"""Upper Level seating at Oriole Park at Camden Yards includes all sections labeled in the 300s."" ""Sections 330–342 offer strong views of the entire field from behind home plate.""",2,toward third base / left field,"1-5, 9-25",8,"Stairway aisles run along both side edges of the section; rows are not split by a mid-row aisle, so seat numbers run continuously from one side aisle to the other. The entry portal is at row 8.","Facing the field, seat 1 is on your right. That puts seat 1 on the edge facing section 344, with seat numbers counting up toward the edge facing section 348. Seat 1 is the end of the row closest to home plate, and higher seat numbers run away from home plate.",not published,"""There is wheelchair seating betweeen Rows 5 and 9"" . ""Top Pick for Great Views of the Field - Rows 1-5""; ""Rows 1-5 are recommended for great views of the field"". ""Rows 15 & Above - Covered""; ""Rows 15 and above are under cover"".","MEDIUM - rows confirmed, ticket zone not named by the source"
348,Upper Level (300s),not named by the source,"""Upper Level seating at Oriole Park at Camden Yards includes all sections labeled in the 300s."" ""Sections 330–342 offer strong views of the entire field from behind home plate.""",3,toward third base / left field,"1-5, 9-25",8,"Stairway aisles run along both side edges of the section; rows are not split by a mid-row aisle, so seat numbers run continuously from one side aisle to the other. The entry portal is at row 8.","Facing the field, seat 1 is on your right. That puts seat 1 on the edge facing section 346, with seat numbers counting up toward the edge facing section 350. Seat 1 is the end of the row closest to home plate, and higher seat numbers run away from home plate.",not published,"""There is wheelchair seating betweeen Rows 5 and 9"" . ""Top Pick for Outstanding Convenience - Rows 4-12""; ""Rows 4-12 are recommended for outstanding convenience"". ""Rows 15 & Above - Covered""; ""Rows 15 and above are under cover"".","MEDIUM - rows confirmed, ticket zone not named by the source"
350,Upper Level (300s),not named by the source,"""Upper Level seating at Oriole Park at Camden Yards includes all sections labeled in the 300s."" ""These sections sit on the stadium's highest tier and typically contain up to 25 rows of seating."" ""For the best home plate views in the upper deck, consider Sections 330–342, which sit directly behind home plate."" None of these places Section 350 itself.",4,toward third base / left field,"1-5, 6-8",8,"Stairway aisles run along both side edges of the section; rows are not split by a mid-row aisle, so seat numbers run continuously from one side aisle to the other. The entry portal is at row 8.","Facing the field, seat 1 is on your right. That puts seat 1 on the edge facing section 348, with seat numbers counting up toward the edge facing section 352. Seat 1 is the end of the row closest to home plate, and higher seat numbers run away from home plate.",not published,"""Wheelchair seating is available behind Row 5"". ""Top Pick for Outstanding Convenience - Rows 4-12""; ""Rows 4-12 are recommended for outstanding convenience"". ""The last 10 rows are covered by the stadium overhang.""; ""The back portion of many sections is protected by the stadium overhang, which can provide shade and protection from rain."" Verified by three independent fetches of this URL (including a targeted character-for-character re-read), which all returned ""1-5, 6-8"". Recorded NOT corrected to the ""1-5, 9-25"" pattern. Page also shows ""Lowest ticket price: $18"".","MEDIUM - rows confirmed, ticket zone not named by the source"
352,Upper Level (300s),not named by the source,"""Upper Level seating at Oriole Park at Camden Yards includes all sections labeled in the 300s."" ""Sections 330–342 offer strong views of the entire field from behind home plate.""",5,toward third base / left field,1-25,8,"Stairway aisles run along both side edges of the section; rows are not split by a mid-row aisle, so seat numbers run continuously from one side aisle to the other. The entry portal is at row 8.","Facing the field, seat 1 is on your right. That puts seat 1 on the edge facing section 350, with seat numbers counting up toward the edge facing section 354. Seat 1 is the end of the row closest to home plate, and higher seat numbers run away from home plate.",not published,"""Top Pick for Outstanding Convenience - Rows 4-12""; ""Rows 4-12 are recommended for outstanding convenience"". ""Rows 15 & Above - Covered""; ""Rows 15 and above are under cover"". ""Great View - The seat is on the aisle and has a very good view of the overall field""; ""Good view, bad sound - Speakers are right above this section and turned up too loud.""","MEDIUM - rows confirmed, ticket zone not named by the source"
354,Upper Level (300s),not named by the source,"""Upper Level seating at Oriole Park at Camden Yards includes all sections labeled in the 300s."" ""These sections sit on the stadium's highest tier and typically contain up to 25 rows of seating."" ""For the best home plate views in the upper deck, consider Sections 330–342, which sit directly behind home plate."" None of these places Section 354 itself.",6,toward third base / left field,"1-5, 9-25",8,"Stairway aisles run along both side edges of the section; rows are not split by a mid-row aisle, so seat numbers run continuously from one side aisle to the other. The entry portal is at row 8.","Facing the field, seat 1 is on your right. That puts seat 1 on the edge facing section 352, with seat numbers counting up toward the edge facing section 356. Seat 1 is the end of the row closest to home plate, and higher seat numbers run away from home plate.",not published,"""There is wheelchair seating betweeen Rows 5 and 9"" . ""Rows 15 & Above - Covered""; ""Rows 15 and above are under cover"". FAN REVIEW (shade, section-specific): ""We went on 6/16 and this row was the first row in this section to be fully in shade at 1:00 pm. The entire section 354 was in shade by 2:00 pm."" This is the only section-specific sentence on the page and it names no side for seat numbering.","MEDIUM - rows confirmed, ticket zone not named by the source"
356,Upper Level (300s),not named by the source,"""Upper Level sections are labeled in the 300s on the seating chart."" ""These sections sit on the stadium's highest tier and typically contain up to 25 rows of seating."" ""Upper Level seating at Oriole Park at Camden Yards includes all sections labeled in the 300s.""",7,toward third base / left field,"1-5, 9-25",8,"Stairway aisles run along both side edges of the section; rows are not split by a mid-row aisle, so seat numbers run continuously from one side aisle to the other. The entry portal is at row 8.","Facing the field, seat 1 is on your right. That puts seat 1 on the edge facing section 354, with seat numbers counting up toward the edge facing section 358. Seat 1 is the end of the row closest to home plate, and higher seat numbers run away from home plate.",not published,"""There is wheelchair seating between Rows 5 and 9"" (spelled ""between"" on this page, unlike the ""betweeen"" typo on sibling pages). Accessible positions appear as a numbered gap (rows 6-8 absent). ""Top Pick for Outstanding Convenience - Rows 4-12""; ""Rows 4-12 are recommended for outstanding convenience"". ""Rows 15 & Above - Covered""; ""Rows 15 and above are under cover"".","MEDIUM - rows confirmed, ticket zone not named by the source"
358,Upper Level (300s),not named by the source,"""Upper Level sections are labeled in the 300s on the seating chart."" ""These sections sit on the stadium's highest tier and typically contain up to 25 rows of seating.""",8,toward third base / left field,"1-5, 6-8",8,"Stairway aisles run along both side edges of the section; rows are not split by a mid-row aisle, so seat numbers run continuously from one side aisle to the other. The entry portal is at row 8.","Facing the field, seat 1 is on your right. That puts seat 1 on the edge facing section 356, with seat numbers counting up toward the edge facing section 360. Seat 1 is the end of the row closest to home plate, and higher seat numbers run away from home plate.",not published,"""Wheelchair seating is available behind Row 5"". ""Top Pick for Outstanding Convenience - Rows 4-12""; ""Rows 4-12 are recommended for outstanding convenience"". ""The last 10 rows are covered by the stadium overhang.""; ""The back portion of many sections is protected by the stadium overhang, which can provide shade and protection from rain."" Verified by three independent fetches of this URL (including a targeted character-for-character re-read), which all returned ""1-5, 6-8"". Recorded NOT corrected to the ""1-5, 9-25"" pattern.","MEDIUM - rows confirmed, ticket zone not named by the source"
360,Upper Level (300s),not named by the source,"""Upper Level seating at Oriole Park at Camden Yards includes all sections labeled in the 300s.""",9,toward third base / left field,1-25,8,"Stairway aisles run along both side edges of the section; rows are not split by a mid-row aisle, so seat numbers run continuously from one side aisle to the other. The entry portal is at row 8.","Facing the field, seat 1 is on your right. That puts seat 1 on the edge facing section 358, with seat numbers counting up toward the edge facing section 362. Seat 1 is the end of the row closest to home plate, and higher seat numbers run away from home plate.",not published,"""Top Pick for Outstanding Convenience - Rows 4-12""; ""Rows 4-12 are recommended for outstanding convenience"". ""Rows 15 & Above - Covered""; ""Rows 15 and above are under cover"".","MEDIUM - rows confirmed, ticket zone not named by the source"
362,Upper Level (300s),not named by the source,"""Upper Level sections are labeled in the 300s on the seating chart."" ""These sections sit on the stadium's highest tier and typically contain up to 25 rows of seating.""",10,toward third base / left field,"1-5, 9-25",8,"Stairway aisles run along both side edges of the section; rows are not split by a mid-row aisle, so seat numbers run continuously from one side aisle to the other. The entry portal is at row 8.","Facing the field, seat 1 is on your right. That puts seat 1 on the edge facing section 360, with seat numbers counting up toward the edge facing section 364. Seat 1 is the end of the row closest to home plate, and higher seat numbers run away from home plate.",not published,"""There is wheelchair seating betweeen Rows 5 and 9"" . ""Rows 15 & Above - Covered""; ""Rows 15 and above are under cover"".","MEDIUM - rows confirmed, ticket zone not named by the source"
364,Upper Level (300s),not named by the source,not stated by the source,11,toward third base / left field,"1-5, 9-25",8,"Stairway aisles run along both side edges of the section; rows are not split by a mid-row aisle, so seat numbers run continuously from one side aisle to the other. The entry portal is at row 8.","Facing the field, seat 1 is on your right. That puts seat 1 on the edge facing section 362, with seat numbers counting up toward the edge facing section 366. Seat 1 is the end of the row closest to home plate, and higher seat numbers run away from home plate.",not published,"""There is wheelchair seating between Rows 5 and 9"". Accessible positions appear as a numbered gap (rows 6-8 absent). ""Rows 15 & Above - Covered""; ""Rows 15 and above are under cover"".","MEDIUM - rows confirmed, ticket zone not named by the source"
366,Upper Level (300s),not named by the source,"""Upper Level sections are labeled in the 300s on the seating chart."" ""These sections sit on the stadium's highest tier and typically contain up to 25 rows of seating."" ""Upper Level seating at Oriole Park at Camden Yards includes all sections labeled in the 300s.""",12,toward third base / left field,"1-5, 6-8",8,"Stairway aisles run along both side edges of the section; rows are not split by a mid-row aisle, so seat numbers run continuously from one side aisle to the other. The entry portal is at row 8.","Facing the field, seat 1 is on your right. That puts seat 1 on the edge facing section 364, with seat numbers counting up toward the edge facing section 368. Seat 1 is the end of the row closest to home plate, and higher seat numbers run away from home plate.",not published,"""Wheelchair seating is available behind Row 5"". ""The last 10 rows are covered by the stadium overhang.""; ""The back portion of many sections is protected by the stadium overhang, which can provide shade and protection from rain."" ""The last 10 rows of the Upper Level benefit from shade provided by the stadium overhang."" Verified by three independent fetches of this URL (including a targeted character-for-character re-read), which all returned ""1-5, 6-8"". Recorded NOT corrected to the ""1-5, 9-25"" pattern.","MEDIUM - rows confirmed, ticket zone not named by the source"
368,Upper Level (300s),not named by the source,"""Upper Level sections are labeled in the 300s on the seating chart."" ""These sections sit on the stadium's highest tier and typically contain up to 25 rows of seating."" ""Sections 330–342 offer strong views of the entire field from behind home plate.""",13,toward third base / left field,1-25,8,"Stairway aisles run along both side edges of the section; rows are not split by a mid-row aisle, so seat numbers run continuously from one side aisle to the other. The entry portal is at row 8.","Facing the field, seat 1 is on your right. That puts seat 1 on the edge facing section 366, with seat numbers counting up toward the edge facing section 370. Seat 1 is the end of the row closest to home plate, and higher seat numbers run away from home plate.",not published,"""Rows 15 & Above - Covered""; ""Rows 15 and above are under cover"". ""The last 10 rows are covered by the stadium overhang.""","MEDIUM - rows confirmed, ticket zone not named by the source"
370,Upper Level (300s),not named by the source,"""Upper Level seating at Oriole Park at Camden Yards includes all sections labeled in the 300s.""",14,toward third base / left field,"1-5, 9-25",8,"Stairway aisles run along both side edges of the section; rows are not split by a mid-row aisle, so seat numbers run continuously from one side aisle to the other. The entry portal is at row 8.","Facing the field, seat 1 is on your right. That puts seat 1 on the edge facing section 368, with seat numbers counting up toward the edge facing section 372. Seat 1 is the end of the row closest to home plate, and higher seat numbers run away from home plate.",not published,"""There is wheelchair seating betweeen Rows 5 and 9"" . ""Rows 15 & Above - Covered""; ""Rows 15 and above are under cover"". ""The last 10 rows are covered by the stadium overhang.""","MEDIUM - rows confirmed, ticket zone not named by the source"
372,Upper Level (300s),not named by the source,"""Upper Level seating at Oriole Park at Camden Yards includes all sections labeled in the 300s.""",15,toward third base / left field,"1-5, 9-25",8,"Stairway aisles run along both side edges of the section; rows are not split by a mid-row aisle, so seat numbers run continuously from one side aisle to the other. The entry portal is at row 8.","Facing the field, seat 1 is on your right. That puts seat 1 on the edge facing section 370, with seat numbers counting up toward the edge facing section 374. Seat 1 is the end of the row closest to home plate, and higher seat numbers run away from home plate.",not published,"""There is wheelchair seating between Rows 5 and 9"". Accessible positions appear as a numbered gap (rows 6-8 absent). ""Rows 15 & Above - Covered""; ""Rows 15 and above are under cover"".","MEDIUM - rows confirmed, ticket zone not named by the source"
374,Upper Level (300s),not named by the source,"""Upper Level seating at Oriole Park at Camden Yards includes all sections labeled in the 300s."" ""Sections 330–342 offer strong views of the entire field from behind home plate.""",16,toward third base / left field,"1-5, 9-25",8,"Stairway aisles run along both side edges of the section; rows are not split by a mid-row aisle, so seat numbers run continuously from one side aisle to the other. The entry portal is at row 8.","Facing the field, seat 1 is on your right. That puts seat 1 on the edge facing section 372, with seat numbers counting up toward the edge facing section 376. Seat 1 is the end of the row closest to home plate, and higher seat numbers run away from home plate.",not published,"""There is wheelchair seating betweeen Rows 5 and 9"" . ""Rows 15 & Above - Covered""; ""Rows 15 and above are under cover"".","MEDIUM - rows confirmed, ticket zone not named by the source"
376,Upper Level (300s),not named by the source,"""Upper Level sections are labeled in the 300s on the seating chart."" ""These sections sit on the stadium's highest tier and typically contain up to 25 rows of seating."" ""Upper Level seating at Oriole Park at Camden Yards includes all sections labeled in the 300s.""",17,toward third base / left field,1-25,8,"Stairway aisles run along both side edges of the section; rows are not split by a mid-row aisle, so seat numbers run continuously from one side aisle to the other. The entry portal is at row 8.","Facing the field, seat 1 is on your right. That puts seat 1 on the edge facing section 374, with seat numbers counting up toward the edge facing section 378. Seat 1 is the end of the row closest to home plate, and higher seat numbers run away from home plate.",not published,"""Rows 15 & Above - Covered""; ""Rows 15 and above are under cover"". ""The last 10 rows are covered by the stadium overhang"".","MEDIUM - rows confirmed, ticket zone not named by the source"
378,Upper Level (300s),not named by the source,"""Upper Level sections are labeled in the 300s on the seating chart."" ""These sections sit on the stadium's highest tier and typically contain up to 25 rows of seating."" ""Upper Level seating at Oriole Park at Camden Yards includes all sections labeled in the 300s.""",18,toward third base / left field,"1-5, 9-25",8,"Stairway aisles run along both side edges of the section; rows are not split by a mid-row aisle, so seat numbers run continuously from one side aisle to the other. The entry portal is at row 8.","Facing the field, seat 1 is on your right. That puts seat 1 on the edge facing section 376, with seat numbers counting up toward the edge facing section 380. Seat 1 is the end of the row closest to home plate, and higher seat numbers run away from home plate.",not published,"""There is wheelchair seating betweeen Rows 5 and 9"" . ""Top Pick for Outstanding Convenience - Rows 4-12""; ""Rows 4-12 are recommended for outstanding convenience"". ""Rows 15 & Above - Covered""; ""Rows 15 and above are under cover"".","MEDIUM - rows confirmed, ticket zone not named by the source"
380,Upper Level (300s),not named by the source,"""Upper Level sections are labeled in the 300s on the seating chart."" ""These sections sit on the stadium's highest tier and typically contain up to 25 rows of seating."" ""Upper Level seating at Oriole Park at Camden Yards includes all sections labeled in the 300s.""",19,toward third base / left field,1-25,8,"Stairway aisles run along both side edges of the section; rows are not split by a mid-row aisle, so seat numbers run continuously from one side aisle to the other. The entry portal is at row 8.","Facing the field, seat 1 is on your right. That puts seat 1 on the edge facing section 378, with seat numbers counting up toward the edge facing section 381. Seat 1 is the end of the row closest to home plate, and higher seat numbers run away from home plate.",not published,"""Rows 15 & Above - Covered""; ""Rows 15 and above are under cover"".","MEDIUM - rows confirmed, ticket zone not named by the source"
381,Upper Level (300s),not named by the source,"""Upper Level seating at Oriole Park at Camden Yards includes all sections labeled in the 300s."" ""These sections sit on the stadium's highest tier and typically contain up to 25 rows of seating."" ""For the best home plate views in the upper deck, consider Sections 330–342, which sit directly behind home plate."" None of these places Section 381 itself.",20,toward third base / left field,8-25,8,"Stairway aisles run along both side edges of the section; rows are not split by a mid-row aisle, so seat numbers run continuously from one side aisle to the other. The entry portal is at row 8.","Facing the field, seat 1 is on your right. That puts seat 1 on the edge facing section 380, with seat numbers counting up toward the edge facing section 382. Seat 1 is the end of the row closest to home plate, and higher seat numbers run away from home plate.",not published,"Rows START AT 8, not 1 - CONFIRMED and the entrance row (8) is therefore also the FRONT row of the section. ""Rows 15 & Above - Covered""; ""Rows 15 and above are under cover"".","MEDIUM - rows confirmed, ticket zone not named by the source"
382,Upper Level (300s),not named by the source,"""Upper Level seating at Oriole Park at Camden Yards includes all sections labeled in the 300s."" ""These sections sit on the stadium's highest tier and typically contain up to 25 rows of seating."" ""For the best home plate views in the upper deck, consider Sections 330–342, which sit directly behind home plate."" None of these places Section 382 itself.",21,toward third base / left field,1-25,8,"Stairway aisles run along both side edges of the section; rows are not split by a mid-row aisle, so seat numbers run continuously from one side aisle to the other. The entry portal is at row 8.","Facing the field, seat 1 is on your right. That puts seat 1 on the edge facing section 381, with seat numbers counting up toward the edge facing section 384. Seat 1 is the end of the row closest to home plate, and higher seat numbers run away from home plate.",not published,"""Rows 15 & Above - Covered""; ""Rows 15 and above are under cover"".","MEDIUM - rows confirmed, ticket zone not named by the source"
384,Upper Level (300s),Upper Level,"The page carries no sentence placing Section 384 anywhere in the ballpark (no ""Section 384 is a ..."" intro, no ""What It's Like to Sit in Section 384"" paragraph). The only locating information is the tier label ""Upper Level"". The sibling pages 386 and 388 carry the generic tier sentence ""Upper Level seating at Oriole Park at Camden Yards includes all sections labeled in the 300s. These sections sit on the stadium's highest tier and typically contain up to 25 rows of seating."", which by its own terms applies to all 300s sections and is not specific to 384.",22,toward third base / left field,1-25,8,"Stairway aisles run along both side edges of the section; rows are not split by a mid-row aisle, so seat numbers run continuously from one side aisle to the other. The entry portal is at row 8.","Facing the field, seat 1 is on your right. That puts seat 1 on the edge facing section 382, with seat numbers counting up toward the edge facing section 386. Seat 1 is the end of the row closest to home plate, and higher seat numbers run away from home plate.",not published,"""Rows 15 & Above - Covered""; ""Rows 1-25"". ""Rows 15 and above are under cover"". NOTE that 384 does NOT carry the ""Top Pick for Outstanding Convenience / Rows 4-12"" insight that 386 and 388 both carry. this page serves tier-level prose in place of section prose for the location field, though the row-label and entrance-row lines ARE section-specific (they name Section 384 explicitly), so this is not a full zone redirect. The Upper Level zone page (https://www.rateyourseats.com/oriole-park/seating/upper-level) names only ""Sections 330-342"" (behind home plate) and makes no statement about the 380s; its general lines are ""The last 10 rows are covered by the stadium overhang"" and ""Most sections are entered near Row 8, meaning fans may either walk down toward the front rows or up toward the higher rows"" — the latter matches the Row 8 entrance recorded above.","HIGH - zone, rows, location and seat direction stated by the source"
386,Upper Level (300s),Upper Level,"The page instead serves the generic tier text ""Upper Level seating at Oriole Park at Camden Yards includes all sections labeled in the 300s. These sections sit on the stadium's highest tier and typically contain up to 25 rows of seating."" and ""Because the Upper Level concourse sits directly behind the sections, fans will find restrooms, concessions, and food stands conveniently located nearby."" The expert-review text under ""What It's Like to Sit in Section 386"" describes Upper Level seating generally, not Section 386 specifically.",23,toward third base / left field,1-25,8,"Stairway aisles run along both side edges of the section; rows are not split by a mid-row aisle, so seat numbers run continuously from one side aisle to the other. The entry portal is at row 8.","Facing the field, seat 1 is on your right. That puts seat 1 on the edge facing section 384, with seat numbers counting up toward the edge facing section 388. Seat 1 is the end of the row closest to home plate, and higher seat numbers run away from home plate.",not published,"""Top Pick for Outstanding Convenience"" / ""Rows 4-12""; ""Rows 15 & Above - Covered""; ""Rows 1-25"". ""Rows 4-12 are recommended for outstanding convenience""; ""Rows 15 and above are under cover"". covered by the ""Rows 15 and above are under cover"" line only. none section-specific. the descriptive prose is tier-level, not section-level; the row-label and entrance-row lines ARE section-specific.","HIGH - zone, rows, location and seat direction stated by the source"
388,Upper Level (300s),Upper Level,"The page serves the generic tier text ""Upper Level seating at Oriole Park at Camden Yards includes all sections labeled in the 300s. These sections sit on the stadium's highest tier and typically contain up to 25 rows of seating."" and ""Because the Upper Level concourse sits directly behind the sections, fans will find restrooms, concessions, and food stands conveniently located nearby.""",24,toward third base / left field,1-25,8,"Stairway aisles run along both side edges of the section; rows are not split by a mid-row aisle, so seat numbers run continuously from one side aisle to the other. The entry portal is at row 8.","Facing the field, seat 1 is on your right. That puts seat 1 on the edge facing section 386, with seat numbers counting up toward the far edge of the section, with no further section beyond it on that side. Seat 1 is the end of the row closest to home plate, and higher seat numbers run away from home plate.",not published,"""Top Pick for Outstanding Convenience: Rows 4-12""; ""Rows 15 & Above - Covered""; ""Rows 1-25"". ""Rows 4-12 are recommended for outstanding convenience""; ""Rows 15 and above are under cover"". one review header only — ""★★★★★ Sec 388 / Row 1"" — with no review body text captured and no locational or seat-numbering content. descriptive prose is tier-level, not section-level; row-label and entrance-row lines ARE section-specific.","HIGH - zone, rows, location and seat direction stated by the source"
