section,level,zone,location_in_stadium,sections_from_home_plate,direction_from_home_plate,rows_in_section,entrance_row,aisle_and_walkway_locations,seat_numbering,seats_per_row,notes,confidence
1,Field Level - Diamond and Scout Seats (1-25),Diamond Seats,"""Located in Sections 1-5, directly behind home plate within the first eight rows"" (rateyourseats.com)",0,behind home plate,D-H,H,"Stairway aisles run along both side edges of the section; rows are not split by a mid-row aisle, so seat numbers run continuously from one side aisle to the other. The entry portal is at row H.","Facing the field, seat 1 is on your right. That puts seat 1 on the edge facing section 2, with seat numbers counting up toward the far edge of the section, with no further section beyond it on that side. This section is behind home plate, so seat 1 is on its first-base side.",not published,"Premium seating area behind home plate. Obstructed views, sun/shade, netting, dugout adjacency, accessible rows and seat type not stated. rateyourseats.com section 1 page.","HIGH - zone, rows, location and seat direction stated by the source"
2,Field Level - Diamond and Scout Seats (1-25),Diamond Seats,"""Located in Sections 1-5, directly behind home plate within the first eight rows"" (rateyourseats.com)",0,behind home plate,A-H,UNKNOWN,"Stairway aisles run along both side edges of the section; rows are not split by a mid-row aisle, so seat numbers run continuously from one side aisle to the other. The entry portal row is not published for this section.","Facing the field, seat 1 is on your right. That puts seat 1 on the edge facing section 3, with seat numbers counting up toward the edge facing section 1. This section is behind home plate, so seat 1 is on its first-base side.",not published,"Described as a ""Premium seating area"" with a ""desirable view from behind home plate"" and a ""Head-on view"" for performances. Obstructed views, sun/shade, netting, dugout adjacency, accessible rows and seat type not stated. rateyourseats.com section 2 page.","HIGH - zone, rows, location and seat direction stated by the source"
3,Field Level - Diamond and Scout Seats (1-25),Diamond Seats,"""Located in Sections 1-5, directly behind home plate within the first eight rows"" (rateyourseats.com)",0,behind home plate,A-I,UNKNOWN,"Stairway aisles run along both side edges of the section; rows are not split by a mid-row aisle, so seat numbers run continuously from one side aisle to the other. The entry portal row is not published for this section.","Facing the field, seat 1 is on your right. That puts seat 1 on the edge facing section 4, with seat numbers counting up toward the edge facing section 2. This section is behind home plate, so seat 1 is on its first-base side.",not published,"Page carries a venue-wide fan note that ""There is some amount of netting or screening in front of sections 113-133"" - that note is about sections 113-133, not section 3. Sun/shade, dugout adjacency, accessible rows and seat type not stated. rateyourseats.com section 3 page.","HIGH - zone, rows, location and seat direction stated by the source"
4,Field Level - Diamond and Scout Seats (1-25),Diamond Seats,"""Located in Sections 1-5, directly behind home plate within the first eight rows"" (rateyourseats.com)",0,behind home plate,A-H,UNKNOWN,"Stairway aisles run along both side edges of the section; rows are not split by a mid-row aisle, so seat numbers run continuously from one side aisle to the other. The entry portal row is not published for this section.","Facing the field, seat 1 is on your right. That puts seat 1 on the edge facing section 5, with seat numbers counting up toward the edge facing section 3. This section is behind home plate, so seat 1 is on its first-base side.",not published,"Obstructed views, sun/shade, netting, dugout adjacency, accessible rows and seat type not stated. rateyourseats.com section 4 page.","HIGH - zone, rows, location and seat direction stated by the source"
5,Field Level - Diamond and Scout Seats (1-25),Diamond Seats,"""Located in Sections 1-5, directly behind home plate within the first eight rows"" (rateyourseats.com)",0,behind home plate,A-H,H,"Stairway aisles run along both side edges of the section; rows are not split by a mid-row aisle, so seat numbers run continuously from one side aisle to the other. The entry portal is at row H.","Facing the field, seat 1 is on your right. That puts seat 1 on the edge facing section 22, with seat numbers counting up toward the edge facing section 4. This section is behind home plate, so seat 1 is on its first-base side.",not published,"Obstructed views, sun/shade, netting, dugout adjacency, accessible rows and seat type not stated. rateyourseats.com section 5 page.","HIGH - zone, rows, location and seat direction stated by the source"
22,Field Level - Diamond and Scout Seats (1-25),Scout Seats,"""Located directly behind home plate""; these sections ""sit just behind the Diamond Club seating, with only eight rows of Diamond Club seats separating them from the backstop wall"" (rateyourseats.com)",0,behind home plate,A-H,H,"Stairway aisles run along both side edges of the section; rows are not split by a mid-row aisle, so seat numbers run continuously from one side aisle to the other. The entry portal is at row H.","Facing the field, seat 1 is on your right. That puts seat 1 on the edge facing section 23, with seat numbers counting up toward the edge facing section 5. This section is behind home plate, so seat 1 is on its first-base side.",not published,"""All seats in these sections feature extra-wide padded chairs"" (individual seats, not benches). ""There is some amount of netting or screening in front of sections 113-133"" - not stated for section 22. Sun/shade, dugout adjacency and accessible rows not stated. rateyourseats.com section 22 page.","HIGH - zone, rows, location and seat direction stated by the source"
23,Field Level - Diamond and Scout Seats (1-25),Scout Seats,"""Located directly behind home plate for excellent sightlines of the entire field"" (rateyourseats.com)",0,behind home plate,A-H,UNKNOWN,"Stairway aisles run along both side edges of the section; rows are not split by a mid-row aisle, so seat numbers run continuously from one side aisle to the other. The entry portal row is not published for this section.","Facing the field, seat 1 is on your right. That puts seat 1 on the edge facing section 24, with seat numbers counting up toward the edge facing section 22. This section is behind home plate, so seat 1 is on its first-base side.",Rows A-B have 10 seats; rows C-F have 11 seats; row G has 12 seats; row H (handicap) has 9 seats,"Row H is designated handicap/accessible seating. ""extra-wide padded chairs"" (individual seats). ""There is some amount of netting or screening in front of sections 113-133"" - not stated for section 23. Sun/shade and dugout adjacency not stated. rateyourseats.com section 23 page.","HIGH - zone, rows, location and seat direction stated by the source"
24,Field Level - Diamond and Scout Seats (1-25),Scout Seats,"""Located directly behind home plate""; ""Sections 22-25 are referred to as Scout Box seats and are positioned slightly closer to the field"" (rateyourseats.com)",0,behind home plate,A-H,UNKNOWN,"Stairway aisles run along both side edges of the section; rows are not split by a mid-row aisle, so seat numbers run continuously from one side aisle to the other. The entry portal row is not published for this section.","Facing the field, seat 1 is on your right. That puts seat 1 on the edge facing section 25, with seat numbers counting up toward the edge facing section 23. This section is behind home plate, so seat 1 is on its first-base side.",not published,"""extra-wide padded chairs"" for Scout Seats (individual seats). ""There is some amount of netting or screening in front of sections 113-133"" - not stated for section 24. Sun/shade, dugout adjacency and accessible rows not stated. rateyourseats.com section 24 page.","HIGH - zone, rows, location and seat direction stated by the source"
25,Field Level - Diamond and Scout Seats (1-25),Scout Seats,"""Located directly behind home plate"", with ""only eight rows of Diamond Club seats separating them from the backstop wall"" (rateyourseats.com)",0,behind home plate,A-H,H,"Stairway aisles run along both side edges of the section; rows are not split by a mid-row aisle, so seat numbers run continuously from one side aisle to the other. The entry portal is at row H.","Facing the field, seat 1 is on your right. That puts seat 1 on the far edge of the section, with no further section beyond it on that side, with seat numbers counting up toward the edge facing section 24. This section is behind home plate, so seat 1 is on its first-base side.",not published,"""extra-wide padded chairs"" (individual seats). ""There is some amount of netting or screening in front of sections 113-133"" - not stated for section 25. Sun/shade, dugout adjacency and accessible rows not stated. rateyourseats.com section 25 page.","HIGH - zone, rows, location and seat direction stated by the source"
101,Lower Bowl (100s),not named by the source,"""Behind/Side Stage (most shows)"" (rateyourseats.com concert-context label; no baseball-context physical location stated)",21,toward third base / left field,A-Q,Q,"Stairway aisles run along both side edges of the section; rows are not split by a mid-row aisle, so seat numbers run continuously from one side aisle to the other. The entry portal is at row Q.","Facing the field, seat 1 is on your right. That puts seat 1 on the edge facing section 102, with seat numbers counting up toward the far edge of the section, with no further section beyond it on that side. Seat 1 is the end of the row closest to home plate, and higher seat numbers run away from home plate.",not published,"""101 is behind the stage or to the side of the stage for most concerts. This may restrict or limit your view"". ""Rows J and above are under cover"". ""Sit in a higher number seat in Section 101 to be close to the Reds bullpen"". Netting, accessible rows and seat type not stated. rateyourseats.com section 101 page.","MEDIUM - rows confirmed, ticket zone not named by the source"
102,Lower Bowl (100s),not named by the source,"""Behind/Side Stage (most shows)"" (rateyourseats.com concert-context label; no baseball-context physical location stated)",20,toward third base / left field,A-Q,Q,"Stairway aisles run along both side edges of the section; rows are not split by a mid-row aisle, so seat numbers run continuously from one side aisle to the other. The entry portal is at row Q.","Facing the field, seat 1 is on your right. That puts seat 1 on the edge facing section 103, with seat numbers counting up toward the edge facing section 101. Seat 1 is the end of the row closest to home plate, and higher seat numbers run away from home plate.",not published,"""102 is behind the stage or to the side of the stage for most concerts. This may restrict or limit your view of the performance."" ""Rows J and above are under cover"". Netting, dugout/bullpen adjacency, accessible rows and seat type not stated. rateyourseats.com section 102 page.","MEDIUM - rows confirmed, ticket zone not named by the source"
103,Lower Bowl (100s),not named by the source,"""Behind/Side Stage (most shows)"" (rateyourseats.com concert-context label; no baseball-context physical location stated)",19,toward third base / left field,A-Q,Q,"Stairway aisles run along both side edges of the section; rows are not split by a mid-row aisle, so seat numbers run continuously from one side aisle to the other. The entry portal is at row Q.","Facing the field, seat 1 is on your right. That puts seat 1 on the edge facing section 104, with seat numbers counting up toward the edge facing section 102. Seat 1 is the end of the row closest to home plate, and higher seat numbers run away from home plate.",not published,"""103 is behind the stage or to the side of the stage for most concerts. This may restrict or limit your view of the performance."" ""Rows J and above are under cover"". Netting, dugout/bullpen adjacency, accessible rows and seat type not stated. rateyourseats.com section 103 page.","MEDIUM - rows confirmed, ticket zone not named by the source"
104,Lower Bowl (100s),not named by the source,not stated by the source,18,toward third base / left field,"A-P"" (rateyourseats.com). aviewfrommyseat.com lists ""First row: A | Last row: P""",P,"Stairway aisles run along both side edges of the section; rows are not split by a mid-row aisle, so seat numbers run continuously from one side aisle to the other. The entry portal is at row P.","Facing the field, seat 1 is on your right. That puts seat 1 on the edge facing section 105, with seat numbers counting up toward the edge facing section 103. Seat 1 is the end of the row closest to home plate, and higher seat numbers run away from home plate.",not published,"""Rows J and above are under cover"" (rateyourseats.com). aviewfrommyseat.com fan reports: some seats have ""an obstructed view of the scoreboard"" and ""Sun will be in your eyes for 6:40pm start times""; fan photos cover rows A, B, D, H, J with seat numbers up to 23. Netting, dugout/bullpen adjacency, accessible rows and seat type not stated.","MEDIUM - rows confirmed, ticket zone not named by the source"
105,Lower Bowl (100s),not named by the source,not stated by the source,17,toward third base / left field,A-Q,Q,"Stairway aisles run along both side edges of the section; rows are not split by a mid-row aisle, so seat numbers run continuously from one side aisle to the other. The entry portal is at row Q.","Facing the field, seat 1 is on your right. That puts seat 1 on the edge facing section 106, with seat numbers counting up toward the edge facing section 104. Seat 1 is the end of the row closest to home plate, and higher seat numbers run away from home plate.",not published,"""Rows J and above are under cover"". ""For baseball games, we recommend rows M-Q for outstanding convenience"". Obstructed views, netting, dugout/bullpen adjacency, accessible rows and seat type not stated. rateyourseats.com section 105 page.","MEDIUM - rows confirmed, ticket zone not named by the source"
106,Lower Bowl (100s),not named by the source,not stated by the source,16,toward third base / left field,A-R,R,"Stairway aisles run along both side edges of the section; rows are not split by a mid-row aisle, so seat numbers run continuously from one side aisle to the other. The entry portal is at row R.","Facing the field, seat 1 is on your right. That puts seat 1 on the edge facing section 107, with seat numbers counting up toward the edge facing section 105. Seat 1 is the end of the row closest to home plate, and higher seat numbers run away from home plate.",not published,"""Rows Q and above are shaded during most day games""; page tag ""Afternoon Shade in Select Rows"". Obstructed views, netting, dugout/bullpen adjacency, accessible rows and seat type not stated. rateyourseats.com section 106 page.","MEDIUM - rows confirmed, ticket zone not named by the source"
107,Lower Bowl (100s),Field Level Down the Line,"""Field Level Down the Line (Baseball)"" - described as down the line within the lower tier sections, on either the first or third base side (rateyourseats.com); the specific side for section 107 is not stated.",15,toward third base / left field,"T-Z, AA-PP",PP,"Stairway aisles run along both side edges of the section; rows are not split by a mid-row aisle, so seat numbers run continuously from one side aisle to the other. The entry portal is at row PP.","Facing the field, seat 1 is on your right. That puts seat 1 on the edge facing section 108, with seat numbers counting up toward the edge facing section 106. Seat 1 is the end of the row closest to home plate, and higher seat numbers run away from home plate.",not published,"""Rows OO and above are shaded during most day games""; page tag ""Afternoon Shade in Select Rows"". Obstructed views, netting, dugout/bullpen adjacency, accessible rows and seat type not stated. rateyourseats.com section 107 page.","HIGH - zone, rows, location and seat direction stated by the source"
108,Lower Bowl (100s),Field Level Down the Line,"""Field Level Down the Line"" for baseball (rateyourseats.com); the specific base side for section 108 is not stated.",14,toward third base / left field,"T-Z, AA-PP",PP,"Stairway aisles run along both side edges of the section; rows are not split by a mid-row aisle, so seat numbers run continuously from one side aisle to the other. The entry portal is at row PP.","Facing the field, seat 1 is on your right. That puts seat 1 on the edge facing section 109, with seat numbers counting up toward the edge facing section 107. Seat 1 is the end of the row closest to home plate, and higher seat numbers run away from home plate.",not published,"""Rows KK and above are under cover"". Recommended rows ""LL-PP for outstanding convenience"". ""Sitting on the third base side will put the main scoreboard over your left shoulder making it more difficult to see"". Obstructed views, netting, dugout/bullpen adjacency, accessible rows and seat type not stated. rateyourseats.com section 108 page.","HIGH - zone, rows, location and seat direction stated by the source"
109,Lower Bowl (100s),not named by the source,not stated by the source,13,toward third base / left field,"M-Z, AA-PP",PP,"Stairway aisles run along both side edges of the section; rows are not split by a mid-row aisle, so seat numbers run continuously from one side aisle to the other. The entry portal is at row PP.","Facing the field, seat 1 is on your right. That puts seat 1 on the edge facing section 110, with seat numbers counting up toward the edge facing section 108. Seat 1 is the end of the row closest to home plate, and higher seat numbers run away from home plate.",not published,"""Rows KK and above are under cover"". Marked ""Top Pick for Outstanding Convenience"" for rows LL-PP; zone review notes prices are ""more affordable"" than corner sections. Obstructed views, netting, dugout/bullpen adjacency, accessible rows and seat type not stated. rateyourseats.com section 109 page.","MEDIUM - rows confirmed, ticket zone not named by the source"
110,Lower Bowl (100s),Field Level Down the Line,"""down the line within the lower tier sections"", on either the first or third base side (rateyourseats.com); the specific side for section 110 is not stated.",12,toward third base / left field,"F-Z, AA-PP",PP,"Stairway aisles run along both side edges of the section; rows are not split by a mid-row aisle, so seat numbers run continuously from one side aisle to the other. The entry portal is at row PP.","Facing the field, seat 1 is on your right. That puts seat 1 on the edge facing section 111, with seat numbers counting up toward the edge facing section 109. Seat 1 is the end of the row closest to home plate, and higher seat numbers run away from home plate.",not published,"""Rows KK & Above - Covered"" / ""Rows KK and above are under cover"". Marked ""Top Pick for Great Views of the Field"" for baseball. Obstructed views, netting, dugout/bullpen adjacency, accessible rows and seat type not stated. rateyourseats.com section 110 page.","HIGH - zone, rows, location and seat direction stated by the source"
111,Lower Bowl (100s),Field Level Down the Line,"Down the line within the lower tier sections; page describes these as sections ""down the line"" on the third base or first base side of the lower tier.",11,toward third base / left field,"A-Z, AA-PP",PP,"Stairway aisles run along both side edges of the section; rows are not split by a mid-row aisle, so seat numbers run continuously from one side aisle to the other. The entry portal is at row PP.","Facing the field, seat 1 is on your right. That puts seat 1 on the edge facing section 112, with seat numbers counting up toward the edge facing section 110. Seat 1 is the end of the row closest to home plate, and higher seat numbers run away from home plate.",not published,"""Rows KK & Above - Covered"". ""Sitting on the third base side will put the main scoreboard over your left shoulder making it more difficult to see"". Fan review (Row A) reports an obstruction: ""The ball boy sits right between you and the pitcher, obscuring your view of most of the action"". Third base side (visitors dugout side of the park), but page does not state dugout adjacency for this section. rateyourseats.com section page.","HIGH - zone, rows, location and seat direction stated by the source"
112,Lower Bowl (100s),Field Level Down the Line,"Down the line within the lower tier sections, on the third base side; page flags it as a ""Top Pick for Great Views of the Field"".",10,toward third base / left field,"A-Z, AA-PP",PP,"Stairway aisles run along both side edges of the section; rows are not split by a mid-row aisle, so seat numbers run continuously from one side aisle to the other. The entry portal is at row PP.","Facing the field, seat 1 is on your right. That puts seat 1 on the edge facing section 113, with seat numbers counting up toward the edge facing section 111. Seat 1 is the end of the row closest to home plate, and higher seat numbers run away from home plate.",not published,"""Rows KK & Above - Covered"". ""By the 7th inning it was in full sun"". ""The view was great. Only four rows down from the main concourse"". main scoreboard sits over the left shoulder. rateyourseats.com section page.","HIGH - zone, rows, location and seat direction stated by the source"
113,Lower Bowl (100s),Field Level Infield,Sitting between the corner bases on the lower tier of Great American Ball Park,9,toward third base / left field,"A-Z, AA-GG",GG,"Stairway aisles run along both side edges of the section; rows are not split by a mid-row aisle, so seat numbers run continuously from one side aisle to the other. The entry portal is at row GG.","Facing the field, seat 1 is on your right. That puts seat 1 on the edge facing section 114, with seat numbers counting up toward the edge facing section 112. Seat 1 is the end of the row closest to home plate, and higher seat numbers run away from home plate.",not published,"""There is some amount of netting or screening in front of sections 113-133"" (page also states ""the height and coverage of netting or screening will vary by section""). ""During sunny day games, there will be limited shade in these lower level options""; ""fans can find some shaded seats at Great American Ballpark in the back rows (EE and higher) along the first base line"". Third base side (visitors dugout side); page does not state dugout adjacency for this section. rateyourseats.com section page.","HIGH - zone, rows, location and seat direction stated by the source"
114,Lower Bowl (100s),Field Level Infield,"Located in the first five rows along the infield near the dugouts""; page lists ""Sections 114 and 132: Rows A-E"" as Dugout Box. ""Sections on the third base side (114-119) sit near the visiting team dugout.",8,toward third base / left field,"A-Z, AA-GG",UNKNOWN,"Stairway aisles run along both side edges of the section; rows are not split by a mid-row aisle, so seat numbers run continuously from one side aisle to the other. The entry portal row is not published for this section.","Facing the field, seat 1 is on your right. That puts seat 1 on the edge facing section 115, with seat numbers counting up toward the edge facing section 113. Seat 1 is the end of the row closest to home plate, and higher seat numbers run away from home plate.",not published,"Entrance row not stated on the page. ""Sections on the third base side (114-119) sit near the visiting team dugout."" ""All Dugout Box seats are located behind protective netting."" ""There is some amount of netting or screening in front of sections 113-133"" (page also states ""the height and coverage of netting or screening will vary by section""). Dugout Box rows A-E offer ""Extra-wide padded seating close to the field"" and ""Dugout Box ticketholders also receive access to the private Scout's Club lounge"". Page notes generally that ""Seats at the back rows of the first base side will also be close to the entry tunnels at the top of the section"" (a first-base-side statement, not specific to 114). ""During sunny day games, there will be limited shade in these lower level options""; ""fans can find some shaded seats at Great American Ballpark in the back rows (EE and higher) along the first base line"".","HIGH - zone, rows, location and seat direction stated by the source"
115,Lower Bowl (100s),Field Level Infield,"Along the infield near the dugouts on the third base side; page lists ""Sections 115-119 and 127-131: Rows F-J"" as Dugout Box. ""Sections on the third base side (114-119) sit near the visiting team dugout.""",7,toward third base / left field,"F-Z, AA-GG",UNKNOWN,"Stairway aisles run along both side edges of the section; rows are not split by a mid-row aisle, so seat numbers run continuously from one side aisle to the other. The entry portal row is not published for this section.","Facing the field, seat 1 is on your right. That puts seat 1 on the edge facing section 116, with seat numbers counting up toward the edge facing section 114. Seat 1 is the end of the row closest to home plate, and higher seat numbers run away from home plate.",not published,"Entrance row not stated on the page. ""Sections on the third base side (114-119) sit near the visiting team dugout."" ""All Dugout Box seats are located behind protective netting."" ""There is some amount of netting or screening in front of sections 113-133"" (page also states ""the height and coverage of netting or screening will vary by section""). ""During sunny day games, there will be limited shade in these lower level options""; ""fans can find some shaded seats at Great American Ballpark in the back rows (EE and higher) along the first base line"". rateyourseats.com section page.","HIGH - zone, rows, location and seat direction stated by the source"
116,Lower Bowl (100s),Field Level Infield,"Behind the visitor dugout"" for baseball games. ""Sections on the third base side (114-119) sit near the visiting team dugout.",6,toward third base / left field,"F-Z, AA-GG",UNKNOWN,"Stairway aisles run along both side edges of the section; rows are not split by a mid-row aisle, so seat numbers run continuously from one side aisle to the other. The entry portal row is not published for this section.","Facing the field, seat 1 is on your right. That puts seat 1 on the edge facing section 117, with seat numbers counting up toward the edge facing section 115. Seat 1 is the end of the row closest to home plate, and higher seat numbers run away from home plate.",not published,"Entrance row not stated on the page. ""Row F is the first row behind the visitor's dugout"". ""All Dugout Box seats are located behind protective netting."" ""There is some amount of netting or screening in front of sections 113-133"" (page also states ""the height and coverage of netting or screening will vary by section""). ""During sunny day games, there will be limited shade in these lower level options""; ""fans can find some shaded seats at Great American Ballpark in the back rows (EE and higher) along the first base line"". rateyourseats.com section page.","HIGH - zone, rows, location and seat direction stated by the source"
117,Lower Bowl (100s),Field Level Infield,"For baseball games, these seats are located behind the visitor dugout"". ""Sections on the third base side (114-119) sit near the visiting team dugout.",5,toward third base / left field,"F-Z, AA-GG",UNKNOWN,"Stairway aisles run along both side edges of the section; rows are not split by a mid-row aisle, so seat numbers run continuously from one side aisle to the other. The entry portal row is not published for this section.","Facing the field, seat 1 is on your right. That puts seat 1 on the edge facing section 118, with seat numbers counting up toward the edge facing section 116. Seat 1 is the end of the row closest to home plate, and higher seat numbers run away from home plate.",not published,"Entrance row not stated on the page. ""Row F is the first row behind the visitor's dugout in Section 117"". ""All Dugout Box seats are located behind protective netting."" ""There is some amount of netting or screening in front of sections 113-133"" (page also states ""the height and coverage of netting or screening will vary by section""). ""During sunny day games, there will be limited shade in these lower level options""; ""fans can find some shaded seats at Great American Ballpark in the back rows (EE and higher) along the first base line"". rateyourseats.com section page.","HIGH - zone, rows, location and seat direction stated by the source"
118,Lower Bowl (100s),Field Level Infield,"For baseball games, these seats are located behind the visitor dugout"". ""Sections on the third base side (114-119) sit near the visiting team dugout.",4,toward third base / left field,"F-Z, AA-GG",UNKNOWN,"Stairway aisles run along both side edges of the section; rows are not split by a mid-row aisle, so seat numbers run continuously from one side aisle to the other. The entry portal row is not published for this section.","Facing the field, seat 1 is on your right. That puts seat 1 on the edge facing section 119, with seat numbers counting up toward the edge facing section 117. Seat 1 is the end of the row closest to home plate, and higher seat numbers run away from home plate.",not published,"Entrance row not stated on the page. ""Sections on the third base side (114-119) sit near the visiting team dugout."" ""All Dugout Box seats are located behind protective netting."" ""There is some amount of netting or screening in front of sections 113-133"" (page also states ""the height and coverage of netting or screening will vary by section""). Dugout Box rows offer ""Extra-wide padded seating close to the field"" plus private Scout's Club lounge access. ""During sunny day games, there will be limited shade in these lower level options""; ""fans can find some shaded seats at Great American Ballpark in the back rows (EE and higher) along the first base line"". rateyourseats.com section page.","HIGH - zone, rows, location and seat direction stated by the source"
119,Lower Bowl (100s),Field Level Infield,"""Sections on the third base side (114-119) sit near the visiting team dugout.""",3,toward third base / left field,"F-Z, AA-GG",GG,"Stairway aisles run along both side edges of the section; rows are not split by a mid-row aisle, so seat numbers run continuously from one side aisle to the other. The entry portal is at row GG.","Facing the field, seat 1 is on your right. That puts seat 1 on the edge facing section 120, with seat numbers counting up toward the edge facing section 118. Seat 1 is the end of the row closest to home plate, and higher seat numbers run away from home plate.",not published,"""Sections on the third base side (114-119) sit near the visiting team dugout."" ""All Dugout Box seats are located behind protective netting."" ""There is some amount of netting or screening in front of sections 113-133"" (page also states ""the height and coverage of netting or screening will vary by section""). ""During sunny day games, there will be limited shade in these lower level options""; ""fans can find some shaded seats at Great American Ballpark in the back rows (EE and higher) along the first base line"". rateyourseats.com section page.","HIGH - zone, rows, location and seat direction stated by the source"
120,Lower Bowl (100s),Field Level Infield,Sitting between the corner bases on the lower tier of Great American Ball Park,2,toward third base / left field,"M-Z, AA-GG",UNKNOWN,"Stairway aisles run along both side edges of the section; rows are not split by a mid-row aisle, so seat numbers run continuously from one side aisle to the other. The entry portal row is not published for this section.","Facing the field, seat 1 is on your right. That puts seat 1 on the edge facing section 121, with seat numbers counting up toward the edge facing section 119. Seat 1 is the end of the row closest to home plate, and higher seat numbers run away from home plate.",not published,"Entrance row not stated on the page. ""Rows GG and above are shaded during most late afternoon games"". ""There is some amount of netting or screening in front of sections 113-133"" (page also states ""the height and coverage of netting or screening will vary by section""). ""During sunny day games, there will be limited shade in these lower level options""; ""fans can find some shaded seats at Great American Ballpark in the back rows (EE and higher) along the first base line"". rateyourseats.com section page.","HIGH - zone, rows, location and seat direction stated by the source"
121,Lower Bowl (100s),Field Level Infield,Sitting between the corner bases on the lower tier of Great American Ball Park,1,toward third base / left field,"M-Z, AA-GG",UNKNOWN,"Stairway aisles run along both side edges of the section; rows are not split by a mid-row aisle, so seat numbers run continuously from one side aisle to the other. The entry portal row is not published for this section.","Facing the field, seat 1 is on your right. That puts seat 1 on the edge facing section 122, with seat numbers counting up toward the edge facing section 120. Seat 1 is the end of the row closest to home plate, and higher seat numbers run away from home plate.",not published,"Entrance row not stated on the page. ""Rows FF & Above - Covered"". ""There is some amount of netting or screening in front of sections 113-133"" (page also states ""the height and coverage of netting or screening will vary by section""). ""During sunny day games, there will be limited shade in these lower level options""; ""fans can find some shaded seats at Great American Ballpark in the back rows (EE and higher) along the first base line"". rateyourseats.com section page.","HIGH - zone, rows, location and seat direction stated by the source"
122,Lower Bowl (100s),Scout Seats,"""Scout Seats at Great American Ball Park include Sections 22-25 and 122-126, located directly behind home plate""; sections 122-126 ""sit directly behind"" the Scout Box seats (22-25), ""with only eight rows of Diamond Club seats separating them from the backstop wall"".",0,behind home plate,A-I,UNKNOWN,"Stairway aisles run along both side edges of the section; rows are not split by a mid-row aisle, so seat numbers run continuously from one side aisle to the other. The entry portal row is not published for this section.","Facing the field, seat 1 is on your right. That puts seat 1 on the edge facing section 123, with seat numbers counting up toward the edge facing section 121. This section is behind home plate, so seat 1 is on its first-base side.",not published,"Entrance row not stated on the page. ""Rows H and Above - Covered"". ""There is some amount of netting or screening in front of sections 113-133"" (page also states ""the height and coverage of netting or screening will vary by section""). extra-wide padded chairs, in-seat wait service via the ballpark app, Scout's Club lounge access. Views listed as ""Home Plate View"" and ""Head-on View (most shows)"". rateyourseats.com section page.","HIGH - zone, rows, location and seat direction stated by the source"
123,Lower Bowl (100s),Scout Seats,"Scout Seats at Great American Ball Park include Sections 22-25 and 122-126, located directly behind home plate.",0,behind home plate,A-I,UNKNOWN,"Stairway aisles run along both side edges of the section; rows are not split by a mid-row aisle, so seat numbers run continuously from one side aisle to the other. The entry portal row is not published for this section.","Facing the field, seat 1 is on your right. That puts seat 1 on the edge facing section 124, with seat numbers counting up toward the edge facing section 122. This section is behind home plate, so seat 1 is on its first-base side.",not published,"Entrance row not stated on the page. ""Rows H & Above - Covered"". ""There is some amount of netting or screening in front of sections 113-133"" (page also states ""the height and coverage of netting or screening will vary by section""). Premium extra-wide padded chairs. Views listed as ""Home Plate View"" and ""Head-on View (most shows)"". rateyourseats.com section page.","HIGH - zone, rows, location and seat direction stated by the source"
124,Lower Bowl (100s),Scout Seats,"""Located directly behind home plate"", positioned ""just behind the Diamond Club seating, with only eight rows of Diamond Club seats separating them from the backstop wall"".",0,behind home plate,A-O,O,"Stairway aisles run along both side edges of the section; rows are not split by a mid-row aisle, so seat numbers run continuously from one side aisle to the other. The entry portal is at row O.","Facing the field, seat 1 is on your right. That puts seat 1 on the edge facing section 125, with seat numbers counting up toward the edge facing section 123. This section is behind home plate, so seat 1 is on its first-base side.",not published,"""Rows H and above are under cover"". ""There is some amount of netting or screening in front of sections 113-133"" (page also states ""the height and coverage of netting or screening will vary by section""). Page recommends ""Rows A-I for great views of the field"". extra-wide padded chairs, in-seat wait service, Scout's Club lounge access. rateyourseats.com section page.","HIGH - zone, rows, location and seat direction stated by the source"
125,Lower Bowl (100s),Scout Seats,"""Located directly behind home plate"", positioned ""just behind the Diamond Club seating, with only eight rows of Diamond Club seats separating them from the backstop wall"".",0,behind home plate,A-O,O,"Stairway aisles run along both side edges of the section; rows are not split by a mid-row aisle, so seat numbers run continuously from one side aisle to the other. The entry portal is at row O.","Facing the field, seat 1 is on your right. That puts seat 1 on the edge facing section 126, with seat numbers counting up toward the edge facing section 124. This section is behind home plate, so seat 1 is on its first-base side.",not published,"""Rows H and above are under cover"". ""There is some amount of netting or screening in front of sections 113-133"" (page also states ""the height and coverage of netting or screening will vary by section""). extra-wide padded chairs, in-seat wait service, Scout's Club lounge access. rateyourseats.com section page.","HIGH - zone, rows, location and seat direction stated by the source"
126,Lower Bowl (100s),Scout Seats,"""Sections 22-25 and 122-126, located directly behind home plate""; ""Sections 122-126 sit directly behind them"" (behind the Scout Box seats in sections 22-25).",0,behind home plate,A-O,O,"Stairway aisles run along both side edges of the section; rows are not split by a mid-row aisle, so seat numbers run continuously from one side aisle to the other. The entry portal is at row O.","Facing the field, seat 1 is on your right. That puts seat 1 on the edge facing section 127, with seat numbers counting up toward the edge facing section 125. This section is behind home plate, so seat 1 is on its first-base side.",not published,"""Rows H and above are under cover"". ""There is some amount of netting or screening in front of sections 113-133"" (page also states ""the height and coverage of netting or screening will vary by section""). extra-wide padded chairs, in-seat wait service, Scout's Club lounge access. Views listed as ""Home Plate View"" and ""Head-on View (most shows)"". rateyourseats.com section page.","HIGH - zone, rows, location and seat direction stated by the source"
127,Lower Bowl (100s),Field Level Infield,"Sitting between the corner bases on the lower tier of Great American Ball Park"". ""Sections on the first base side (127-132) sit near the Reds dugout.",1,toward first base / right field,"F-Z, AA-OO",OO,"Stairway aisles run along both side edges of the section; rows are not split by a mid-row aisle, so seat numbers run continuously from one side aisle to the other. The entry portal is at row OO.","Facing the field, seat 1 is on your right. That puts seat 1 on the edge facing section 128, with seat numbers counting up toward the edge facing section 126. Seat 1 is the end of the row farthest from home plate, and higher seat numbers run back toward home plate.",not published,"""Sections on the first base side (127-132) sit near the Reds dugout."" ""All Dugout Box seats are located behind protective netting."" ""There is some amount of netting or screening in front of sections 113-133"" (page also states ""the height and coverage of netting or screening will vary by section""). ""Rows EE and above are under cover"". Dugout Box rows F-J offer ""extra-wide padded seating close to the field"" with Scout's Club access. ""During sunny day games, there will be limited shade in these lower level options""; ""fans can find some shaded seats at Great American Ballpark in the back rows (EE and higher) along the first base line"". rateyourseats.com section page.","HIGH - zone, rows, location and seat direction stated by the source"
128,Lower Bowl (100s),Field Level Infield,"These seats are located behind the Reds dugout""; labeled ""Near Reds Dugout"". ""Sections on the first base side (127-132) sit near the Reds dugout.",2,toward first base / right field,"F-Z, AA-PP",PP,"Stairway aisles run along both side edges of the section; rows are not split by a mid-row aisle, so seat numbers run continuously from one side aisle to the other. The entry portal is at row PP.","Facing the field, seat 1 is on your right. That puts seat 1 on the edge facing section 129, with seat numbers counting up toward the edge facing section 127. Seat 1 is the end of the row farthest from home plate, and higher seat numbers run back toward home plate.",not published,"""Sections on the first base side (127-132) sit near the Reds dugout."" ""All Dugout Box seats are located behind protective netting."" ""There is some amount of netting or screening in front of sections 113-133"" (page also states ""the height and coverage of netting or screening will vary by section""). ""Rows EE & Above - Covered"". Page states ""For baseball games, we recommend these seats for great views of the field"". Dugout Box rows F-J have extra-wide padded chairs and Scout's Club access. rateyourseats.com section page.","HIGH - zone, rows, location and seat direction stated by the source"
129,Lower Bowl (100s),Field Level Infield,"These seats are located behind the Reds dugout""; labeled ""Near Reds Dugout"". ""Sections on the first base side (127-132) sit near the Reds dugout.",3,toward first base / right field,"F-Z, AA-PP",PP,"Stairway aisles run along both side edges of the section; rows are not split by a mid-row aisle, so seat numbers run continuously from one side aisle to the other. The entry portal is at row PP.","Facing the field, seat 1 is on your right. That puts seat 1 on the edge facing section 130, with seat numbers counting up toward the edge facing section 128. Seat 1 is the end of the row farthest from home plate, and higher seat numbers run back toward home plate.",not published,"""Sections on the first base side (127-132) sit near the Reds dugout."" ""All Dugout Box seats are located behind protective netting."" ""There is some amount of netting or screening in front of sections 113-133"" (page also states ""the height and coverage of netting or screening will vary by section""). ""Rows EE & Above - Covered"". ""During sunny day games, there will be limited shade in these lower level options""; ""fans can find some shaded seats at Great American Ballpark in the back rows (EE and higher) along the first base line"". rateyourseats.com section page.","HIGH - zone, rows, location and seat direction stated by the source"
130,Lower Bowl (100s),Dugout Box,"Located in the first five rows along the infield near the dugouts""; ""These seats are located behind the Reds dugout",4,toward first base / right field,"F-Z, AA-PP",PP,"Stairway aisles run along both side edges of the section; rows are not split by a mid-row aisle, so seat numbers run continuously from one side aisle to the other. The entry portal is at row PP.","Facing the field, seat 1 is on your right. That puts seat 1 on the edge facing section 131, with seat numbers counting up toward the edge facing section 129. Seat 1 is the end of the row farthest from home plate, and higher seat numbers run back toward home plate.",not published,"Protective netting in front of these sections. ""Rows EE & Above - Covered"" (rows EE and above are under cover). Dugout Box rows F-J include Scout's Club access (climate-controlled lounge, grab-and-go concessions, private restrooms, extra-wide padded seating). Limited shade in lower-level rows during sunny games. Behind the Reds dugout (first-base side, sections 127-132). rateyourseats.com.","HIGH - zone, rows, location and seat direction stated by the source"
131,Lower Bowl (100s),Dugout Box,"""Sitting between the corner bases on the lower tier of Great American Ball Park"" - first base line near the Reds dugout",5,toward first base / right field,"F-Z, AA-PP",PP,"Stairway aisles run along both side edges of the section; rows are not split by a mid-row aisle, so seat numbers run continuously from one side aisle to the other. The entry portal is at row PP.","Facing the field, seat 1 is on your right. That puts seat 1 on the edge facing section 132, with seat numbers counting up toward the edge facing section 130. Seat 1 is the end of the row farthest from home plate, and higher seat numbers run back toward home plate.",not published,"""There is some amount of netting or screening in front of sections 113-133."" Rows F-J (Dugout Box) are behind protective netting. ""Rows EE & Above - Covered."" Back rows (EE and higher) on the first base side have shade; limited shade in lower-level rows during sunny games. Reds dugout is on the first-base side (sections 127-132). rateyourseats.com.","HIGH - zone, rows, location and seat direction stated by the source"
132,Lower Bowl (100s),Dugout Box,Sections on the first base side (127-132) sit near the Reds dugout,6,toward first base / right field,"A-Z, AA-PP",PP,"Stairway aisles run along both side edges of the section; rows are not split by a mid-row aisle, so seat numbers run continuously from one side aisle to the other. The entry portal is at row PP.","Facing the field, seat 1 is on your right. That puts seat 1 on the edge facing section 133, with seat numbers counting up toward the edge facing section 131. Seat 1 is the end of the row farthest from home plate, and higher seat numbers run back toward home plate.","Stated as ""seat 1 on the right side of the sections as you face the field, and seat 17 on the left side""","""Rows EE & Above - Covered."" Rows A-E are behind protective netting. Dugout Box seats are extra-wide padded chairs with Scout's Club access. Fan review (Row S): ""Completely shaded for 7pm games."" Back rows of 132-135 noted as close to the Reds Heads Clubhouse and good for families. rateyourseats.com.","HIGH - zone, rows, location and seat direction stated by the source"
133,Lower Bowl (100s),not named by the source,"Sitting between the corner bases on the lower tier of Great American Ball Park""; described among ""the back rows (EE and higher) along the first base line (Sections 127-133)",7,toward first base / right field,"A-Z, AA-PP",PP,"Stairway aisles run along both side edges of the section; rows are not split by a mid-row aisle, so seat numbers run continuously from one side aisle to the other. The entry portal is at row PP.","Facing the field, seat 1 is on your right. That puts seat 1 on the edge facing section 134, with seat numbers counting up toward the edge facing section 132. Seat 1 is the end of the row farthest from home plate, and higher seat numbers run back toward home plate.",not published,"""Rows EE & Above - Covered."" ""Front of sections 113-133 are behind the netting"" and ""The height and coverage of netting or screening will vary by section."" Back rows have better shade. Recommended for kids/families. rateyourseats.com.","MEDIUM - rows confirmed, ticket zone not named by the source"
134,Lower Bowl (100s),Field Level Down the Line,not stated by the source,8,toward first base / right field,"A-Z, AA-PP",PP,"Stairway aisles run along both side edges of the section; rows are not split by a mid-row aisle, so seat numbers run continuously from one side aisle to the other. The entry portal is at row PP.","Facing the field, seat 1 is on your right. That puts seat 1 on the edge facing section 135, with seat numbers counting up toward the edge facing section 133. Seat 1 is the end of the row farthest from home plate, and higher seat numbers run back toward home plate.",not published,"""Rows EE & Above - Covered."" ""Opt for Rows EE and higher in Sections 134-137 for good overhead coverage and protection from the weather."" third base side puts ""the main scoreboard over your left shoulder making it more difficult to see""; ""The first base side is the better scoreboard viewing location and also will provide less exposure to the sun."" Recommended for families. rateyourseats.com.","MEDIUM - rows and zone confirmed, the source does not place this section"
135,Lower Bowl (100s),Field Level Down the Line,not stated by the source,9,toward first base / right field,"A-Z, AA-PP",PP,"Stairway aisles run along both side edges of the section; rows are not split by a mid-row aisle, so seat numbers run continuously from one side aisle to the other. The entry portal is at row PP.","Facing the field, seat 1 is on your right. That puts seat 1 on the edge facing section 136, with seat numbers counting up toward the edge facing section 134. Seat 1 is the end of the row farthest from home plate, and higher seat numbers run back toward home plate.",not published,"""Rows EE & Above - Covered."" ""Opt for Rows EE and higher in Sections 134-137 for good overhead coverage and protection from the weather."" ""Sitting on the third base side will put the main scoreboard over your left shoulder making it more difficult to see."" rateyourseats.com.","MEDIUM - rows and zone confirmed, the source does not place this section"
136,Lower Bowl (100s),Field Level Down the Line,not stated by the source,10,toward first base / right field,"E-Z, AA-PP",PP,"Stairway aisles run along both side edges of the section; rows are not split by a mid-row aisle, so seat numbers run continuously from one side aisle to the other. The entry portal is at row PP.","Facing the field, seat 1 is on your right. That puts seat 1 on the edge facing section 137, with seat numbers counting up toward the edge facing section 135. Seat 1 is the end of the row farthest from home plate, and higher seat numbers run back toward home plate.",not published,"""Rows EE & Above - Covered."" ""Opt for Rows EE and higher ... for good overhead coverage and protection from the weather."" First base side ""will provide less exposure to the sun."" rateyourseats.com.","MEDIUM - rows and zone confirmed, the source does not place this section"
137,Lower Bowl (100s),not named by the source,"aviewfrommyseat.com states: ""Along the 1st base line""",11,toward first base / right field,"M-Z, AA-PP",PP,"Stairway aisles run along both side edges of the section; rows are not split by a mid-row aisle, so seat numbers run continuously from one side aisle to the other. The entry portal is at row PP.","Facing the field, seat 1 is on your right. That puts seat 1 on the edge facing section 138, with seat numbers counting up toward the edge facing section 136. Seat 1 is the end of the row farthest from home plate, and higher seat numbers run back toward home plate.",not published,"rateyourseats.com: ""Rows EE & Above - Covered"" / ""Rows EE and above are under cover."" aviewfrommyseat.com tags: accessible rows available; some seats can be in shade during day games; aisle seats; seats under overhang. Reviewer comments (aviewfrommyseat): ""directly across from the right fielder, might be able to get a ball"" but ""kinda cramped against the wall""; wall obscures right field view in some rows; ""lots of kids rushing to this wall after every at bat""; higher rows (JJ onward) offer better views and shade.","MEDIUM - rows confirmed, ticket zone not named by the source"
138,Lower Bowl (100s),not named by the source,"aviewfrommyseat.com states: ""Along the 1st base line""",12,toward first base / right field,"R-Z, AA-QQ",QQ,"Stairway aisles run along both side edges of the section; rows are not split by a mid-row aisle, so seat numbers run continuously from one side aisle to the other. The entry portal is at row QQ.","Facing the field, seat 1 is on your right. That puts seat 1 on the edge facing section 139, with seat numbers counting up toward the edge facing section 137. Seat 1 is the end of the row farthest from home plate, and higher seat numbers run back toward home plate.",not published,"rateyourseats.com page states no view/sun/netting notes for this section. aviewfrommyseat.com tags: ""can be in the shade during a day game""; ""has a foul pole in view""; ""has an obstructed view of the scoreboard""; ""is a folding chair""; ""is near the bullpen""; ""is on the aisle"". aviewfrommyseat lists first row R and last row QQ.","MEDIUM - rows confirmed, ticket zone not named by the source"
139,Lower Bowl (100s),Field Level Down the Line,not stated by the source,13,toward first base / right field,"X-Z, AA-QQ",QQ,"Stairway aisles run along both side edges of the section; rows are not split by a mid-row aisle, so seat numbers run continuously from one side aisle to the other. The entry portal is at row QQ.","Facing the field, seat 1 is on your right. That puts seat 1 on the edge facing section 140, with seat numbers counting up toward the edge facing section 138. Seat 1 is the end of the row farthest from home plate, and higher seat numbers run back toward home plate.",not published,"Sun exposure varies by side; first base side has ""less exposure to the sun."" Visitor bullpen is to the left. Listed as a ""Top Pick for Partying and Socializing"" and recommended for catching foul balls down the line. rateyourseats.com.","MEDIUM - rows and zone confirmed, the source does not place this section"
140,Lower Bowl (100s),Sun Moon Deck,"Located in Sections 140-146 in right field"" / ""along the right field wall",14,toward first base / right field,"A-Z, AA-BB",H,"Stairway aisles run along both side edges of the section; rows are not split by a mid-row aisle, so seat numbers run continuously from one side aisle to the other. The entry portal is at row H.","Facing the field, seat 1 is on your right. That puts seat 1 on the edge facing section 141, with seat numbers counting up toward the edge facing section 139. Seat 1 is the end of the row farthest from home plate, and higher seat numbers run back toward home plate.",not published,Right field home run territory. Receives significant sunlight during day games. Visitor bullpen located behind Section 140 (lower-numbered seats closer to it). Part of the Sun/Moon Deck outfield seating area; near the Bow Tie Bar and Riverwalk social areas. Fans enter via tunnels at Row H. rateyourseats.com.,"HIGH - zone, rows, location and seat direction stated by the source"
141,Lower Bowl (100s),Sun Moon Deck,"Located in Sections 140 through 146 along the right field wall""; ""Right Field Home Run Territory",15,toward first base / right field,"A-Z, AA",H,"Stairway aisles run along both side edges of the section; rows are not split by a mid-row aisle, so seat numbers run continuously from one side aisle to the other. The entry portal is at row H.","Facing the field, seat 1 is on your right. That puts seat 1 on the edge facing section 142, with seat numbers counting up toward the edge facing section 140. Seat 1 is the end of the row farthest from home plate, and higher seat numbers run back toward home plate.",not published,"""One of the best areas to catch home run balls during BP."" ""Close to both the Reds and visiting team bullpens."" Receives ""significant sunlight during day games."" ""D-L for outstanding convenience."" rateyourseats.com.","HIGH - zone, rows, location and seat direction stated by the source"
142,Lower Bowl (100s),Sun / Moon Deck,"Located in Sections 140 through 146 along the right field wall""; ""Right Field Home Run Territory",16,toward first base / right field,A-Z,H,"Stairway aisles run along both side edges of the section; rows are not split by a mid-row aisle, so seat numbers run continuously from one side aisle to the other. The entry portal is at row H.","Facing the field, seat 1 is on your right. That puts seat 1 on the edge facing section 143, with seat numbers counting up toward the edge facing section 141. Seat 1 is the end of the row farthest from home plate, and higher seat numbers run back toward home plate.",not published,"Home run territory with batting practice opportunities. Direct sun exposure during day games. Rows D-L recommended for ""outstanding convenience."" ""behind the stage or to the side of the stage for most concerts. This may restrict or limit your view."" Near bullpens and social areas (Bow Tie Bar, Riverwalk). rateyourseats.com.","HIGH - zone, rows, location and seat direction stated by the source"
143,Lower Bowl (100s),Sun / Moon Deck,Located in Sections 140 through 146 along the right field wall,17,toward first base / right field,A-Y,H,"Stairway aisles run along both side edges of the section; rows are not split by a mid-row aisle, so seat numbers run continuously from one side aisle to the other. The entry portal is at row H.","Facing the field, seat 1 is on your right. That puts seat 1 on the edge facing section 144, with seat numbers counting up toward the edge facing section 142. Seat 1 is the end of the row farthest from home plate, and higher seat numbers run back toward home plate.",not published,"Right field home run territory. Receives significant sunlight during day games. Near bullpen views. ""behind the stage or to the side of the stage"" - may restrict view. rateyourseats.com.","HIGH - zone, rows, location and seat direction stated by the source"
144,Lower Bowl (100s),Sun Moon Deck,"Located in Sections 140-146 in right field"" / ""along the right field wall",18,toward first base / right field,A-X,H,"Stairway aisles run along both side edges of the section; rows are not split by a mid-row aisle, so seat numbers run continuously from one side aisle to the other. The entry portal is at row H.","Facing the field, seat 1 is on your right. That puts seat 1 on the edge facing section 145, with seat numbers counting up toward the edge facing section 143. Seat 1 is the end of the row farthest from home plate, and higher seat numbers run back toward home plate.",not published,"Right field home run territory. Direct sun exposure, especially during summer day games. ""Behind/Side Stage (most shows)"" with potential limited views. Pepsi sign and smokestacks block roughly 40% of the outfield view from Row X, and no jumbotron visibility from upper rows. Close proximity to bullpens. rateyourseats.com.","HIGH - zone, rows, location and seat direction stated by the source"
145,Lower Bowl (100s),Sun Moon Deck,"Part of Sections 140-146 in right field (Sun/Moon Deck). ""Section 145 is behind the stage or to the side of the stage for most concerts.""",19,toward first base / right field,"A-G"")",G,"Stairway aisles run along both side edges of the section; rows are not split by a mid-row aisle, so seat numbers run continuously from one side aisle to the other. The entry portal is at row G.","Facing the field, seat 1 is on your right. That puts seat 1 on the edge facing section 146, with seat numbers counting up toward the edge facing section 144. Seat 1 is the end of the row farthest from home plate, and higher seat numbers run back toward home plate.",not published,"Limited/obstructed view for concerts: ""behind the stage or to the side of the stage."" ""Receives significant sunlight during day games."" right field home run territory, bullpen views nearby, social outfield location. rateyourseats.com.","HIGH - zone, rows, location and seat direction stated by the source"
146,Lower Bowl (100s),Sun Moon Deck,Located in Sections 140 through 146 along the right field wall,20,toward first base / right field,A-G,H,"Stairway aisles run along both side edges of the section; rows are not split by a mid-row aisle, so seat numbers run continuously from one side aisle to the other. The entry portal is at row H.","Facing the field, seat 1 is on your right. That puts seat 1 on the far edge of the section, with no further section beyond it on that side, with seat numbers counting up toward the edge facing section 145. Seat 1 is the end of the row farthest from home plate, and higher seat numbers run back toward home plate.",not published,"Right field home run territory. ""Nicknamed based on the time of the game"" (Sun Deck by day, Moon Deck by night). Receives ""significant sunlight during day games."" ""Behind the stage or to the side of the stage for most concerts"" with restricted/limited view. Near bullpens and social areas (Bow Tie Bar, Riverwalk). rateyourseats.com.","HIGH - zone, rows, location and seat direction stated by the source"
220,Club Home (200s),Club Seats,Club Home sections (220-228) are located directly behind home plate,0,behind home plate,A-C,C,"Stairway aisles run along both side edges of the section; rows are not split by a mid-row aisle, so seat numbers run continuously from one side aisle to the other. The entry portal is at row C.","Facing the field, seat 1 is on your right. That puts seat 1 on the edge facing section 221, with seat numbers counting up toward the far edge of the section, with no further section beyond it on that side. This section is behind home plate, so seat 1 is on its first-base side.",not published,"Section has ""just three rows of seating""; seats are ""wider and padded."" rateyourseats.com.","HIGH - zone, rows, location and seat direction stated by the source"
221,Club Home (200s),Club Seats,"Club Home sections (220-228)"" ""located directly behind home plate",0,behind home plate,A-C,C,"Stairway aisles run along both side edges of the section; rows are not split by a mid-row aisle, so seat numbers run continuously from one side aisle to the other. The entry portal is at row C.","Facing the field, seat 1 is on your right. That puts seat 1 on the edge facing section 222, with seat numbers counting up toward the edge facing section 220. This section is behind home plate, so seat 1 is on its first-base side.",not published,"""All seats in this section are shaded during most late afternoon games."" ""All seats in both areas are wider and padded."" ""the front glass partition may be in your eye sight."" rateyourseats.com.","HIGH - zone, rows, location and seat direction stated by the source"
222,Club Home (200s),Club Seats,directly behind home plate,0,behind home plate,A-C,C,"Stairway aisles run along both side edges of the section; rows are not split by a mid-row aisle, so seat numbers run continuously from one side aisle to the other. The entry portal is at row C.","Facing the field, seat 1 is on your right. That puts seat 1 on the edge facing section 223, with seat numbers counting up toward the edge facing section 221. This section is behind home plate, so seat 1 is on its first-base side.",not published,"access to Champions Club lounge with all-you-can-eat buffet, unlimited non-alcoholic beverages, climate-controlled indoor space, exclusive club bars, additional indoor seating areas. Seats are wider and padded. ""All seats in this section are shaded during most late afternoon games"". Only three rows total (closest to field among club sections). Flagged ""Top Pick for Impressing a Guest"" and ""Top Pick for Great Views of the Field"". not stated. not stated. rateyourseats.com section 222.","HIGH - zone, rows, location and seat direction stated by the source"
223,Club Home (200s),Club Seats,"Located directly behind home plate""; ""elevated views behind home plate, providing a centered perspective of the entire field",0,behind home plate,A-C,C,"Stairway aisles run along both side edges of the section; rows are not split by a mid-row aisle, so seat numbers run continuously from one side aisle to the other. The entry portal is at row C.","Facing the field, seat 1 is on your right. That puts seat 1 on the edge facing section 224, with seat numbers counting up toward the edge facing section 222. This section is behind home plate, so seat 1 is on its first-base side.",not published,"Champions Club lounge with all-you-can-eat buffet, unlimited non-alcoholic beverages, climate-controlled indoor space, exclusive club bars, additional indoor seating areas. Seats wider and padded. ""All seats in this section are shaded during most late afternoon games"". Noted as top pick for impressing guests and great field views. not stated. not stated. rateyourseats.com section 223.","HIGH - zone, rows, location and seat direction stated by the source"
224,Club Home (200s),Club Seats,Club Home Sections (220-228) are located directly behind home plate,0,behind home plate,A-C,C,"Stairway aisles run along both side edges of the section; rows are not split by a mid-row aisle, so seat numbers run continuously from one side aisle to the other. The entry portal is at row C.","Facing the field, seat 1 is on your right. That puts seat 1 on the edge facing section 225, with seat numbers counting up toward the edge facing section 223. This section is behind home plate, so seat 1 is on its first-base side.",14 seats in each row,"Champions Club lounge with all-you-can-eat buffet, unlimited non-alcoholic beverages, climate-controlled indoor lounge, exclusive club bars, additional indoor seating areas. ""All seats in this section are shaded during most late afternoon games"". not stated. not stated. rateyourseats.com section 224.","HIGH - zone, rows, location and seat direction stated by the source"
225,Club Home (200s),Club Seats,"Located directly behind home plate""; ""among the most convenient sections in the ballpark",0,behind home plate,A-C,C,"Stairway aisles run along both side edges of the section; rows are not split by a mid-row aisle, so seat numbers run continuously from one side aisle to the other. The entry portal is at row C.","Facing the field, seat 1 is on your right. That puts seat 1 on the edge facing section 226, with seat numbers counting up toward the edge facing section 224. This section is behind home plate, so seat 1 is on its first-base side.",not published,"all-inclusive access to Champions Club lounge with all-you-can-eat buffet, unlimited non-alcoholic beverages, climate-controlled indoor space, exclusive club bars, additional indoor seating areas. ""All seats in this section are shaded during most late afternoon games"". not stated. not stated. rateyourseats.com section 225.","HIGH - zone, rows, location and seat direction stated by the source"
226,Club Home (200s),Club Seats,"located directly behind home plate""; described as ""among the most convenient sections in the ballpark",0,behind home plate,A-C,C,"Stairway aisles run along both side edges of the section; rows are not split by a mid-row aisle, so seat numbers run continuously from one side aisle to the other. The entry portal is at row C.","Facing the field, seat 1 is on your right. That puts seat 1 on the edge facing section 227, with seat numbers counting up toward the edge facing section 225. This section is behind home plate, so seat 1 is on its first-base side.",not published,"all-inclusive buffet access (hot dogs, burgers, pizza, etc.), unlimited non-alcoholic beverages, climate-controlled lounge, exclusive club bars; seats wider and padded. ""All seats in this section are shaded during most late afternoon games"". not stated. not stated. rateyourseats.com section 226.","HIGH - zone, rows, location and seat direction stated by the source"
227,Club Home (200s),Club Seats,"Located directly behind home plate""; features ""centered perspective of the entire field",0,behind home plate,A-C,C,"Stairway aisles run along both side edges of the section; rows are not split by a mid-row aisle, so seat numbers run continuously from one side aisle to the other. The entry portal is at row C.","Facing the field, seat 1 is on your right. That puts seat 1 on the edge facing section 228, with seat numbers counting up toward the edge facing section 226. This section is behind home plate, so seat 1 is on its first-base side.",not published,"Champions Club lounge with all-you-can-eat buffet, unlimited non-alcoholic beverages, climate-controlled indoor space, exclusive club bars, additional indoor seating areas. ""All seats in this section are shaded during most late afternoon games"". not stated. not stated. rateyourseats.com section 227.","HIGH - zone, rows, location and seat direction stated by the source"
228,Club Home (200s),Club Seats,"directly behind home plate""; part of ""Club Home Sections (220-228)",0,behind home plate,A-C,UNKNOWN,"Stairway aisles run along both side edges of the section; rows are not split by a mid-row aisle, so seat numbers run continuously from one side aisle to the other. The entry portal row is not published for this section.","Facing the field, seat 1 is on your right. That puts seat 1 on the far edge of the section, with no further section beyond it on that side, with seat numbers counting up toward the edge facing section 227. This section is behind home plate, so seat 1 is on its first-base side.",not published,"Champions Club lounge with all-you-can-eat buffet (hot dogs, burgers, paninis, pizza, stir-fry, pasta), unlimited non-alcoholic beverages, climate-controlled indoor space, exclusive club bars, additional indoor seating areas. ""All seats in this section are shaded during most late afternoon games"". Entrance/portal row not stated on the page (unlike sections 222-227). not stated. not stated. rateyourseats.com section 228.","HIGH - zone, rows, location and seat direction stated by the source"
301,Champions Club (300s),Club Seats,"along the first base side of the stadium, extending from near home plate toward shallow right field",0,behind home plate,A-N (stated as 15 rows total),N,"Stairway aisles run along both side edges of the section; rows are not split by a mid-row aisle, so seat numbers run continuously from one side aisle to the other. The entry portal is at row N.","Facing the field, seat 1 is on your right. That puts seat 1 on the edge facing section 302, with seat numbers counting up toward the far edge of the section, with no further section beyond it on that side. This section is behind home plate, so seat 1 is on its first-base side.",not published,"Champions Club lounge with all-you-can-eat buffet, unlimited non-alcoholic beverages, climate-controlled indoor space, exclusive club bars, additional indoor seating areas; all seats ""wider and padded for added comfort"". ""Rows G and above are under cover"". Club Boxes (covered seating in grouped blocks of 4, 6, or 8 seats) are in sections 306-307. not stated. not stated. rateyourseats.com section 301.","HIGH - zone, rows, location and seat direction stated by the source"
302,Champions Club (300s),Club Seats,"Sections 301-307 run along the first base side of the stadium, extending from near home plate toward shallow right field.",0,behind home plate,A-N,N,"Stairway aisles run along both side edges of the section; rows are not split by a mid-row aisle, so seat numbers run continuously from one side aisle to the other. The entry portal is at row N.","Facing the field, seat 1 is on your right. That puts seat 1 on the edge facing section 303, with seat numbers counting up toward the edge facing section 301. This section is behind home plate, so seat 1 is on its first-base side.",not published,"all-you-can-eat buffet (hot dogs, burgers, paninis, pizza, stir-fry, pasta), unlimited non-alcoholic beverages, climate-controlled Champions Club lounge, exclusive club bars, wider padded seats. ""Rows G and above are under cover"". Club Boxes at top of sections 306-307 with grouped seating (4, 6, or 8 seats) and overhead cover. not stated. not stated. rateyourseats.com section 302.","HIGH - zone, rows, location and seat direction stated by the source"
303,Champions Club (300s),Club Seats,"Club Seating Sections (301-307) run along the first base side of the stadium, extending from near home plate toward shallow right field.",0,behind home plate,A-O,O,"Stairway aisles run along both side edges of the section; rows are not split by a mid-row aisle, so seat numbers run continuously from one side aisle to the other. The entry portal is at row O.","Facing the field, seat 1 is on your right. That puts seat 1 on the edge facing section 304, with seat numbers counting up toward the edge facing section 302. This section is behind home plate, so seat 1 is on its first-base side.",not published,"all-inclusive buffet (hot dogs, burgers, paninis, pizza, stir-fry, pasta), unlimited non-alcoholic beverages, climate-controlled Champions Club lounge, exclusive club bars, wider padded seats. ""Rows G and above are under cover"". Slightly angled view from first base side; comfortable viewing height above lower bowl. not stated. not stated. rateyourseats.com section 303.","HIGH - zone, rows, location and seat direction stated by the source"
304,Champions Club (300s),Club Seats,"along the first base side of the stadium, extending from near home plate toward shallow right field",0,behind home plate,A-O,O,"Stairway aisles run along both side edges of the section; rows are not split by a mid-row aisle, so seat numbers run continuously from one side aisle to the other. The entry portal is at row O.","Facing the field, seat 1 is on your right. That puts seat 1 on the edge facing section 305, with seat numbers counting up toward the edge facing section 303. This section is behind home plate, so seat 1 is on its first-base side.",not published,"Champions Club lounge with all-you-can-eat buffet, unlimited non-alcoholic beverages, climate-controlled indoor space, exclusive club bars, additional indoor seating areas; wider padded seats. ""Rows G and above are under cover"". Club Boxes available in top of sections 306-307 with grouped seating (4, 6, or 8 seats). Flagged ""Top Pick for Great Views of the Field"". not stated. not stated. rateyourseats.com section 304.","HIGH - zone, rows, location and seat direction stated by the source"
305,Champions Club (300s),Club Seats,"along the first base side of the stadium, extending from near home plate toward shallow right field",0,behind home plate,A-M,M,"Stairway aisles run along both side edges of the section; rows are not split by a mid-row aisle, so seat numbers run continuously from one side aisle to the other. The entry portal is at row M.","Facing the field, seat 1 is on your right. That puts seat 1 on the edge facing section 306, with seat numbers counting up toward the edge facing section 304. This section is behind home plate, so seat 1 is on its first-base side.",not published,"all-inclusive access to Champions Club lounge with buffet food, non-alcoholic beverages, climate-controlled indoor space, exclusive club bars, additional indoor seating areas; seats wider and padded. ""Rows G and Above - Covered"". Rows I-M flagged ""Top Pick for Outstanding Convenience"". not stated. not stated. rateyourseats.com section 305.","HIGH - zone, rows, location and seat direction stated by the source"
306,Champions Club (300s),Club Seats,"along the first base side of the stadium, extending from near home plate toward shallow right field",0,behind home plate,A-O (stated as 15 rows total),E,"Stairway aisles run along both side edges of the section; rows are not split by a mid-row aisle, so seat numbers run continuously from one side aisle to the other. The entry portal is at row E.","Facing the field, seat 1 is on your right. That puts seat 1 on the edge facing section 307, with seat numbers counting up toward the edge facing section 305. This section is behind home plate, so seat 1 is on its first-base side.",not published,"all-inclusive access to Champions Club lounge with buffet food, non-alcoholic beverages, climate-controlled indoor spaces, exclusive bars, wider padded seating. ""Rows A and above are shaded during most late afternoon games"". ""Club Boxes are located in the top of sections 306 and 307"" with covered seating for groups of 4, 6, or 8. not stated. not stated. rateyourseats.com section 306.","HIGH - zone, rows, location and seat direction stated by the source"
307,Champions Club (300s),Club Seats,"run along the first base side of the stadium, extending from near home plate toward shallow right field",0,behind home plate,A-O (stated as 15 rows total),E,"Stairway aisles run along both side edges of the section; rows are not split by a mid-row aisle, so seat numbers run continuously from one side aisle to the other. The entry portal is at row E.","Facing the field, seat 1 is on your right. That puts seat 1 on the far edge of the section, with no further section beyond it on that side, with seat numbers counting up toward the edge facing section 306. This section is behind home plate, so seat 1 is on its first-base side.",not published,"all-you-can-eat buffet, unlimited non-alcoholic beverages, climate-controlled Champions Club lounge, exclusive club bars; Club Boxes at top of sections 306-307 with covered seating in groups of 4, 6, or 8. ""Rows A and above are shaded during most late afternoon games"". ""There is open space behind Row E"". not stated. not stated. rateyourseats.com section 307.","HIGH - zone, rows, location and seat direction stated by the source"
401,Mezzanine and View Level Box (400s),Kroger Bleachers,Located above the left field wall at the highest tier of the outfield.,17,toward third base / left field,"A-D, G-V",D,"Stairway aisles run along both side edges of the section; rows are not split by a mid-row aisle, so seat numbers run continuously from one side aisle to the other. The entry portal is at row D.","Facing the field, seat 1 is on your right. That puts seat 1 on the edge facing section 402, with seat numbers counting up toward the far edge of the section, with no further section beyond it on that side. Seat 1 is the end of the row closest to home plate, and higher seat numbers run away from home plate.",not published,"""The main scoreboard sits directly above the sections, making it difficult to see."" ""These sections receive significant sun exposure during day games."" Rows V and above are covered. ""There is wheelchair seating between Rows D and G"". ""Bench-Style Bleacher Seats: Traditional bleacher benches with back support."" not stated. rateyourseats.com section 401.","HIGH - zone, rows, location and seat direction stated by the source"
402,Mezzanine and View Level Box (400s),Kroger Bleachers,behind the left field wall at the highest tier of the outfield seating,16,toward third base / left field,"A-D, G-V",D,"Stairway aisles run along both side edges of the section; rows are not split by a mid-row aisle, so seat numbers run continuously from one side aisle to the other. The entry portal is at row D.","Facing the field, seat 1 is on your right. That puts seat 1 on the edge facing section 403, with seat numbers counting up toward the edge facing section 401. Seat 1 is the end of the row closest to home plate, and higher seat numbers run away from home plate.",not published,"""the main scoreboard sits directly above these sections, making it difficult - if not impossible - to see the board"". ""receive significant sun exposure during day games""; rows V and above are covered. ""There is wheelchair seating between Rows D and G"". Bench-style bleacher seating with back support. not stated. rateyourseats.com section 402.","HIGH - zone, rows, location and seat direction stated by the source"
403,Mezzanine and View Level Box (400s),Kroger Bleachers,Behind the left field wall at the highest tier of the outfield seating,15,toward third base / left field,A-Y,F,"Stairway aisles run along both side edges of the section; rows are not split by a mid-row aisle, so seat numbers run continuously from one side aisle to the other. The entry portal is at row F.","Facing the field, seat 1 is on your right. That puts seat 1 on the edge facing section 404, with seat numbers counting up toward the edge facing section 402. Seat 1 is the end of the row closest to home plate, and higher seat numbers run away from home plate.",not published,"proximity to The Machine Room (craft beer venue). ""The main scoreboard sits directly above these sections, making it difficult - if not impossible - to see the board from these seats"". ""Receive significant sun exposure during day games""; ""Rows V and above are under cover"". not stated. rateyourseats.com section 403.","HIGH - zone, rows, location and seat direction stated by the source"
404,Mezzanine and View Level Box (400s),Kroger Bleachers,Located behind the left field wall at the highest tier of the outfield seating,14,toward third base / left field,A-Y,F,"Stairway aisles run along both side edges of the section; rows are not split by a mid-row aisle, so seat numbers run continuously from one side aisle to the other. The entry portal is at row F.","Facing the field, seat 1 is on your right. That puts seat 1 on the edge facing section 405, with seat numbers counting up toward the edge facing section 403. Seat 1 is the end of the row closest to home plate, and higher seat numbers run away from home plate.",not published,"Bench-style bleacher seating with back support. ""The main scoreboard sits directly above these sections, making it difficult to see"". ""Receive significant sun exposure during day games""; Rows V and above are covered. Rows A-D recommended for ""outstanding convenience"". not stated. not stated. rateyourseats.com section 404.","HIGH - zone, rows, location and seat direction stated by the source"
405,Mezzanine and View Level Box (400s),Kroger Bleachers,Located behind the left field wall at the highest tier of the outfield seating,13,toward third base / left field,"A-D, G-Y",F,"Stairway aisles run along both side edges of the section; rows are not split by a mid-row aisle, so seat numbers run continuously from one side aisle to the other. The entry portal is at row F.","Facing the field, seat 1 is on your right. That puts seat 1 on the edge facing section 406, with seat numbers counting up toward the edge facing section 404. Seat 1 is the end of the row closest to home plate, and higher seat numbers run away from home plate.",not published,"""The main scoreboard sits directly above these sections, making it difficult - if not impossible - to see the board from these seats"". ""Rows V & Above - Covered""; lower rows receive ""significant sun exposure during day games"". ""There is wheelchair seating betweeen Rows D and G"" (site's spelling). not stated. rateyourseats.com section 405.","HIGH - zone, rows, location and seat direction stated by the source"
406,Mezzanine and View Level Box (400s),Kroger Bleachers,"Located above the left field wall at the highest tier of the outfield""; ""The Kroger Bleachers at Great American Ball Park are located behind the left field wall",12,toward third base / left field,"A-D, G-Y",D,"Stairway aisles run along both side edges of the section; rows are not split by a mid-row aisle, so seat numbers run continuously from one side aisle to the other. The entry portal is at row D.","Facing the field, seat 1 is on your right. That puts seat 1 on the edge facing section 411, with seat numbers counting up toward the edge facing section 405. Seat 1 is the end of the row closest to home plate, and higher seat numbers run away from home plate.",not published,"rateyourseats.com section 406 page. ""Rows V & Above - Covered"" / ""Rows V and above are under cover"". ""There is wheelchair seating betweeen Rows D and G"" (site's spelling). ""Limited Scoreboard Visibility: The main scoreboard sits directly above"", making it difficult to see. ""Sunny Outfield Location: These sections receive significant sun exposure"" during day games. Bench-style bleacher seating with back support.","HIGH - zone, rows, location and seat direction stated by the source"
411,Mezzanine and View Level Box (400s),Mezzanine,"Located along the third base side of the ballpark on the upper seating level""; positioned ""farther down the line with a more angled view",11,toward third base / left field,"A-R"")",R,"Stairway aisles run along both side edges of the section; rows are not split by a mid-row aisle, so seat numbers run continuously from one side aisle to the other. The entry portal is at row R.","Facing the field, seat 1 is on your right. That puts seat 1 on the edge facing section 412, with seat numbers counting up toward the edge facing section 406. Seat 1 is the end of the row closest to home plate, and higher seat numbers run away from home plate.",not published,"rateyourseats.com section 411 page. ""Rows Q & Above - Covered"". Mezzanine sections receive significant sun exposure during day games, especially in the lower rows. Page flags rows N-R as a ""Top Pick for Outstanding Convenience"". More angled view toward the infield than sections closer to home plate. Wheelchair/accessible rows not stated.","HIGH - zone, rows, location and seat direction stated by the source"
412,Mezzanine and View Level Box (400s),Mezzanine,"""Located along the third base side of the ballpark on the upper seating level""; positioned farther down the line",10,toward third base / left field,"A-R"")",R,"Stairway aisles run along both side edges of the section; rows are not split by a mid-row aisle, so seat numbers run continuously from one side aisle to the other. The entry portal is at row R.","Facing the field, seat 1 is on your right. That puts seat 1 on the edge facing section 413, with seat numbers counting up toward the edge facing section 411. Seat 1 is the end of the row closest to home plate, and higher seat numbers run away from home plate.",not published,"rateyourseats.com section 412 page. ""Rows Q and above are under cover"". Significant sun exposure during day games, especially lower rows; ""cool rooms"" with fans and water noted at the top of the section. Obstructed view and wheelchair/accessible rows not stated.","HIGH - zone, rows, location and seat direction stated by the source"
413,Mezzanine and View Level Box (400s),Mezzanine,"Located along the third base side of the ballpark on the upper seating level""; positioned ""farther down the line with a more angled view",9,toward third base / left field,"A-R"")",R,"Stairway aisles run along both side edges of the section; rows are not split by a mid-row aisle, so seat numbers run continuously from one side aisle to the other. The entry portal is at row R.","Facing the field, seat 1 is on your right. That puts seat 1 on the edge facing section 414, with seat numbers counting up toward the edge facing section 412. Seat 1 is the end of the row closest to home plate, and higher seat numbers run away from home plate.",not published,"rateyourseats.com section 413 page. ""Rows Q and above are under cover"". Significant sun exposure during day games, particularly in lower rows. More angled viewing perspective toward the infield. Obstructed view and wheelchair/accessible rows not stated.","HIGH - zone, rows, location and seat direction stated by the source"
414,Mezzanine and View Level Box (400s),Mezzanine,"""Located along the third base side of the ballpark on the upper seating level""; positioned farther down the line with a more angled view",8,toward third base / left field,"A-R"")",R,"Stairway aisles run along both side edges of the section; rows are not split by a mid-row aisle, so seat numbers run continuously from one side aisle to the other. The entry portal is at row R.","Facing the field, seat 1 is on your right. That puts seat 1 on the edge facing section 415, with seat numbers counting up toward the edge facing section 413. Seat 1 is the end of the row closest to home plate, and higher seat numbers run away from home plate.",not published,"rateyourseats.com section 414 page. ""Rows Q and above are under cover"". Significant sun exposure during day games, particularly in lower rows. Obstructed view and wheelchair/accessible rows not stated.","HIGH - zone, rows, location and seat direction stated by the source"
415,Mezzanine and View Level Box (400s),Mezzanine,Located along the third base side of the ballpark on the upper seating level,7,toward third base / left field,"A-R""); ""Each section contains up to 18 rows of seating, with Row A located at the front and Row R at the back near the concourse",R,"Stairway aisles run along both side edges of the section; rows are not split by a mid-row aisle, so seat numbers run continuously from one side aisle to the other. The entry portal is at row R.","Facing the field, seat 1 is on your right. That puts seat 1 on the edge facing section 416, with seat numbers counting up toward the edge facing section 414. Seat 1 is the end of the row closest to home plate, and higher seat numbers run away from home plate.",not published,"rateyourseats.com section 415 page. ""Rows Q & Above - Covered"" / ""Rows Q and above are under cover"". ""Sunny During Day Games: Seats here often receive significant sun exposure."" ""Mezzanine sections are known to receive a good amount of sunlight during day games, especially in the lower rows."" ""Fans looking for a break from the sun may prefer seats near Row R"". not stated.","HIGH - zone, rows, location and seat direction stated by the source"
416,Mezzanine and View Level Box (400s),Mezzanine,Located along the third base side of the ballpark on the upper seating level.,6,toward third base / left field,"A-R""); ""Each section contains up to 18 rows of seating, with Row A located at the front and Row R at the back near the concourse",R,"Stairway aisles run along both side edges of the section; rows are not split by a mid-row aisle, so seat numbers run continuously from one side aisle to the other. The entry portal is at row R.","Facing the field, seat 1 is on your right. That puts seat 1 on the edge facing section 417, with seat numbers counting up toward the edge facing section 415. Seat 1 is the end of the row closest to home plate, and higher seat numbers run away from home plate.",not published,"rateyourseats.com section 416 page. ""Rows Q & Above - Covered"" / ""Rows Q and above are under cover"". ""Mezzanine sections are known to receive a good amount of sunlight during day games"". page refers to ""Row R (a handicap accessible seating area)"". Page notes good view of the field and home plate and close proximity to aisles, food vendors and restrooms near the top of the section.","HIGH - zone, rows, location and seat direction stated by the source"
417,Mezzanine and View Level Box (400s),Mezzanine,Located along the third base side of the ballpark on the upper seating level,5,toward third base / left field,"A-R"")",R,"Stairway aisles run along both side edges of the section; rows are not split by a mid-row aisle, so seat numbers run continuously from one side aisle to the other. The entry portal is at row R.","Facing the field, seat 1 is on your right. That puts seat 1 on the edge facing section 418, with seat numbers counting up toward the edge facing section 416. Seat 1 is the end of the row closest to home plate, and higher seat numbers run away from home plate.",not published,"rateyourseats.com section 417 page. ""Rows Q and above are under cover"". Significant sun exposure during day games. Page recommends rows N-R for convenience and rows C-H for views of the field; says it offers closer views than upper-level seats on the first base side. Obstructed view and wheelchair/accessible rows not stated.","HIGH - zone, rows, location and seat direction stated by the source"
418,Mezzanine and View Level Box (400s),Mezzanine,Located along the third base side of the ballpark on the upper seating level,4,toward third base / left field,"A-R"")",R,"Stairway aisles run along both side edges of the section; rows are not split by a mid-row aisle, so seat numbers run continuously from one side aisle to the other. The entry portal is at row R.","Facing the field, seat 1 is on your right. That puts seat 1 on the edge facing section 419, with seat numbers counting up toward the edge facing section 417. Seat 1 is the end of the row closest to home plate, and higher seat numbers run away from home plate.",not published,"rateyourseats.com section 418 page. ""Rows Q and above are under cover"". Significant sun exposure during day games. Page recommends rows C-H for optimal field views and says it offers closer views than certain upper-level sections on the first base side. Obstructed view and wheelchair/accessible rows not stated.","HIGH - zone, rows, location and seat direction stated by the source"
419,Mezzanine and View Level Box (400s),Mezzanine,Located along the third base side of the ballpark on the upper seating level,3,toward third base / left field,"A-R"")",R,"Stairway aisles run along both side edges of the section; rows are not split by a mid-row aisle, so seat numbers run continuously from one side aisle to the other. The entry portal is at row R.","Facing the field, seat 1 is on your right. That puts seat 1 on the edge facing section 420, with seat numbers counting up toward the edge facing section 418. Seat 1 is the end of the row closest to home plate, and higher seat numbers run away from home plate.",not published,"rateyourseats.com section 419 page. ""Rows Q & Above - Covered"". Significant sun exposure during day games. Page says it offers closer views to the field than comparable upper-level sections and among the best views near home plate of the mezzanine sections. Obstructed view and wheelchair/accessible rows not stated.","HIGH - zone, rows, location and seat direction stated by the source"
420,Mezzanine and View Level Box (400s),View Level Box Sections,Sections 420–437 sit closer to the field and contain only six rows per section,2,toward third base / left field,"A-F"")",F,"Stairway aisles run along both side edges of the section; rows are not split by a mid-row aisle, so seat numbers run continuously from one side aisle to the other. The entry portal is at row F.","Facing the field, seat 1 is on your right. That puts seat 1 on the edge facing section 421, with seat numbers counting up toward the edge facing section 419. Seat 1 is the end of the row closest to home plate, and higher seat numbers run away from home plate.",not published,"rateyourseats.com section 420 page. Described as among the closest View Level seats to the field; only six rows makes access easier than the larger 500 Level sections. Obstructed view, sun/shade, steepness and wheelchair/accessible rows not stated.","HIGH - zone, rows, location and seat direction stated by the source"
421,Mezzanine and View Level Box (400s),View Level Box Sections,Sections 420–437 sit closer to the field and contain only six rows per section,1,toward third base / left field,"A-F"")",F,"Stairway aisles run along both side edges of the section; rows are not split by a mid-row aisle, so seat numbers run continuously from one side aisle to the other. The entry portal is at row F.","Facing the field, seat 1 is on your right. That puts seat 1 on the edge facing section 422, with seat numbers counting up toward the edge facing section 420. Seat 1 is the end of the row closest to home plate, and higher seat numbers run away from home plate.",not published,"rateyourseats.com section 421 page. ""Each section features just six rows of seating, making them much easier to access than the larger 500 Level sections"". Coverage sentences on the page refer to other levels: ""Some overhead coverage can be found in the final few rows of the View Level sections due to the stadium structure above."" Obstructed view, steepness and wheelchair/accessible rows not stated.","HIGH - zone, rows, location and seat direction stated by the source"
422,Mezzanine and View Level Box (400s),View Level Box Sections,"View Level Box Sections (400 Level): Sections 420–437, which sit slightly lower and closer to the field.",0,behind home plate,"A-F"")",F,"Stairway aisles run along both side edges of the section; rows are not split by a mid-row aisle, so seat numbers run continuously from one side aisle to the other. The entry portal is at row F.","Facing the field, seat 1 is on your right. That puts seat 1 on the edge facing section 423, with seat numbers counting up toward the edge facing section 421. This section is behind home plate, so seat 1 is on its first-base side.",not published,"rateyourseats.com section 422 page. Page describes a desirable view behind home plate for baseball and a head-on view for end-stage concerts. Only shade sentence on the page refers to a different level: ""Shade in Upper Rows: Some overhead coverage can be found in the last few rows of the 500 Level sections."" Obstructed view, steepness and wheelchair/accessible rows not stated.","HIGH - zone, rows, location and seat direction stated by the source"
423,Mezzanine and View Level Box (400s),View Level Box Sections,"Sections 420–437 sit closer to the field""; page labels the view ""Home Plate View"" and ""Head-on View (most shows)",0,behind home plate,"A-F"")",F,"Stairway aisles run along both side edges of the section; rows are not split by a mid-row aisle, so seat numbers run continuously from one side aisle to the other. The entry portal is at row F.","Facing the field, seat 1 is on your right. That puts seat 1 on the edge facing section 424, with seat numbers counting up toward the edge facing section 422. This section is behind home plate, so seat 1 is on its first-base side.",not published,"rateyourseats.com section 423 page. Six rows per section, smaller than the 500 Level sections. ""Entry tunnels for these sections are located at the front of the sections"". Obstructed view, sun/shade, steepness and wheelchair/accessible rows not stated.","HIGH - zone, rows, location and seat direction stated by the source"
424,Mezzanine and View Level Box (400s),View Level Box Sections,"Page says these sections ""sit closer to the field"" on the View Level, in the home plate area",0,behind home plate,"A-F"")",F,"Stairway aisles run along both side edges of the section; rows are not split by a mid-row aisle, so seat numbers run continuously from one side aisle to the other. The entry portal is at row F.","Facing the field, seat 1 is on your right. That puts seat 1 on the edge facing section 425, with seat numbers counting up toward the edge facing section 423. This section is behind home plate, so seat 1 is on its first-base side.",not published,"rateyourseats.com section 424 page. Head-on / home plate perspective; only six rows per section, easier to access than the larger View Level sections. Obstructed view, sun/shade, steepness and wheelchair/accessible rows not stated.","HIGH - zone, rows, location and seat direction stated by the source"
425,Mezzanine and View Level Box (400s),View Level Box Sections,Sections 420–437 are referred to as the View Level Box sections and are the closest seats to the field on the View Level.,0,behind home plate,"A-F"")",F,"Stairway aisles run along both side edges of the section; rows are not split by a mid-row aisle, so seat numbers run continuously from one side aisle to the other. The entry portal is at row F.","Facing the field, seat 1 is on your right. That puts seat 1 on the edge facing section 426, with seat numbers counting up toward the edge facing section 424. This section is behind home plate, so seat 1 is on its first-base side.",not published,"rateyourseats.com section 425 page. ""Each section features just six rows of seating, making them much easier to access than the larger 500 Level sections."" Page labels the view ""Home Plate View"".","HIGH - zone, rows, location and seat direction stated by the source"
426,Mezzanine and View Level Box (400s),View Level Box Sections,Sections 420–437 sit closer to the field and contain only six rows per section,0,behind home plate,"A-F"")",F,"Stairway aisles run along both side edges of the section; rows are not split by a mid-row aisle, so seat numbers run continuously from one side aisle to the other. The entry portal is at row F.","Facing the field, seat 1 is on your right. That puts seat 1 on the edge facing section 427, with seat numbers counting up toward the edge facing section 425. This section is behind home plate, so seat 1 is on its first-base side.",not published,rateyourseats.com section 426 page. Page describes a desirable head-on view from behind home plate for baseball and a head-on view for end-stage concerts; six rows make access easier than the larger 500 Level sections.,"HIGH - zone, rows, location and seat direction stated by the source"
427,Mezzanine and View Level Box (400s),View Level Box Sections,Sections 420–437 are referred to as the View Level Box sections and are the closest seats to the field on the View Level.,1,toward first base / right field,"A-F"")",F,"Stairway aisles run along both side edges of the section; rows are not split by a mid-row aisle, so seat numbers run continuously from one side aisle to the other. The entry portal is at row F.","Facing the field, seat 1 is on your right. That puts seat 1 on the edge facing section 428, with seat numbers counting up toward the edge facing section 426. Seat 1 is the end of the row farthest from home plate, and higher seat numbers run back toward home plate.",not published,"rateyourseats.com section 427 page. ""each section features just six rows of seating"".","HIGH - zone, rows, location and seat direction stated by the source"
428,Mezzanine and View Level Box (400s),View Level Box Sections,"View Level Box Sections (400 Level): Sections 420–437, which sit slightly lower and closer to the field.",2,toward first base / right field,"A-F"")",F,"Stairway aisles run along both side edges of the section; rows are not split by a mid-row aisle, so seat numbers run continuously from one side aisle to the other. The entry portal is at row F.","Facing the field, seat 1 is on your right. That puts seat 1 on the edge facing section 429, with seat numbers counting up toward the edge facing section 427. Seat 1 is the end of the row farthest from home plate, and higher seat numbers run back toward home plate.",not published,"rateyourseats.com section 428 page. ""Afternoon Shade in Select Rows"" — ""Rows F and above are shaded during most late afternoon games"". ""Some overhead coverage can be found in the final few rows of the View Level sections"". Obstructed view, steepness and wheelchair/accessible rows not stated.","HIGH - zone, rows, location and seat direction stated by the source"
429,Mezzanine and View Level Box (400s),View Level Box,"""View Level Box Sections (400 Level): Sections 420-437, which sit slightly lower and closer to the field.""",3,toward first base / right field,"A-F"")",F,"Stairway aisles run along both side edges of the section; rows are not split by a mid-row aisle, so seat numbers run continuously from one side aisle to the other. The entry portal is at row F.","Facing the field, seat 1 is on your right. That puts seat 1 on the edge facing section 430, with seat numbers counting up toward the edge facing section 428. Seat 1 is the end of the row farthest from home plate, and higher seat numbers run back toward home plate.",not published,"""Rows D and above are shaded during most late afternoon games"" (page label: ""Afternoon Shade in Select Rows""). //www.rateyourseats.com/great-american-ball-park/seating/sections/429","HIGH - zone, rows, location and seat direction stated by the source"
430,Mezzanine and View Level Box (400s),View Level Box,"""View Level Box Sections (400 Level): Sections 420-437, which sit slightly lower and closer to the field."" ""Sections 420-437 are referred to as the View Level Box sections and are the closest seats to the field on the View Level.""",4,toward first base / right field,"A-F"")",F,"Stairway aisles run along both side edges of the section; rows are not split by a mid-row aisle, so seat numbers run continuously from one side aisle to the other. The entry portal is at row F.","Facing the field, seat 1 is on your right. That puts seat 1 on the edge facing section 431, with seat numbers counting up toward the edge facing section 429. Seat 1 is the end of the row farthest from home plate, and higher seat numbers run back toward home plate.",not published,"""Rows D and above are shaded during most late afternoon games"" (page label: ""Afternoon Shade in Select Rows""). //www.rateyourseats.com/great-american-ball-park/seating/sections/430","HIGH - zone, rows, location and seat direction stated by the source"
431,Mezzanine and View Level Box (400s),View Level Box,"""View Level Box Sections (400 Level): Sections 420-437, which sit slightly lower and closer to the field.""",5,toward first base / right field,"A-F"")",F,"Stairway aisles run along both side edges of the section; rows are not split by a mid-row aisle, so seat numbers run continuously from one side aisle to the other. The entry portal is at row F.","Facing the field, seat 1 is on your right. That puts seat 1 on the edge facing section 432, with seat numbers counting up toward the edge facing section 430. Seat 1 is the end of the row farthest from home plate, and higher seat numbers run back toward home plate.",not published,"""Rows D and above are shaded during most late afternoon games"" (page label: ""Afternoon Shade in Select Rows""). //www.rateyourseats.com/great-american-ball-park/seating/sections/431","HIGH - zone, rows, location and seat direction stated by the source"
432,Mezzanine and View Level Box (400s),View Level Box,"""View Level Box Sections (400 Level): Sections 420-437, which sit slightly lower and closer to the field."" ""Sections 420-432 tend to offer the best views thanks to their location along the infield.""",6,toward first base / right field,"A-F"")",F,"Stairway aisles run along both side edges of the section; rows are not split by a mid-row aisle, so seat numbers run continuously from one side aisle to the other. The entry portal is at row F.","Facing the field, seat 1 is on your right. That puts seat 1 on the edge facing section 433, with seat numbers counting up toward the edge facing section 431. Seat 1 is the end of the row farthest from home plate, and higher seat numbers run back toward home plate.",not published,"""Rows D and above are shaded during most late afternoon games"" (page label: ""Afternoon Shade in Select Rows""). //www.rateyourseats.com/great-american-ball-park/seating/sections/432","HIGH - zone, rows, location and seat direction stated by the source"
433,Mezzanine and View Level Box (400s),View Level Box,"""View Level Box Sections (400 Level): Sections 420-437, which sit slightly lower and closer to the field.""",7,toward first base / right field,"A-F"")",F,"Stairway aisles run along both side edges of the section; rows are not split by a mid-row aisle, so seat numbers run continuously from one side aisle to the other. The entry portal is at row F.","Facing the field, seat 1 is on your right. That puts seat 1 on the edge facing section 434, with seat numbers counting up toward the edge facing section 432. Seat 1 is the end of the row farthest from home plate, and higher seat numbers run back toward home plate.",not published,"""Rows D and above are shaded during most late afternoon games"" (page label: ""Afternoon Shade in Select Rows""). //www.rateyourseats.com/great-american-ball-park/seating/sections/433","HIGH - zone, rows, location and seat direction stated by the source"
434,Mezzanine and View Level Box (400s),View Level Box,"""View Level Box Sections (400 Level): Sections 420-437, which sit slightly lower and closer to the field.""",8,toward first base / right field,"A-F"")",F,"Stairway aisles run along both side edges of the section; rows are not split by a mid-row aisle, so seat numbers run continuously from one side aisle to the other. The entry portal is at row F.","Facing the field, seat 1 is on your right. That puts seat 1 on the edge facing section 435, with seat numbers counting up toward the edge facing section 433. Seat 1 is the end of the row farthest from home plate, and higher seat numbers run back toward home plate.",not published,"""Rows D and above are shaded during most late afternoon games"" (page label: ""Afternoon Shade in Select Rows""). //www.rateyourseats.com/great-american-ball-park/seating/sections/434","HIGH - zone, rows, location and seat direction stated by the source"
435,Mezzanine and View Level Box (400s),View Level Box,"""View Level Box Sections (400 Level): Sections 420-437, which sit slightly lower and closer to the field.""",9,toward first base / right field,"A-F"")",F,"Stairway aisles run along both side edges of the section; rows are not split by a mid-row aisle, so seat numbers run continuously from one side aisle to the other. The entry portal is at row F.","Facing the field, seat 1 is on your right. That puts seat 1 on the edge facing section 436, with seat numbers counting up toward the edge facing section 434. Seat 1 is the end of the row farthest from home plate, and higher seat numbers run back toward home plate.",not published,"""Rows D and above are shaded during most late afternoon games"" (page label: ""Afternoon Shade in Select Rows""). ""It was difficult to see the left field corner because the seats on the lower level were blocking my view"". ""Section 435 is very small with only 5 total rows"" (this conflicts with the stated row labels A-F; both statements recorded as-is, neither reconciled). //www.rateyourseats.com/great-american-ball-park/seating/sections/435","HIGH - zone, rows, location and seat direction stated by the source"
436,Mezzanine and View Level Box (400s),View Level Box,"""View Level Box Sections (400 Level): Sections 420-437, which sit slightly lower and closer to the field."" ""Sections 420-437 are referred to as the View Level Box sections and are the closest seats to the field on the View Level.""",10,toward first base / right field,"A-F"")",F,"Stairway aisles run along both side edges of the section; rows are not split by a mid-row aisle, so seat numbers run continuously from one side aisle to the other. The entry portal is at row F.","Facing the field, seat 1 is on your right. That puts seat 1 on the edge facing section 437, with seat numbers counting up toward the edge facing section 435. Seat 1 is the end of the row farthest from home plate, and higher seat numbers run back toward home plate.",not published,"""Rows D and above are shaded during most late afternoon games"" (page label: ""Afternoon Shade in Select Rows""). //www.rateyourseats.com/great-american-ball-park/seating/sections/436","HIGH - zone, rows, location and seat direction stated by the source"
437,Mezzanine and View Level Box (400s),View Level Box,"""View Level Box Sections (400 Level): Sections 420-437, which sit slightly lower and closer to the field.""",11,toward first base / right field,"A-F"")",F,"Stairway aisles run along both side edges of the section; rows are not split by a mid-row aisle, so seat numbers run continuously from one side aisle to the other. The entry portal is at row F.","Facing the field, seat 1 is on your right. That puts seat 1 on the far edge of the section, with no further section beyond it on that side, with seat numbers counting up toward the edge facing section 436. Seat 1 is the end of the row farthest from home plate, and higher seat numbers run back toward home plate.",not published,"""Rows D and above are shaded during most late afternoon games"" (page label: ""Afternoon Shade in Select Rows""). ""each section features just six rows of seating, making them much easier to access"". //www.rateyourseats.com/great-american-ball-park/seating/sections/437","HIGH - zone, rows, location and seat direction stated by the source"
509,View Level (500s),View Level,"""Sections 509-519, located along the third base side, offer similar views of the field but require a slight head turn to see the videoboard located above left field."" (shared View Level blurb covering this section's number range; page does not give a section-specific location sentence.)",12,toward third base / left field,"A-R"")",A,"Stairway aisles run along both side edges of the section; rows are not split by a mid-row aisle, so seat numbers run continuously from one side aisle to the other. The entry portal is at row A.","Facing the field, seat 1 is on your right. That puts seat 1 on the edge facing section 510, with seat numbers counting up toward the far edge of the section, with no further section beyond it on that side. Seat 1 is the end of the row closest to home plate, and higher seat numbers run away from home plate.",not published,"""Rows L & Above - Covered"" / ""Rows L and above are under cover""; ""Some overhead coverage can be found in the final few rows of the View Level sections due to the stadium structure above"". //www.rateyourseats.com/great-american-ball-park/seating/sections/509","HIGH - zone, rows, location and seat direction stated by the source"
510,View Level (500s),View Level,"""Sections 509-519, located along the third base side, offer similar views of the field but require a slight head turn to see the videoboard located above left field."" (shared View Level blurb covering this section's number range; page does not give a section-specific location sentence.)",11,toward third base / left field,"A-R"")",A,"Stairway aisles run along both side edges of the section; rows are not split by a mid-row aisle, so seat numbers run continuously from one side aisle to the other. The entry portal is at row A.","Facing the field, seat 1 is on your right. That puts seat 1 on the edge facing section 511, with seat numbers counting up toward the edge facing section 509. Seat 1 is the end of the row closest to home plate, and higher seat numbers run away from home plate.",not published,"""Rows L & Above - Covered"" / ""Rows L and above are under cover""; ""Some overhead coverage can be found in the final few rows of the View Level sections due to the stadium structure above"". //www.rateyourseats.com/great-american-ball-park/seating/sections/510","HIGH - zone, rows, location and seat direction stated by the source"
511,View Level (500s),View Level,"""Sections 509-519, located along the third base side, offer similar views of the field but require a slight head turn to see the videoboard located above left field."" (shared View Level blurb covering this section's number range; page does not give a section-specific location sentence.)",10,toward third base / left field,"A-R"")",A,"Stairway aisles run along both side edges of the section; rows are not split by a mid-row aisle, so seat numbers run continuously from one side aisle to the other. The entry portal is at row A.","Facing the field, seat 1 is on your right. That puts seat 1 on the edge facing section 512, with seat numbers counting up toward the edge facing section 510. Seat 1 is the end of the row closest to home plate, and higher seat numbers run away from home plate.",not published,"""Rows L & Above - Covered"" / ""Rows L and above are under cover""; ""Some overhead coverage can be found in the final few rows of the View Level sections due to the stadium structure above"". Page also recommends ""Rows A-E for outstanding convenience"". //www.rateyourseats.com/great-american-ball-park/seating/sections/511","HIGH - zone, rows, location and seat direction stated by the source"
512,View Level (500s),View Level,"""Sections 509-519, located along the third base side, offer similar views of the field but require a slight head turn to see the videoboard located above left field."" (shared View Level blurb covering this section's number range; page does not give a section-specific location sentence.)",9,toward third base / left field,"A-R"")",A,"Stairway aisles run along both side edges of the section; rows are not split by a mid-row aisle, so seat numbers run continuously from one side aisle to the other. The entry portal is at row A.","Facing the field, seat 1 is on your right. That puts seat 1 on the edge facing section 513, with seat numbers counting up toward the edge facing section 511. Seat 1 is the end of the row closest to home plate, and higher seat numbers run away from home plate.",not published,"""Rows L & Above - Covered"" / ""Rows L and above are under cover""; ""Some overhead coverage can be found in the final few rows of the View Level sections due to the stadium structure above"". //www.rateyourseats.com/great-american-ball-park/seating/sections/512","HIGH - zone, rows, location and seat direction stated by the source"
513,View Level (500s),View Level,"""Sections 509-519, located along the third base side, offer similar views of the field but require a slight head turn to see the videoboard located above left field."" (shared View Level blurb covering this section's number range; page does not give a section-specific location sentence.)",8,toward third base / left field,"A-R"")",A,"Stairway aisles run along both side edges of the section; rows are not split by a mid-row aisle, so seat numbers run continuously from one side aisle to the other. The entry portal is at row A.","Facing the field, seat 1 is on your right. That puts seat 1 on the edge facing section 514, with seat numbers counting up toward the edge facing section 512. Seat 1 is the end of the row closest to home plate, and higher seat numbers run away from home plate.",not published,"""Rows L & Above - Covered"" / ""Rows L and above are under cover""; ""Some overhead coverage can be found in the final few rows of the View Level sections due to the stadium structure above"". //www.rateyourseats.com/great-american-ball-park/seating/sections/513","HIGH - zone, rows, location and seat direction stated by the source"
514,View Level (500s),View Level,"""Sections 509-519, located along the third base side, offer similar views of the field but require a slight head turn to see the videoboard located above left field."" (shared View Level blurb covering this section's number range; page does not give a section-specific location sentence.)",7,toward third base / left field,"A-R"")",A,"Stairway aisles run along both side edges of the section; rows are not split by a mid-row aisle, so seat numbers run continuously from one side aisle to the other. The entry portal is at row A.","Facing the field, seat 1 is on your right. That puts seat 1 on the edge facing section 515, with seat numbers counting up toward the edge facing section 513. Seat 1 is the end of the row closest to home plate, and higher seat numbers run away from home plate.",not published,"""Rows L & Above - Covered"" / ""Rows L and above are under cover""; ""Some overhead coverage can be found in the final few rows of the View Level sections due to the stadium structure above"". //www.rateyourseats.com/great-american-ball-park/seating/sections/514","HIGH - zone, rows, location and seat direction stated by the source"
515,View Level (500s),View Level,"""Sections 509-519, located along the third base side, offer similar views of the field but require a slight head turn to see the videoboard located above left field."" (shared View Level blurb covering this section's number range; page does not give a section-specific location sentence.)",6,toward third base / left field,"A-R"")",A,"Stairway aisles run along both side edges of the section; rows are not split by a mid-row aisle, so seat numbers run continuously from one side aisle to the other. The entry portal is at row A.","Facing the field, seat 1 is on your right. That puts seat 1 on the edge facing section 516, with seat numbers counting up toward the edge facing section 514. Seat 1 is the end of the row closest to home plate, and higher seat numbers run away from home plate.",not published,"""Rows L & Above - Covered"" / ""Rows L and above are under cover""; ""Some overhead coverage can be found in the final few rows of the View Level sections due to the stadium structure above"". //www.rateyourseats.com/great-american-ball-park/seating/sections/515","HIGH - zone, rows, location and seat direction stated by the source"
516,View Level (500s),View Level,"""Sections 509-519, located along the third base side, offer similar views of the field but require a slight head turn to see the videoboard located above left field."" (shared View Level blurb covering this section's number range; page does not give a section-specific location sentence.)",5,toward third base / left field,"A-R"")",A,"Stairway aisles run along both side edges of the section; rows are not split by a mid-row aisle, so seat numbers run continuously from one side aisle to the other. The entry portal is at row A.","Facing the field, seat 1 is on your right. That puts seat 1 on the edge facing section 517, with seat numbers counting up toward the edge facing section 515. Seat 1 is the end of the row closest to home plate, and higher seat numbers run away from home plate.",not published,"""Rows L & Above - Covered"" / ""Rows L and above are under cover""; ""Some overhead coverage can be found in the final few rows of the View Level sections due to the stadium structure above"". //www.rateyourseats.com/great-american-ball-park/seating/sections/516","HIGH - zone, rows, location and seat direction stated by the source"
517,View Level (500s),View Level,"""Sections 509-519, located along the third base side, offer similar views of the field but require a slight head turn to see the videoboard located above left field."" (shared View Level blurb covering this section's number range; page does not give a section-specific location sentence.)",4,toward third base / left field,"A-R"")",A,"Stairway aisles run along both side edges of the section; rows are not split by a mid-row aisle, so seat numbers run continuously from one side aisle to the other. The entry portal is at row A.","Facing the field, seat 1 is on your right. That puts seat 1 on the edge facing section 518, with seat numbers counting up toward the edge facing section 516. Seat 1 is the end of the row closest to home plate, and higher seat numbers run away from home plate.",not published,"""Rows L & Above - Covered"" / ""Rows L and above are under cover""; ""Some overhead coverage can be found in the final few rows of the View Level sections due to the stadium structure above"". //www.rateyourseats.com/great-american-ball-park/seating/sections/517","HIGH - zone, rows, location and seat direction stated by the source"
518,View Level (500s),View Level,"""Sections 509-519, located along the third base side, offer similar views of the field but require a slight head turn to see the videoboard located above left field."" (shared View Level blurb covering this section's number range; page does not give a section-specific location sentence.)",3,toward third base / left field,"A-R"")",A,"Stairway aisles run along both side edges of the section; rows are not split by a mid-row aisle, so seat numbers run continuously from one side aisle to the other. The entry portal is at row A.","Facing the field, seat 1 is on your right. That puts seat 1 on the edge facing section 519, with seat numbers counting up toward the edge facing section 517. Seat 1 is the end of the row closest to home plate, and higher seat numbers run away from home plate.",not published,"""Rows L & Above - Covered"" / ""Rows L and above are under cover""; ""Some overhead coverage can be found in the final few rows of the View Level sections due to the stadium structure above"". //www.rateyourseats.com/great-american-ball-park/seating/sections/518","HIGH - zone, rows, location and seat direction stated by the source"
519,View Level (500s),View Level,"Sections 509–519, located along the third base side, offer similar views of the field""; part of ""Sections 509–537, which make up the majority of the upper deck.",2,toward third base / left field,"A-R"")",A,"Stairway aisles run along both side edges of the section; rows are not split by a mid-row aisle, so seat numbers run continuously from one side aisle to the other. The entry portal is at row A.","Facing the field, seat 1 is on your right. That puts seat 1 on the edge facing section 520, with seat numbers counting up toward the edge facing section 518. Seat 1 is the end of the row closest to home plate, and higher seat numbers run away from home plate.",not published,"""Rows L and above are under cover"" (""Rows L & Above - Covered""). View Level is the highest seating tier of the stadium. not stated. not stated. not stated for this section (the steeper-aisle note on the site applies to the home plate and first base side sections).","HIGH - zone, rows, location and seat direction stated by the source"
520,View Level (500s),View Level,"""Sections 520–537, located behind home plate and along the first base side, offer the most centered views and a clear look at the videoboard.""; part of ""Sections 509–537, which make up the majority of the upper deck"" / ""the highest tier of the stadium"".",1,toward third base / left field,"A-V"")",A,"Stairway aisles run along both side edges of the section; rows are not split by a mid-row aisle, so seat numbers run continuously from one side aisle to the other. The entry portal is at row A.","Facing the field, seat 1 is on your right. That puts seat 1 on the edge facing section 521, with seat numbers counting up toward the edge facing section 519. Seat 1 is the end of the row closest to home plate, and higher seat numbers run away from home plate.",not published,"""Rows O and above are under cover"" (""Rows O & Above - Covered""); ""Some overhead coverage can be found in the final few rows of the View Level sections"". ""The aisles in the home plate and first base side sections are steeper"". ""Entry tunnels for these sections are located at the front of the sections, meaning fans seated in higher rows will have a longer walk to the concourse"". not stated. not stated.","HIGH - zone, rows, location and seat direction stated by the source"
521,View Level (500s),View Level,"""Sections 520–537, located behind home plate and along the first base side, offer the most centered views and a clear look at the videoboard.""; part of ""Sections 509–537, which make up the majority of the upper deck"" / ""the highest tier of the stadium"".",0,behind home plate,"A-V"")",A,"Stairway aisles run along both side edges of the section; rows are not split by a mid-row aisle, so seat numbers run continuously from one side aisle to the other. The entry portal is at row A.","Facing the field, seat 1 is on your right. That puts seat 1 on the edge facing section 522, with seat numbers counting up toward the edge facing section 520. This section is behind home plate, so seat 1 is on its first-base side.",not published,"""Rows O and above are under cover"" (""Rows O & Above - Covered""); ""Some overhead coverage can be found in the final few rows of the View Level sections"". ""The aisles in the home plate and first base side sections are steeper"". ""Entry tunnels for these sections are located at the front of the sections, meaning fans seated in higher rows will have a longer walk to the concourse"". not stated. not stated.","HIGH - zone, rows, location and seat direction stated by the source"
522,View Level (500s),View Level,"""Sections 520–537, located behind home plate and along the first base side, offer the most centered views and a clear look at the videoboard.""; part of ""Sections 509–537, which make up the majority of the upper deck"" / ""the highest tier of the stadium"".",0,behind home plate,"A-V"")",A,"Stairway aisles run along both side edges of the section; rows are not split by a mid-row aisle, so seat numbers run continuously from one side aisle to the other. The entry portal is at row A.","Facing the field, seat 1 is on your right. That puts seat 1 on the edge facing section 523, with seat numbers counting up toward the edge facing section 521. This section is behind home plate, so seat 1 is on its first-base side.",not published,"""Rows O and above are under cover"" (""Rows O & Above - Covered""); ""Some overhead coverage can be found in the final few rows of the View Level sections"". ""The aisles in the home plate and first base side sections are steeper"". ""Entry tunnels for these sections are located at the front of the sections, meaning fans seated in higher rows will have a longer walk to the concourse"". not stated. not stated.","HIGH - zone, rows, location and seat direction stated by the source"
523,View Level (500s),View Level,"""Sections 520–537, located behind home plate and along the first base side, offer the most centered views and a clear look at the videoboard.""; part of ""Sections 509–537, which make up the majority of the upper deck"" / ""the highest tier of the stadium"".",0,behind home plate,"A-V"")",A,"Stairway aisles run along both side edges of the section; rows are not split by a mid-row aisle, so seat numbers run continuously from one side aisle to the other. The entry portal is at row A.","Facing the field, seat 1 is on your right. That puts seat 1 on the edge facing section 524, with seat numbers counting up toward the edge facing section 522. This section is behind home plate, so seat 1 is on its first-base side.",not published,"""Rows O and above are under cover"" (""Rows O & Above - Covered""); ""Some overhead coverage can be found in the final few rows of the View Level sections"". ""The aisles in the home plate and first base side sections are steeper"". ""Entry tunnels for these sections are located at the front of the sections, meaning fans seated in higher rows will have a longer walk to the concourse"". not stated. not stated.","HIGH - zone, rows, location and seat direction stated by the source"
524,View Level (500s),View Level,"""Sections 520–537, located behind home plate and along the first base side, offer the most centered views and a clear look at the videoboard.""; part of ""Sections 509–537, which make up the majority of the upper deck"" / ""the highest tier of the stadium"".",0,behind home plate,"A-V"")",A,"Stairway aisles run along both side edges of the section; rows are not split by a mid-row aisle, so seat numbers run continuously from one side aisle to the other. The entry portal is at row A.","Facing the field, seat 1 is on your right. That puts seat 1 on the edge facing section 525, with seat numbers counting up toward the edge facing section 523. This section is behind home plate, so seat 1 is on its first-base side.",not published,"""Rows O and above are under cover"" (""Rows O & Above - Covered""); ""Some overhead coverage can be found in the final few rows of the View Level sections"". ""The aisles in the home plate and first base side sections are steeper"". ""Entry tunnels for these sections are located at the front of the sections, meaning fans seated in higher rows will have a longer walk to the concourse"". not stated. not stated. ""For baseball games, desirable view from behind home plate"".","HIGH - zone, rows, location and seat direction stated by the source"
525,View Level (500s),View Level,"""Sections 520–537, located behind home plate and along the first base side, offer the most centered views and a clear look at the videoboard.""; part of ""Sections 509–537, which make up the majority of the upper deck"" / ""the highest tier of the stadium"".",0,behind home plate,"A-V"")",A,"Stairway aisles run along both side edges of the section; rows are not split by a mid-row aisle, so seat numbers run continuously from one side aisle to the other. The entry portal is at row A.","Facing the field, seat 1 is on your right. That puts seat 1 on the edge facing section 526, with seat numbers counting up toward the edge facing section 524. This section is behind home plate, so seat 1 is on its first-base side.",not published,"""Rows O and above are under cover"" (""Rows O & Above - Covered""); ""Some overhead coverage can be found in the final few rows of the View Level sections"". ""The aisles in the home plate and first base side sections are steeper"". ""Entry tunnels for these sections are located at the front of the sections, meaning fans seated in higher rows will have a longer walk to the concourse"". not stated. not stated.","HIGH - zone, rows, location and seat direction stated by the source"
526,View Level (500s),View Level,"""Sections 520–537, located behind home plate and along the first base side, offer the most centered views and a clear look at the videoboard.""; part of ""Sections 509–537, which make up the majority of the upper deck"" / ""the highest tier of the stadium"".",1,toward first base / right field,"A-V"")",A,"Stairway aisles run along both side edges of the section; rows are not split by a mid-row aisle, so seat numbers run continuously from one side aisle to the other. The entry portal is at row A.","Facing the field, seat 1 is on your right. That puts seat 1 on the edge facing section 527, with seat numbers counting up toward the edge facing section 525. Seat 1 is the end of the row farthest from home plate, and higher seat numbers run back toward home plate.",not published,"""Rows O and above are under cover"" (""Rows O & Above - Covered""); ""Some overhead coverage can be found in the final few rows of the View Level sections"". ""The aisles in the home plate and first base side sections are steeper"". ""Entry tunnels for these sections are located at the front of the sections, meaning fans seated in higher rows will have a longer walk to the concourse"". not stated. not stated.","HIGH - zone, rows, location and seat direction stated by the source"
527,View Level (500s),View Level,"""Sections 520–537, located behind home plate and along the first base side, offer the most centered views and a clear look at the videoboard.""; part of ""Sections 509–537, which make up the majority of the upper deck"" / ""the highest tier of the stadium"".",2,toward first base / right field,"A-V"")",A,"Stairway aisles run along both side edges of the section; rows are not split by a mid-row aisle, so seat numbers run continuously from one side aisle to the other. The entry portal is at row A.","Facing the field, seat 1 is on your right. That puts seat 1 on the edge facing section 528, with seat numbers counting up toward the edge facing section 526. Seat 1 is the end of the row farthest from home plate, and higher seat numbers run back toward home plate.",not published,"""Rows O and above are under cover"" (""Rows O & Above - Covered""); ""Some overhead coverage can be found in the final few rows of the View Level sections"". ""The aisles in the home plate and first base side sections are steeper"". ""Entry tunnels for these sections are located at the front of the sections, meaning fans seated in higher rows will have a longer walk to the concourse"". not stated. not stated.","HIGH - zone, rows, location and seat direction stated by the source"
528,View Level (500s),View Level,"""Sections 520–537, located behind home plate and along the first base side, offer the most centered views and a clear look at the videoboard.""; part of ""Sections 509–537, which make up the majority of the upper deck"" / ""the highest tier of the stadium"".",3,toward first base / right field,"A-V"")",A,"Stairway aisles run along both side edges of the section; rows are not split by a mid-row aisle, so seat numbers run continuously from one side aisle to the other. The entry portal is at row A.","Facing the field, seat 1 is on your right. That puts seat 1 on the edge facing section 529, with seat numbers counting up toward the edge facing section 527. Seat 1 is the end of the row farthest from home plate, and higher seat numbers run back toward home plate.",not published,"""Rows O and above are under cover"" (""Rows O & Above - Covered""); ""Some overhead coverage can be found in the final few rows of the View Level sections"". ""The aisles in the home plate and first base side sections are steeper"". ""Entry tunnels for these sections are located at the front of the sections, meaning fans seated in higher rows will have a longer walk to the concourse"". not stated. not stated.","HIGH - zone, rows, location and seat direction stated by the source"
529,View Level (500s),View Level,"""Sections 520–537, located behind home plate and along the first base side, offer the most centered views and a clear look at the videoboard.""; part of ""Sections 509–537, which make up the majority of the upper deck"" / ""the highest tier of the stadium"".",4,toward first base / right field,"A-V"")",A,"Stairway aisles run along both side edges of the section; rows are not split by a mid-row aisle, so seat numbers run continuously from one side aisle to the other. The entry portal is at row A.","Facing the field, seat 1 is on your right. That puts seat 1 on the edge facing section 530, with seat numbers counting up toward the edge facing section 528. Seat 1 is the end of the row farthest from home plate, and higher seat numbers run back toward home plate.",not published,"""Rows O and above are under cover"" (""Rows O & Above - Covered""); ""Some overhead coverage can be found in the final few rows of the View Level sections"". ""The aisles in the home plate and first base side sections are steeper"". ""Entry tunnels for these sections are located at the front of the sections, meaning fans seated in higher rows will have a longer walk to the concourse"". not stated. not stated.","HIGH - zone, rows, location and seat direction stated by the source"
530,View Level (500s),View Level,"""Sections 520–537, located behind home plate and along the first base side, offer the most centered views and a clear look at the videoboard.""; part of ""Sections 509–537, which make up the majority of the upper deck"" / ""the highest tier of the stadium"".",5,toward first base / right field,"A-V"")",A,"Stairway aisles run along both side edges of the section; rows are not split by a mid-row aisle, so seat numbers run continuously from one side aisle to the other. The entry portal is at row A.","Facing the field, seat 1 is on your right. That puts seat 1 on the edge facing section 531, with seat numbers counting up toward the edge facing section 529. Seat 1 is the end of the row farthest from home plate, and higher seat numbers run back toward home plate.",not published,"""Rows O and above are under cover"" (""Rows O & Above - Covered""); ""Some overhead coverage can be found in the final few rows of the View Level sections"". ""The aisles in the home plate and first base side sections are steeper"". ""Entry tunnels for these sections are located at the front of the sections, meaning fans seated in higher rows will have a longer walk to the concourse"". not stated. not stated.","HIGH - zone, rows, location and seat direction stated by the source"
531,View Level (500s),View Level,"""Sections 520–537, located behind home plate and along the first base side, offer the most centered views and a clear look at the videoboard.""; part of ""Sections 509–537, which make up the majority of the upper deck"" / ""the highest tier of the stadium"".",6,toward first base / right field,"A-V"")",A,"Stairway aisles run along both side edges of the section; rows are not split by a mid-row aisle, so seat numbers run continuously from one side aisle to the other. The entry portal is at row A.","Facing the field, seat 1 is on your right. That puts seat 1 on the edge facing section 532, with seat numbers counting up toward the edge facing section 530. Seat 1 is the end of the row farthest from home plate, and higher seat numbers run back toward home plate.",not published,"""Rows O and above are under cover"" (""Rows O & Above - Covered""); ""Some overhead coverage can be found in the final few rows of the View Level sections"". ""The aisles in the home plate and first base side sections are steeper"". ""Entry tunnels for these sections are located at the front of the sections, meaning fans seated in higher rows will have a longer walk to the concourse"". not stated. not stated.","HIGH - zone, rows, location and seat direction stated by the source"
532,View Level (500s),View Level,"""Sections 520–537, located behind home plate and along the first base side, offer the most centered views and a clear look at the videoboard.""; part of ""Sections 509–537, which make up the majority of the upper deck"" / ""the highest tier of the stadium"".",7,toward first base / right field,"A-V"")",A,"Stairway aisles run along both side edges of the section; rows are not split by a mid-row aisle, so seat numbers run continuously from one side aisle to the other. The entry portal is at row A.","Facing the field, seat 1 is on your right. That puts seat 1 on the edge facing section 533, with seat numbers counting up toward the edge facing section 531. Seat 1 is the end of the row farthest from home plate, and higher seat numbers run back toward home plate.",not published,"""Rows O and above are under cover"" (""Rows O & Above - Covered""); ""Some overhead coverage can be found in the final few rows of the View Level sections"". ""The aisles in the home plate and first base side sections are steeper"". ""Entry tunnels for these sections are located at the front of the sections, meaning fans seated in higher rows will have a longer walk to the concourse"". not stated. not stated.","HIGH - zone, rows, location and seat direction stated by the source"
533,View Level (500s),View Level,"""Sections 520–537, located behind home plate and along the first base side, offer the most centered views and a clear look at the videoboard.""; part of ""Sections 509–537, which make up the majority of the upper deck"" / ""the highest tier of the stadium"".",8,toward first base / right field,"A-V"")",A,"Stairway aisles run along both side edges of the section; rows are not split by a mid-row aisle, so seat numbers run continuously from one side aisle to the other. The entry portal is at row A.","Facing the field, seat 1 is on your right. That puts seat 1 on the edge facing section 534, with seat numbers counting up toward the edge facing section 532. Seat 1 is the end of the row farthest from home plate, and higher seat numbers run back toward home plate.",not published,"""Rows O and above are under cover"" (""Rows O & Above - Covered""); ""Some overhead coverage can be found in the final few rows of the View Level sections"". ""The aisles in the home plate and first base side sections are steeper"". ""Entry tunnels for these sections are located at the front of the sections, meaning fans seated in higher rows will have a longer walk to the concourse"". not stated. not stated. Page also describes ""a wide, panoramic view of the entire ballpark"".","HIGH - zone, rows, location and seat direction stated by the source"
534,View Level (500s),View Level,"""Sections 520–537, located behind home plate and along the first base side, offer the most centered views and a clear look at the videoboard.""; part of ""Sections 509–537, which make up the majority of the upper deck"" / ""the highest tier of the stadium"".",9,toward first base / right field,"A-V"")",A,"Stairway aisles run along both side edges of the section; rows are not split by a mid-row aisle, so seat numbers run continuously from one side aisle to the other. The entry portal is at row A.","Facing the field, seat 1 is on your right. That puts seat 1 on the edge facing section 535, with seat numbers counting up toward the edge facing section 533. Seat 1 is the end of the row farthest from home plate, and higher seat numbers run back toward home plate.",not published,"""Rows O and above are under cover"" (""Rows O & Above - Covered""); ""Some overhead coverage can be found in the final few rows of the View Level sections"". ""The aisles in the home plate and first base side sections are steeper"". ""Entry tunnels for these sections are located at the front of the sections, meaning fans seated in higher rows will have a longer walk to the concourse"". not stated. not stated.","HIGH - zone, rows, location and seat direction stated by the source"
535,View Level (500s),View Level,"""Sections 520–537, located behind home plate and along the first base side, offer the most centered views and a clear look at the videoboard.""; part of ""Sections 509–537, which make up the majority of the upper deck"" / ""the highest tier of the stadium"".",10,toward first base / right field,"A-V"")",A,"Stairway aisles run along both side edges of the section; rows are not split by a mid-row aisle, so seat numbers run continuously from one side aisle to the other. The entry portal is at row A.","Facing the field, seat 1 is on your right. That puts seat 1 on the edge facing section 536, with seat numbers counting up toward the edge facing section 534. Seat 1 is the end of the row farthest from home plate, and higher seat numbers run back toward home plate.",not published,"""Rows O and above are under cover"" (""Rows O & Above - Covered""); ""Some overhead coverage can be found in the final few rows of the View Level sections"". ""The aisles in the home plate and first base side sections are steeper"". ""Entry tunnels for these sections are located at the front of the sections, meaning fans seated in higher rows will have a longer walk to the concourse"". not stated. not stated.","HIGH - zone, rows, location and seat direction stated by the source"
536,View Level (500s),View Level,"""Sections 520–537, located behind home plate and along the first base side, offer the most centered views and a clear look at the videoboard.""; part of ""Sections 509–537, which make up the majority of the upper deck"" / ""the highest tier of the stadium"".",11,toward first base / right field,"A-V"")",A,"Stairway aisles run along both side edges of the section; rows are not split by a mid-row aisle, so seat numbers run continuously from one side aisle to the other. The entry portal is at row A.","Facing the field, seat 1 is on your right. That puts seat 1 on the edge facing section 537, with seat numbers counting up toward the edge facing section 535. Seat 1 is the end of the row farthest from home plate, and higher seat numbers run back toward home plate.",not published,"""Rows O and above are under cover"" (""Rows O & Above - Covered""); ""Some overhead coverage can be found in the final few rows of the View Level sections"". ""The aisles in the home plate and first base side sections are steeper"". ""Entry tunnels for these sections are located at the front of the sections, meaning fans seated in higher rows will have a longer walk to the concourse"". not stated. not stated. Page also states View Level sections generally have ""the furthest distance from the field and the longest walks to the concourse"".","HIGH - zone, rows, location and seat direction stated by the source"
537,View Level (500s),View Level,"""Sections 520–537, located behind home plate and along the first base side, offer the most centered views and a clear look at the videoboard.""; part of ""Sections 509–537, which make up the majority of the upper deck"" / ""the highest tier of the stadium"".",12,toward first base / right field,"A-V"")",A,"Stairway aisles run along both side edges of the section; rows are not split by a mid-row aisle, so seat numbers run continuously from one side aisle to the other. The entry portal is at row A.","Facing the field, seat 1 is on your right. That puts seat 1 on the far edge of the section, with no further section beyond it on that side, with seat numbers counting up toward the edge facing section 536. Seat 1 is the end of the row farthest from home plate, and higher seat numbers run back toward home plate.",not published,"""Rows O and above are under cover"" (""Rows O & Above - Covered""); ""Some overhead coverage can be found in the final few rows of the View Level sections"". ""The aisles in the home plate and first base side sections are steeper"". ""Entry tunnels for these sections are located at the front of the sections, meaning fans seated in higher rows will have a longer walk to the concourse"". not stated. not stated.","HIGH - zone, rows, location and seat direction stated by the source"
Field 1,"Clubs, suites and other named areas",Field seats,"""Sections closest to the stage will obviously be home to the best views from the field level. For a standard seating setup this will be seats in sections F1-F6 with sections F3-F4 being closest to the center of the stage."" The page adds that ""the layout of the sections on the field can change for each show"".",,not part of the numbered seating bowl,UNKNOWN,UNKNOWN,"The source describes this as a named area rather than a numbered section, so it publishes no aisle layout for it.","This area sits outside the numbered seating bowl and no seat numbering is published for it. Check the seat numbers printed on your own ticket, or ask the ticket office.",not published,"Zone page, not a per-section page: every Field 1-18 link in the venue section index resolves to the single Field Seats zone description, so no row detail exists for an individual Field section. These are temporary floor seats placed on the playing surface for concerts, and the source states the layout of the sections on the field can change for each show. It also notes ""Without any elevation between rows, views will get more difficult as you move further back in a section"" and ""Some shows will feature a general admission pit on the floor or have the entire field be general admission. In these situations, there will not be any seats and views to the stage vary depending on where you stand in the section.""",LOW - no row data published for this section
Field 10,"Clubs, suites and other named areas",Field seats,"""Sections closest to the stage will obviously be home to the best views from the field level. For a standard seating setup this will be seats in sections F1-F6 with sections F3-F4 being closest to the center of the stage."" The page adds that ""the layout of the sections on the field can change for each show"".",,not part of the numbered seating bowl,UNKNOWN,UNKNOWN,"The source describes this as a named area rather than a numbered section, so it publishes no aisle layout for it.","This area sits outside the numbered seating bowl and no seat numbering is published for it. Check the seat numbers printed on your own ticket, or ask the ticket office.",not published,"Zone page, not a per-section page: every Field 1-18 link in the venue section index resolves to the single Field Seats zone description, so no row detail exists for an individual Field section. These are temporary floor seats placed on the playing surface for concerts, and the source states the layout of the sections on the field can change for each show. It also notes ""Without any elevation between rows, views will get more difficult as you move further back in a section"" and ""Some shows will feature a general admission pit on the floor or have the entire field be general admission. In these situations, there will not be any seats and views to the stage vary depending on where you stand in the section.""",LOW - no row data published for this section
Field 11,"Clubs, suites and other named areas",Field seats,"""Sections closest to the stage will obviously be home to the best views from the field level. For a standard seating setup this will be seats in sections F1-F6 with sections F3-F4 being closest to the center of the stage."" The page adds that ""the layout of the sections on the field can change for each show"".",,not part of the numbered seating bowl,UNKNOWN,UNKNOWN,"The source describes this as a named area rather than a numbered section, so it publishes no aisle layout for it.","This area sits outside the numbered seating bowl and no seat numbering is published for it. Check the seat numbers printed on your own ticket, or ask the ticket office.",not published,"Zone page, not a per-section page: every Field 1-18 link in the venue section index resolves to the single Field Seats zone description, so no row detail exists for an individual Field section. These are temporary floor seats placed on the playing surface for concerts, and the source states the layout of the sections on the field can change for each show. It also notes ""Without any elevation between rows, views will get more difficult as you move further back in a section"" and ""Some shows will feature a general admission pit on the floor or have the entire field be general admission. In these situations, there will not be any seats and views to the stage vary depending on where you stand in the section.""",LOW - no row data published for this section
Field 12,"Clubs, suites and other named areas",Field seats,"""Sections closest to the stage will obviously be home to the best views from the field level. For a standard seating setup this will be seats in sections F1-F6 with sections F3-F4 being closest to the center of the stage."" The page adds that ""the layout of the sections on the field can change for each show"".",,not part of the numbered seating bowl,UNKNOWN,UNKNOWN,"The source describes this as a named area rather than a numbered section, so it publishes no aisle layout for it.","This area sits outside the numbered seating bowl and no seat numbering is published for it. Check the seat numbers printed on your own ticket, or ask the ticket office.",not published,"Zone page, not a per-section page: every Field 1-18 link in the venue section index resolves to the single Field Seats zone description, so no row detail exists for an individual Field section. These are temporary floor seats placed on the playing surface for concerts, and the source states the layout of the sections on the field can change for each show. It also notes ""Without any elevation between rows, views will get more difficult as you move further back in a section"" and ""Some shows will feature a general admission pit on the floor or have the entire field be general admission. In these situations, there will not be any seats and views to the stage vary depending on where you stand in the section.""",LOW - no row data published for this section
Field 13,"Clubs, suites and other named areas",Field seats,"""Sections closest to the stage will obviously be home to the best views from the field level. For a standard seating setup this will be seats in sections F1-F6 with sections F3-F4 being closest to the center of the stage."" The page adds that ""the layout of the sections on the field can change for each show"".",,not part of the numbered seating bowl,UNKNOWN,UNKNOWN,"The source describes this as a named area rather than a numbered section, so it publishes no aisle layout for it.","This area sits outside the numbered seating bowl and no seat numbering is published for it. Check the seat numbers printed on your own ticket, or ask the ticket office.",not published,"Zone page, not a per-section page: every Field 1-18 link in the venue section index resolves to the single Field Seats zone description, so no row detail exists for an individual Field section. These are temporary floor seats placed on the playing surface for concerts, and the source states the layout of the sections on the field can change for each show. It also notes ""Without any elevation between rows, views will get more difficult as you move further back in a section"" and ""Some shows will feature a general admission pit on the floor or have the entire field be general admission. In these situations, there will not be any seats and views to the stage vary depending on where you stand in the section.""",LOW - no row data published for this section
Field 14,"Clubs, suites and other named areas",Field seats,"""Sections closest to the stage will obviously be home to the best views from the field level. For a standard seating setup this will be seats in sections F1-F6 with sections F3-F4 being closest to the center of the stage."" The page adds that ""the layout of the sections on the field can change for each show"".",,not part of the numbered seating bowl,UNKNOWN,UNKNOWN,"The source describes this as a named area rather than a numbered section, so it publishes no aisle layout for it.","This area sits outside the numbered seating bowl and no seat numbering is published for it. Check the seat numbers printed on your own ticket, or ask the ticket office.",not published,"Zone page, not a per-section page: every Field 1-18 link in the venue section index resolves to the single Field Seats zone description, so no row detail exists for an individual Field section. These are temporary floor seats placed on the playing surface for concerts, and the source states the layout of the sections on the field can change for each show. It also notes ""Without any elevation between rows, views will get more difficult as you move further back in a section"" and ""Some shows will feature a general admission pit on the floor or have the entire field be general admission. In these situations, there will not be any seats and views to the stage vary depending on where you stand in the section.""",LOW - no row data published for this section
Field 15,"Clubs, suites and other named areas",Field seats,"""Sections closest to the stage will obviously be home to the best views from the field level. For a standard seating setup this will be seats in sections F1-F6 with sections F3-F4 being closest to the center of the stage."" The page adds that ""the layout of the sections on the field can change for each show"".",,not part of the numbered seating bowl,UNKNOWN,UNKNOWN,"The source describes this as a named area rather than a numbered section, so it publishes no aisle layout for it.","This area sits outside the numbered seating bowl and no seat numbering is published for it. Check the seat numbers printed on your own ticket, or ask the ticket office.",not published,"Zone page, not a per-section page: every Field 1-18 link in the venue section index resolves to the single Field Seats zone description, so no row detail exists for an individual Field section. These are temporary floor seats placed on the playing surface for concerts, and the source states the layout of the sections on the field can change for each show. It also notes ""Without any elevation between rows, views will get more difficult as you move further back in a section"" and ""Some shows will feature a general admission pit on the floor or have the entire field be general admission. In these situations, there will not be any seats and views to the stage vary depending on where you stand in the section.""",LOW - no row data published for this section
Field 16,"Clubs, suites and other named areas",Field seats,"""Sections closest to the stage will obviously be home to the best views from the field level. For a standard seating setup this will be seats in sections F1-F6 with sections F3-F4 being closest to the center of the stage."" The page adds that ""the layout of the sections on the field can change for each show"".",,not part of the numbered seating bowl,UNKNOWN,UNKNOWN,"The source describes this as a named area rather than a numbered section, so it publishes no aisle layout for it.","This area sits outside the numbered seating bowl and no seat numbering is published for it. Check the seat numbers printed on your own ticket, or ask the ticket office.",not published,"Zone page, not a per-section page: every Field 1-18 link in the venue section index resolves to the single Field Seats zone description, so no row detail exists for an individual Field section. These are temporary floor seats placed on the playing surface for concerts, and the source states the layout of the sections on the field can change for each show. It also notes ""Without any elevation between rows, views will get more difficult as you move further back in a section"" and ""Some shows will feature a general admission pit on the floor or have the entire field be general admission. In these situations, there will not be any seats and views to the stage vary depending on where you stand in the section.""",LOW - no row data published for this section
Field 17,"Clubs, suites and other named areas",Field seats,"""Sections closest to the stage will obviously be home to the best views from the field level. For a standard seating setup this will be seats in sections F1-F6 with sections F3-F4 being closest to the center of the stage."" The page adds that ""the layout of the sections on the field can change for each show"".",,not part of the numbered seating bowl,UNKNOWN,UNKNOWN,"The source describes this as a named area rather than a numbered section, so it publishes no aisle layout for it.","This area sits outside the numbered seating bowl and no seat numbering is published for it. Check the seat numbers printed on your own ticket, or ask the ticket office.",not published,"Zone page, not a per-section page: every Field 1-18 link in the venue section index resolves to the single Field Seats zone description, so no row detail exists for an individual Field section. These are temporary floor seats placed on the playing surface for concerts, and the source states the layout of the sections on the field can change for each show. It also notes ""Without any elevation between rows, views will get more difficult as you move further back in a section"" and ""Some shows will feature a general admission pit on the floor or have the entire field be general admission. In these situations, there will not be any seats and views to the stage vary depending on where you stand in the section.""",LOW - no row data published for this section
Field 18,"Clubs, suites and other named areas",Field seats,"""Sections closest to the stage will obviously be home to the best views from the field level. For a standard seating setup this will be seats in sections F1-F6 with sections F3-F4 being closest to the center of the stage."" The page adds that ""the layout of the sections on the field can change for each show"".",,not part of the numbered seating bowl,UNKNOWN,UNKNOWN,"The source describes this as a named area rather than a numbered section, so it publishes no aisle layout for it.","This area sits outside the numbered seating bowl and no seat numbering is published for it. Check the seat numbers printed on your own ticket, or ask the ticket office.",not published,"Zone page, not a per-section page: every Field 1-18 link in the venue section index resolves to the single Field Seats zone description, so no row detail exists for an individual Field section. These are temporary floor seats placed on the playing surface for concerts, and the source states the layout of the sections on the field can change for each show. It also notes ""Without any elevation between rows, views will get more difficult as you move further back in a section"" and ""Some shows will feature a general admission pit on the floor or have the entire field be general admission. In these situations, there will not be any seats and views to the stage vary depending on where you stand in the section.""",LOW - no row data published for this section
Field 2,"Clubs, suites and other named areas",Field seats,"""Sections closest to the stage will obviously be home to the best views from the field level. For a standard seating setup this will be seats in sections F1-F6 with sections F3-F4 being closest to the center of the stage."" The page adds that ""the layout of the sections on the field can change for each show"".",,not part of the numbered seating bowl,UNKNOWN,UNKNOWN,"The source describes this as a named area rather than a numbered section, so it publishes no aisle layout for it.","This area sits outside the numbered seating bowl and no seat numbering is published for it. Check the seat numbers printed on your own ticket, or ask the ticket office.",not published,"Zone page, not a per-section page: every Field 1-18 link in the venue section index resolves to the single Field Seats zone description, so no row detail exists for an individual Field section. These are temporary floor seats placed on the playing surface for concerts, and the source states the layout of the sections on the field can change for each show. It also notes ""Without any elevation between rows, views will get more difficult as you move further back in a section"" and ""Some shows will feature a general admission pit on the floor or have the entire field be general admission. In these situations, there will not be any seats and views to the stage vary depending on where you stand in the section.""",LOW - no row data published for this section
Field 3,"Clubs, suites and other named areas",Field seats,"""Sections closest to the stage will obviously be home to the best views from the field level. For a standard seating setup this will be seats in sections F1-F6 with sections F3-F4 being closest to the center of the stage."" The page adds that ""the layout of the sections on the field can change for each show"".",,not part of the numbered seating bowl,UNKNOWN,UNKNOWN,"The source describes this as a named area rather than a numbered section, so it publishes no aisle layout for it.","This area sits outside the numbered seating bowl and no seat numbering is published for it. Check the seat numbers printed on your own ticket, or ask the ticket office.",not published,"Zone page, not a per-section page: every Field 1-18 link in the venue section index resolves to the single Field Seats zone description, so no row detail exists for an individual Field section. These are temporary floor seats placed on the playing surface for concerts, and the source states the layout of the sections on the field can change for each show. It also notes ""Without any elevation between rows, views will get more difficult as you move further back in a section"" and ""Some shows will feature a general admission pit on the floor or have the entire field be general admission. In these situations, there will not be any seats and views to the stage vary depending on where you stand in the section.""",LOW - no row data published for this section
Field 4,"Clubs, suites and other named areas",Field seats,"""Sections closest to the stage will obviously be home to the best views from the field level. For a standard seating setup this will be seats in sections F1-F6 with sections F3-F4 being closest to the center of the stage."" The page adds that ""the layout of the sections on the field can change for each show"".",,not part of the numbered seating bowl,UNKNOWN,UNKNOWN,"The source describes this as a named area rather than a numbered section, so it publishes no aisle layout for it.","This area sits outside the numbered seating bowl and no seat numbering is published for it. Check the seat numbers printed on your own ticket, or ask the ticket office.",not published,"Zone page, not a per-section page: every Field 1-18 link in the venue section index resolves to the single Field Seats zone description, so no row detail exists for an individual Field section. These are temporary floor seats placed on the playing surface for concerts, and the source states the layout of the sections on the field can change for each show. It also notes ""Without any elevation between rows, views will get more difficult as you move further back in a section"" and ""Some shows will feature a general admission pit on the floor or have the entire field be general admission. In these situations, there will not be any seats and views to the stage vary depending on where you stand in the section.""",LOW - no row data published for this section
Field 5,"Clubs, suites and other named areas",Field seats,"""Sections closest to the stage will obviously be home to the best views from the field level. For a standard seating setup this will be seats in sections F1-F6 with sections F3-F4 being closest to the center of the stage."" The page adds that ""the layout of the sections on the field can change for each show"".",,not part of the numbered seating bowl,UNKNOWN,UNKNOWN,"The source describes this as a named area rather than a numbered section, so it publishes no aisle layout for it.","This area sits outside the numbered seating bowl and no seat numbering is published for it. Check the seat numbers printed on your own ticket, or ask the ticket office.",not published,"Zone page, not a per-section page: every Field 1-18 link in the venue section index resolves to the single Field Seats zone description, so no row detail exists for an individual Field section. These are temporary floor seats placed on the playing surface for concerts, and the source states the layout of the sections on the field can change for each show. It also notes ""Without any elevation between rows, views will get more difficult as you move further back in a section"" and ""Some shows will feature a general admission pit on the floor or have the entire field be general admission. In these situations, there will not be any seats and views to the stage vary depending on where you stand in the section.""",LOW - no row data published for this section
Field 6,"Clubs, suites and other named areas",Field seats,"""Sections closest to the stage will obviously be home to the best views from the field level. For a standard seating setup this will be seats in sections F1-F6 with sections F3-F4 being closest to the center of the stage."" The page adds that ""the layout of the sections on the field can change for each show"".",,not part of the numbered seating bowl,UNKNOWN,UNKNOWN,"The source describes this as a named area rather than a numbered section, so it publishes no aisle layout for it.","This area sits outside the numbered seating bowl and no seat numbering is published for it. Check the seat numbers printed on your own ticket, or ask the ticket office.",not published,"Zone page, not a per-section page: every Field 1-18 link in the venue section index resolves to the single Field Seats zone description, so no row detail exists for an individual Field section. These are temporary floor seats placed on the playing surface for concerts, and the source states the layout of the sections on the field can change for each show. It also notes ""Without any elevation between rows, views will get more difficult as you move further back in a section"" and ""Some shows will feature a general admission pit on the floor or have the entire field be general admission. In these situations, there will not be any seats and views to the stage vary depending on where you stand in the section.""",LOW - no row data published for this section
Field 7,"Clubs, suites and other named areas",Field seats,"""Sections closest to the stage will obviously be home to the best views from the field level. For a standard seating setup this will be seats in sections F1-F6 with sections F3-F4 being closest to the center of the stage."" The page adds that ""the layout of the sections on the field can change for each show"".",,not part of the numbered seating bowl,UNKNOWN,UNKNOWN,"The source describes this as a named area rather than a numbered section, so it publishes no aisle layout for it.","This area sits outside the numbered seating bowl and no seat numbering is published for it. Check the seat numbers printed on your own ticket, or ask the ticket office.",not published,"Zone page, not a per-section page: every Field 1-18 link in the venue section index resolves to the single Field Seats zone description, so no row detail exists for an individual Field section. These are temporary floor seats placed on the playing surface for concerts, and the source states the layout of the sections on the field can change for each show. It also notes ""Without any elevation between rows, views will get more difficult as you move further back in a section"" and ""Some shows will feature a general admission pit on the floor or have the entire field be general admission. In these situations, there will not be any seats and views to the stage vary depending on where you stand in the section.""",LOW - no row data published for this section
Field 8,"Clubs, suites and other named areas",Field seats,"""Sections closest to the stage will obviously be home to the best views from the field level. For a standard seating setup this will be seats in sections F1-F6 with sections F3-F4 being closest to the center of the stage."" The page adds that ""the layout of the sections on the field can change for each show"".",,not part of the numbered seating bowl,UNKNOWN,UNKNOWN,"The source describes this as a named area rather than a numbered section, so it publishes no aisle layout for it.","This area sits outside the numbered seating bowl and no seat numbering is published for it. Check the seat numbers printed on your own ticket, or ask the ticket office.",not published,"Zone page, not a per-section page: every Field 1-18 link in the venue section index resolves to the single Field Seats zone description, so no row detail exists for an individual Field section. These are temporary floor seats placed on the playing surface for concerts, and the source states the layout of the sections on the field can change for each show. It also notes ""Without any elevation between rows, views will get more difficult as you move further back in a section"" and ""Some shows will feature a general admission pit on the floor or have the entire field be general admission. In these situations, there will not be any seats and views to the stage vary depending on where you stand in the section.""",LOW - no row data published for this section
Field 9,"Clubs, suites and other named areas",Field seats,"""Sections closest to the stage will obviously be home to the best views from the field level. For a standard seating setup this will be seats in sections F1-F6 with sections F3-F4 being closest to the center of the stage."" The page adds that ""the layout of the sections on the field can change for each show"".",,not part of the numbered seating bowl,UNKNOWN,UNKNOWN,"The source describes this as a named area rather than a numbered section, so it publishes no aisle layout for it.","This area sits outside the numbered seating bowl and no seat numbering is published for it. Check the seat numbers printed on your own ticket, or ask the ticket office.",not published,"Zone page, not a per-section page: every Field 1-18 link in the venue section index resolves to the single Field Seats zone description, so no row detail exists for an individual Field section. These are temporary floor seats placed on the playing surface for concerts, and the source states the layout of the sections on the field can change for each show. It also notes ""Without any elevation between rows, views will get more difficult as you move further back in a section"" and ""Some shows will feature a general admission pit on the floor or have the entire field be general admission. In these situations, there will not be any seats and views to the stage vary depending on where you stand in the section.""",LOW - no row data published for this section
Fioptics District,"Clubs, suites and other named areas",Standing room / social area,"""Located in the space formerly occupied by Sections 408-410"".",,not part of the numbered seating bowl,UNKNOWN,UNKNOWN,"The source describes this as a named area rather than a numbered section, so it publishes no aisle layout for it.","This area sits outside the numbered seating bowl and no seat numbering is published for it. Check the seat numbers printed on your own ticket, or ask the ticket office.",not published,"Zone page rather than a section page. ""Tickets provide GA access rather than reserved seats"" and ""Seats and rows are not assigned and are first-come, first-serve"". The source lists ""Standing drink rails overlooking the field"", ""Interactive games and entertainment areas"", ""Upscale lounge-style furniture and seating"", a ""Rooftop-style patio gathering space"" and ""The walk-in GigaBar for drinks and socializing"". Described as ""Ideal for fans who want a social and interactive game experience rather than traditional seating"" and popular with groups and younger fans.",LOW - no row data published for this section
Handlebar Rail,"Clubs, suites and other named areas",Clubs and hospitality,Located in the right field corner of the ballpark.,,not part of the numbered seating bowl,UNKNOWN,UNKNOWN,"The source describes this as a named area rather than a numbered section, so it publishes no aisle layout for it.","This area sits outside the numbered seating bowl and no seat numbering is published for it. Check the seat numbers printed on your own ticket, or ask the ticket office.",not published,"Zone page covering the whole Handlebar area rather than a section page. ""Handlebar Rail seats provide bar-style seating with a view of the field"" and include the same hospitality access as standard Handlebar tickets. The Handlebar Presented by Braxton Brewing Company is an all-inclusive hospitality area with a climate-controlled club and a 26-foot video wall to watch the game. Listed inclusions are an ""Upscale all-inclusive buffet"", ""Six drink tickets per guest"" and ""Unlimited Coca-Cola products"". The source calls it ""Ideal for fans looking for a social, hospitality-style experience"" and ""especially popular with groups"".",LOW - no row data published for this section
Handlebar SRO,"Clubs, suites and other named areas",Standing room,Located in the right field corner of the ballpark.,,not part of the numbered seating bowl,UNKNOWN,UNKNOWN,"The source describes this as a named area rather than a numbered section, so it publishes no aisle layout for it.","This area sits outside the numbered seating bowl and no seat numbering is published for it. Check the seat numbers printed on your own ticket, or ask the ticket office.",not published,"Zone page covering the whole Handlebar area rather than a section page. Standard Handlebar tickets are ""standing-room only"" without reserved seating; the rail seats are sold separately. The Handlebar Presented by Braxton Brewing Company is an all-inclusive hospitality area with a climate-controlled club and a 26-foot video wall to watch the game. Listed inclusions are an ""Upscale all-inclusive buffet"", ""Six drink tickets per guest"" and ""Unlimited Coca-Cola products"". The source calls it ""Ideal for fans looking for a social, hospitality-style experience"" and ""especially popular with groups"".",LOW - no row data published for this section
PRESS CLUB,"Clubs, suites and other named areas",Clubs and hospitality,"""located directly behind home plate at the same viewing height as the club level"".",,not part of the numbered seating bowl,UNKNOWN,UNKNOWN,"The source describes this as a named area rather than a numbered section, so it publishes no aisle layout for it.","This area sits outside the numbered seating bowl and no seat numbering is published for it. Check the seat numbers printed on your own ticket, or ask the ticket office.",not published,"Zone page describing the hospitality area rather than a section page. Inclusions stated are ""All-inclusive food service"", ""Top-shelf spirits and bourbon selections"", ""Beer and wine included"", ""Comfortable theater-style seating"", ""High-top seating along ledges and tables"" and ""In-seat food and beverage service"". Sold as a premium product, described as ""perfect for fans looking for a luxury, all-inclusive Reds gameday experience"" and suited to ""entertaining guests, corporate outings"".",LOW - no row data published for this section
Redlegs Landing,"Clubs, suites and other named areas",General admission,not stated by the source,,not part of the numbered seating bowl,UNKNOWN,UNKNOWN,"The source describes this as a named area rather than a numbered section, so it publishes no aisle layout for it.","This area sits outside the numbered seating bowl and no seat numbering is published for it. Check the seat numbers printed on your own ticket, or ask the ticket office.",not published,"The page carries almost no descriptive text: it states only that this is ""a general admission seating area"" where ""Seats and rows are not assigned and are first-come, first-serve"", plus a photo captioned ""Baseball Seat View From Redlegs Landing"" and fan reviews. The source does not state where in the ballpark it sits, so no location is recorded.",LOW - no row data published for this section
Standing Room Only,"Clubs, suites and other named areas",Standing room,"For concerts the source places it ""Behind/Side Stage (most shows)"".",,not part of the numbered seating bowl,UNKNOWN,UNKNOWN,"The source describes this as a named area rather than a numbered section, so it publishes no aisle layout for it.","This area sits outside the numbered seating bowl and no seat numbering is published for it. Check the seat numbers printed on your own ticket, or ask the ticket office.",not published,"Zone page rather than a section page, and written for the concert configuration. ""This is a general admission seating area. Seats and rows are not assigned and are first-come,"" first-serve. ""Standing Room Only is behind the stage or to the side of the stage for most concerts. This may restrict or limit your view of the performance."" The page shows seat-view images from SRO and from Sections 145/146 along with fan reviews.",LOW - no row data published for this section
