section,level,zone,location_in_stadium,sections_from_home_plate,direction_from_home_plate,rows_in_section,entrance_row,aisle_and_walkway_locations,seat_numbering,seats_per_row,notes,confidence
101,Field Level (100s),Outfield Bleachers,Right field bleachers; bleacher sections run from right field (101-111) to left field (189-197),24,toward first base / right field,1-13,13,"Stairway aisles run along both side edges of the section; rows are not split by a mid-row aisle, so seat numbers run continuously from one side aisle to the other. The entry portal is at row 13.","Facing the field, seat 1 is on your right. That puts seat 1 on the far edge of the section, with no further section beyond it on that side, with seat numbers counting up toward the edge facing section 103. Seat 1 is the end of the row farthest from home plate, and higher seat numbers run back toward home plate.",not published,"Bleacher seats with back support but no armrests. One of the least shaded areas in Busch Stadium. Positioned above/near the Cardinals bullpen (beneath Sections 107-109). Prime seating for catching home run balls. For concerts, 101 is behind the stage or to the side of the stage for most concerts, which may restrict or limit your view.","HIGH - zone, rows, location and seat direction stated by the source"
103,Field Level (100s),Outfield Bleachers,Right field; part of bleacher sections 101-111 in right field,23,toward first base / right field,"1-12, WC",WC,"Stairway aisles run along both side edges of the section; rows are not split by a mid-row aisle, so seat numbers run continuously from one side aisle to the other. The entry portal is at row WC.","Facing the field, seat 1 is on your right. That puts seat 1 on the edge facing section 101, with seat numbers counting up toward the edge facing section 105. Seat 1 is the end of the row farthest from home plate, and higher seat numbers run back toward home plate.",not published,"Bench-style seating with back support but no armrests. One of the least shaded areas in Busch Stadium, with very little shade. beneath Sections 107-109. Prime seating for catching home run balls. 'Section 103 is behind the stage or to the side of the stage for most concerts. This may restrict or limit your view.' Row WC indicates a wheelchair-accessible row.","HIGH - zone, rows, location and seat direction stated by the source"
105,Field Level (100s),Outfield Bleachers,"Right field bleacher section, positioned in the right outfield area",22,toward first base / right field,"1-12, WC",WC,"Stairway aisles run along both side edges of the section; rows are not split by a mid-row aisle, so seat numbers run continuously from one side aisle to the other. The entry portal is at row WC.","Facing the field, seat 1 is on your right. That puts seat 1 on the edge facing section 103, with seat numbers counting up toward the edge facing section 107. Seat 1 is the end of the row farthest from home plate, and higher seat numbers run back toward home plate.",not published,"Bench-style seating, meaning there are no individual seat dividers or armrests, but each spot includes a backrest. 'These sections receive very little shade throughout the day, making them one of the hottest seating areas during summer games.' Sit in rows 1-8 to be directly next to the Cardinals bullpen. Prime seating for catching home run balls - best chances near the corners. '105 is behind the stage or to the side of the stage for most concerts. This may restrict or limit your view.' Row WC indicates a wheelchair-accessible row. Obstructed views not otherwise stated.","HIGH - zone, rows, location and seat direction stated by the source"
107,Field Level (100s),Outfield Bleachers,Right field bleachers section,21,toward first base / right field,"11-13, 20-33",13,"Stairway aisles run along both side edges of the section; rows are not split by a mid-row aisle, so seat numbers run continuously from one side aisle to the other. The entry portal is at row 13.","Facing the field, seat 1 is on your right. That puts seat 1 on the edge facing section 105, with seat numbers counting up toward the edge facing section 109. Seat 1 is the end of the row farthest from home plate, and higher seat numbers run back toward home plate.",not published,"Bench-style seating with back support but no armrests. One of the least shaded areas in Busch Stadium. Cardinals bullpen in right field (107-109), with this section positioned directly above it. 'There is a walkway betweeen Rows 13 and 20.' Prime seating for catching home run balls - best chances near the corners. '107 is behind the stage or to the side of the stage for most concerts. This may restrict or limit your view of the performance.'","HIGH - zone, rows, location and seat direction stated by the source"
109,Field Level (100s),Bleacher Seats / Outfield Bleachers,"Right field outfield bleachers, positioned directly above the Cardinals bullpen",20,toward first base / right field,"11-13, 20-33",13,"Stairway aisles run along both side edges of the section; rows are not split by a mid-row aisle, so seat numbers run continuously from one side aisle to the other. The entry portal is at row 13.","Facing the field, seat 1 is on your right. That puts seat 1 on the edge facing section 107, with seat numbers counting up toward the edge facing section 111. Seat 1 is the end of the row farthest from home plate, and higher seat numbers run back toward home plate.",not published,Bleacher seats with back support but no armrests. One of the least shaded areas in Busch Stadium. 'There is a walkway betweeen Rows 13 and 20.' Cardinals bullpen is directly in front of this section. Straight-on look at the field from the outfield. behind the stage or to the side of the stage for most concerts.,"HIGH - zone, rows, location and seat direction stated by the source"
111,Field Level (100s),Outfield Bleachers,Right field area; part of bleacher sections running from right field (101-111) to left field (189-197),19,toward first base / right field,"WC, 20-33",UNKNOWN,"Stairway aisles run along both side edges of the section; rows are not split by a mid-row aisle, so seat numbers run continuously from one side aisle to the other. The entry portal row is not published for this section.","Facing the field, seat 1 is on your right. That puts seat 1 on the edge facing section 109, with seat numbers counting up toward the edge facing section 127. Seat 1 is the end of the row farthest from home plate, and higher seat numbers run back toward home plate.",not published,Bench-style seating with back support but no armrests. One of the least shaded areas in Busch Stadium. Located above the Cardinals bullpen (beneath Sections 107-109). Prime seating for catching home run balls - best chances near the corners. '111 is behind the stage or to the side of the stage for most concerts' and 'may restrict or limit your view of the performance.' Row WC indicates a wheelchair-accessible row. Entrance row not stated on the page.,"HIGH - zone, rows, location and seat direction stated by the source"
127,Field Level (100s),Field Level Outfield,"Located on the first base side, with higher numbered sections being closer to the Cardinals dugout",18,toward first base / right field,1-11,11,"Stairway aisles run along both side edges of the section; rows are not split by a mid-row aisle, so seat numbers run continuously from one side aisle to the other. The entry portal is at row 11.","Facing the field, seat 1 is on your right. That puts seat 1 on the edge facing section 111, with seat numbers counting up toward the edge facing section 128. Seat 1 is the end of the row farthest from home plate, and higher seat numbers run back toward home plate.",not published,"'Sections 127-129 are the only sections located in fair territory on the right field side' and 'provide a good opportunity to catch a home run ball.' 'The Cardinals Bullpen is to the Right of Section 127'; rows 4-12 sit directly next to the Cardinals bullpen. 'We recommend rows 1-5 for getting a ball.' 'Section 127 May Have a Limited View' as it is behind the stage or to the side of the stage for most concerts. Obstructed views, sun/shade, netting, wheelchair rows and seat type not stated.","HIGH - zone, rows, location and seat direction stated by the source"
128,Field Level (100s),Field Level Outfield,"Located on the lowest tier of Busch stadium, between the corner bases and wrapping to the corners of the outfield walls, on the first base side",17,toward first base / right field,"1-12, 20-29",12,"Stairway aisles run along both side edges of the section; rows are not split by a mid-row aisle, so seat numbers run continuously from one side aisle to the other. The entry portal is at row 12.","Facing the field, seat 1 is on your right. That puts seat 1 on the edge facing section 127, with seat numbers counting up toward the edge facing section 129. Seat 1 is the end of the row farthest from home plate, and higher seat numbers run back toward home plate.",not published,"'Sections 127-129 are the only sections located in fair territory on the right field side' and provide a good opportunity to catch a home run ball. 'Rows 21 & Above - Covered.' 'There is a walkway betweeen Rows 12 and 20.' For concerts, 'Section 128 May Have a Limited View' as it is behind the stage or to the side of the stage for most concerts. Netting, dugout adjacency, wheelchair rows and bench vs individual seats not stated.","HIGH - zone, rows, location and seat direction stated by the source"
129,Field Level (100s),Field Level Outfield,Located on the first base side; 'Sections 127-129 are the only sections located in fair territory on the right field side',16,toward first base / right field,"1-12, 20-29",12,"Stairway aisles run along both side edges of the section; rows are not split by a mid-row aisle, so seat numbers run continuously from one side aisle to the other. The entry portal is at row 12.","Facing the field, seat 1 is on your right. That puts seat 1 on the edge facing section 128, with seat numbers counting up toward the edge facing section 130. Seat 1 is the end of the row farthest from home plate, and higher seat numbers run back toward home plate.",not published,"'There is a walkway betweeen Rows 12 and 20.' 'Rows 21 & Above - Covered.' 'Rows 9-12 for outstanding convenience.' Section provides a good opportunity to catch a home run ball. Obstructed views, netting, wheelchair access and bench vs individual seating not stated.","HIGH - zone, rows, location and seat direction stated by the source"
130,Field Level (100s),Field Level Outfield,"Located on the first base side, with higher numbered sections being closer to the Cardinals dugout",15,toward first base / right field,"4-18, 20-29",WC,"Stairway aisles run along both side edges of the section; rows are not split by a mid-row aisle, so seat numbers run continuously from one side aisle to the other. The entry portal is at row WC.","Facing the field, seat 1 is on your right. That puts seat 1 on the edge facing section 129, with seat numbers counting up toward the edge facing section 131. Seat 1 is the end of the row farthest from home plate, and higher seat numbers run back toward home plate.",not published,'There is a walkway betweeen Rows WC and 20.' 'Rows 21 and above are under cover.' rows 9-12 for outstanding convenience. Lower sections extend to the field. A wheelchair row (WC) is referenced as the entrance row. Obstructed views and bench vs individual seats not stated.,"HIGH - zone, rows, location and seat direction stated by the source"
131,Field Level (100s),Field Level Outfield,"Located on the lowest tier of Busch stadium, between the corner bases and wrapping to the corners of the outfield walls, on the first base side, with higher numbered sections being closer to the Cardinals dugout",14,toward first base / right field,"1-18, WC",WC,"Stairway aisles run along both side edges of the section; rows are not split by a mid-row aisle, so seat numbers run continuously from one side aisle to the other. The entry portal is at row WC.","Facing the field, seat 1 is on your right. That puts seat 1 on the edge facing section 130, with seat numbers counting up toward the edge facing section 132. Seat 1 is the end of the row farthest from home plate, and higher seat numbers run back toward home plate.",not published,"the 'foul pole really is annoying in the lower rows' and the pitcher cannot be seen from certain seats. Row WC indicates a wheelchair-accessible row. Sun/shade, netting and bench vs individual seats not stated.","HIGH - zone, rows, location and seat direction stated by the source"
132,Field Level (100s),Field Level Outfield,"Located on the first base side, between corner bases and wrapping toward the outfield corners",13,toward first base / right field,"A-L, 1-18, WC, 20-29",WC,"Stairway aisles run along both side edges of the section; rows are not split by a mid-row aisle, so seat numbers run continuously from one side aisle to the other. The entry portal is at row WC.","Facing the field, seat 1 is on your right. That puts seat 1 on the edge facing section 131, with seat numbers counting up toward the edge facing section 133. Seat 1 is the end of the row farthest from home plate, and higher seat numbers run back toward home plate.",not published,"'Rows 21 & Above - Covered.' Walkways between Rows L and 1, and between Rows WC and 20. Row WC is a wheelchair-accessible row. Dugout Box portion is closest to the Cardinals dugout. Fan review (Row 11): 'Very hard to see the pitch from this location.' Page also repeats that 'Sections 127-129 are the only sections located in fair territory.' Netting and bench vs individual seats not stated.","HIGH - zone, rows, location and seat direction stated by the source"
133,Field Level (100s),Field Level Outfield,Located on the first base side; sections 133-134 are 'further set back and do not extend all the way down to the field',12,toward first base / right field,"1-18, WC, 20-29",WC,"Stairway aisles run along both side edges of the section; rows are not split by a mid-row aisle, so seat numbers run continuously from one side aisle to the other. The entry portal is at row WC.","Facing the field, seat 1 is on your right. That puts seat 1 on the edge facing section 132, with seat numbers counting up toward the edge facing section 134. Seat 1 is the end of the row farthest from home plate, and higher seat numbers run back toward home plate.",not published,"'There is a walkway betweeen Rows WC and 20.' 'Rows 21 & Above - Covered.' 'Covered by deck in case of rain and shady.' Recommended rows A-L, 1-7 for getting a ball; rows 15-18 for outstanding convenience. Row WC indicates a wheelchair-accessible row. Obstructed views, netting and bench vs individual seats not stated.","HIGH - zone, rows, location and seat direction stated by the source"
134,Field Level (100s),Field Level Outfield,"First base side, between the corner bases and extending toward the right field corner; 'Sections 127-140 are located on the first base side'; sections 133-134 are 'further set back and do not extend all the way down to the field'",11,toward first base / right field,"1-18, WC, 20-29",WC,"Stairway aisles run along both side edges of the section; rows are not split by a mid-row aisle, so seat numbers run continuously from one side aisle to the other. The entry portal is at row WC.","Facing the field, seat 1 is on your right. That puts seat 1 on the edge facing section 133, with seat numbers counting up toward the edge facing section 135. Seat 1 is the end of the row farthest from home plate, and higher seat numbers run back toward home plate.",not published,"Wheelchair-accessible Row WC described in a review as 'folding chairs and are comfortable.' 'You are exposed to the sun so keep that in mind for hot summer day games.' 'Rows 21 & Above - Covered.' 'The angle of the view to home plate from these seats is not very good.' Recommended rows A-L, 1-7 for getting a ball. 'There is a walkway between Rows WC and 20.'","HIGH - zone, rows, location and seat direction stated by the source"
135,Field Level (100s),Field Level Outfield,Right field side / first base side outfield; sections 127-140 are on the first base side with higher numbers closer to the Cardinals dugout,10,toward first base / right field,"A-L, 1-19, 20-29",19,"Stairway aisles run along both side edges of the section; rows are not split by a mid-row aisle, so seat numbers run continuously from one side aisle to the other. The entry portal is at row 19.","Facing the field, seat 1 is on your right. That puts seat 1 on the edge facing section 134, with seat numbers counting up toward the edge facing section 136. Seat 1 is the end of the row farthest from home plate, and higher seat numbers run back toward home plate.",not published,"Walkways between Rows L and 1, and between Rows 19 and 20. 'Rows 21 and above are under cover.' Recommended rows A-L, 1-7 for getting a ball. Page notes sections 133 and 134 are further set back and do not extend all the way down to the field. Shade availability mentioned in a fan review for day games. Obstructed views, netting, wheelchair access and bench seating not stated.","HIGH - zone, rows, location and seat direction stated by the source"
136,Field Level (100s),Field Level Outfield,"Located on the first base side between corner bases and wrapping to the outfield corners; sections 127-140 are on this side, with higher numbers closer to the Cardinals dugout",9,toward first base / right field,"A-L, 1-19",19,"Stairway aisles run along both side edges of the section; rows are not split by a mid-row aisle, so seat numbers run continuously from one side aisle to the other. The entry portal is at row 19.","Facing the field, seat 1 is on your right. That puts seat 1 on the edge facing section 135, with seat numbers counting up toward the edge facing section 137. Seat 1 is the end of the row farthest from home plate, and higher seat numbers run back toward home plate.",not published,"'There is a walkway betweeen Rows L and 1.' 'We recommend rows A-L, 1-7 for getting a ball.' Upper portions are tucked near the 200-level overhang; lower sections extend to the field. Obstructed views, sun/shade, netting, wheelchair accessibility and bench vs individual seats not stated.","HIGH - zone, rows, location and seat direction stated by the source"
137,Field Level (100s),Field Level Outfield,Located on the first base side between corner bases and wrapping toward the outfield corners; higher numbered sections are closer to the Cardinals dugout,8,toward first base / right field,"A-L, 1-18, WC, 20-29",WC,"Stairway aisles run along both side edges of the section; rows are not split by a mid-row aisle, so seat numbers run continuously from one side aisle to the other. The entry portal is at row WC.","Facing the field, seat 1 is on your right. That puts seat 1 on the edge facing section 136, with seat numbers counting up toward the edge facing section 138. Seat 1 is the end of the row farthest from home plate, and higher seat numbers run back toward home plate.",not published,"'There is a walkway betweeen Rows L and 1' and 'There is a walkway betweeen Rows WC and 20.' 'Rows 21 and above are under cover'; section faces west and is likely in the sun for afternoon games, with early games having no shade unless in the last ~5 rows. Recommended rows A-L, 1-7 for getting a ball. Row WC indicates a wheelchair-accessible row. Obstructed views, netting and bench seating not stated.","HIGH - zone, rows, location and seat direction stated by the source"
138,Field Level (100s),Field Level Outfield,"Located on the lowest tier of Busch stadium, between the corner bases and wrapping to the corners of the outfield walls, on the first base side",7,toward first base / right field,"WC1, A-L, 1-18, WC",WC,"Stairway aisles run along both side edges of the section; rows are not split by a mid-row aisle, so seat numbers run continuously from one side aisle to the other. The entry portal is at row WC.","Facing the field, seat 1 is on your right. That puts seat 1 on the edge facing section 137, with seat numbers counting up toward the edge facing section 139. Seat 1 is the end of the row farthest from home plate, and higher seat numbers run back toward home plate.",not published,"'There is a walkway betweeen Rows L and 1.' Recommended rows A-L, 1-7 for getting a ball. 'Sections 127-140 are located on the first base side, with the higher numbered sections being closer to the Cardinals dugout.' 'Upper portions are tucked up near the overhang of the 200 level.' Rows WC1 and WC indicate wheelchair-accessible rows. Sun/shade details, netting and bench vs individual seats not stated.","HIGH - zone, rows, location and seat direction stated by the source"
139,Field Level (100s),Field Level Outfield,"First base side outfield; sections 127-140 are on this side, with higher numbered sections being closer to the Cardinals dugout",6,toward first base / right field,"A-L, 1-18, WC, 20-29",WC,"Stairway aisles run along both side edges of the section; rows are not split by a mid-row aisle, so seat numbers run continuously from one side aisle to the other. The entry portal is at row WC.","Facing the field, seat 1 is on your right. That puts seat 1 on the edge facing section 138, with seat numbers counting up toward the edge facing section 140. Seat 1 is the end of the row farthest from home plate, and higher seat numbers run back toward home plate.",There are a total of 26 seats in Section 139 Row 29,'Rows 21 and above are under cover'; Row 21 seats 'are likely to be in the shade for the whole game.' 'There is a walkway betweeen Rows L and 1' and a walkway between Rows WC and 20. Page notes 'Sections 127-129 are the only sections located in fair territory on the right field side and provide a good opportunity to catch a home run ball.' Row WC indicates a wheelchair-accessible row. Obstruction and bench vs individual seats not stated.,"HIGH - zone, rows, location and seat direction stated by the source"
140,Field Level (100s),Field Level Outfield,"On the first base side, between the corner bases and wrapping toward the outfield walls; higher numbered sections are closer to the Cardinals dugout.",5,toward first base / right field,"WC, A-M, 1-19, 20-29",19,"Stairway aisles run along both side edges of the section; rows are not split by a mid-row aisle, so seat numbers run continuously from one side aisle to the other. The entry portal is at row 19.","Facing the field, seat 1 is on your right. That puts seat 1 on the edge facing section 139, with seat numbers counting up toward the edge facing section 141. Seat 1 is the end of the row farthest from home plate, and higher seat numbers run back toward home plate.",not published,"rows 21 and above are covered. Walkways separate Rows M and 1, and Rows 19 and 20. Lower rows (A-L, 1-7) recommended for catching balls. A 'WC' row label is listed. Obstructed views, netting and accessible-row detail rateyourseats.com section 140 page.","HIGH - zone, rows, location and seat direction stated by the source"
141,Field Level (100s),Home Field Box,"Located on the lowest level of Busch Stadium along the infield, behind the Cardinals dugout (first base side)",4,toward first base / right field,"F-L, 1-24",24,"Stairway aisles run along both side edges of the section; rows are not split by a mid-row aisle, so seat numbers run continuously from one side aisle to the other. The entry portal is at row 24.","Facing the field, seat 1 is on your right. That puts seat 1 on the edge facing section 140, with seat numbers counting up toward the edge facing section 142. Seat 1 is the end of the row farthest from home plate, and higher seat numbers run back toward home plate.",not published,"'Rows 24 & Above - Covered'. behind the Cardinals dugout (first base side). Netting, obstructed views and accessible rows rateyourseats.com section 141 page.","HIGH - zone, rows, location and seat direction stated by the source"
142,Field Level (100s),Home Field Box,"Located on the lowest tier, behind the Cardinals dugout on the first base side",3,toward first base / right field,"A-J, 1-24",24,"Stairway aisles run along both side edges of the section; rows are not split by a mid-row aisle, so seat numbers run continuously from one side aisle to the other. The entry portal is at row 24.","Facing the field, seat 1 is on your right. That puts seat 1 on the edge facing section 141, with seat numbers counting up toward the edge facing section 143. Seat 1 is the end of the row farthest from home plate, and higher seat numbers run back toward home plate.",not published,'There is some amount of netting or screening in front of sections 142-158.' 'Rows 24 and above are under cover'. 'Row A is the first row behind the Cardinals dugout in Sections 142-144'. rateyourseats.com section 142 page.,"HIGH - zone, rows, location and seat direction stated by the source"
143,Field Level (100s),Home Field Box,Located behind the Cardinals dugout on the first base side; part of the lowest level of Busch Stadium along the infield,2,toward first base / right field,"A-G, 1-24",24,"Stairway aisles run along both side edges of the section; rows are not split by a mid-row aisle, so seat numbers run continuously from one side aisle to the other. The entry portal is at row 24.","Facing the field, seat 1 is on your right. That puts seat 1 on the edge facing section 142, with seat numbers counting up toward the edge facing section 144. Seat 1 is the end of the row farthest from home plate, and higher seat numbers run back toward home plate.",not published,"'Front of sections 142-158 are behind the netting', with height and coverage varying by section. 'Rows 24 and above are under cover'. directly behind the Cardinals dugout. rateyourseats.com section 143 page.","HIGH - zone, rows, location and seat direction stated by the source"
144,Field Level (100s),Home Field Box,Behind the Cardinals dugout on the first base side of the infield,1,toward first base / right field,"A-G, 1-26",26,"Stairway aisles run along both side edges of the section; rows are not split by a mid-row aisle, so seat numbers run continuously from one side aisle to the other. The entry portal is at row 26.","Facing the field, seat 1 is on your right. That puts seat 1 on the edge facing section 143, with seat numbers counting up toward the edge facing section 145. Seat 1 is the end of the row farthest from home plate, and higher seat numbers run back toward home plate.",not published,'There is some amount of netting or screening in front of sections 142-158' - front rows A-G are behind it. 'Rows 24 & Above - Covered'. 'Row A is the first row behind the Cardinals dugout in Sections 142-144'. rateyourseats.com section 144 page.,"HIGH - zone, rows, location and seat direction stated by the source"
145,Field Level (100s),Home Field Box,"Located on the lowest tier; part of sections 145-155 that span 'from first base, behind home plate, to third base'",0,behind home plate,"A-G, 1-24",24,"Stairway aisles run along both side edges of the section; rows are not split by a mid-row aisle, so seat numbers run continuously from one side aisle to the other. The entry portal is at row 24.","Facing the field, seat 1 is on your right. That puts seat 1 on the edge facing section 144, with seat numbers counting up toward the edge facing section 146. This section is behind home plate, so seat 1 is on its first-base side.",not published,'There is some amount of netting or screening in front of sections 142-158.' 'Rows 24 & Above - Covered'. 'Diamond Box seats sit directly behind the Cardinals and visitor dugouts' (Cardinals dugout is on the first base side). rateyourseats.com section 145 page.,"HIGH - zone, rows, location and seat direction stated by the source"
146,Field Level (100s),Home Field Box,Behind home plate on the lowest level of the infield,0,behind home plate,"1-19, WC",WC,"Stairway aisles run along both side edges of the section; rows are not split by a mid-row aisle, so seat numbers run continuously from one side aisle to the other. The entry portal is at row WC.","Facing the field, seat 1 is on your right. That puts seat 1 on the edge facing section 145, with seat numbers counting up toward the edge facing section 147. This section is behind home plate, so seat 1 is on its first-base side.",not published,'There is some amount of netting or screening in front of sections 142-158.' A 'WC' row is listed in the row labels and is where the entrance is located; the page does not define WC as wheelchair/accessible seating. UNKNOWN (page places this section behind home plate). rateyourseats.com section 146 page.,"HIGH - zone, rows, location and seat direction stated by the source"
147,Field Level (100s),Home Field Box,Behind home plate on the lowest level of the infield,0,behind home plate,"1-18, WC, 20",20,"Stairway aisles run along both side edges of the section; rows are not split by a mid-row aisle, so seat numbers run continuously from one side aisle to the other. The entry portal is at row 20.","Facing the field, seat 1 is on your right. That puts seat 1 on the edge facing section 146, with seat numbers counting up toward the edge facing section 148. This section is behind home plate, so seat 1 is on its first-base side.",not published,'There is some amount of netting or screening in front of sections 142-158. The height and coverage of netting or screening will vary by section.' A 'WC' row appears between rows 18 and 20; the page does not define it. 'Diamond Box seats sit directly behind the Cardinals and visitor dugouts'. rateyourseats.com section 147 page.,"HIGH - zone, rows, location and seat direction stated by the source"
148,Field Level (100s),Home Field Box,Behind home plate on the lowest level of the infield,0,behind home plate,1-26,26,"Stairway aisles run along both side edges of the section; rows are not split by a mid-row aisle, so seat numbers run continuously from one side aisle to the other. The entry portal is at row 26.","Facing the field, seat 1 is on your right. That puts seat 1 on the edge facing section 147, with seat numbers counting up toward the edge facing section 149. This section is behind home plate, so seat 1 is on its first-base side.",not published,'There is some amount of netting or screening in front of sections 142-158. The height and coverage of netting or screening will vary by section.' 'Rows 24 and above are under cover'. UNKNOWN (page places this section behind home plate). rateyourseats.com section 148 page.,"HIGH - zone, rows, location and seat direction stated by the source"
149,Field Level (100s),Home Field Box,Behind home plate on the lowest level of the infield,0,behind home plate,1-25,25,"Stairway aisles run along both side edges of the section; rows are not split by a mid-row aisle, so seat numbers run continuously from one side aisle to the other. The entry portal is at row 25.","Facing the field, seat 1 is on your right. That puts seat 1 on the edge facing section 148, with seat numbers counting up toward the edge facing section 150. This section is behind home plate, so seat 1 is on its first-base side.",not published,'There is some amount of netting or screening in front of sections 142-158. The height and coverage of netting or screening will vary by section.' 'Rows 24 and above are under cover'. UNKNOWN (page places this section behind home plate). rateyourseats.com section 149 page.,"HIGH - zone, rows, location and seat direction stated by the source"
150,Field Level (100s),Home Field Box,Behind home plate on the lowest level of the infield,0,behind home plate,1-26,26,"Stairway aisles run along both side edges of the section; rows are not split by a mid-row aisle, so seat numbers run continuously from one side aisle to the other. The entry portal is at row 26.","Facing the field, seat 1 is on your right. That puts seat 1 on the edge facing section 149, with seat numbers counting up toward the edge facing section 151. This section is behind home plate, so seat 1 is on its first-base side.",not published,'There is some amount of netting or screening in front of sections 142-158.' 'Rows 24 and above are under cover'. Dugout adjacency and accessible rows rateyourseats.com section 150 page.,"HIGH - zone, rows, location and seat direction stated by the source"
151,Field Level (100s),Home Field Box,Located on the lowest tier behind home plate; part of Sections 145-155 spanning from first base to third base,0,behind home plate,"1-18, WC, 20",20,"Stairway aisles run along both side edges of the section; rows are not split by a mid-row aisle, so seat numbers run continuously from one side aisle to the other. The entry portal is at row 20.","Facing the field, seat 1 is on your right. That puts seat 1 on the edge facing section 150, with seat numbers counting up toward the edge facing section 152. This section is behind home plate, so seat 1 is on its first-base side.",not published,'There is some amount of netting or screening in front of sections 142-158. The height and coverage of netting or screening will vary by section.' A 'WC' row appears between rows 18 and 20; the page does not define it. UNKNOWN (page places this section behind home plate). rateyourseats.com section 151 page.,"HIGH - zone, rows, location and seat direction stated by the source"
152,Field Level (100s),Home Field Box,Behind home plate on the lowest level of the infield,0,behind home plate,1-26,26,"Stairway aisles run along both side edges of the section; rows are not split by a mid-row aisle, so seat numbers run continuously from one side aisle to the other. The entry portal is at row 26.","Facing the field, seat 1 is on your right. That puts seat 1 on the edge facing section 151, with seat numbers counting up toward the edge facing section 153. This section is behind home plate, so seat 1 is on its first-base side.",not published,'There is some amount of netting or screening in front of sections 142-158. The height and coverage of netting or screening will vary by section.' 'Rows 24 and above are under cover'. Dugout adjacency and accessible rows rateyourseats.com section 152 page.,"HIGH - zone, rows, location and seat direction stated by the source"
153,Field Level (100s),Home Field Box,"Part of sections 141-159 on the lowest level along the infield, in the area behind home plate",0,behind home plate,1-25,25,"Stairway aisles run along both side edges of the section; rows are not split by a mid-row aisle, so seat numbers run continuously from one side aisle to the other. The entry portal is at row 25.","Facing the field, seat 1 is on your right. That puts seat 1 on the edge facing section 152, with seat numbers counting up toward the edge facing section 154. This section is behind home plate, so seat 1 is on its first-base side.",not published,'There is some amount of netting or screening in front of sections 142-158. The height and coverage of netting or screening will vary by section.' 'Rows 24 & Above - Covered'. UNKNOWN (page places this section behind home plate). rateyourseats.com section 153 page.,"HIGH - zone, rows, location and seat direction stated by the source"
154,Field Level (100s),Home Field Box,"Part of sections 145-155, located behind home plate on the lowest level of the infield",0,behind home plate,"1-18, WC, 20",20,"Stairway aisles run along both side edges of the section; rows are not split by a mid-row aisle, so seat numbers run continuously from one side aisle to the other. The entry portal is at row 20.","Facing the field, seat 1 is on your right. That puts seat 1 on the edge facing section 153, with seat numbers counting up toward the edge facing section 155. This section is behind home plate, so seat 1 is on its first-base side.",'There are a total of 11 seats in Section 154 Row 1 at Busch Stadium.' and 'In each of the first four rows of section 154 there are ten seats.' (page states both; remaining rows UNKNOWN),'There is some amount of netting or screening in front of sections 142-158.' 'Rows WC and above are shaded during most late afternoon games'. A 'WC' row appears between rows 18 and 20; the page does not define it. rateyourseats.com section 154 page.,"HIGH - zone, rows, location and seat direction stated by the source"
155,Field Level (100s),Home Field Box,Behind home plate on the lowest level of the infield; page also places it behind the visitor dugout,0,behind home plate,"A-G, 1-24",24,"Stairway aisles run along both side edges of the section; rows are not split by a mid-row aisle, so seat numbers run continuously from one side aisle to the other. The entry portal is at row 24.","Facing the field, seat 1 is on your right. That puts seat 1 on the edge facing section 154, with seat numbers counting up toward the edge facing section 156. This section is behind home plate, so seat 1 is on its first-base side.",not published,'There is some amount of netting or screening in front of sections 142-158.' rows 24 and above are covered. behind the visitor dugout (third base side). rateyourseats.com section 155 page.,"HIGH - zone, rows, location and seat direction stated by the source"
156,Field Level (100s),Home Field Box,"Behind the visitor dugout, on the lowest level, third base side of the infield",1,toward third base / left field,"A-G, 1-26",26,"Stairway aisles run along both side edges of the section; rows are not split by a mid-row aisle, so seat numbers run continuously from one side aisle to the other. The entry portal is at row 26.","Facing the field, seat 1 is on your right. That puts seat 1 on the edge facing section 155, with seat numbers counting up toward the edge facing section 157. Seat 1 is the end of the row closest to home plate, and higher seat numbers run away from home plate.",not published,"'There is some amount of netting or screening in front of sections 142-158', with height and coverage varying by section. 'Rows 24 and above are under cover'. 'Row A is the first row behind the visitor's dugout'. rateyourseats.com section 156 page.","HIGH - zone, rows, location and seat direction stated by the source"
157,Field Level (100s),Home Field Box,Behind the visitor dugout on the third base side,2,toward third base / left field,"A-G, 1-24",24,"Stairway aisles run along both side edges of the section; rows are not split by a mid-row aisle, so seat numbers run continuously from one side aisle to the other. The entry portal is at row 24.","Facing the field, seat 1 is on your right. That puts seat 1 on the edge facing section 156, with seat numbers counting up toward the edge facing section 158. Seat 1 is the end of the row closest to home plate, and higher seat numbers run away from home plate.",not published,'There is some amount of netting or screening in front of sections 142-158.' 'Rows 24 and above are under cover'. 'Row A is the first row behind the visitor's dugout'. rateyourseats.com section 157 page.,"HIGH - zone, rows, location and seat direction stated by the source"
158,Field Level (100s),Home Field Box,Behind the visitor dugout on the third base side of the infield,3,toward third base / left field,"A-J, 1-24",24,"Stairway aisles run along both side edges of the section; rows are not split by a mid-row aisle, so seat numbers run continuously from one side aisle to the other. The entry portal is at row 24.","Facing the field, seat 1 is on your right. That puts seat 1 on the edge facing section 157, with seat numbers counting up toward the edge facing section 159. Seat 1 is the end of the row closest to home plate, and higher seat numbers run away from home plate.",not published,"'Front of sections 142-158 are behind the netting', with height and coverage varying by section. 'Rows 24 & Above - Covered' and 'Completely in the shade by at least 6pm'. 'Row A is the first row behind the visitor's dugout in Sections 156-158'. rateyourseats.com section 158 page.","HIGH - zone, rows, location and seat direction stated by the source"
159,Field Level (100s),Home Field Box,"Home Field Box seating—also referred to as Diamond Box seats—includes Sections 141-159, located on the lowest level of Busch Stadium along the infield.",4,toward third base / left field,"WC1, A-L, 1-18, AAA, WC",WC,"Stairway aisles run along both side edges of the section; rows are not split by a mid-row aisle, so seat numbers run continuously from one side aisle to the other. The entry portal is at row WC.","Facing the field, seat 1 is on your right. That puts seat 1 on the edge facing section 158, with seat numbers counting up toward the edge facing section 160. Seat 1 is the end of the row closest to home plate, and higher seat numbers run away from home plate.",not published,"""There is a walkway betweeen Rows L and 1"". ""Rows WC and above are shaded during most late afternoon games"". Third base side / visitor dugout side of the infield.","HIGH - zone, rows, location and seat direction stated by the source"
160,Field Level (100s),Field Level Outfield,"""located on the lowest tier of Busch stadium, between the corner bases and wrapping to the corners of the outfield walls"" - left field side",5,toward third base / left field,"E-K, 1-18, WC, 20-33",WC,"Stairway aisles run along both side edges of the section; rows are not split by a mid-row aisle, so seat numbers run continuously from one side aisle to the other. The entry portal is at row WC.","Facing the field, seat 1 is on your right. That puts seat 1 on the edge facing section 159, with seat numbers counting up toward the edge facing section 161. Seat 1 is the end of the row closest to home plate, and higher seat numbers run away from home plate.","""In Secion 160B, Row 20 there are 21 seats"" (stated only for subsection 160B, Row 20)","""Rows 20 and above are under cover"". ""There is a walkway betweeen Rows K and 1"" and ""There is a walkway betweeen Rows WC and 20"". ""The overhang does get in the way a little bit on popups, but they have TVs there for you to catch up"". Individual seats (not bleachers). Rows A-L, 1-7 recommended for catching balls.","HIGH - zone, rows, location and seat direction stated by the source"
161,Field Level (100s),Field Level Outfield,"""located on the lowest tier of Busch stadium, between the corner bases and wrapping to the corners of the outfield walls"" - left field side",6,toward third base / left field,"WC1, A-L, 1-18, WC, 20-29",WC,"Stairway aisles run along both side edges of the section; rows are not split by a mid-row aisle, so seat numbers run continuously from one side aisle to the other. The entry portal is at row WC.","Facing the field, seat 1 is on your right. That puts seat 1 on the edge facing section 160, with seat numbers counting up toward the edge facing section 162. Seat 1 is the end of the row closest to home plate, and higher seat numbers run away from home plate.",not published,"""Rows 20 and above are under cover"". ""There is a walkway betweeen Rows L and 1"" and ""There is a walkway betweeen Rows WC and 20"". Rows A-L, 1-7 recommended for catching balls.","HIGH - zone, rows, location and seat direction stated by the source"
162,Field Level (100s),Field Level Outfield,"""Field Level Outfield seats are located on the lowest tier of Busch stadium, between the corner bases and wrapping to the corners of the outfield walls"" - left field side (sections 160-172)",7,toward third base / left field,"A-L, 1-18, WC, 20-29",WC,"Stairway aisles run along both side edges of the section; rows are not split by a mid-row aisle, so seat numbers run continuously from one side aisle to the other. The entry portal is at row WC.","Facing the field, seat 1 is on your right. That puts seat 1 on the edge facing section 161, with seat numbers counting up toward the edge facing section 163. Seat 1 is the end of the row closest to home plate, and higher seat numbers run away from home plate.",not published,"""Rows 20 and above are under cover"". ""There is a walkway betweeen Rows L and 1"" and ""There is a walkway betweeen Rows WC and 20"". Individual seats (not bleachers). Rows A-L, 1-7 recommended for catching balls.","HIGH - zone, rows, location and seat direction stated by the source"
163,Field Level (100s),Field Level Outfield,"""located on the lowest tier of Busch stadium, between the corner bases and wrapping to the corners of the outfield walls"" - left field side",8,toward third base / left field,"A-L, 1-18, WC, 20-29",WC,"Stairway aisles run along both side edges of the section; rows are not split by a mid-row aisle, so seat numbers run continuously from one side aisle to the other. The entry portal is at row WC.","Facing the field, seat 1 is on your right. That puts seat 1 on the edge facing section 162, with seat numbers counting up toward the edge facing section 164. Seat 1 is the end of the row closest to home plate, and higher seat numbers run away from home plate.",not published,"""Rows 20 and above are under cover"". ""There is a walkway betweeen Rows L and 1"" and ""There is a walkway betweeen Rows WC and 20"". Rows A-L, 1-7 recommended for catching balls. The page's only seat-count sentence (""There are a total of 24 seats in Section 153 Row 25 at Busch Stadium"") refers to Section 153, not 163, so seats_per_row is left","HIGH - zone, rows, location and seat direction stated by the source"
164,Field Level (100s),Field Level Outfield,"""Located on the lowest tier of Busch stadium, between the corner bases and wrapping to the corners of the outfield walls"" - left field side",9,toward third base / left field,"A-L, 1-19",19,"Stairway aisles run along both side edges of the section; rows are not split by a mid-row aisle, so seat numbers run continuously from one side aisle to the other. The entry portal is at row 19.","Facing the field, seat 1 is on your right. That puts seat 1 on the edge facing section 163, with seat numbers counting up toward the edge facing section 165. Seat 1 is the end of the row closest to home plate, and higher seat numbers run away from home plate.",not published,"""There is a walkway betweeen Rows L and 1"". Rows A-L, 1-7 recommended for catching balls; rows A-F for great views of the field.","HIGH - zone, rows, location and seat direction stated by the source"
165,Field Level (100s),Field Level Outfield,"""located on the lowest tier of Busch stadium, between the corner bases and wrapping to the corners of the outfield walls"" - left field side",10,toward third base / left field,"A-L, 1-19, 20-29",19,"Stairway aisles run along both side edges of the section; rows are not split by a mid-row aisle, so seat numbers run continuously from one side aisle to the other. The entry portal is at row 19.","Facing the field, seat 1 is on your right. That puts seat 1 on the edge facing section 164, with seat numbers counting up toward the edge facing section 166. Seat 1 is the end of the row closest to home plate, and higher seat numbers run away from home plate.",not published,"""Rows 20 and above are under cover"". ""There is a walkway betweeen Rows L and 1"" and ""There is a walkway betweeen Rows 19 and 20"". Rows A-L, 1-7 recommended for catching balls; rows A-F for field views.","HIGH - zone, rows, location and seat direction stated by the source"
166,Field Level (100s),Field Level Outfield,"Located on the lowest tier of Busch stadium, between the corner bases and wrapping to the corners of the outfield walls"" - left field side, with ""lower numbered sections being closer to the visitor's dugout and the infield",11,toward third base / left field,"D-L, 1-19",19,"Stairway aisles run along both side edges of the section; rows are not split by a mid-row aisle, so seat numbers run continuously from one side aisle to the other. The entry portal is at row 19.","Facing the field, seat 1 is on your right. That puts seat 1 on the edge facing section 165, with seat numbers counting up toward the edge facing section 167. Seat 1 is the end of the row closest to home plate, and higher seat numbers run away from home plate.",not published,"""There is a walkway betweeen Rows L and 1"". ""Only 3 seats in that row"" (not a general seats-per-row figure). ""These seats are shaded in the evening"". Individual seats (not bleachers). Rows A-F recommended for great views of the field.","HIGH - zone, rows, location and seat direction stated by the source"
167,Field Level (100s),Field Level Outfield,"""located on the lowest tier of Busch stadium, between the corner bases and wrapping to the corners of the outfield walls"" - left field side",12,toward third base / left field,"J-L, 1-18, 20-29",WC,"Stairway aisles run along both side edges of the section; rows are not split by a mid-row aisle, so seat numbers run continuously from one side aisle to the other. The entry portal is at row WC.","Facing the field, seat 1 is on your right. That puts seat 1 on the edge facing section 166, with seat numbers counting up toward the edge facing section 168. Seat 1 is the end of the row closest to home plate, and higher seat numbers run away from home plate.",not published,"""Rows 20 and above are under cover"". ""There is a walkway betweeen Rows L and 1"" and ""There is a walkway betweeen Rows WC and 20"". the entrance is stated at Row WC although WC is not listed in the row labels. Fan review mentions individual padded seats with cup holders in Row J and no arch view from this section; access to a private climate-controlled bar and grill.","HIGH - zone, rows, location and seat direction stated by the source"
168,Field Level (100s),Field Level Outfield,"""located on the lowest tier of Busch stadium, between the corner bases and wrapping to the corners of the outfield walls"" - left field side",13,toward third base / left field,3-19,19,"Stairway aisles run along both side edges of the section; rows are not split by a mid-row aisle, so seat numbers run continuously from one side aisle to the other. The entry portal is at row 19.","Facing the field, seat 1 is on your right. That puts seat 1 on the edge facing section 167, with seat numbers counting up toward the edge facing section 169. Seat 1 is the end of the row closest to home plate, and higher seat numbers run away from home plate.",not published,shade arrives by mid-afternoon during hot summer games; good views down the line toward home plate; short walk to concourse and restrooms; good area for home run balls.,"HIGH - zone, rows, location and seat direction stated by the source"
169,Field Level (100s),Field Level Outfield,"""located on the lowest tier of Busch stadium, between the corner bases and wrapping to the corners of the outfield walls"" - left field side",14,toward third base / left field,8-19,19,"Stairway aisles run along both side edges of the section; rows are not split by a mid-row aisle, so seat numbers run continuously from one side aisle to the other. The entry portal is at row 19.","Facing the field, seat 1 is on your right. That puts seat 1 on the edge facing section 168, with seat numbers counting up toward the edge facing section 170. Seat 1 is the end of the row closest to home plate, and higher seat numbers run away from home plate.",not published,,"HIGH - zone, rows, location and seat direction stated by the source"
170,Field Level (100s),Field Level Outfield,Sections 170-172 are located in fair territory behind the left field wall and are a great place to sit for home run balls.,15,toward third base / left field,1-15,15,"Stairway aisles run along both side edges of the section; rows are not split by a mid-row aisle, so seat numbers run continuously from one side aisle to the other. The entry portal is at row 15.","Facing the field, seat 1 is on your right. That puts seat 1 on the edge facing section 169, with seat numbers counting up toward the edge facing section 171. Seat 1 is the end of the row closest to home plate, and higher seat numbers run away from home plate.",not published,"""Rows 8 and above are under cover"". ""170 is behind the stage or to the side of the stage for most concerts. This may restrict or limit your view of the performance.""","HIGH - zone, rows, location and seat direction stated by the source"
171,Field Level (100s),Field Level Outfield,"located on the lowest tier of Busch stadium, between the corner bases and wrapping to the corners of the outfield walls"" - left field side; ""Sections 170-172 are located in fair territory behind the left field wall and are a great place to sit for home run balls",16,toward third base / left field,"1-15, WC",WC,"Stairway aisles run along both side edges of the section; rows are not split by a mid-row aisle, so seat numbers run continuously from one side aisle to the other. The entry portal is at row WC.","Facing the field, seat 1 is on your right. That puts seat 1 on the edge facing section 170, with seat numbers counting up toward the edge facing section 172. Seat 1 is the end of the row closest to home plate, and higher seat numbers run away from home plate.",not published,"""Rows 8 and above are under cover"". Rows 1-5 recommended for getting a ball. ""171 is behind the stage or to the side of the stage for most concerts. This may restrict or limit your view"". A WC row label is listed but the page makes no explicit wheelchair/accessible-seating statement.","HIGH - zone, rows, location and seat direction stated by the source"
172,Field Level (100s),Field Level Outfield,"on the left field side""; ""Sections 170-172 are located in fair territory behind the left field wall",17,toward third base / left field,"1-15, WC",WC,"Stairway aisles run along both side edges of the section; rows are not split by a mid-row aisle, so seat numbers run continuously from one side aisle to the other. The entry portal is at row WC.","Facing the field, seat 1 is on your right. That puts seat 1 on the edge facing section 171, with seat numbers counting up toward the edge facing section 189. Seat 1 is the end of the row closest to home plate, and higher seat numbers run away from home plate.",not published,"""For Concerts, Section 172 May Have a Limited View"" - ""behind the stage or to the side of the stage for most concerts"". ""Just above are the Left Field Porch sections which offer some of the best shade at Busch Stadium"". Rows 1-5 recommended for catching home run balls.","HIGH - zone, rows, location and seat direction stated by the source"
189,Field Level (100s),Outfield Bleachers,"Outfield Bleachers at Busch Stadium run from right field to left-center field, covering sections: 101-111 in right field [and] 189-197 in left field.",18,toward third base / left field,"11-17, WC",WC,"Stairway aisles run along both side edges of the section; rows are not split by a mid-row aisle, so seat numbers run continuously from one side aisle to the other. The entry portal is at row WC.","Facing the field, seat 1 is on your right. That puts seat 1 on the edge facing section 172, with seat numbers counting up toward the edge facing section 191. Seat 1 is the end of the row closest to home plate, and higher seat numbers run away from home plate.",not published,"""Bench-Style Seating: Bleacher seats with back support but no armrests"" - no individual seat dividers or armrests. ""High Sun Exposure: One of the least shaded areas in Busch Stadium"". The visitor bullpen is directly in front of Sections 189-191. ""189 is behind the stage or to the side of the stage for most concerts. This may restrict or limit your view"".","HIGH - zone, rows, location and seat direction stated by the source"
191,Field Level (100s),Outfield Bleachers,"Outfield Bleachers at Busch Stadium run from right field to left-center field, covering sections: 101-111 in right field [and] 189-197 in left field.",19,toward third base / left field,11-23,23,"Stairway aisles run along both side edges of the section; rows are not split by a mid-row aisle, so seat numbers run continuously from one side aisle to the other. The entry portal is at row 23.","Facing the field, seat 1 is on your right. That puts seat 1 on the edge facing section 189, with seat numbers counting up toward the edge facing section 193. Seat 1 is the end of the row closest to home plate, and higher seat numbers run away from home plate.",not published,"Bench-style bleacher seating with backrests and no individual armrests. ""High Sun Exposure: One of the least shaded areas in Busch Stadium"". Visitor bullpen positioned in front of this section (Sections 189-191). ""For concerts, Section 191 May Have a Limited View"" - behind or to the side of the stage.","HIGH - zone, rows, location and seat direction stated by the source"
193,Field Level (100s),Outfield Bleachers,"Outfield Bleachers at Busch Stadium run from right field to left-center field, covering sections: 101-111 in right field [and] 189-197 in left field.",20,toward third base / left field,1-24,24,"Stairway aisles run along both side edges of the section; rows are not split by a mid-row aisle, so seat numbers run continuously from one side aisle to the other. The entry portal is at row 24.","Facing the field, seat 1 is on your right. That puts seat 1 on the edge facing section 191, with seat numbers counting up toward the edge facing section 195. Seat 1 is the end of the row closest to home plate, and higher seat numbers run away from home plate.",not published,"Bench-style bleacher seating with backrests but no armrests or cup holders. ""High Sun Exposure: One of the least shaded areas in Busch Stadium"". Located above the visitor bullpen (Sections 189-191). Rows 1-5 recommended for catching balls; rows 11-25 for partying and socializing. ""behind the stage or to the side of the stage for most concerts"".","HIGH - zone, rows, location and seat direction stated by the source"
195,Field Level (100s),Outfield Bleachers,"""Full Outfield Coverage: Sections run from right field (101-111) to left field (189-197)."" - left field bleachers",21,toward third base / left field,1-25,25,"Stairway aisles run along both side edges of the section; rows are not split by a mid-row aisle, so seat numbers run continuously from one side aisle to the other. The entry portal is at row 25.","Facing the field, seat 1 is on your right. That puts seat 1 on the edge facing section 193, with seat numbers counting up toward the edge facing section 197. Seat 1 is the end of the row closest to home plate, and higher seat numbers run away from home plate.",not published,"""Bench-Style Seating: Bleacher seats with back support but no armrests."" ""High Sun Exposure: One of the least shaded areas in Busch Stadium."" ""Would reccomend bringing a seat cushion as the outfield seats are bleachers"". Home run territory near the visitor bullpen.","HIGH - zone, rows, location and seat direction stated by the source"
197,Field Level (100s),Outfield Bleachers,"""Outfield Bleachers at Busch Stadium run from right field to left-center field, covering sections: 101-111 in right field [and] 189-197 in left field."" - left field",22,toward third base / left field,"1-19, WC",WC,"Stairway aisles run along both side edges of the section; rows are not split by a mid-row aisle, so seat numbers run continuously from one side aisle to the other. The entry portal is at row WC.","Facing the field, seat 1 is on your right. That puts seat 1 on the edge facing section 195, with seat numbers counting up toward the far edge of the section, with no further section beyond it on that side. Seat 1 is the end of the row closest to home plate, and higher seat numbers run away from home plate.",not published,"Bench-style bleacher seating with backrest but no armrests. ""High Sun Exposure: One of the least shaded areas in Busch Stadium"". Positioned above the visitor bullpen (Sections 189-191). ""For baseball games, we recommend rows 1-5 for getting a ball"" and ""rows 11-25 for partying and socializing"". ""behind the stage or to the side of the stage for most concerts. This may restrict or limit your view"". A WC row label is listed but no explicit wheelchair/accessible-seating statement.","HIGH - zone, rows, location and seat direction stated by the source"
228,Loge and Redbird Club Level (200s),Right Field Loge,Located in fair territory behind the right field wall,18,toward first base / right field,1-10,10,"Stairway aisles run along both side edges of the section; rows are not split by a mid-row aisle, so seat numbers run continuously from one side aisle to the other. The entry portal is at row 10.","Facing the field, seat 1 is on your right. That puts seat 1 on the far edge of the section, with no further section beyond it on that side, with seat numbers counting up toward the edge facing section 229. Seat 1 is the end of the row farthest from home plate, and higher seat numbers run back toward home plate.",not published,"""Rows 9 & Above - Covered""; lower rows have sun exposure varying by time of day. ""228 is behind the stage or to the side of the stage for most concerts. This may restrict or limit your view of the performance."" Loge level does not include club amenities. Netting UNKNOWN; wheelchair/accessible rows rateyourseats.com section 228 page.","HIGH - zone, rows, location and seat direction stated by the source"
229,Loge and Redbird Club Level (200s),Right Field Loge,Located in fair territory behind the right field wall,17,toward first base / right field,1-10,10,"Stairway aisles run along both side edges of the section; rows are not split by a mid-row aisle, so seat numbers run continuously from one side aisle to the other. The entry portal is at row 10.","Facing the field, seat 1 is on your right. That puts seat 1 on the edge facing section 228, with seat numbers counting up toward the edge facing section 230. Seat 1 is the end of the row farthest from home plate, and higher seat numbers run back toward home plate.",not published,"""Rows 9 and above are under cover"". Standard Loge seating, no club amenities. Obstructed views, netting and wheelchair/accessible rows not stated. rateyourseats.com section 229 page.","HIGH - zone, rows, location and seat direction stated by the source"
230,Loge and Redbird Club Level (200s),Right and Left Field Loge,Shares the same level as club seats without the added cost of club amenities.,16,toward first base / right field,1-10,10,"Stairway aisles run along both side edges of the section; rows are not split by a mid-row aisle, so seat numbers run continuously from one side aisle to the other. The entry portal is at row 10.","Facing the field, seat 1 is on your right. That puts seat 1 on the edge facing section 229, with seat numbers counting up toward the edge facing section 231. Seat 1 is the end of the row farthest from home plate, and higher seat numbers run back toward home plate.",There are up to 11 seats in a row with Row 1 having 7 seats and and Row 10 having 11 seats.,"""Rows 9 and above are under cover""; ""Upper rows provide some of the best shade options during summer games."" Obstructed view per fan review from Row 4: ""Can't see all of RF without standing"". No club access. Netting and wheelchair/accessible rows not stated. rateyourseats.com section 230 page.","HIGH - zone, rows, location and seat direction stated by the source"
231,Loge and Redbird Club Level (200s),Right and Left Field Loge,"200 level at Busch Stadium, the same tier as Club Level seating, but without access to club amenities",15,toward first base / right field,"1-13, WC",WC,"Stairway aisles run along both side edges of the section; rows are not split by a mid-row aisle, so seat numbers run continuously from one side aisle to the other. The entry portal is at row WC.","Facing the field, seat 1 is on your right. That puts seat 1 on the edge facing section 230, with seat numbers counting up toward the edge facing section 232. Seat 1 is the end of the row farthest from home plate, and higher seat numbers run back toward home plate.",not published,"""Rows 9 and above are under cover""; ""Upper rows provide some of the best shade options during summer games"". A WC (wheelchair) row is listed in the row range. No club amenities. Obstructed views and netting not stated. rateyourseats.com section 231 page.","HIGH - zone, rows, location and seat direction stated by the source"
232,Loge and Redbird Club Level (200s),Right and Left Field Loge,Right Field Loge (closer to the outfield),14,toward first base / right field,1-10,10,"Stairway aisles run along both side edges of the section; rows are not split by a mid-row aisle, so seat numbers run continuously from one side aisle to the other. The entry portal is at row 10.","Facing the field, seat 1 is on your right. That puts seat 1 on the edge facing section 231, with seat numbers counting up toward the edge facing section 233. Seat 1 is the end of the row farthest from home plate, and higher seat numbers run back toward home plate.",not published,"""Rows 9 and above are under cover""; ""Upper rows provide some of the best shade options during summer games"". Obstructed views, netting and wheelchair/accessible rows not stated. rateyourseats.com section 232 page.","HIGH - zone, rows, location and seat direction stated by the source"
233,Loge and Redbird Club Level (200s),Right and Left Field Loge,"Loge Level seating is located on the 200 level at Busch Stadium""; section falls within ""Sections 228-234: Right Field Loge",13,toward first base / right field,1-10,10,"Stairway aisles run along both side edges of the section; rows are not split by a mid-row aisle, so seat numbers run continuously from one side aisle to the other. The entry portal is at row 10.","Facing the field, seat 1 is on your right. That puts seat 1 on the edge facing section 232, with seat numbers counting up toward the edge facing section 234. Seat 1 is the end of the row farthest from home plate, and higher seat numbers run back toward home plate.",not published,"""Rows 9 and above are under cover""; ""Upper rows provide some of the best shade options during summer games"". Loge Level seating ""without the added cost of club amenities"". Obstructed views, netting and wheelchair/accessible rows not stated. rateyourseats.com section 233 page.","HIGH - zone, rows, location and seat direction stated by the source"
234,Loge and Redbird Club Level (200s),Right Field Loge,"""Sections 228-234: Right Field Loge (closer to the outfield)"" on the 200 level",12,toward first base / right field,1-10,10,"Stairway aisles run along both side edges of the section; rows are not split by a mid-row aisle, so seat numbers run continuously from one side aisle to the other. The entry portal is at row 10.","Facing the field, seat 1 is on your right. That puts seat 1 on the edge facing section 233, with seat numbers counting up toward the edge facing section 235. Seat 1 is the end of the row farthest from home plate, and higher seat numbers run back toward home plate.",not published,"""Rows 9 and above are under cover""; ""upper rows provide some of the best shade options during summer games"". No club access. Obstructed views, netting and wheelchair/accessible rows not stated. rateyourseats.com section 234 page.","HIGH - zone, rows, location and seat direction stated by the source"
235,Loge and Redbird Club Level (200s),Right and Left Field Loge,1st Base Loge (closer to the infield),11,toward first base / right field,"1-10, WC",WC,"Stairway aisles run along both side edges of the section; rows are not split by a mid-row aisle, so seat numbers run continuously from one side aisle to the other. The entry portal is at row WC.","Facing the field, seat 1 is on your right. That puts seat 1 on the edge facing section 234, with seat numbers counting up toward the edge facing section 237. Seat 1 is the end of the row farthest from home plate, and higher seat numbers run back toward home plate.",not published,"""Rows 9 and above are under cover"". Mid-tier 200 level seating without club access. A WC (wheelchair accessible) row is listed in the row range. Obstructed views and netting not stated. rateyourseats.com section 235 page.","HIGH - zone, rows, location and seat direction stated by the source"
237,Loge and Redbird Club Level (200s),Right and Left Field Loge,"""200 level at Busch Stadium, the same tier as Club Level seating"" on the right field side",10,toward first base / right field,1-10,10,"Stairway aisles run along both side edges of the section; rows are not split by a mid-row aisle, so seat numbers run continuously from one side aisle to the other. The entry portal is at row 10.","Facing the field, seat 1 is on your right. That puts seat 1 on the edge facing section 235, with seat numbers counting up toward the edge facing section 239. Seat 1 is the end of the row farthest from home plate, and higher seat numbers run back toward home plate.",not published,"""Rows 9 and above are under cover""; ""Upper rows provide some of the best shade options"". No club access (distinguished from Club Level seating). Obstructed views, netting and wheelchair/accessible rows not stated. rateyourseats.com section 237 page.","HIGH - zone, rows, location and seat direction stated by the source"
239,Loge and Redbird Club Level (200s),Right and Left Field Loge,"200 level at Busch Stadium, the same tier as Club Level seating, but without access to club amenities",9,toward first base / right field,1-10,10,"Stairway aisles run along both side edges of the section; rows are not split by a mid-row aisle, so seat numbers run continuously from one side aisle to the other. The entry portal is at row 10.","Facing the field, seat 1 is on your right. That puts seat 1 on the edge facing section 237, with seat numbers counting up toward the edge facing section 240. Seat 1 is the end of the row farthest from home plate, and higher seat numbers run back toward home plate.",not published,"""Rows 9 and above are under cover"". No club access at this loge level. Obstructed views, netting and wheelchair/accessible rows not stated. rateyourseats.com section 239 page.","HIGH - zone, rows, location and seat direction stated by the source"
240,Loge and Redbird Club Level (200s),Right and Left Field Loge,1st Base Loge (closer to the infield),8,toward first base / right field,"1-13, WC",WC,"Stairway aisles run along both side edges of the section; rows are not split by a mid-row aisle, so seat numbers run continuously from one side aisle to the other. The entry portal is at row WC.","Facing the field, seat 1 is on your right. That puts seat 1 on the edge facing section 239, with seat numbers counting up toward the edge facing section 241. Seat 1 is the end of the row farthest from home plate, and higher seat numbers run back toward home plate.",not published,"""Rows 9 and above are under cover""; upper rows provide shade during summer games. A WC (wheelchair accessible) row is listed in the row range. Club amenities not included (unlike Club Level seating on the same tier). Obstructed views and netting not stated. rateyourseats.com section 240 page.","HIGH - zone, rows, location and seat direction stated by the source"
241,Loge and Redbird Club Level (200s),Redbird Club,"Sections 241-257 span from the third base line, behind home plate, to the first base line on the second level.",7,toward first base / right field,"1-12, WC",WC,"Stairway aisles run along both side edges of the section; rows are not split by a mid-row aisle, so seat numbers run continuously from one side aisle to the other. The entry portal is at row WC.","Facing the field, seat 1 is on your right. That puts seat 1 on the edge facing section 240, with seat numbers counting up toward the edge facing section 242. Seat 1 is the end of the row farthest from home plate, and higher seat numbers run back toward home plate.",not published,"""Rows 9 and higher offer overhead coverage, while lower rows remain more exposed to the elements."" access to a private, climate-controlled club concourse with HDTVs, upscale food/beverage options, indoor seating with tables and lounge areas. A WC (wheelchair accessible) row is listed in the row range. Obstructed views and netting not stated. rateyourseats.com section 241 page.","HIGH - zone, rows, location and seat direction stated by the source"
242,Loge and Redbird Club Level (200s),Redbird Club,"Sections 241-257 span from the third base line, behind home plate, to the first base line on the second level.",6,toward first base / right field,1-15,15,"Stairway aisles run along both side edges of the section; rows are not split by a mid-row aisle, so seat numbers run continuously from one side aisle to the other. The entry portal is at row 15.","Facing the field, seat 1 is on your right. That puts seat 1 on the edge facing section 241, with seat numbers counting up toward the edge facing section 244. Seat 1 is the end of the row farthest from home plate, and higher seat numbers run back toward home plate.",Row 10 and most other rows have 16 seats (seat 1 on the right aisle); Row 15 has 14 seats,"""Rows 9 & Above - Covered"". private climate-controlled concourse with indoor seating, tables, lounge areas, HDTVs, upscale food/beverage options. Obstructed views, netting and wheelchair/accessible rows not stated. rateyourseats.com section 242 page.","HIGH - zone, rows, location and seat direction stated by the source"
244,Loge and Redbird Club Level (200s),Redbird Club,"Sections 241-257 span from the third base line, behind home plate, to the first base line on the second level.",5,toward first base / right field,1-15,15,"Stairway aisles run along both side edges of the section; rows are not split by a mid-row aisle, so seat numbers run continuously from one side aisle to the other. The entry portal is at row 15.","Facing the field, seat 1 is on your right. That puts seat 1 on the edge facing section 242, with seat numbers counting up toward the edge facing section 245. Seat 1 is the end of the row farthest from home plate, and higher seat numbers run back toward home plate.",not published,"""Rows 9 & Above - Covered"". access to a private, climate-controlled concourse with HDTVs, upscale food/beverage options, indoor seating with tables and lounge areas. Obstructed views, netting and wheelchair/accessible rows not stated. rateyourseats.com section 244 page.","HIGH - zone, rows, location and seat direction stated by the source"
245,Loge and Redbird Club Level (200s),Redbird Club,"Sections 241-257 span from the third base line, behind home plate, to the first base line on the second level.",4,toward first base / right field,1-15,15,"Stairway aisles run along both side edges of the section; rows are not split by a mid-row aisle, so seat numbers run continuously from one side aisle to the other. The entry portal is at row 15.","Facing the field, seat 1 is on your right. That puts seat 1 on the edge facing section 244, with seat numbers counting up toward the edge facing section 246. Seat 1 is the end of the row farthest from home plate, and higher seat numbers run back toward home plate.",not published,"""Rows 9 & Above - Covered"". access to a ""private, climate-controlled club concourse with premium food and beverage options"", indoor seating with tables/lounge areas, HDTVs throughout. Obstructed views, netting and wheelchair/accessible rows not stated. rateyourseats.com section 245 page.","HIGH - zone, rows, location and seat direction stated by the source"
246,Loge and Redbird Club Level (200s),Redbird Club,"Sections 241-257 span from the third base line, behind home plate, to the first base line on the second level",3,toward first base / right field,1-15,15,"Stairway aisles run along both side edges of the section; rows are not split by a mid-row aisle, so seat numbers run continuously from one side aisle to the other. The entry portal is at row 15.","Facing the field, seat 1 is on your right. That puts seat 1 on the edge facing section 245, with seat numbers counting up toward the edge facing section 247. Seat 1 is the end of the row farthest from home plate, and higher seat numbers run back toward home plate.",not published,"""Rows 9 & Above - Covered"" (rows 1-8 are more exposed to the elements). private climate-controlled concourse with HDTVs, upscale food/beverage options, indoor seating with tables and lounge areas. Obstructed views, netting and wheelchair/accessible rows not stated. rateyourseats.com section 246 page.","HIGH - zone, rows, location and seat direction stated by the source"
247,Loge and Redbird Club Level (200s),Redbird Club,"Sections 241-257 span from the third base line, behind home plate, to the first base line on the second level",2,toward first base / right field,"1-12, WC",WC,"Stairway aisles run along both side edges of the section; rows are not split by a mid-row aisle, so seat numbers run continuously from one side aisle to the other. The entry portal is at row WC.","Facing the field, seat 1 is on your right. That puts seat 1 on the edge facing section 246, with seat numbers counting up toward the edge facing section 248. Seat 1 is the end of the row farthest from home plate, and higher seat numbers run back toward home plate.",not published,"rows 9 and above are covered; ""sun is behind you"" during afternoon games in lower rows. access to the climate-controlled Redbird Club concourse with HDTVs, upscale food/beverages, indoor seating, tables and lounge areas. A WC (wheelchair accessible) row is listed in the row range. rateyourseats.com section 247 page.","HIGH - zone, rows, location and seat direction stated by the source"
248,Loge and Redbird Club Level (200s),Redbird Club,"Sections 241-257 span from the third base line, behind home plate, to the first base line on the second level.",1,toward first base / right field,1-15,15,"Stairway aisles run along both side edges of the section; rows are not split by a mid-row aisle, so seat numbers run continuously from one side aisle to the other. The entry portal is at row 15.","Facing the field, seat 1 is on your right. That puts seat 1 on the edge facing section 247, with seat numbers counting up toward the edge facing section 249. Seat 1 is the end of the row farthest from home plate, and higher seat numbers run back toward home plate.",not published,"""Rows 9 and Above - Covered""; lower rows remain more exposed. private climate-controlled concourse with HDTVs, indoor seating with tables and lounge areas, upscale food and beverage options. Obstructed views, netting and wheelchair/accessible rows not stated. rateyourseats.com section 248 page.","HIGH - zone, rows, location and seat direction stated by the source"
249,Loge and Redbird Club Level (200s),Redbird Club,"Sections 241-257 span from the third base line, behind home plate, to the first base line on the second level.",0,behind home plate,1-8,UNKNOWN,"Stairway aisles run along both side edges of the section; rows are not split by a mid-row aisle, so seat numbers run continuously from one side aisle to the other. The entry portal row is not published for this section.","Facing the field, seat 1 is on your right. That puts seat 1 on the edge facing section 248, with seat numbers counting up toward the edge facing section 250. This section is behind home plate, so seat 1 is on its first-base side.",18 seats (stated for Row 7),"Entrance row not stated on the page. ""Rows 3 and above are shaded during most late afternoon games""; ""Rows 1-8 are closer to the field but more exposed""; ""Rows 9 and higher benefit from overhead coverage"". ""Private, climate-controlled concourse"" with ""indoor seating with tables and lounge areas"", ""HDTVs throughout the club"", and ""upscale food and beverage options"". Obstructed views, netting and wheelchair/accessible rows not stated. rateyourseats.com section 249 page.","HIGH - zone, rows, location and seat direction stated by the source"
250,Loge and Redbird Club Level (200s),Redbird Club,"Sections 241-257 span from the third base line, behind home plate, to the first base line on the second level; Section 250 is directly behind home plate",0,behind home plate,"1-8, DR",UNKNOWN,"Stairway aisles run along both side edges of the section; rows are not split by a mid-row aisle, so seat numbers run continuously from one side aisle to the other. The entry portal row is not published for this section.","Facing the field, seat 1 is on your right. That puts seat 1 on the edge facing section 249, with seat numbers counting up toward the edge facing section 251. This section is behind home plate, so seat 1 is on its first-base side.",not published,"Rows 3 and above are shaded during most late afternoon games. Rows 9 and higher offer overhead coverage, while lower rows remain more exposed. private, climate-controlled club concourse with premium food and beverage options; huge padded seats with extra legroom. Obstructed views, netting and wheelchair/accessible rows not stated.","HIGH - zone, rows, location and seat direction stated by the source"
251,Loge and Redbird Club Level (200s),Redbird Club,"Second level of Busch Stadium and running continuously from the third base line, behind home plate, to the first base line; desirable view from behind home plate",0,behind home plate,1-8,UNKNOWN,"Stairway aisles run along both side edges of the section; rows are not split by a mid-row aisle, so seat numbers run continuously from one side aisle to the other. The entry portal row is not published for this section.","Facing the field, seat 1 is on your right. That puts seat 1 on the edge facing section 250, with seat numbers counting up toward the edge facing section 252. This section is behind home plate, so seat 1 is on its first-base side.",not published,"Rows 3 and above are shaded during most late afternoon games; Rows 9 and higher benefit from overhead coverage. access to a private, climate-controlled club concourse with indoor seating with tables and lounge areas, HDTVs, and upscale food and beverage options. Obstructed views, netting and wheelchair/accessible rows not stated.","HIGH - zone, rows, location and seat direction stated by the source"
252,Loge and Redbird Club Level (200s),Redbird Club,"Sections 241-257 span from the third base line, behind home plate, to the first base line on the second level",1,toward third base / left field,1-15,15,"Stairway aisles run along both side edges of the section; rows are not split by a mid-row aisle, so seat numbers run continuously from one side aisle to the other. The entry portal is at row 15.","Facing the field, seat 1 is on your right. That puts seat 1 on the edge facing section 251, with seat numbers counting up toward the edge facing section 253. Seat 1 is the end of the row closest to home plate, and higher seat numbers run away from home plate.",not published,"Rows 9 and above are covered/under roof; Rows 1-8 are more exposed to the elements. private, climate-controlled club concourse with upscale food and beverage, indoor seating, HDTVs and lounge areas. Recommended for views of the St. Louis arch and the field. Obstructed views, netting and wheelchair/accessible rows not stated.","HIGH - zone, rows, location and seat direction stated by the source"
253,Loge and Redbird Club Level (200s),Redbird Club,"Sections 241-257 span from the third base line, behind home plate, to the first base line on the second level",2,toward third base / left field,1-15,15,"Stairway aisles run along both side edges of the section; rows are not split by a mid-row aisle, so seat numbers run continuously from one side aisle to the other. The entry portal is at row 15.","Facing the field, seat 1 is on your right. That puts seat 1 on the edge facing section 252, with seat numbers counting up toward the edge facing section 254. Seat 1 is the end of the row closest to home plate, and higher seat numbers run away from home plate.",not published,"Rows 1-6 recommended for field views; Rows 9 and higher offer overhead coverage. Premium club access with climate-controlled club concourse. Recommended for views of the arch. Obstructed views, netting and wheelchair/accessible rows not stated.","HIGH - zone, rows, location and seat direction stated by the source"
254,Loge and Redbird Club Level (200s),Redbird Club,"Sections 241-257 span from the third base line, behind home plate, to the first base line on the second level",3,toward third base / left field,1-15,15,"Stairway aisles run along both side edges of the section; rows are not split by a mid-row aisle, so seat numbers run continuously from one side aisle to the other. The entry portal is at row 15.","Facing the field, seat 1 is on your right. That puts seat 1 on the edge facing section 253, with seat numbers counting up toward the edge facing section 255. Seat 1 is the end of the row closest to home plate, and higher seat numbers run away from home plate.",not published,"Rows 9 & Above - Covered; Rows 9 and higher offer overhead coverage, while lower rows remain more exposed. private, climate-controlled club concourse with premium food and beverage options; indoor seating with tables and lounge areas, HDTVs, upscale food and beverage options. Obstructed views, netting and wheelchair/accessible rows not stated.","HIGH - zone, rows, location and seat direction stated by the source"
255,Loge and Redbird Club Level (200s),Redbird Club,"Second level of Busch Stadium and running continuously from the third base line, behind home plate, to the first base line",4,toward third base / left field,"1-12, WC1-WC2",WC2,"Stairway aisles run along both side edges of the section; rows are not split by a mid-row aisle, so seat numbers run continuously from one side aisle to the other. The entry portal is at row WC2.","Facing the field, seat 1 is on your right. That puts seat 1 on the edge facing section 254, with seat numbers counting up toward the edge facing section 256. Seat 1 is the end of the row closest to home plate, and higher seat numbers run away from home plate.",not published,"Rows 9 and above are under cover. private, climate-controlled concourse with HDTVs and upscale food and beverage options. Great views of the arch; rows 1-6 for great views of the field. Wheelchair accessible rows WC1-WC2. Obstructed views and netting not stated.","HIGH - zone, rows, location and seat direction stated by the source"
256,Loge and Redbird Club Level (200s),Redbird Club,"Sections 241-257 span from the third base line, behind home plate, to the first base line on the second level",5,toward third base / left field,1-15,15,"Stairway aisles run along both side edges of the section; rows are not split by a mid-row aisle, so seat numbers run continuously from one side aisle to the other. The entry portal is at row 15.","Facing the field, seat 1 is on your right. That puts seat 1 on the edge facing section 255, with seat numbers counting up toward the edge facing section 257. Seat 1 is the end of the row closest to home plate, and higher seat numbers run away from home plate.",not published,"Rows 9 and higher offer overhead coverage. private, climate-controlled club concourse with indoor seating with tables and lounge areas, HDTVs and upscale food and beverage options. Obstructed views, netting and wheelchair/accessible rows not stated.","HIGH - zone, rows, location and seat direction stated by the source"
257,Loge and Redbird Club Level (200s),Redbird Club,"Sections 241-257 span from the third base line, behind home plate, to the first base line on the second level",6,toward third base / left field,"1-12, WC",WC,"Stairway aisles run along both side edges of the section; rows are not split by a mid-row aisle, so seat numbers run continuously from one side aisle to the other. The entry portal is at row WC.","Facing the field, seat 1 is on your right. That puts seat 1 on the edge facing section 256, with seat numbers counting up toward the edge facing section 258. Seat 1 is the end of the row closest to home plate, and higher seat numbers run away from home plate.",not published,"First-row railing is not obstructive in the Redbird Club (unlike non-club seating). Row 1 is heavily exposed to the sun during day games; Rows 9 and above are under cover. private, climate-controlled club concourse with premium food and beverage options, HDTVs, indoor seating. Row WC designated for wheelchair users. Netting not stated.","HIGH - zone, rows, location and seat direction stated by the source"
258,Loge and Redbird Club Level (200s),National Car Rental Club,"Sections 258-260 sit along the third base line on the second level, just off the infield; Sections 258-259 are open-air",7,toward third base / left field,"1-8, DR",DR,"Stairway aisles run along both side edges of the section; rows are not split by a mid-row aisle, so seat numbers run continuously from one side aisle to the other. The entry portal is at row DR.","Facing the field, seat 1 is on your right. That puts seat 1 on the edge facing section 257, with seat numbers counting up toward the edge facing section 259. Seat 1 is the end of the row closest to home plate, and higher seat numbers run away from home plate.",Row 5: 18 seats; Row DR: 14 seats,"Rows DR & Above - Covered (Rows DR and above are under cover). buffet, full bar (Budweiser, wine, mixed drinks), unlimited Coca-Cola, private restrooms; service begins 90 minutes before first pitch (2 hours on weekends). Obstructed views, netting and wheelchair/accessible rows not stated.","HIGH - zone, rows, location and seat direction stated by the source"
259,Loge and Redbird Club Level (200s),National Car Rental Club,"Sections 258-260 sit along the third base line on the second level, just off the infield; Section 259 is open-air",8,toward third base / left field,"1-12, WC",WC,"Stairway aisles run along both side edges of the section; rows are not split by a mid-row aisle, so seat numbers run continuously from one side aisle to the other. The entry portal is at row WC.","Facing the field, seat 1 is on your right. That puts seat 1 on the edge facing section 258, with seat numbers counting up toward the edge facing section 260. Seat 1 is the end of the row closest to home plate, and higher seat numbers run away from home plate.",not published,"Rows 9 & Above - Covered. buffet, full bar, unlimited Coca-Cola, private restrooms; food service begins 90 minutes before first pitch (2 hours on weekends). Row WC is wheelchair accessible. Obstructed views and netting not stated.","HIGH - zone, rows, location and seat direction stated by the source"
260,Loge and Redbird Club Level (200s),National Car Rental Club,"Sections 258-260 sit along the third base line on the second level, just off the infield; Section 260 is located indoors behind a glass viewing window",9,toward third base / left field,"1-2, WC",UNKNOWN,"Stairway aisles run along both side edges of the section; rows are not split by a mid-row aisle, so seat numbers run continuously from one side aisle to the other. The entry portal row is not published for this section.","Facing the field, seat 1 is on your right. That puts seat 1 on the edge facing section 259, with seat numbers counting up toward the edge facing section 261. Seat 1 is the end of the row closest to home plate, and higher seat numbers run away from home plate.",not published,"All seats covered/indoors behind glass; climate-controlled indoor seating. buffet, full bar, unlimited Coca-Cola. Row WC listed among the rows. Obstructed views and netting not stated.","HIGH - zone, rows, location and seat direction stated by the source"
261,Loge and Redbird Club Level (200s),Right and Left Field Loge,"3rd Base Loge (closer to the infield), on the 200 level",10,toward third base / left field,"1-13, WC",WC,"Stairway aisles run along both side edges of the section; rows are not split by a mid-row aisle, so seat numbers run continuously from one side aisle to the other. The entry portal is at row WC.","Facing the field, seat 1 is on your right. That puts seat 1 on the edge facing section 260, with seat numbers counting up toward the edge facing section 263. Seat 1 is the end of the row closest to home plate, and higher seat numbers run away from home plate.",not published,Rows WC & Above - Covered; upper rows provide some of the best shade options. No club access (distinct from Club Level seating). Row WC listed among the rows. Obstructed views and netting not stated.,"HIGH - zone, rows, location and seat direction stated by the source"
263,Loge and Redbird Club Level (200s),Right and Left Field Loge,"Loge Level seating is located on the 200 level at Busch Stadium, the same tier as Club Level seating, on the left field/third base side",11,toward third base / left field,1-14,14,"Stairway aisles run along both side edges of the section; rows are not split by a mid-row aisle, so seat numbers run continuously from one side aisle to the other. The entry portal is at row 14.","Facing the field, seat 1 is on your right. That puts seat 1 on the edge facing section 261, with seat numbers counting up toward the edge facing section 265. Seat 1 is the end of the row closest to home plate, and higher seat numbers run away from home plate.",not published,"In Row 1 the railing in front of you changes from bars to a solid wall and you can't see through the wall. Rows 14 and above are under cover. Netting, club amenities and wheelchair/accessible rows not stated.","HIGH - zone, rows, location and seat direction stated by the source"
265,Loge and Redbird Club Level (200s),Right and Left Field Loge,"3rd Base Loge (closer to the infield), on the 200 level",12,toward third base / left field,"1-13, WC",WC,"Stairway aisles run along both side edges of the section; rows are not split by a mid-row aisle, so seat numbers run continuously from one side aisle to the other. The entry portal is at row WC.","Facing the field, seat 1 is on your right. That puts seat 1 on the edge facing section 263, with seat numbers counting up toward the edge facing section 267. Seat 1 is the end of the row closest to home plate, and higher seat numbers run away from home plate.",not published,"Rows WC & Above - Covered; upper rows provide some of the best shade options during summer games. Row WC listed among the rows. Obstructed views, netting and club amenities not stated.","HIGH - zone, rows, location and seat direction stated by the source"
267,Loge and Redbird Club Level (200s),Right and Left Field Loge,"Left Field Loge (closer to the outfield), on the 200 level",13,toward third base / left field,"1-13, WC",WC,"Stairway aisles run along both side edges of the section; rows are not split by a mid-row aisle, so seat numbers run continuously from one side aisle to the other. The entry portal is at row WC.","Facing the field, seat 1 is on your right. That puts seat 1 on the edge facing section 265, with seat numbers counting up toward the edge facing section 268. Seat 1 is the end of the row closest to home plate, and higher seat numbers run away from home plate.",not published,Rows WC & Above - Covered; upper rows provide shade during summer games; a fan noted overhead coverage kept seats in shade. super windy in this corner of the ballpark. Proximity to concourse/restrooms beneficial with children. WC row listed among the rows. Obstructed views and netting not stated.,"HIGH - zone, rows, location and seat direction stated by the source"
268,Loge and Redbird Club Level (200s),Right and Left Field Loge,"Left Field Loge (closer to the outfield), on the left field side of the ballpark, 200 level",14,toward third base / left field,"1-13, WC",WC,"Stairway aisles run along both side edges of the section; rows are not split by a mid-row aisle, so seat numbers run continuously from one side aisle to the other. The entry portal is at row WC.","Facing the field, seat 1 is on your right. That puts seat 1 on the edge facing section 267, with seat numbers counting up toward the edge facing section 269. Seat 1 is the end of the row closest to home plate, and higher seat numbers run away from home plate.",not published,"Rows WC & Above - Covered; upper rows provide some of the best shade options during summer games. WC row listed among the rows. Obstructed views, netting, club amenities and wheelchair/accessible rows not stated.","HIGH - zone, rows, location and seat direction stated by the source"
269,Loge and Redbird Club Level (200s),Right and Left Field Loge,"Left Field Loge (closer to the outfield), part of the 200 level",15,toward third base / left field,2-16,16,"Stairway aisles run along both side edges of the section; rows are not split by a mid-row aisle, so seat numbers run continuously from one side aisle to the other. The entry portal is at row 16.","Facing the field, seat 1 is on your right. That puts seat 1 on the edge facing section 268, with seat numbers counting up toward the edge facing section 270. Seat 1 is the end of the row closest to home plate, and higher seat numbers run away from home plate.",not published,Rows 15 and above are under cover. 269 is behind the stage or to the side of the stage for most concerts. This may restrict or limit your view. Page notes Sections 271-272 include Coca-Cola Unlimited all-you-can-eat food and beverage access. Netting and wheelchair/accessible rows not stated.,"HIGH - zone, rows, location and seat direction stated by the source"
270,Loge and Redbird Club Level (200s),Right and Left Field Loge,"Left Field Loge (closer to the outfield), located on the 200 level",16,toward third base / left field,"1-13, WC",WC,"Stairway aisles run along both side edges of the section; rows are not split by a mid-row aisle, so seat numbers run continuously from one side aisle to the other. The entry portal is at row WC.","Facing the field, seat 1 is on your right. That puts seat 1 on the edge facing section 269, with seat numbers counting up toward the edge facing section 271. Seat 1 is the end of the row closest to home plate, and higher seat numbers run away from home plate.",not published,Rows WC & Above - Covered. 270 is behind the stage or to the side of the stage for most concerts. This section lacks access to club lounge and private restrooms. WC row listed among the rows. Obstructed views (baseball) and netting not stated.,"HIGH - zone, rows, location and seat direction stated by the source"
271,Loge and Redbird Club Level (200s),Coca-Cola Unlimited Seats / Right and Left Field Loge,"200 level down the left field line, with seats in fair territory behind the left field wall",17,toward third base / left field,1-14,14,"Stairway aisles run along both side edges of the section; rows are not split by a mid-row aisle, so seat numbers run continuously from one side aisle to the other. The entry portal is at row 14.","Facing the field, seat 1 is on your right. That puts seat 1 on the edge facing section 270, with seat numbers counting up toward the edge facing section 272. Seat 1 is the end of the row closest to home plate, and higher seat numbers run away from home plate.",not published,"Rows 14 and above are covered. For Concerts, Section 271 May Have a Limited View - behind the stage or to the side of the stage. wristband-based access to a dedicated concession stand with unlimited food and beverages. Netting and wheelchair/accessible rows not stated.","HIGH - zone, rows, location and seat direction stated by the source"
272,Loge and Redbird Club Level (200s),Right and Left Field Loge,"""Sections 271 and 272 are part of the Coca-Cola Unlimited seating area, which includes access to all-you-can-eat ballpark food and Coca-Cola products throughout the game."" Also described as on the 200 level down the left field line.",18,toward third base / left field,1-16,16,"Stairway aisles run along both side edges of the section; rows are not split by a mid-row aisle, so seat numbers run continuously from one side aisle to the other. The entry portal is at row 16.","Facing the field, seat 1 is on your right. That puts seat 1 on the edge facing section 271, with seat numbers counting up toward the far edge of the section, with no further section beyond it on that side. Seat 1 is the end of the row closest to home plate, and higher seat numbers run away from home plate.","""There are a total of 13 seats in Row 13 of Section 272 at Busch Stadium."" (Row 13 only; no general per-row count stated)","""Rows 14 and above are under cover"". ""272 is behind the stage or to the side of the stage for most concerts. This may restrict or limit your view of the performance."" Upper rows noted as providing shade options during summer games. Netting and wheelchair/accessible rows rateyourseats.com section 272 page.","HIGH - zone, rows, location and seat direction stated by the source"
331,Pavilion Level (300s),Pavilion Outfield,Pavilion Outfield seating is located on the highest tier of Busch Stadium running from the corner bases and wrapping around to behind the outfield walls.,13,toward first base / right field,"1-6, WC",WC,"Stairway aisles run along both side edges of the section; rows are not split by a mid-row aisle, so seat numbers run continuously from one side aisle to the other. The entry portal is at row WC.","Facing the field, seat 1 is on your right. That puts seat 1 on the far edge of the section, with no further section beyond it on that side, with seat numbers counting up toward the edge facing section 332. Seat 1 is the end of the row farthest from home plate, and higher seat numbers run back toward home plate.",not published,"on the left field side ""fans that prefer to be in the shade will need to be in the last few rows to get any benefit from the small overhanging roof just above the last row""; on the right field side there is ""some of the most exposure to the sun in the stadium as there are no structures above to provide any shade."" A row labeled WC is present in the row list. rateyourseats.com section 331 page.","HIGH - zone, rows, location and seat direction stated by the source"
332,Pavilion Level (300s),Pavilion Outfield,located on the highest tier of Busch Stadium running from the corner bases and wrapping around to the behind the outfield walls,12,toward first base / right field,1-9,9,"Stairway aisles run along both side edges of the section; rows are not split by a mid-row aisle, so seat numbers run continuously from one side aisle to the other. The entry portal is at row 9.","Facing the field, seat 1 is on your right. That puts seat 1 on the edge facing section 331, with seat numbers counting up toward the edge facing section 333. Seat 1 is the end of the row farthest from home plate, and higher seat numbers run back toward home plate.",not published,"""fans that prefer to be in the shade will need to be in the last few rows to get any benefit from the small overhanging roof just above the last row."" Obstructed views, netting, wheelchair/accessible rows rateyourseats.com section 332 page.","HIGH - zone, rows, location and seat direction stated by the source"
333,Pavilion Level (300s),Pavilion Outfield,located on the highest tier of Busch Stadium running from the corner bases and wrapping around to the behind the outfield walls,11,toward first base / right field,1-9,9,"Stairway aisles run along both side edges of the section; rows are not split by a mid-row aisle, so seat numbers run continuously from one side aisle to the other. The entry portal is at row 9.","Facing the field, seat 1 is on your right. That puts seat 1 on the edge facing section 332, with seat numbers counting up toward the edge facing section 334. Seat 1 is the end of the row farthest from home plate, and higher seat numbers run back toward home plate.",not published,"left field side ""fans that prefer to be in the shade will need to be in the last few rows to get any benefit from the small overhanging roof just above the last row""; right field side has ""some of the most exposure to the sun in the stadium as there are no structures above to provide any shade."" Obstructed views, netting, wheelchair/accessible rows rateyourseats.com section 333 page.","HIGH - zone, rows, location and seat direction stated by the source"
334,Pavilion Level (300s),Pavilion Outfield,Pavilion Outfield seating is located on the highest tier of Busch Stadium running from the corner bases and wrapping around to the behind the outfield walls.,10,toward first base / right field,"1-6, WC",WC,"Stairway aisles run along both side edges of the section; rows are not split by a mid-row aisle, so seat numbers run continuously from one side aisle to the other. The entry portal is at row WC.","Facing the field, seat 1 is on your right. That puts seat 1 on the edge facing section 333, with seat numbers counting up toward the edge facing section 335. Seat 1 is the end of the row farthest from home plate, and higher seat numbers run back toward home plate.",not published,"left field side fans preferring shade need ""the last few rows to get any benefit from the small overhanging roof just above the last row""; right field side has ""the most exposure to the sun in the stadium as there are no structures above to provide any shade."" A row labeled WC is present in the row list. rateyourseats.com section 334 page.","HIGH - zone, rows, location and seat direction stated by the source"
335,Pavilion Level (300s),Pavilion Outfield,Pavilion Outfield seating is located on the highest tier of Busch Stadium running from the corner bases and wrapping around to the behind the outfield walls.,9,toward first base / right field,1-9,9,"Stairway aisles run along both side edges of the section; rows are not split by a mid-row aisle, so seat numbers run continuously from one side aisle to the other. The entry portal is at row 9.","Facing the field, seat 1 is on your right. That puts seat 1 on the edge facing section 334, with seat numbers counting up toward the edge facing section 337. Seat 1 is the end of the row farthest from home plate, and higher seat numbers run back toward home plate.",not published,"left field side ""fans that prefer to be in the shade will need to be in the last few rows to get any benefit from the small overhanging roof just above the last row""; right field side has ""most exposure to the sun in the stadium as there are no structures above to provide any shade."" Obstructed views, netting, wheelchair/accessible rows rateyourseats.com section 335 page.","HIGH - zone, rows, location and seat direction stated by the source"
337,Pavilion Level (300s),Pavilion Outfield,located on the highest tier of Busch Stadium running from the corner bases and wrapping around to the behind the outfield walls,8,toward first base / right field,1-9,9,"Stairway aisles run along both side edges of the section; rows are not split by a mid-row aisle, so seat numbers run continuously from one side aisle to the other. The entry portal is at row 9.","Facing the field, seat 1 is on your right. That puts seat 1 on the edge facing section 335, with seat numbers counting up toward the edge facing section 339. Seat 1 is the end of the row farthest from home plate, and higher seat numbers run back toward home plate.",not published,"left field side ""fans that prefer to be in the shade will need to be in the last few rows to get any benefit from the small overhanging roof just above the last row""; right field side has ""some of the most exposure to the sun in the stadium as there are no structures above to provide any shade."" Obstructed views, netting, wheelchair/accessible rows rateyourseats.com section 337 page.","HIGH - zone, rows, location and seat direction stated by the source"
339,Pavilion Level (300s),Pavilion Outfield,located on the highest tier of Busch Stadium running from the corner bases and wrapping around to the behind the outfield walls,7,toward first base / right field,1-9,9,"Stairway aisles run along both side edges of the section; rows are not split by a mid-row aisle, so seat numbers run continuously from one side aisle to the other. The entry portal is at row 9.","Facing the field, seat 1 is on your right. That puts seat 1 on the edge facing section 337, with seat numbers counting up toward the edge facing section 340. Seat 1 is the end of the row farthest from home plate, and higher seat numbers run back toward home plate.",not published,"left field side ""fans that prefer to be in the shade will need to be in the last few rows to get any benefit from the small overhanging roof just above the last row""; right field side has ""some of the most exposure to the sun in the stadium as there are no structures above to provide any shade."" Obstructed views, netting, wheelchair/accessible rows rateyourseats.com section 339 page.","HIGH - zone, rows, location and seat direction stated by the source"
340,Pavilion Level (300s),Pavilion Outfield,located on the highest tier of Busch Stadium running from the corner bases and wrapping around to the behind the outfield walls,6,toward first base / right field,"1-6, WC",WC,"Stairway aisles run along both side edges of the section; rows are not split by a mid-row aisle, so seat numbers run continuously from one side aisle to the other. The entry portal is at row WC.","Facing the field, seat 1 is on your right. That puts seat 1 on the edge facing section 339, with seat numbers counting up toward the edge facing section 341. Seat 1 is the end of the row farthest from home plate, and higher seat numbers run back toward home plate.",not published,"""fans that prefer to be in the shade will need to be in the last few rows to get any benefit from the small overhanging roof just above the last row""; right field side has ""some of the most exposure to the sun in the stadium as there are no structures above to provide any shade."" A row labeled WC is present in the row list. rateyourseats.com section 340 page.","HIGH - zone, rows, location and seat direction stated by the source"
341,Pavilion Level (300s),Infield Pavilion,"Sections 341-360 run along the infield on the 300 level""; ""Section 341 begins on the first base side",5,toward first base / right field,"1-6, WC",WC,"Stairway aisles run along both side edges of the section; rows are not split by a mid-row aisle, so seat numbers run continuously from one side aisle to the other. The entry portal is at row WC.","Facing the field, seat 1 is on your right. That puts seat 1 on the edge facing section 340, with seat numbers counting up toward the edge facing section 342. Seat 1 is the end of the row farthest from home plate, and higher seat numbers run back toward home plate.",not published,"""Late Afternoon Shade"" — ""All seats in this section are shaded during most late afternoon games."" A row labeled WC is present in the row list. rateyourseats.com section 341 page.","HIGH - zone, rows, location and seat direction stated by the source"
342,Pavilion Level (300s),Infield Pavilion,"Sections 341-360 run along the infield on the 300 level""; ""located on the 300 level of Busch Stadium",4,toward first base / right field,1-9,9,"Stairway aisles run along both side edges of the section; rows are not split by a mid-row aisle, so seat numbers run continuously from one side aisle to the other. The entry portal is at row 9.","Facing the field, seat 1 is on your right. That puts seat 1 on the edge facing section 341, with seat numbers counting up toward the edge facing section 344. Seat 1 is the end of the row farthest from home plate, and higher seat numbers run back toward home plate.",not published,"""Afternoon Shade in Select Rows"" — ""Rows 7 and above are shaded during most late afternoon games""; ""High Sun Exposure: One of the most exposed seating areas during day games."" Fan review from Row 1 states ""Can't see home plate."" Netting and wheelchair/accessible rows rateyourseats.com section 342 page.","HIGH - zone, rows, location and seat direction stated by the source"
344,Pavilion Level (300s),Infield Pavilion,Sections 341-360 run along the infield on the 300 level,3,toward first base / right field,1-9,9,"Stairway aisles run along both side edges of the section; rows are not split by a mid-row aisle, so seat numbers run continuously from one side aisle to the other. The entry portal is at row 9.","Facing the field, seat 1 is on your right. That puts seat 1 on the edge facing section 342, with seat numbers counting up toward the edge facing section 345. Seat 1 is the end of the row farthest from home plate, and higher seat numbers run back toward home plate.",not published,"""Afternoon Shade in Select Rows"" — ""Rows 6 and above are shaded during most late afternoon games."" Obstructed views, netting, wheelchair/accessible rows rateyourseats.com section 344 page.","HIGH - zone, rows, location and seat direction stated by the source"
345,Pavilion Level (300s),Infield Pavilion,Sections 341-360 run along the infield on the 300 level,2,toward first base / right field,1-9,9,"Stairway aisles run along both side edges of the section; rows are not split by a mid-row aisle, so seat numbers run continuously from one side aisle to the other. The entry portal is at row 9.","Facing the field, seat 1 is on your right. That puts seat 1 on the edge facing section 344, with seat numbers counting up toward the edge facing section 346. Seat 1 is the end of the row farthest from home plate, and higher seat numbers run back toward home plate.",not published,"in Rows 1-2 ""smaller fans may have to contend with the vertical bars of the railing""; in Row 9 ""a glass partition might slightly obstruct home plate views for smaller fans."" ""Afternoon Shade in Select Rows"" — ""Rows 5 and above are shaded during most late afternoon games""; ""High Sun Exposure: One of the most exposed seating areas during day games."" Netting and wheelchair/accessible rows rateyourseats.com section 345 page.","HIGH - zone, rows, location and seat direction stated by the source"
346,Pavilion Level (300s),Infield Pavilion,Sections 341-360 run along the infield on the 300 level,1,toward first base / right field,1-9,9,"Stairway aisles run along both side edges of the section; rows are not split by a mid-row aisle, so seat numbers run continuously from one side aisle to the other. The entry portal is at row 9.","Facing the field, seat 1 is on your right. That puts seat 1 on the edge facing section 345, with seat numbers counting up toward the edge facing section 347. Seat 1 is the end of the row farthest from home plate, and higher seat numbers run back toward home plate.",not published,"""High Sun Exposure: One of the most exposed seating areas during day games""; ""Rows 4 and above are shaded during most late afternoon games."" Obstructed views, netting, wheelchair/accessible rows rateyourseats.com section 346 page.","HIGH - zone, rows, location and seat direction stated by the source"
347,Pavilion Level (300s),Infield Pavilion,"Pavilion Level Infield seating includes Sections 341-360, located on the 300 level of Busch Stadium",0,behind home plate,"1-6, WC",WC,"Stairway aisles run along both side edges of the section; rows are not split by a mid-row aisle, so seat numbers run continuously from one side aisle to the other. The entry portal is at row WC.","Facing the field, seat 1 is on your right. That puts seat 1 on the edge facing section 346, with seat numbers counting up toward the edge facing section 348. This section is behind home plate, so seat 1 is on its first-base side.",not published,"""Afternoon Shade in Select Rows"" — ""Rows 3 and above are shaded during most late afternoon games."" A row labeled WC is present in the row list. rateyourseats.com section 347 page.","HIGH - zone, rows, location and seat direction stated by the source"
348,Pavilion Level (300s),Infield Pavilion,Sections 341-360 run along the infield on the 300 level,0,behind home plate,"1-6, WC",WC,"Stairway aisles run along both side edges of the section; rows are not split by a mid-row aisle, so seat numbers run continuously from one side aisle to the other. The entry portal is at row WC.","Facing the field, seat 1 is on your right. That puts seat 1 on the edge facing section 347, with seat numbers counting up toward the edge facing section 349. This section is behind home plate, so seat 1 is on its first-base side.",not published,"""The roof of the press box obstructs the view."" ""Rows 3 and above are shaded during most late afternoon games""; ""High Sun Exposure: One of the most exposed seating areas during day games."" A row labeled WC is present in the row list. rateyourseats.com section 348 page.","HIGH - zone, rows, location and seat direction stated by the source"
349,Pavilion Level (300s),Infield Pavilion,"Sections 341-360 run along the infield on the 300 level""; part of the ""Home Pavilion (Sections 347-353), which sits directly behind home plate",0,behind home plate,"1-6 (aviewfrommyseat.com also lists ""First Row: 1 Last Row: 6"")",UNKNOWN,"Stairway aisles run along both side edges of the section; rows are not split by a mid-row aisle, so seat numbers run continuously from one side aisle to the other. The entry portal row is not published for this section.","Facing the field, seat 1 is on your right. That puts seat 1 on the edge facing section 348, with seat numbers counting up toward the edge facing section 350. This section is behind home plate, so seat 1 is on its first-base side.",not published,"Fan review notes a railing obstruction in the lower rows: ""Didn't like having the railing in the way."" ""High Sun Exposure: One of the most exposed seating areas during day games""; ""Rows 3 and above are shaded during most late afternoon games."" Section described as ""just steps away from the bathrooms and most food vendors."" Entrance/portal row not stated on rateyourseats.com or aviewfrommyseat.com. Netting and wheelchair/accessible rows","HIGH - zone, rows, location and seat direction stated by the source"
350,Pavilion Level (300s),Infield Pavilion,"Sections 341-360 run along the infield on the 300 level""; part of the ""Home Pavilion (Sections 347-353), which sits directly behind home plate",0,behind home plate,"1-6 (aviewfrommyseat.com states ""First Row: 1 Last Row: 6"")",UNKNOWN,"Stairway aisles run along both side edges of the section; rows are not split by a mid-row aisle, so seat numbers run continuously from one side aisle to the other. The entry portal row is not published for this section.","Facing the field, seat 1 is on your right. That puts seat 1 on the edge facing section 349, with seat numbers counting up toward the edge facing section 351. This section is behind home plate, so seat 1 is on its first-base side.",not published,"""High Sun Exposure: One of the most exposed seating areas during day games""; ""Rows 3 and above are shaded during most late afternoon games."" aviewfrommyseat.com fan note about the adjacent press box area seats: ""There are only 2 seats here."" Entrance/portal row not stated on either source. Obstructed views, netting, wheelchair/accessible rows","HIGH - zone, rows, location and seat direction stated by the source"
351,Pavilion Level (300s),Infield Pavilion,"Sections 341-360, located on the 300 level of Busch Stadium and spanning from the first base side to the third base side""; aviewfrommyseat.com tags the section ""behind home plate",0,behind home plate,"1-6 (aviewfrommyseat.com states ""First Row: 1 Last Row: 6"")",UNKNOWN,"Stairway aisles run along both side edges of the section; rows are not split by a mid-row aisle, so seat numbers run continuously from one side aisle to the other. The entry portal row is not published for this section.","Facing the field, seat 1 is on your right. That puts seat 1 on the edge facing section 350, with seat numbers counting up toward the edge facing section 352. This section is behind home plate, so seat 1 is on its first-base side.",not published,"""High Sun Exposure: One of the most exposed seating areas during day games""; ""Rows 3 and above are shaded during most late afternoon games."" aviewfrommyseat.com seat tags include ""has awesome sound,"" ""is a folding chair,"" ""is on the aisle."" Entrance/portal row not stated on either source. Obstructed views, netting, wheelchair/accessible rows","HIGH - zone, rows, location and seat direction stated by the source"
352,Pavilion Level (300s),Infield Pavilion,"Pavilion Level Infield seating includes Sections 341-360, located on the 300 level of Busch Stadium and spanning from the first base side to the third base side.",0,behind home plate,"1-6, WC",WC,"Stairway aisles run along both side edges of the section; rows are not split by a mid-row aisle, so seat numbers run continuously from one side aisle to the other. The entry portal is at row WC.","Facing the field, seat 1 is on your right. That puts seat 1 on the edge facing section 351, with seat numbers counting up toward the edge facing section 353. This section is behind home plate, so seat 1 is on its first-base side.","In row 2 of section 352, there will be 19 seats.","Row WC is a wheelchair/accessible row per the row labels. ""High Sun Exposure: One of the most exposed seating areas during day games""; ""Rows 3 and above are shaded during most late afternoon games"". Site recommends rows 5-9 for kids and family.","HIGH - zone, rows, location and seat direction stated by the source"
353,Pavilion Level (300s),Infield Pavilion,"Pavilion Level Infield seating includes Sections 341-360, located on the 300 level of Busch Stadium and spanning from the first base side to the third base side. Also described as ""Upper Infield Location: Sections 341-360 run along the infield on the 300 level"".",0,behind home plate,"1-6, WC",WC,"Stairway aisles run along both side edges of the section; rows are not split by a mid-row aisle, so seat numbers run continuously from one side aisle to the other. The entry portal is at row WC.","Facing the field, seat 1 is on your right. That puts seat 1 on the edge facing section 352, with seat numbers counting up toward the edge facing section 354. This section is behind home plate, so seat 1 is on its first-base side.",not published,"Row WC is a wheelchair/accessible row per the row labels. ""High Sun Exposure: One of the most exposed seating areas during day games""; ""Rows 3 and above are shaded during most late afternoon games"". Site recommends rows 5-9 for kids and family.","HIGH - zone, rows, location and seat direction stated by the source"
354,Pavilion Level (300s),Infield Pavilion,"Pavilion Level Infield seating includes Sections 341-360, located on the 300 level of Busch Stadium and spanning from the first base side to the third base side.",1,toward third base / left field,1-9,9,"Stairway aisles run along both side edges of the section; rows are not split by a mid-row aisle, so seat numbers run continuously from one side aisle to the other. The entry portal is at row 9.","Facing the field, seat 1 is on your right. That puts seat 1 on the edge facing section 353, with seat numbers counting up toward the edge facing section 355. Seat 1 is the end of the row closest to home plate, and higher seat numbers run away from home plate.",not published,"A user review (not the site's own seating detail) mentions ""Thirteen (13) seats in this row"" for Row 9, so seats_per_row is left ""High Sun Exposure: One of the most exposed seating areas during day games""; ""Rows 3 and above are shaded during most late afternoon games""; review of Row 9: ""Absolutely perfect third deck seats for avoiding the rain or the sun. Excellent cover only for this last row in the section"".","HIGH - zone, rows, location and seat direction stated by the source"
355,Pavilion Level (300s),Infield Pavilion,"Pavilion Level Infield seating includes Sections 341-360, located on the 300 level of Busch Stadium and spanning from the first base side to the third base side.",2,toward third base / left field,1-9,9,"Stairway aisles run along both side edges of the section; rows are not split by a mid-row aisle, so seat numbers run continuously from one side aisle to the other. The entry portal is at row 9.","Facing the field, seat 1 is on your right. That puts seat 1 on the edge facing section 354, with seat numbers counting up toward the edge facing section 356. Seat 1 is the end of the row closest to home plate, and higher seat numbers run away from home plate.",not published,"""High Sun Exposure: One of the most exposed seating areas during day games""; ""Rows 3 and above are shaded during most late afternoon games"". Site says ""we recommend rows 5-9 for kids and family""; noted for Gateway Arch views.","HIGH - zone, rows, location and seat direction stated by the source"
356,Pavilion Level (300s),Infield Pavilion,"Pavilion Level Infield seating includes Sections 341-360, located on the 300 level of Busch Stadium and spanning from the first base side to the third base side.",3,toward third base / left field,1-9,9,"Stairway aisles run along both side edges of the section; rows are not split by a mid-row aisle, so seat numbers run continuously from one side aisle to the other. The entry portal is at row 9.","Facing the field, seat 1 is on your right. That puts seat 1 on the edge facing section 355, with seat numbers counting up toward the edge facing section 357. Seat 1 is the end of the row closest to home plate, and higher seat numbers run away from home plate.",not published,"""in the higher rows, the wheelchair seating of Section 357 blocks your view of LF"". section is ""completely open behind it. So it stays sunnier than most of the sections"" and is ""one of the most exposed seating areas during day games"".","HIGH - zone, rows, location and seat direction stated by the source"
357,Pavilion Level (300s),Infield Pavilion,"Pavilion Level Infield seating includes Sections 341-360, located on the 300 level of Busch Stadium and spanning from the first base side to the third base side.",4,toward third base / left field,"1-6, WC",WC,"Stairway aisles run along both side edges of the section; rows are not split by a mid-row aisle, so seat numbers run continuously from one side aisle to the other. The entry portal is at row WC.","Facing the field, seat 1 is on your right. That puts seat 1 on the edge facing section 356, with seat numbers counting up toward the edge facing section 358. Seat 1 is the end of the row closest to home plate, and higher seat numbers run away from home plate.",not published,"Row WC is a wheelchair/accessible row per the row labels; the Section 356 page notes this wheelchair platform blocks the left-field view from higher rows of 356. ""High Sun Exposure: One of the most exposed seating areas during day games."" Site recommends rows 5-9 for kids and family.","HIGH - zone, rows, location and seat direction stated by the source"
358,Pavilion Level (300s),Infield Pavilion,"Pavilion Level Infield seating includes Sections 341-360, located on the 300 level of Busch Stadium and spanning from the first base side to the third base side.",5,toward third base / left field,"1-6, WC",WC,"Stairway aisles run along both side edges of the section; rows are not split by a mid-row aisle, so seat numbers run continuously from one side aisle to the other. The entry portal is at row WC.","Facing the field, seat 1 is on your right. That puts seat 1 on the edge facing section 357, with seat numbers counting up toward the edge facing section 359. Seat 1 is the end of the row closest to home plate, and higher seat numbers run away from home plate.",not published,"Row WC is a wheelchair/accessible row per the row labels. ""High Sun Exposure: One of the most exposed seating areas during day games""; fans ""should be prepared for heat and sun during day games"".","HIGH - zone, rows, location and seat direction stated by the source"
359,Pavilion Level (300s),Infield Pavilion,"Pavilion Level Infield seating includes Sections 341-360, located on the 300 level of Busch Stadium and spanning from the first base side to the third base side.",6,toward third base / left field,1-9,9,"Stairway aisles run along both side edges of the section; rows are not split by a mid-row aisle, so seat numbers run continuously from one side aisle to the other. The entry portal is at row 9.","Facing the field, seat 1 is on your right. That puts seat 1 on the edge facing section 358, with seat numbers counting up toward the edge facing section 360. Seat 1 is the end of the row closest to home plate, and higher seat numbers run away from home plate.","Each row in Section 359 at Busch Stadium has 20 seats in a row, labeled 1-20.","""High Sun Exposure: One of the most exposed seating areas during day games""; these seats are ""among the most exposed in the stadium. During hot summer games, this can make sitting here less comfortable"".","HIGH - zone, rows, location and seat direction stated by the source"
360,Pavilion Level (300s),Infield Pavilion,"Pavilion Level Infield seating includes Sections 341-360, located on the 300 level of Busch Stadium and spanning from the first base side to the third base side. Section 360 extends to the third base side.",7,toward third base / left field,1-9,9,"Stairway aisles run along both side edges of the section; rows are not split by a mid-row aisle, so seat numbers run continuously from one side aisle to the other. The entry portal is at row 9.","Facing the field, seat 1 is on your right. That puts seat 1 on the edge facing section 359, with seat numbers counting up toward the edge facing section 361. Seat 1 is the end of the row closest to home plate, and higher seat numbers run away from home plate.",not published,"""High Sun Exposure: One of the most exposed seating areas during day games""; seats are ""among the most exposed in the stadium"" and fans should be ""prepared for heat and sun during day games"".","HIGH - zone, rows, location and seat direction stated by the source"
361,Pavilion Level (300s),Pavilion Outfield,Pavilion Outfield seating is located on the highest tier of Busch Stadium running from the corner bases and wrapping around to the behind the outfield walls. (Right field side.),8,toward third base / left field,1-14,3,"Stairway aisles run along both side edges of the section; rows are not split by a mid-row aisle, so seat numbers run continuously from one side aisle to the other. The entry portal is at row 3.","Facing the field, seat 1 is on your right. That puts seat 1 on the edge facing section 360, with seat numbers counting up toward the edge facing section 363. Seat 1 is the end of the row closest to home plate, and higher seat numbers run away from home plate.",not published,"""Rows 8 & Above - Covered""; ""Rows 8 and above are under cover"". the right field side has ""some of the most exposure to the sun in the stadium as there are no structures above to provide any shade"".","HIGH - zone, rows, location and seat direction stated by the source"
363,Pavilion Level (300s),Pavilion Outfield,Pavilion Outfield seating is located on the highest tier of Busch Stadium running from the corner bases and wrapping around to the behind the outfield walls.,9,toward third base / left field,1-14,3,"Stairway aisles run along both side edges of the section; rows are not split by a mid-row aisle, so seat numbers run continuously from one side aisle to the other. The entry portal is at row 3.","Facing the field, seat 1 is on your right. That puts seat 1 on the edge facing section 361, with seat numbers counting up toward the edge facing section 365. Seat 1 is the end of the row closest to home plate, and higher seat numbers run away from home plate.",not published,"""Rows 8 & Above - Covered""; ""Rows 8 and above are under cover"". ""fans that prefer to be in the shade will need to be in the last few rows to get any benefit from the small overhanging roof"". ""some of the most exposure to the sun in the stadium as there are no structures above to provide any shade"".","HIGH - zone, rows, location and seat direction stated by the source"
365,Pavilion Level (300s),Pavilion Outfield,Pavilion Outfield seating is located on the highest tier of Busch Stadium running from the corner bases and wrapping around to the behind the outfield walls.,10,toward third base / left field,1-14,3,"Stairway aisles run along both side edges of the section; rows are not split by a mid-row aisle, so seat numbers run continuously from one side aisle to the other. The entry portal is at row 3.","Facing the field, seat 1 is on your right. That puts seat 1 on the edge facing section 363, with seat numbers counting up toward the edge facing section 367. Seat 1 is the end of the row closest to home plate, and higher seat numbers run away from home plate.",not published,"""Rows 8 & Above - Covered""; ""Rows 8 and above are under cover"".","HIGH - zone, rows, location and seat direction stated by the source"
367,Pavilion Level (300s),Pavilion Outfield,Pavilion Outfield seating is located on the highest tier of Busch Stadium running from the corner bases and wrapping around to the behind the outfield walls.,11,toward third base / left field,1-14,3,"Stairway aisles run along both side edges of the section; rows are not split by a mid-row aisle, so seat numbers run continuously from one side aisle to the other. The entry portal is at row 3.","Facing the field, seat 1 is on your right. That puts seat 1 on the edge facing section 365, with seat numbers counting up toward the edge facing section 368. Seat 1 is the end of the row closest to home plate, and higher seat numbers run away from home plate.",not published,"""Rows 8 & Above - Covered""; ""Rows 8 and above are under cover"". Right field pavilion has ""some of the most exposure to the sun in the stadium as there are no structures above to provide any shade"".","HIGH - zone, rows, location and seat direction stated by the source"
368,Pavilion Level (300s),Pavilion Outfield,Pavilion Outfield seating is located on the highest tier of Busch Stadium running from the corner bases and wrapping around to the behind the outfield walls.,12,toward third base / left field,1-14,3,"Stairway aisles run along both side edges of the section; rows are not split by a mid-row aisle, so seat numbers run continuously from one side aisle to the other. The entry portal is at row 3.","Facing the field, seat 1 is on your right. That puts seat 1 on the edge facing section 367, with seat numbers counting up toward the edge facing section 369. Seat 1 is the end of the row closest to home plate, and higher seat numbers run away from home plate.",not published,"""Rows 8 & Above - Covered""; ""fans that prefer to be in the shade will need to be in the last few rows to get any benefit from the small overhanging roof""; right field side has ""some of the most exposure to the sun in the stadium as there are no structures above"".","HIGH - zone, rows, location and seat direction stated by the source"
369,Pavilion Level (300s),Pavilion Outfield,Pavilion Outfield seating is located on the highest tier of Busch Stadium running from the corner bases and wrapping around to the behind the outfield walls.,13,toward third base / left field,4-14,4,"Stairway aisles run along both side edges of the section; rows are not split by a mid-row aisle, so seat numbers run continuously from one side aisle to the other. The entry portal is at row 4.","Facing the field, seat 1 is on your right. That puts seat 1 on the edge facing section 368, with seat numbers counting up toward the edge facing section 370. Seat 1 is the end of the row closest to home plate, and higher seat numbers run away from home plate.",not published,"""Rows 8 & Above - Covered""; left field side, fans ""will need to be in the last few rows to get any benefit from the small overhanging roof""; right field side has ""some of the most exposure to the sun in the stadium as there are no structures above to provide any shade"". ""369 is behind the stage or to the side of the stage for most concerts. This may restrict or limit your view of the performance.""","HIGH - zone, rows, location and seat direction stated by the source"
370,Pavilion Level (300s),Pavilion Outfield,Pavilion Outfield seating is located on the highest tier of Busch Stadium running from the corner bases and wrapping around to the behind the outfield walls.,14,toward third base / left field,1-14,3,"Stairway aisles run along both side edges of the section; rows are not split by a mid-row aisle, so seat numbers run continuously from one side aisle to the other. The entry portal is at row 3.","Facing the field, seat 1 is on your right. That puts seat 1 on the edge facing section 369, with seat numbers counting up toward the edge facing section 371. Seat 1 is the end of the row closest to home plate, and higher seat numbers run away from home plate.",not published,"""Rows 8 & Above - Covered""; ""Rows 8 and above are under cover"". ""370 is behind the stage or to the side of the stage for most concerts. This may restrict or limit your view of the performance.""","HIGH - zone, rows, location and seat direction stated by the source"
371,Pavilion Level (300s),Pavilion Outfield,Pavilion Outfield seating is located on the highest tier of Busch Stadium running from the corner bases and wrapping around to the behind the outfield walls.,15,toward third base / left field,1-14,3,"Stairway aisles run along both side edges of the section; rows are not split by a mid-row aisle, so seat numbers run continuously from one side aisle to the other. The entry portal is at row 3.","Facing the field, seat 1 is on your right. That puts seat 1 on the edge facing section 370, with seat numbers counting up toward the edge facing section 372. Seat 1 is the end of the row closest to home plate, and higher seat numbers run away from home plate.",not published,"""Rows 8 & Above - Covered""; ""Rows 8 and above are under cover""; left field note ""fans that prefer to be in the shade will need to be in the last few rows""; right field note ""some of the most exposure to the sun in the stadium as there are no structures above"". ""371 is behind the stage or to the side of the stage for most concerts. This may restrict or limit your view"".","HIGH - zone, rows, location and seat direction stated by the source"
372,Pavilion Level (300s),Pavilion Outfield,Pavilion Outfield seating is located on the highest tier of Busch Stadium running from the corner bases and wrapping around to the behind the outfield walls.,16,toward third base / left field,1-14,3,"Stairway aisles run along both side edges of the section; rows are not split by a mid-row aisle, so seat numbers run continuously from one side aisle to the other. The entry portal is at row 3.","Facing the field, seat 1 is on your right. That puts seat 1 on the edge facing section 371, with seat numbers counting up toward the far edge of the section, with no further section beyond it on that side. Seat 1 is the end of the row closest to home plate, and higher seat numbers run away from home plate.",not published,"""Rows 8 & Above - Covered"". ""you can't see a lot of the outfield"" and ""not being able to see the plays in left field"". ""372 is behind the stage or to the side of the stage for most concerts. This may restrict or limit your view of the performance.""","HIGH - zone, rows, location and seat direction stated by the source"
431,Terrace Level (400s),Outfield Terrace,Terrace Level Outfield seating is exclusive to the right field side of the stadium and is comprised of the 1st Base Terrace and Right Field Terrace seating sections. Sections 435-440 are known as the 1st Base Terrace and are located closer to the infield than the Right Field Terrace Sections 431-434.,12,toward first base / right field,1-11,1,"Stairway aisles run along both side edges of the section; rows are not split by a mid-row aisle, so seat numbers run continuously from one side aisle to the other. The entry portal is at row 1.","Facing the field, seat 1 is on your right. That puts seat 1 on the far edge of the section, with no further section beyond it on that side, with seat numbers counting up toward the edge facing section 432. Seat 1 is the end of the row farthest from home plate, and higher seat numbers run back toward home plate.",not published,"""Rows 6 & Above - Covered""; ""Terrace sections will see a lot of sun during day games, with only a small amount of relief in the last few rows due to the small overhanging roof"".","HIGH - zone, rows, location and seat direction stated by the source"
432,Terrace Level (400s),Outfield Terrace,"""Terrace Level Outfield seating is exclusive to the right field side of the stadium and is comprised of the 1st Base Terrace and Right Field Terrace seating sections."" Sections 431-434 comprise the Right Field Terrace.",11,toward first base / right field,1-11,1,"Stairway aisles run along both side edges of the section; rows are not split by a mid-row aisle, so seat numbers run continuously from one side aisle to the other. The entry portal is at row 1.","Facing the field, seat 1 is on your right. That puts seat 1 on the edge facing section 431, with seat numbers counting up toward the edge facing section 433. Seat 1 is the end of the row farthest from home plate, and higher seat numbers run back toward home plate.",not published,"""Rows 6 & Above - Covered"". ""Terrace sections will see a lot of sun during day games, with only a small amount of relief in the last few rows"". Obstructed views, steepness and wheelchair/accessible rows: UNKNOWN (not stated). rateyourseats.com/busch-stadium/seating/sections/432","HIGH - zone, rows, location and seat direction stated by the source"
433,Terrace Level (400s),Outfield Terrace,Terrace Level Outfield seating is exclusive to the right field side of the stadium and is comprised of the 1st Base Terrace and Right Field Terrace seating sections.,10,toward first base / right field,1-11,1,"Stairway aisles run along both side edges of the section; rows are not split by a mid-row aisle, so seat numbers run continuously from one side aisle to the other. The entry portal is at row 1.","Facing the field, seat 1 is on your right. That puts seat 1 on the edge facing section 432, with seat numbers counting up toward the edge facing section 434. Seat 1 is the end of the row farthest from home plate, and higher seat numbers run back toward home plate.",not published,"rows 6 and above are under cover. ""Terrace sections will see a lot of sun during day games, with only a small amount of relief in the last few rows"". Obstructed views, steepness and wheelchair/accessible rows: UNKNOWN (not stated). rateyourseats.com/busch-stadium/seating/sections/433","HIGH - zone, rows, location and seat direction stated by the source"
434,Terrace Level (400s),Outfield Terrace,"""Sections 431-434"" comprise the Right Field Terrace; Terrace Level Outfield seating ""is exclusive to the right field side of the stadium"".",9,toward first base / right field,1-11,1,"Stairway aisles run along both side edges of the section; rows are not split by a mid-row aisle, so seat numbers run continuously from one side aisle to the other. The entry portal is at row 1.","Facing the field, seat 1 is on your right. That puts seat 1 on the edge facing section 433, with seat numbers counting up toward the edge facing section 435. Seat 1 is the end of the row farthest from home plate, and higher seat numbers run back toward home plate.",not published,"rows 6 and above are under cover. ""Terrace sections will see a lot of sun during day games, with only a small amount of relief in the last few rows"". Obstructed views, steepness and wheelchair/accessible rows: UNKNOWN (not stated). rateyourseats.com/busch-stadium/seating/sections/434","HIGH - zone, rows, location and seat direction stated by the source"
435,Terrace Level (400s),1st Base Terrace,"""Located closer to the infield than the Right Field Terrace"" Sections 431-434; on the right field side of the stadium.",8,toward first base / right field,1-11,1,"Stairway aisles run along both side edges of the section; rows are not split by a mid-row aisle, so seat numbers run continuously from one side aisle to the other. The entry portal is at row 1.","Facing the field, seat 1 is on your right. That puts seat 1 on the edge facing section 434, with seat numbers counting up toward the edge facing section 437. Seat 1 is the end of the row farthest from home plate, and higher seat numbers run back toward home plate.",not published,"rows 6 and above are covered. ""Terrace sections will see a lot of sun during day games, with only a small amount of relief in the last few rows due to the small overhanging roof"". Page also notes first-come, first-serve standing areas and lounge-style furniture. Obstructed views, steepness and wheelchair/accessible rows: UNKNOWN (not stated). rateyourseats.com/busch-stadium/seating/sections/435","HIGH - zone, rows, location and seat direction stated by the source"
437,Terrace Level (400s),1st Base Terrace,"""located closer to the infield than the Right Field Terrace"" and on ""the right field side of the stadium""; Sections 435-440 are part of this zone.",7,toward first base / right field,1-11,1,"Stairway aisles run along both side edges of the section; rows are not split by a mid-row aisle, so seat numbers run continuously from one side aisle to the other. The entry portal is at row 1.","Facing the field, seat 1 is on your right. That puts seat 1 on the edge facing section 435, with seat numbers counting up toward the edge facing section 439. Seat 1 is the end of the row farthest from home plate, and higher seat numbers run back toward home plate.",not published,"rows 6 and above are covered. lower rows ""will see a lot of sun during day games, with only a small amount of relief in the last few rows due to the small overhanging roof"". Obstructed views, steepness and wheelchair/accessible rows: UNKNOWN (not stated). rateyourseats.com/busch-stadium/seating/sections/437","HIGH - zone, rows, location and seat direction stated by the source"
439,Terrace Level (400s),1st Base Terrace,"""Located closer to the infield than the Right Field Terrace"" and on ""the right field side of the stadium"".",6,toward first base / right field,1-11,1,"Stairway aisles run along both side edges of the section; rows are not split by a mid-row aisle, so seat numbers run continuously from one side aisle to the other. The entry portal is at row 1.","Facing the field, seat 1 is on your right. That puts seat 1 on the edge facing section 437, with seat numbers counting up toward the edge facing section 440. Seat 1 is the end of the row farthest from home plate, and higher seat numbers run back toward home plate.",not published,"""Rows 6 & Above - Covered"". ""Terrace sections will see a lot of sun during day games, with only a small amount of relief in the last few rows"". Obstructed views, steepness and wheelchair/accessible rows: UNKNOWN (not stated). rateyourseats.com/busch-stadium/seating/sections/439","HIGH - zone, rows, location and seat direction stated by the source"
440,Terrace Level (400s),1st Base Terrace,"""located closer to the infield than the Right Field Terrace"" on the right field side; Sections 435-440 are identified as part of this zone.",5,toward first base / right field,1-11,1,"Stairway aisles run along both side edges of the section; rows are not split by a mid-row aisle, so seat numbers run continuously from one side aisle to the other. The entry portal is at row 1.","Facing the field, seat 1 is on your right. That puts seat 1 on the edge facing section 439, with seat numbers counting up toward the edge facing section 441. Seat 1 is the end of the row farthest from home plate, and higher seat numbers run back toward home plate.",not published,"rows 6 and above are covered. ""Terrace sections will see a lot of sun during day games, with only a small amount of relief in the last few rows"". Obstructed views, steepness and wheelchair/accessible rows: UNKNOWN (not stated). rateyourseats.com/busch-stadium/seating/sections/440","HIGH - zone, rows, location and seat direction stated by the source"
441,Terrace Level (400s),Infield Terrace,"""Terrace Level Infield seating includes Sections 441-454"", ""Located on the highest level of Busch Stadium directly behind home plate"" / ""on the top deck of Busch Stadium"".",4,toward first base / right field,1-11,1,"Stairway aisles run along both side edges of the section; rows are not split by a mid-row aisle, so seat numbers run continuously from one side aisle to the other. The entry portal is at row 1.","Facing the field, seat 1 is on your right. That puts seat 1 on the edge facing section 440, with seat numbers counting up toward the edge facing section 442. Seat 1 is the end of the row farthest from home plate, and higher seat numbers run back toward home plate.",not published,"""Rows 4 and above are under cover""; ""Lower rows are more exposed to sun""; ""Upper rows benefit from a small overhang that provides some coverage"". ""very high and set back, making these some of the furthest seats from the action""; fan review ""Way too far from the action"". Page notes ""Budget-Friendly Option"" and ""Great sightlines of the St. Louis Arch and downtown skyline beyond the outfield"". Obstructed views and wheelchair/accessible rows: UNKNOWN (not stated). rateyourseats.com/busch-stadium/seating/sections/441","HIGH - zone, rows, location and seat direction stated by the source"
442,Terrace Level (400s),Infield Terrace,"""Located on the highest level of Busch Stadium directly behind home plate""; ""Terrace Level Infield seating includes Sections 441-454"".",3,toward first base / right field,1-11,1,"Stairway aisles run along both side edges of the section; rows are not split by a mid-row aisle, so seat numbers run continuously from one side aisle to the other. The entry portal is at row 1.","Facing the field, seat 1 is on your right. That puts seat 1 on the edge facing section 441, with seat numbers counting up toward the edge facing section 445. Seat 1 is the end of the row farthest from home plate, and higher seat numbers run back toward home plate.","Rows 1-4: Seats 1-19, Row 5: Seats 1-22 (seats 20-22 are above the entry tunnel), Row 6: Seats 1-19, Rows 7-10: Seats 1-24, Row 11: Seats 1-25","""Rows 4 & Above - Covered""; ""Lower rows are more exposed to sun during day games""; ""Upper rows benefit from a small overhang that provides some coverage"". Row 5 seats 20-22 are above the entry tunnel. Obstructed views, steepness and wheelchair/accessible rows: UNKNOWN (not stated). rateyourseats.com/busch-stadium/seating/sections/442","HIGH - zone, rows, location and seat direction stated by the source"
445,Terrace Level (400s),Infield Terrace,"""located on the highest level of Busch Stadium directly behind home plate"".",2,toward first base / right field,1-11,1,"Stairway aisles run along both side edges of the section; rows are not split by a mid-row aisle, so seat numbers run continuously from one side aisle to the other. The entry portal is at row 1.","Facing the field, seat 1 is on your right. That puts seat 1 on the edge facing section 442, with seat numbers counting up toward the edge facing section 446. Seat 1 is the end of the row farthest from home plate, and higher seat numbers run back toward home plate.",not published,"""Rows 4 & Above - Covered""; ""Lower rows are more exposed to sun during day games; Upper rows benefit from a small overhang"". Obstructed views, steepness and wheelchair/accessible rows: UNKNOWN (not stated). rateyourseats.com/busch-stadium/seating/sections/445","HIGH - zone, rows, location and seat direction stated by the source"
446,Terrace Level (400s),Infield Terrace,"""Located on the highest level of Busch Stadium directly behind home plate""; ""Terrace Level Infield seating includes Sections 441-454"".",1,toward first base / right field,1-11,1,"Stairway aisles run along both side edges of the section; rows are not split by a mid-row aisle, so seat numbers run continuously from one side aisle to the other. The entry portal is at row 1.","Facing the field, seat 1 is on your right. That puts seat 1 on the edge facing section 445, with seat numbers counting up toward the edge facing section 447. Seat 1 is the end of the row farthest from home plate, and higher seat numbers run back toward home plate.",not published,"""Rows 4 and above are under cover""; ""Lower rows are more exposed to sun during day games; Upper rows benefit from a small overhang"". Obstructed views, steepness and wheelchair/accessible rows: UNKNOWN (not stated). rateyourseats.com/busch-stadium/seating/sections/446","HIGH - zone, rows, location and seat direction stated by the source"
447,Terrace Level (400s),Infield Terrace,"""Located on the top deck of Busch Stadium"" and ""directly behind home plate""; Sections 441-454.",0,behind home plate,1-11,1,"Stairway aisles run along both side edges of the section; rows are not split by a mid-row aisle, so seat numbers run continuously from one side aisle to the other. The entry portal is at row 1.","Facing the field, seat 1 is on your right. That puts seat 1 on the edge facing section 446, with seat numbers counting up toward the edge facing section 448. This section is behind home plate, so seat 1 is on its first-base side.",not published,"""Rows 4 and above are under cover""; ""Lower rows are more exposed to sun during day games""; ""Upper rows benefit from a small overhang that provides some coverage"". Obstructed views, steepness and wheelchair/accessible rows: UNKNOWN (not stated). rateyourseats.com/busch-stadium/seating/sections/447","HIGH - zone, rows, location and seat direction stated by the source"
448,Terrace Level (400s),Infield Terrace,"""Located on the top deck of Busch Stadium"" and ""located on the highest level of Busch Stadium directly behind home plate"".",0,behind home plate,1-11,Entrances to this section are located at Rows 1 and 4,"Stairway aisles run along both side edges of the section; rows are not split by a mid-row aisle, so seat numbers run continuously from one side aisle to the other. The entry portal is at row Entrances to this section are located at Rows 1 and 4.","Facing the field, seat 1 is on your right. That puts seat 1 on the edge facing section 447, with seat numbers counting up toward the edge facing section 449. This section is behind home plate, so seat 1 is on its first-base side.",not published,"""Rows 4 and above are under cover""; ""Lower rows are more exposed to sun during day games""; ""Upper rows benefit from a small overhang that provides some coverage"". Obstructed views, steepness and wheelchair/accessible rows: UNKNOWN (not stated). rateyourseats.com/busch-stadium/seating/sections/448","HIGH - zone, rows, location and seat direction stated by the source"
449,Terrace Level (400s),Infield Terrace,"""Located on the top deck of Busch Stadium"" and ""located on the highest level of Busch Stadium directly behind home plate"".",0,behind home plate,1-8,1,"Stairway aisles run along both side edges of the section; rows are not split by a mid-row aisle, so seat numbers run continuously from one side aisle to the other. The entry portal is at row 1.","Facing the field, seat 1 is on your right. That puts seat 1 on the edge facing section 448, with seat numbers counting up toward the edge facing section 450. This section is behind home plate, so seat 1 is on its first-base side.",not published,"""All seats in this section are under cover""; ""Lower rows are more exposed to sun during day games; Upper rows benefit from a small overhang"". a fan review notes ""the first row in the upper deck comes with the railing"" obstructing vision. A fan review also mentions ""About 20 seats in the row"" (referring to Row 4) - fan comment, not an official seat count. Steepness and wheelchair/accessible rows: UNKNOWN (not stated). rateyourseats.com/busch-stadium/seating/sections/449","HIGH - zone, rows, location and seat direction stated by the source"
450,Terrace Level (400s),Infield Terrace,"""Located on the highest level of Busch Stadium directly behind home plate"" and ""on the top deck of Busch Stadium"".",0,behind home plate,1-8,1,"Stairway aisles run along both side edges of the section; rows are not split by a mid-row aisle, so seat numbers run continuously from one side aisle to the other. The entry portal is at row 1.","Facing the field, seat 1 is on your right. That puts seat 1 on the edge facing section 449, with seat numbers counting up toward the edge facing section 451. This section is behind home plate, so seat 1 is on its first-base side.",not published,"""All seats in this section are under cover""; ""Lower rows are more exposed to sun during day games""; ""Upper rows benefit from a small overhang that provides some coverage"". Obstructed views, steepness and wheelchair/accessible rows: UNKNOWN (not stated). rateyourseats.com/busch-stadium/seating/sections/450","HIGH - zone, rows, location and seat direction stated by the source"
451,Terrace Level (400s),Infield Terrace,"""Located on the top deck of Busch Stadium"" and ""located on the highest level of Busch Stadium directly behind home plate"".",1,toward third base / left field,1-8,1,"Stairway aisles run along both side edges of the section; rows are not split by a mid-row aisle, so seat numbers run continuously from one side aisle to the other. The entry portal is at row 1.","Facing the field, seat 1 is on your right. That puts seat 1 on the edge facing section 450, with seat numbers counting up toward the edge facing section 452. Seat 1 is the end of the row closest to home plate, and higher seat numbers run away from home plate.",not published,"""Limited Shade Coverage: Upper rows offer some protection, while lower rows are exposed to sun""; ""Lower rows are more exposed to sun during day games; Upper rows benefit from a small overhang"". a fan review says the ""view was blocked by two annoying poles"". a fan review says ""The walk up the stairs to 400 level seats and then walking up to Row 8 is a bit of a pain"". UNKNOWN (not stated). rateyourseats.com/busch-stadium/seating/sections/451","HIGH - zone, rows, location and seat direction stated by the source"
452,Terrace Level (400s),Infield Terrace,"""Located on the highest level of Busch Stadium directly behind home plate""; Sections 441-454.",2,toward third base / left field,1-11,Entrances to this section are located at Rows 1 and 4,"Stairway aisles run along both side edges of the section; rows are not split by a mid-row aisle, so seat numbers run continuously from one side aisle to the other. The entry portal is at row Entrances to this section are located at Rows 1 and 4.","Facing the field, seat 1 is on your right. That puts seat 1 on the edge facing section 451, with seat numbers counting up toward the edge facing section 453. Seat 1 is the end of the row closest to home plate, and higher seat numbers run away from home plate.",not published,"""In Row 4, seats 1-9 are the first row in the section behind the Budweiser banner"" with a railing obstruction; ""Seats 10 and higher on the left side"" avoid the obstruction. ""Rows 4 and above are under cover""; ""Lower rows are more exposed to sun during day games"". Page also notes ""Top Pick for Views of the Arch"" and recommends Rows 1-5 for kids/families. Steepness and wheelchair/accessible rows: UNKNOWN (not stated). rateyourseats.com/busch-stadium/seating/sections/452","HIGH - zone, rows, location and seat direction stated by the source"
453,Terrace Level (400s),Infield Terrace,"""Terrace Level Infield seating includes Sections 441-454, located on the highest level of Busch Stadium directly behind home plate."" Also ""Located on the top deck of Busch Stadium"".",3,toward third base / left field,1-11,1,"Stairway aisles run along both side edges of the section; rows are not split by a mid-row aisle, so seat numbers run continuously from one side aisle to the other. The entry portal is at row 1.","Facing the field, seat 1 is on your right. That puts seat 1 on the edge facing section 452, with seat numbers counting up toward the edge facing section 454. Seat 1 is the end of the row closest to home plate, and higher seat numbers run away from home plate.",not published,"a fan review warns of ""Five railings in the way"" affecting ""aisle seats behind homeplate in rows 7-9"". ""Rows 4 & Above - Covered""; ""Lower rows are more exposed to sun during day games; Upper rows benefit from a small overhang"". Steepness and wheelchair/accessible rows: UNKNOWN (not stated). rateyourseats.com/busch-stadium/seating/sections/453","HIGH - zone, rows, location and seat direction stated by the source"
454,Terrace Level (400s),Infield Terrace,"""Located on the highest level of Busch Stadium directly behind home plate"".",4,toward third base / left field,1-11,1,"Stairway aisles run along both side edges of the section; rows are not split by a mid-row aisle, so seat numbers run continuously from one side aisle to the other. The entry portal is at row 1.","Facing the field, seat 1 is on your right. That puts seat 1 on the edge facing section 453, with seat numbers counting up toward the far edge of the section, with no further section beyond it on that side. Seat 1 is the end of the row closest to home plate, and higher seat numbers run away from home plate.",not published,"""Rows 4 and above are under cover""; ""Lower rows are more exposed to sun during day games; Upper rows benefit from a small overhang that provides some coverage"". ""Very high and set back, making these some of the furthest seats from the action"". a fan review mentions ""This particular seat is right up the aisle"" causing obstruction. Steepness and wheelchair/accessible rows: UNKNOWN (not stated). rateyourseats.com/busch-stadium/seating/sections/454","HIGH - zone, rows, location and seat direction stated by the source"
200 Level Party Suites,"Clubs, suites and other named areas",Party suites,Located on both the 200 Level (just above the 100 level) and the 300 Level (just above the 200 level).,,not part of the numbered seating bowl,A-E,UNKNOWN,"The source describes this as a named area rather than a numbered section, so it publishes no aisle layout for it.","Facing the field, seat 1 is on your right. That is stated on this area's own page. It sits outside the numbered seating bowl, so there is no neighbouring section to describe it against.",not published,"Suite product covering both suite levels on one page. ""Each suite includes access to a private lounge area, along with outdoor seating on standard stadium-style seats."" ""200 Level Suites: Outdoor seating with lounge access"". Party Suites are ""ideal for fans looking for a private or semi-private group experience"", and ""Flexible Ticket Options: Tickets may be sold as full-suite rentals or individual seats for select games.""","HIGH - zone, rows, location and seat direction stated by the source"
300 Level Party Suites,"Clubs, suites and other named areas",Party suites,Located on both the 200 Level (just above the 100 level) and the 300 Level (just above the 200 level).,,not part of the numbered seating bowl,A-I,UNKNOWN,"The source describes this as a named area rather than a numbered section, so it publishes no aisle layout for it.","Facing the field, seat 1 is on your right. That is stated on this area's own page. It sits outside the numbered seating bowl, so there is no neighbouring section to describe it against.",not published,"Suite product covering both suite levels on one page. ""Each suite includes access to a private lounge area, along with outdoor seating on standard stadium-style seats."" ""300 Level Suites: Outdoor seating plus reserved indoor seating"". ""Party Suites are ideal for fans looking for a private or semi-private group experience"", ""especially popular for corporate outings, celebrations"".","HIGH - zone, rows, location and seat direction stated by the source"
703 Club A,"Clubs, suites and other named areas",Budweiser 703 Club,"Located in left field at Busch Stadium, in the area where many of Albert Pujols' home runs landed",,not part of the numbered seating bowl,1-10,UNKNOWN,"The source describes this as a named area rather than a numbered section, so it publishes no aisle layout for it.","Facing the field, seat 1 is on your right. That is stated on this area's own page. It sits outside the numbered seating bowl, so there is no neighbouring section to describe it against.",not published,"Premium all-inclusive area branded the ""Budweiser 703 Club"". ""Sections A-F with only 10 rows per section and side tables between seats"" and ""Seats are designed with mesh backing for added comfort"". Ticket covers an ""all-inclusive experience"" with food and beverage and a ""climate-controlled indoor lounge"". For concerts the seats are ""behind the stage or to the side of the stage for most concerts"".","HIGH - zone, rows, location and seat direction stated by the source"
703 Club B,"Clubs, suites and other named areas",Budweiser 703 Club,"Located in left field at Busch Stadium, in the area where many of Albert Pujols' home runs landed",,not part of the numbered seating bowl,1-10,UNKNOWN,"The source describes this as a named area rather than a numbered section, so it publishes no aisle layout for it.","Facing the field, seat 1 is on your right. That is stated on this area's own page. It sits outside the numbered seating bowl, so there is no neighbouring section to describe it against.",not published,"Premium all-inclusive area branded the ""Budweiser 703 Club"". ""Includes buffet-style food, full-service bar, and grab-and-go snacks"". ""Seats are designed with mesh backing for added comfort, and side tables are placed between every two seats"". ""While the seating area is outdoors, fans also have access to a climate-controlled indoor lounge"". ""703 Club B is behind the stage or to the side of the stage for most concerts. This may restrict or limit your view of the performance.""","HIGH - zone, rows, location and seat direction stated by the source"
703 Club C,"Clubs, suites and other named areas",Budweiser 703 Club,"Located in left field at Busch Stadium, in the area where many of Albert Pujols' home runs landed",,not part of the numbered seating bowl,1-10,UNKNOWN,"The source describes this as a named area rather than a numbered section, so it publishes no aisle layout for it.","Facing the field, seat 1 is on your right. That is stated on this area's own page. It sits outside the numbered seating bowl, so there is no neighbouring section to describe it against.",not published,"Premium all-inclusive area branded the ""Budweiser 703 Club"". ""Sections A-F with only 10 rows per section and side tables between seats"" and ""Seats are designed with mesh backing for added comfort"". ""Buffet-style food, full-service bar, and grab-and-go snacks"" plus ""Climate-controlled lounge"" access. ""703 Club C is behind the stage or to the side of the stage for most concerts. This may restrict or limit your view of the performance.""","HIGH - zone, rows, location and seat direction stated by the source"
703 Club D,"Clubs, suites and other named areas",Budweiser 703 Club,"Located in left field at Busch Stadium, in the area where many of Albert Pujols' home runs landed",,not part of the numbered seating bowl,1-10,UNKNOWN,"The source describes this as a named area rather than a numbered section, so it publishes no aisle layout for it.","Facing the field, seat 1 is on your right. That is stated on this area's own page. It sits outside the numbered seating bowl, so there is no neighbouring section to describe it against.",not published,"Premium all-inclusive area branded the ""Budweiser 703 Club"". ""Sections A-F with only 10 rows per section and side tables between seats""; ""Includes buffet-style food, full-service bar, and grab-and-go snacks""; ""Climate-controlled lounge provides a comfortable retreat during the game""; ""Seats are designed with mesh backing for added comfort"". ""703 Club D is behind the stage or to the side of the stage for most concerts. This may restrict or limit your view of the performance.""","HIGH - zone, rows, location and seat direction stated by the source"
703 Club E,"Clubs, suites and other named areas",Budweiser 703 Club,"Located in left field at Busch Stadium, in the area where many of Albert Pujols' home runs landed",,not part of the numbered seating bowl,1-10,UNKNOWN,"The source describes this as a named area rather than a numbered section, so it publishes no aisle layout for it.","Facing the field, seat 1 is on your right. That is stated on this area's own page. It sits outside the numbered seating bowl, so there is no neighbouring section to describe it against.",not published,"Premium all-inclusive area branded the ""Budweiser 703 Club"", with ""side tables between every two seats"" and ""mesh backing for added comfort"". Amenities listed include a ""Pasta station and stone-fired pizzas"", ""Grilled hot dogs and full nacho bar"", a ""Full-service bar"" and access to a ""Climate-controlled indoor club lounge"". ""703 Club E is behind the stage or to the side of the stage for most concerts. This may restrict or limit your view"".","HIGH - zone, rows, location and seat direction stated by the source"
703 Club F,"Clubs, suites and other named areas",Budweiser 703 Club,"Located in left field at Busch Stadium, in the area where many of Albert Pujols' home runs landed",,not part of the numbered seating bowl,1-10,UNKNOWN,"The source describes this as a named area rather than a numbered section, so it publishes no aisle layout for it.","Facing the field, seat 1 is on your right. That is stated on this area's own page. It sits outside the numbered seating bowl, so there is no neighbouring section to describe it against.",not published,"Premium all-inclusive area branded the ""Budweiser 703 Club"". ""Sections A-F with only 10 rows per section and side tables between seats""; ""Seats are designed with mesh backing for added comfort""; ""Access to a climate-controlled indoor lounge""; an ""All-inclusive experience"" including buffet, full-service bar and snacks. the section is ""behind the stage or to the side of the stage for most concerts"".","HIGH - zone, rows, location and seat direction stated by the source"
Branch Rickey Balcony,"Clubs, suites and other named areas",not named by the source,not stated by the source,,not part of the numbered seating bowl,UNKNOWN,UNKNOWN,"The source describes this as a named area rather than a numbered section, so it publishes no aisle layout for it.","This area sits outside the numbered seating bowl and no seat numbering is published for it. Check the seat numbers printed on your own ticket, or ask the ticket office.",not published,"The only content beyond the heading ""Branch Rickey Balcony at Busch Stadium"" is a concert-view insight reading ""Behind/Side Stage (most shows)"", which describes the area's position relative to a concert stage rather than its place in the ballpark.",LOW - no row data published for this section
Budweiser Brew House Deck,"Clubs, suites and other named areas",Budweiser Brew House Deck,not stated by the source,,not part of the numbered seating bowl,UNKNOWN,UNKNOWN,"The source describes this as a named area rather than a numbered section, so it publishes no aisle layout for it.","This area sits outside the numbered seating bowl and no seat numbering is published for it. Check the seat numbers printed on your own ticket, or ask the ticket office.",not published,"The venue index lists this under a category heading ""All Budweiser Brew House Deck Sections"" with a single entry, ""Brew House Deck"", but the link resolves to the general Busch Stadium seating guide rather than a page for the area. That guide never mentions a Brew House Deck; the nearest related statement it makes is about a different area - ""The Budweiser Terrace at Busch Stadium is in right-field and features unique seating and standing areas.""",LOW - no row data published for this section
Cardinals Club 1,"Clubs, suites and other named areas",Cardinals Club,Sections 1-8 sit directly behind home plate between the dugouts.,,not part of the numbered seating bowl,A-K,UNKNOWN,"The source describes this as a named area rather than a numbered section, so it publishes no aisle layout for it.","Facing the field, seat 1 is on your right. That is stated on this area's own page. It sits outside the numbered seating bowl, so there is no neighbouring section to describe it against.",not published,"Premium all-inclusive club behind the plate. ""All-Inclusive Premium Experience (Cardinals games): Tickets include a pregame buffet, full-service bar, and in-seat service during the game."" ""Upscale Seating: Extra-padded stadium chairs with additional comfort compared to standard seating."" ""Private Club Access: Entry to the climate-controlled CommunityAmerica Cardinals Club lounge beginning two hours before first pitch."" The page also states ""Elite Field-Level Views: One of the closest seating options to the batter's box without being on the field.""","HIGH - zone, rows, location and seat direction stated by the source"
Cardinals Club 2,"Clubs, suites and other named areas",Cardinals Club,"Sections 1-8 sit directly behind home plate between the dugouts"" and ""Sections 1-2 sit closest to the Cardinals dugout.",,not part of the numbered seating bowl,A-H,UNKNOWN,"The source describes this as a named area rather than a numbered section, so it publishes no aisle layout for it.","Facing the field, seat 1 is on your right. That is stated on this area's own page. It sits outside the numbered seating bowl, so there is no neighbouring section to describe it against.",not published,"Premium all-inclusive club behind the plate. ""All-Inclusive Premium Experience (Cardinals games): Tickets include a pregame buffet, full-service bar, and in-seat service during the game."" ""Upscale Seating: Extra-padded stadium chairs with additional comfort compared to standard seating."" ""Private Club Access: Entry to the climate-controlled CommunityAmerica Cardinals Club lounge beginning two hours before first pitch.""","HIGH - zone, rows, location and seat direction stated by the source"
Cardinals Club 3,"Clubs, suites and other named areas",Cardinals Club,Sections 1-8 sit directly behind home plate between the dugouts.,,not part of the numbered seating bowl,A-H,UNKNOWN,"The source describes this as a named area rather than a numbered section, so it publishes no aisle layout for it.","Facing the field, seat 1 is on your right. That is stated on this area's own page. It sits outside the numbered seating bowl, so there is no neighbouring section to describe it against.",not published,"Premium all-inclusive club behind the plate. ""All-Inclusive Premium Experience (Cardinals games): Tickets include a pregame buffet, full-service bar, and in-seat service during the game."" ""Upscale Seating: Extra-padded stadium chairs with additional comfort compared to standard seating."" ""Private Club Access: Entry to the climate-controlled CommunityAmerica Cardinals Club lounge beginning two hours before first pitch."" Sold to ""fans looking for a true premium experience""; ""especially popular for entertaining clients, special occasions"".","HIGH - zone, rows, location and seat direction stated by the source"
Cardinals Club 4,"Clubs, suites and other named areas",Cardinals Club,"Sections 1-8 sit directly behind home plate between the dugouts."" Section 4 is ""perfectly centered behind home plate.",,not part of the numbered seating bowl,Sections 2-7: Rows A–H,UNKNOWN,"The source describes this as a named area rather than a numbered section, so it publishes no aisle layout for it.","Facing the field, seat 1 is on your right. That is stated on this area's own page. It sits outside the numbered seating bowl, so there is no neighbouring section to describe it against.",not published,"Premium all-inclusive club behind the plate. ""All-Inclusive Premium Experience (Cardinals games): Tickets include a pregame buffet, full-service bar, and in-seat service during the game."" ""Upscale Seating: Extra-padded stadium chairs with additional comfort compared to standard seating."" ""Private Club Access: Entry to the climate-controlled CommunityAmerica Cardinals Club lounge beginning two hours before first pitch."" The club is reached by ""Entry via Private Gate 2"" - a gate, not a row entrance. ""All-inclusive food, and beverages"" with ""in-seat wait service...through the end of the 7th inning"". Pitched at fans ""entertaining clients, special occasions, or fans who want the best combination of location, comfort, and all-inclusive amenities"".","HIGH - zone, rows, location and seat direction stated by the source"
Cardinals Club 5,"Clubs, suites and other named areas",Cardinals Club,Sections 4-5 are perfectly centered behind home plate,,not part of the numbered seating bowl,Sections 2-7: Rows A–H,UNKNOWN,"The source describes this as a named area rather than a numbered section, so it publishes no aisle layout for it.","Facing the field, seat 1 is on your right. That is stated on this area's own page. It sits outside the numbered seating bowl, so there is no neighbouring section to describe it against.",not published,"Premium all-inclusive club behind the plate. ""All-Inclusive Premium Experience (Cardinals games): Tickets include a pregame buffet, full-service bar, and in-seat service during the game."" ""Upscale Seating: Extra-padded stadium chairs with additional comfort compared to standard seating."" ""Private Club Access: Entry to the climate-controlled CommunityAmerica Cardinals Club lounge beginning two hours before first pitch."" Pitched at fans ""entertaining clients, special occasions, or fans who want the best combination of location, comfort, and all-inclusive amenities"".","HIGH - zone, rows, location and seat direction stated by the source"
Cardinals Club 6,"Clubs, suites and other named areas",Cardinals Club,Sections 1-8 sit directly behind home plate between the dugouts.,,not part of the numbered seating bowl,"A-H, WC",UNKNOWN,"The source describes this as a named area rather than a numbered section, so it publishes no aisle layout for it.","Facing the field, seat 1 is on your right. That is stated on this area's own page. It sits outside the numbered seating bowl, so there is no neighbouring section to describe it against.",not published,"Premium all-inclusive club behind the plate. ""All-Inclusive Premium Experience (Cardinals games): Tickets include a pregame buffet, full-service bar, and in-seat service during the game."" ""Upscale Seating: Extra-padded stadium chairs with additional comfort compared to standard seating."" ""Private Club Access: Entry to the climate-controlled CommunityAmerica Cardinals Club lounge beginning two hours before first pitch."" ""All food and beverage (including alcohol) is included with your ticket"" and ""in-seat wait service is available through the end of the 7th inning"".","HIGH - zone, rows, location and seat direction stated by the source"
Cardinals Club 7,"Clubs, suites and other named areas",Cardinals Club,"""Sections 1-8 sit directly behind home plate between the dugouts."" ""Sections 7-8 are nearest the visiting team dugout"". ""Sections 1-2 sit closest to the Cardinals dugout"" and ""Sections 4-5 are perfectly centered behind home plate"".",,not part of the numbered seating bowl,Sections 2-7: Rows A–H,UNKNOWN,"The source describes this as a named area rather than a numbered section, so it publishes no aisle layout for it.","Facing the field, seat 1 is on your right. That is stated on this area's own page. It sits outside the numbered seating bowl, so there is no neighbouring section to describe it against.",not published,"Per-section page. ""Tickets include a pregame buffet, full-service bar, and in-seat service"". Seats are ""Extra-padded stadium chairs"". ""Private Club Access: Entry to the climate-controlled CommunityAmerica Cardinals Club lounge beginning two hours before first pitch.""","HIGH - zone, rows, location and seat direction stated by the source"
Cardinals Club 8,"Clubs, suites and other named areas",Cardinals Club,"""Sections 1-8 sit directly behind home plate between the dugouts"". ""Sections 7-8 are nearest the visiting team dugout"". ""Sections 1-2 sit closest to the Cardinals dugout"" and ""Sections 4-5 are perfectly centered behind home plate"".",,not part of the numbered seating bowl,A-K,UNKNOWN,"The source describes this as a named area rather than a numbered section, so it publishes no aisle layout for it.","Facing the field, seat 1 is on your right. That is stated on this area's own page. It sits outside the numbered seating bowl, so there is no neighbouring section to describe it against.",not published,"Per-section page. ""includes a pregame buffet, full-service bar, and in-seat service""; ""Extra-padded stadium chairs with additional comfort""; ""Private Club Access: Entry to the climate-controlled ... lounge"". ""There is some amount of netting or screening in front of sections 142-158"".","HIGH - zone, rows, location and seat direction stated by the source"
Champions Club,"Clubs, suites and other named areas",not named by the source,"Located down the left field line with multiple club sections positioned beneath the loge level."" ""Champions Club seating is located down the left field line at Busch Stadium, positioned beneath the loge level overhang.",,not part of the numbered seating bowl,UNKNOWN,UNKNOWN,"The source describes this as a named area rather than a numbered section, so it publishes no aisle layout for it.","This area sits outside the numbered seating bowl and no seat numbering is published for it. Check the seat numbers printed on your own ticket, or ask the ticket office.",not published,"Zone/area description page covering multiple club sections rather than a single numbered section, so no row detail is given. ""All-Inclusive Experience: Buffet includes ballpark favorites, carving station, salads, sandwiches, desserts and more."" ""Fully Covered Outdoor Seating: All sections are protected from rain and sun along the left field line."" ""Private Club Lounge Access: Includes a climate-controlled indoor space with bars, seating, and restrooms."" ""the center field scoreboard is obstructed from view. However, flat-screen TVs are mounted along the overhang"".",LOW - no row data published for this section
Coca Cola Rooftop Deck,"Clubs, suites and other named areas",Coca-Cola Areas,"""right on top of the center field batter's eye"". The Coca-Cola Areas are ""located throughout the outfield"".",,not part of the numbered seating bowl,UNKNOWN,UNKNOWN,"The source describes this as a named area rather than a numbered section, so it publishes no aisle layout for it.","This area sits outside the numbered seating bowl and no seat numbering is published for it. Check the seat numbers printed on your own ticket, or ask the ticket office.",not published,"Per-section page, but no row/seat numbering detail is published. ""Food & Drinks Included: Tickets include complimentary buffet-style food, beer, and soft drinks""; menu features ""Hot dogs, nachos, barbecued pork, beef, and chicken"". ""All seats in this section are high backed bar stools in front of long tables"" with ""reserved seating along drink rails, offering a more social, standing or bar-style viewing experience overlooking the field"". ""Row A is in the sun for day games, get rows B or C to sit in the shade"".",LOW - no row data published for this section
Coca Cola Scoreboard Patio,"Clubs, suites and other named areas",Coca-Cola Areas,"""The Coca-Cola Areas include the Roof Deck, Scoreboard Patio, and Powerade Bridge, located throughout the outfield."" For concerts it is ""behind the stage or to the side of the stage for most concerts"".",,not part of the numbered seating bowl,UNKNOWN,UNKNOWN,"The source describes this as a named area rather than a numbered section, so it publishes no aisle layout for it.","This area sits outside the numbered seating bowl and no seat numbering is published for it. Check the seat numbers printed on your own ticket, or ask the ticket office.",not published,"Page describes the area rather than giving row-level detail. ""These spaces feature reserved seating along drink rails, offering a more social, standing or bar-style viewing experience"". Ticket ""includes a two-hour picnic buffet. The buffet includes BBQ, hot dogs, nachos and other stadium food."" ""Draft Budweiser and Bud Light are also included, along with Coca-Cola products and non-alcoholic beer."" ""usually reserved by groups"" and suited to ""casual fans"". ""getting to the Patio required a walk up about 20 steps"".",LOW - no row data published for this section
Commissioners Box,"Clubs, suites and other named areas",not named by the source,"A single exclusive box located in front of Section 141 on the first base side near the Cardinals dugout."" ""The Commissioner's Box is a single, exclusive seating area located directly in front of Section 141, positioned on the first base side near the Cardinals dugout.",,not part of the numbered seating bowl,UNKNOWN,UNKNOWN,"The source describes this as a named area rather than a numbered section, so it publishes no aisle layout for it.","This area sits outside the numbered seating bowl and no seat numbering is published for it. Check the seat numbers printed on your own ticket, or ask the ticket office.",not published,"Single premium box; the page describes the area and publishes no row or seat-numbering detail. ""Includes complimentary food, mixed drinks, wine, Budweiser, and Coca-Cola products."" ""In-Seat Wait Service: Food and beverages can be ordered directly to your seat throughout the game."" ""Tickets include entry to the UMB Champions Club with buffet dining and additional amenities."" ""Seats feature extra-padded stadium chairs, providing added comfort for a premium experience.""",LOW - no row data published for this section
Field Sections,"Clubs, suites and other named areas",Field Seats,"Concert-only floor seating. ""The field is arranged into sections to give fans a variety of seating options. Seats closest to the stage provide a more direct connection to the performers, while sections farther back offer a panoramic view."" ""Fans seated toward the sides of the field may have a slightly angled perspective.""",,not part of the numbered seating bowl,UNKNOWN,UNKNOWN,"The source describes this as a named area rather than a numbered section, so it publishes no aisle layout for it.","This area sits outside the numbered seating bowl and no seat numbering is published for it. Check the seat numbers printed on your own ticket, or ask the ticket office.",not published,"Zone page (""Field Seats for Concerts at Busch Stadium""), not a per-section page, so no row, entrance or seat-numbering detail exists. Layout varies by show. ""Many shows also include a General Admission (GA) pit near the stage"" and ""large video screens are typically set up to provide clear visuals for everyone in the venue."" ""taller attendees in front may occasionally block sightlines"".",LOW - no row data published for this section
Freese's Landing,"Clubs, suites and other named areas",Cardinals All-Inclusive Tickets,"""located behind Sections 101-105, just to the right of straight-away center field""; also described as ""located above Sections 101-105 and below the Scoreboard Patio"" and it ""sits just steps from where David Freese hit his historic walk-off home run in 2011"".",,not part of the numbered seating bowl,A-B,UNKNOWN,"The source describes this as a named area rather than a numbered section, so it publishes no aisle layout for it.","Facing the field, seat 1 is on your right. That is stated on this area's own page. It sits outside the numbered seating bowl, so there is no neighbouring section to describe it against.",not published,"Formerly ""Homer's Landing"", renamed in 2022 (the source URL is still /homers_landing). complimentary buffet, beer and soft drinks, with a limited menu (Bud products, sodas, hot dogs, bratwurst, nachos). High-backed bar stools at long bar tables, small TV screens, shaded seating. ""Given its perched location in the outfield, you will not be able to see all of the outfield"", with balls on the warning track obstructed.","HIGH - zone, rows, location and seat direction stated by the source"
Left Field Landing,"Clubs, suites and other named areas",Cardinals All-Inclusive Tickets,"Left Field Landing is one of the only field-level all-inclusive areas, located near the left field corner behind Section 169.",,not part of the numbered seating bowl,A-B,UNKNOWN,"The source describes this as a named area rather than a numbered section, so it publishes no aisle layout for it.","Facing the field, seat 1 is on your right. That is stated on this area's own page. It sits outside the numbered seating bowl, so there is no neighbouring section to describe it against.",not published,"Field-level all-inclusive area. ""Seating is outdoor and places fans close to the field, offering a different experience compared to elevated decks."" Includes ""complimentary buffet-style food, beer, and soft drinks"", with service beginning when gates open.","HIGH - zone, rows, location and seat direction stated by the source"
MVP Deck,"Clubs, suites and other named areas",Cardinals All-Inclusive Tickets,"The MVP Deck features two rows of covered, open-air seating in left-center field.",,not part of the numbered seating bowl,A-B,UNKNOWN,"The source describes this as a named area rather than a numbered section, so it publishes no aisle layout for it.","Facing the field, seat 1 is on your right. That is stated on this area's own page. It sits outside the numbered seating bowl, so there is no neighbouring section to describe it against.",not published,"Covered, open-air elevated outfield deck. ""Fans here enjoy an elevated outfield view, along with all-inclusive food and drink in a more intimate seating setup."" ""MVP Deck is behind the stage or to the side of the stage for most concerts. This may restrict or limit your view.""","HIGH - zone, rows, location and seat direction stated by the source"
Powerade Bridge,"Clubs, suites and other named areas",Coca-Cola Areas,"The Coca-Cola Areas include the Roof Deck, Scoreboard Patio, and Powerade Bridge, located throughout the outfield.",,not part of the numbered seating bowl,A-B,UNKNOWN,"The source describes this as a named area rather than a numbered section, so it publishes no aisle layout for it.","Facing the field, seat 1 is on your right. That is stated on this area's own page. It sits outside the numbered seating bowl, so there is no neighbouring section to describe it against.",not published,"includes ""complimentary buffet-style food, beer, and soft drinks"" and features ""reserved seating along drink rails, offering a more social, standing or bar-style viewing experience overlooking the field"". ""Powerade Bridge is behind the stage or to the side of the stage for most concerts. This may restrict or limit your view of the performance.""","HIGH - zone, rows, location and seat direction stated by the source"
Red Jacket Club,"Clubs, suites and other named areas",Cardinals All-Inclusive Tickets,not stated by the source,,not part of the numbered seating bowl,A-D,UNKNOWN,"The source describes this as a named area rather than a numbered section, so it publishes no aisle layout for it.","Facing the field, seat 1 is on your right. That is stated on this area's own page. It sits outside the numbered seating bowl, so there is no neighbouring section to describe it against.",not published,"Described as ""one of the more premium all-inclusive experiences"". The ""climate-controlled indoor club features upgraded food options along with: Mixed drinks, Wine, Premium beer selections"", plus buffet-style food and complimentary drinks.","MEDIUM - rows and zone confirmed, the source does not place this section"
Rooftop 1,"Clubs, suites and other named areas",not named by the source,not stated by the source,,not part of the numbered seating bowl,"1-3, WC",UNKNOWN,"The source describes this as a named area rather than a numbered section, so it publishes no aisle layout for it.","This area sits outside the numbered seating bowl and no seat numbering is published for it. Check the seat numbers printed on your own ticket, or ask the ticket office.",not published,"beyond the row labels and the concert stage-relationship note, no location, amenity or seat-numbering information is published. ""WC"" denotes a wheelchair-accessible row label.","MEDIUM - rows confirmed, ticket zone not named by the source"
Rooftop 2,"Clubs, suites and other named areas",not named by the source,not stated by the source,,not part of the numbered seating bowl,1-8,UNKNOWN,"The source describes this as a named area rather than a numbered section, so it publishes no aisle layout for it.","This area sits outside the numbered seating bowl and no seat numbering is published for it. Check the seat numbers printed on your own ticket, or ask the ticket office.",not published,"beyond the row labels and the concert stage-relationship note, no location, amenity or seat-numbering information is published.","MEDIUM - rows confirmed, ticket zone not named by the source"
Standing Room Only,"Clubs, suites and other named areas",Standing room,"Primary standing areas are located down the first base line near the right field foul pole."" ""Standing Room Only tickets at Busch Stadium are typically located down the first base line in right field, with views toward the right field foul pole."" ""One of the most popular areas for Standing Room Only ticket holders is the Budweiser Terrace, located on the fourth level of Busch Stadium.",,not part of the numbered seating bowl,UNKNOWN,UNKNOWN,"The source describes this as a named area rather than a numbered section, so it publishes no aisle layout for it.","This area sits outside the numbered seating bowl and no seat numbering is published for it. Check the seat numbers printed on your own ticket, or ask the ticket office.",not published,"Zone/area description page, not a per-section page — there are ""no assigned seats — fans can move around and stand in designated areas"", so rows and seat numbering do not apply. ""Standing Room Only tickets do not include access to any premium amenities or food and beverage packages."" General admission format, with the ability to relocate for varied vantage points.",LOW - no row data published for this section
