section,level,zone,location_in_stadium,sections_from_home_plate,direction_from_home_plate,rows_in_section,entrance_row,aisle_and_walkway_locations,seat_numbering,seats_per_row,notes,confidence
100,Field Level (100s),Crawford Boxes,"Crawford Boxes include Sections 100-104, located in left field at Daikin Park.",16,toward third base / left field,1-10,10,"Stairway aisles run along both side edges of the section; rows are not split by a mid-row aisle, so seat numbers run continuously from one side aisle to the other. The entry portal is at row 10.","Facing the field, seat 1 is on your left. That puts seat 1 on the far edge of the section, with no further section beyond it on that side, with seat numbers counting up toward the edge facing section 101. Seat 1 is the end of the row farthest from home plate, and higher seat numbers run back toward home plate.","Rows 1-2 have 7 seats labeled 1-7""; ""Rows 3-4 have 8 seats labeled 1-8""; ""Row 5 has 9 seats labeled 1-9""; ""Rows 6-7 have 10 seats labeled 1-10""; ""Rows 8-10 have 7 seats labeled 1-7","Crawford Boxes section. ""Rows 8 and above are shaded during most late afternoon games"". ""Only ~315 feet from home plate"". ""Section 100 is behind/Side Stage (most shows)"". Obstructed views, netting, dugout adjacency and wheelchair/accessible rows: UNKNOWN (not stated). rateyourseats.com/daikin-park/seating/sections/100","HIGH - zone, rows, location and seat direction stated by the source"
101,Field Level (100s),Crawford Boxes,"""located in left field at Daikin Park"" (Crawford Boxes, Sections 100-104)",15,toward third base / left field,1-10,10,"Stairway aisles run along both side edges of the section; rows are not split by a mid-row aisle, so seat numbers run continuously from one side aisle to the other. The entry portal is at row 10.","Facing the field, seat 1 is on your left. That puts seat 1 on the edge facing section 100, with seat numbers counting up toward the edge facing section 102. Seat 1 is the end of the row farthest from home plate, and higher seat numbers run back toward home plate.","Row 1 has 16 seats labeled 1-16""; ""Rows 2-7 have 17 seats labeled 1-17""; ""Rows 8-9 have 12 seats labeled 1-17""; ""Row 10 has 13 seats labeled 1-17","Crawford Boxes section. ""Rows 8 and above are shaded during most late afternoon games"". ""Only ~315 feet from home plate, closer than most outfield sections"". ""we recommend these seats for getting a ball"". ""101 is behind the stage or to the side of the stage for most concerts"". Obstructed views, netting, dugout adjacency and wheelchair/accessible rows: UNKNOWN (not stated). rateyourseats.com/daikin-park/seating/sections/101","HIGH - zone, rows, location and seat direction stated by the source"
102,Field Level (100s),Crawford Boxes,"""located in left field at Daikin Park"" (Crawford Boxes, Sections 100-104)",14,toward third base / left field,1-10,10,"Stairway aisles run along both side edges of the section; rows are not split by a mid-row aisle, so seat numbers run continuously from one side aisle to the other. The entry portal is at row 10.","Facing the field, seat 1 is on your left. That puts seat 1 on the edge facing section 101, with seat numbers counting up toward the edge facing section 103. Seat 1 is the end of the row farthest from home plate, and higher seat numbers run back toward home plate.","Rows 1-4 have 20 seats labeled 1-20""; ""Rows 5-8 have 21 seats labeled 1-21""; ""Row 9 has 18 seats labeled 1-21""; ""Row 10 has 16 seats labeled 1-21","Crawford Boxes section. ""Rows 8 and above are shaded during most late afternoon games"". ""Sections 100-104 are among the most recognizable seats in baseball""; ""Only ~315 feet from home plate"". ""102 is behind the stage or to the side of the stage for most concerts"". Obstructed views, netting, dugout adjacency and wheelchair/accessible rows: UNKNOWN (not stated). rateyourseats.com/daikin-park/seating/sections/102","HIGH - zone, rows, location and seat direction stated by the source"
103,Field Level (100s),Crawford Boxes,"""located in left field at Daikin Park"" and ""just 315 feet from home plate"" (Crawford Boxes, Sections 100-104)",13,toward third base / left field,1-10,6,"Stairway aisles run along both side edges of the section; rows are not split by a mid-row aisle, so seat numbers run continuously from one side aisle to the other. The entry portal is at row 6.","Facing the field, seat 1 is on your left. That puts seat 1 on the edge facing section 102, with seat numbers counting up toward the edge facing section 104. Seat 1 is the end of the row farthest from home plate, and higher seat numbers run back toward home plate.",not published,"""Elevated above the field""; ""Elevated seating provides a clear look into left field"". ""the wall in front of you is at least 3 feet tall"" and you ""can't see all of the outfield"". Sun/shade, netting, dugout adjacency and wheelchair/accessible rows: UNKNOWN (not stated). Seat counts per row not listed on the page (confirmed on a second targeted fetch). rateyourseats.com/daikin-park/seating/sections/103","HIGH - zone, rows, location and seat direction stated by the source"
104,Field Level (100s),Crawford Boxes,"Sections 100-104, located in left field at Daikin Park",12,toward third base / left field,1-13,13,"Stairway aisles run along both side edges of the section; rows are not split by a mid-row aisle, so seat numbers run continuously from one side aisle to the other. The entry portal is at row 13.","Facing the field, seat 1 is on your left. That puts seat 1 on the edge facing section 103, with seat numbers counting up toward the edge facing section 105. Seat 1 is the end of the row farthest from home plate, and higher seat numbers run back toward home plate.",Row 1: 3 seats; Row 2: 5 seats; Row 3: 9 seats; Row 4: 10 seats; Row 5: 12 seats; Row 6: 14 seats; Row 7: 16 seats; Row 8: 18 seats; Row 9: 19 seats; Row 10: 22 seats; Row 11: 28 seats (as listed on the page; rows 12-13 counts not reported),"Crawford Boxes section in left field. Obstructed views, sun/shade, netting, dugout adjacency and wheelchair/accessible rows: UNKNOWN (not stated). rateyourseats.com/daikin-park/seating/sections/104","HIGH - zone, rows, location and seat direction stated by the source"
105,Field Level (100s),Field Boxes,Sections 105-111 (third base line),11,toward third base / left field,12-40,40,"Stairway aisles run along both side edges of the section; rows are not split by a mid-row aisle, so seat numbers run continuously from one side aisle to the other. The entry portal is at row 40.","Facing the field, seat 1 is on your left. That puts seat 1 on the edge facing section 104, with seat numbers counting up toward the edge facing section 106. Seat 1 is the end of the row farthest from home plate, and higher seat numbers run back toward home plate.","Listed per row on the page, varying from 1 seat (Row 12) to 22 seats (Rows 28-29)","Field Boxes along the third base line. ""Best Shade Side: Third base side gets shade earlier and more consistently"". ""Good chance at foul balls in select sections"". Obstructed views, netting, dugout adjacency and wheelchair/accessible rows: UNKNOWN (not stated for this section). rateyourseats.com/daikin-park/seating/sections/105","HIGH - zone, rows, location and seat direction stated by the source"
106,Field Level (100s),Field Boxes,"Sections 105-111 (third base line)""; ""Sections 106-107: Among the best baseline views with a strong angle towards home plate",10,toward third base / left field,1-40,40,"Stairway aisles run along both side edges of the section; rows are not split by a mid-row aisle, so seat numbers run continuously from one side aisle to the other. The entry portal is at row 40.","Facing the field, seat 1 is on your left. That puts seat 1 on the edge facing section 105, with seat numbers counting up toward the edge facing section 107. Seat 1 is the end of the row farthest from home plate, and higher seat numbers run back toward home plate.",Row 1: 11 seats; Row 2: 12 seats; Rows 3-4: 13 seats; Row 5: 14 seats; Row 6: 16 seats; Row 7: 17 seats; Row 8: 19 seats; Row 9: 20 seats; Row 10: 21 seats; Rows 11-39: 22 seats,"Field Boxes, third base line. ""Rows 32 and above are shaded during most day games""; also flagged ""Afternoon Shade in Select Rows"". ""Top Pick for Kids and Family"", ""Top Pick for Great Views of the Field"". Obstructed views, netting, dugout adjacency and wheelchair/accessible rows: UNKNOWN (not stated). rateyourseats.com/daikin-park/seating/sections/106","HIGH - zone, rows, location and seat direction stated by the source"
107,Field Level (100s),Field Boxes,"Sections 105-111 (third base line)""; ""Sections 106-107: Among the best baseline views",9,toward third base / left field,1-40,40,"Stairway aisles run along both side edges of the section; rows are not split by a mid-row aisle, so seat numbers run continuously from one side aisle to the other. The entry portal is at row 40.","Facing the field, seat 1 is on your left. That puts seat 1 on the edge facing section 106, with seat numbers counting up toward the edge facing section 108. Seat 1 is the end of the row farthest from home plate, and higher seat numbers run back toward home plate.",Row 1: 9 seats; Rows 2-3: 10 seats; Row 4: 11 seats; Row 5: 12 seats; Rows 6-7: 13 seats; Row 8: 14 seats; Row 9: 15 seats; Rows 10-11: 16 seats; Row 12: 17 seats; Rows 13-14: 18 seats; Row 15: 19 seats; Row 16: 20 seats; Rows 17-18: 21 seats; Row 19: 22 seats; Row 20: 23 seats; Rows 21-39: 24 seats,"Field Boxes, third base line. ""Rows 32 and above are shaded during most day games"". Obstructed views, netting, dugout adjacency and wheelchair/accessible rows: UNKNOWN (not stated). rateyourseats.com/daikin-park/seating/sections/107","HIGH - zone, rows, location and seat direction stated by the source"
108,Field Level (100s),Field Boxes,Sections 105-111 (third base),8,toward third base / left field,27-40,40,"Stairway aisles run along both side edges of the section; rows are not split by a mid-row aisle, so seat numbers run continuously from one side aisle to the other. The entry portal is at row 40.","Facing the field, seat 1 is on your left. That puts seat 1 on the edge facing section 107, with seat numbers counting up toward the edge facing section 109. Seat 1 is the end of the row farthest from home plate, and higher seat numbers run back toward home plate.",Row 27: 2 seats; Row 28: 3 seats; Row 29: 5 seats; Row 30: 6 seats; Row 31: 7 seats; Row 32: 9 seats; Row 33: 10 seats; Row 34: 12 seats; Row 35: 13 seats; Row 36: 15 seats; Row 37: 16 seats; Row 38: 18 seats; Row 39: 19 seats,"Field Boxes, third base side. ""Rows 32 and above are shaded during most day games"". ""we recommend these seats for kids and family"". Obstructed views, netting, dugout adjacency and wheelchair/accessible rows: UNKNOWN (not stated). rateyourseats.com/daikin-park/seating/sections/108","HIGH - zone, rows, location and seat direction stated by the source"
109,Field Level (100s),Field Boxes,Sections 105-111 (third base line),7,toward third base / left field,1-40,40,"Stairway aisles run along both side edges of the section; rows are not split by a mid-row aisle, so seat numbers run continuously from one side aisle to the other. The entry portal is at row 40.","Facing the field, seat 1 is on your left. That puts seat 1 on the edge facing section 108, with seat numbers counting up toward the edge facing section 110. Seat 1 is the end of the row farthest from home plate, and higher seat numbers run back toward home plate.",Listed per row on the page: Row 1 has 6 seats; Row 2 has 7 seats; Rows 3-8 range 8-9 seats; Rows 9-24 range 10-21 seats; Rows 25-39 have 22 seats each,"Field Boxes, third base line. ""Rows 32 and above are shaded during most day games"". ""Sections 109-111 (third base side)"" have better catching opportunities. ""we recommend these seats for kids and family""; ""we recommend rows 36-40 for outstanding convenience"". Obstructed views, netting, dugout adjacency and wheelchair/accessible rows: UNKNOWN (not stated). rateyourseats.com/daikin-park/seating/sections/109","HIGH - zone, rows, location and seat direction stated by the source"
110,Field Level (100s),Field Boxes,Sections 105-111 (third base line),6,toward third base / left field,1-40,40,"Stairway aisles run along both side edges of the section; rows are not split by a mid-row aisle, so seat numbers run continuously from one side aisle to the other. The entry portal is at row 40.","Facing the field, seat 1 is on your left. That puts seat 1 on the edge facing section 109, with seat numbers counting up toward the edge facing section 111. Seat 1 is the end of the row farthest from home plate, and higher seat numbers run back toward home plate.",Rows 1-39 have 20 seats labeled 1-20,"Field Boxes, third base line. ""Rows 32 and above are shaded during most day games"". ""netting does limit some opportunities"" (foul balls). Obstructed views, dugout adjacency and wheelchair/accessible rows: UNKNOWN (not stated). rateyourseats.com/daikin-park/seating/sections/110","HIGH - zone, rows, location and seat direction stated by the source"
111,Field Level (100s),Field Boxes,Sections 105-111 (third base line),5,toward third base / left field,1-40,40,"Stairway aisles run along both side edges of the section; rows are not split by a mid-row aisle, so seat numbers run continuously from one side aisle to the other. The entry portal is at row 40.","Facing the field, seat 1 is on your left. That puts seat 1 on the edge facing section 110, with seat numbers counting up toward the edge facing section 112. Seat 1 is the end of the row farthest from home plate, and higher seat numbers run back toward home plate.","Rows 1-4 have 14 seats labeled 1-14""; ""Rows 5-39 have 18 seats labeled 1-18","Field Boxes, third base line. ""Rows 32 and above are shaded during most day games"". Obstructed views, netting, dugout adjacency and wheelchair/accessible rows: UNKNOWN (not stated for this section). rateyourseats.com/daikin-park/seating/sections/111","HIGH - zone, rows, location and seat direction stated by the source"
112,Field Level (100s),Dugout Boxes,"Behind the visitor dugout""; part of ""Sections 112-126, located along the infield on the 100 level at Daikin Park",4,toward third base / left field,5-40,40,"Stairway aisles run along both side edges of the section; rows are not split by a mid-row aisle, so seat numbers run continuously from one side aisle to the other. The entry portal is at row 40.","Facing the field, seat 1 is on your left. That puts seat 1 on the edge facing section 111, with seat numbers counting up toward the edge facing section 113. Seat 1 is the end of the row farthest from home plate, and higher seat numbers run back toward home plate.",Rows 5-39 have 16 seats labeled 1-16,"Dugout Boxes. ""For baseball games, these seats are located behind the visitor dugout"". ""There is some amount of netting or screening in front of sections 112-126"". ""Rows 32 and above are shaded during most day games"". ""Top Pick for Visiting Team Fans Rows 5-14"". Obstructed views and wheelchair/accessible rows: UNKNOWN (not stated). rateyourseats.com/daikin-park/seating/sections/112","HIGH - zone, rows, location and seat direction stated by the source"
113,Field Level (100s),Dugout Boxes,"""located behind the visitor dugout"" (Sections 112-126 along the infield on the 100 level)",3,toward third base / left field,5-40,40,"Stairway aisles run along both side edges of the section; rows are not split by a mid-row aisle, so seat numbers run continuously from one side aisle to the other. The entry portal is at row 40.","Facing the field, seat 1 is on your left. That puts seat 1 on the edge facing section 112, with seat numbers counting up toward the edge facing section 114. Seat 1 is the end of the row farthest from home plate, and higher seat numbers run back toward home plate.",Rows 5-39 have 16 seats labeled 1-16,"Dugout Boxes. ""Row 5 is the first row behind the visitor's dugout"". ""Rows 32 and above are shaded during most day games"". ""we recommend rows 5-14 for visiting team fans"". Obstructed views, netting specifics and wheelchair/accessible rows: UNKNOWN (not stated). rateyourseats.com/daikin-park/seating/sections/113","HIGH - zone, rows, location and seat direction stated by the source"
114,Field Level (100s),Dugout Boxes,"Located along the infield on the 100 level at Daikin Park""; ""Behind the visitor dugout (112-116)",2,toward third base / left field,5-40,40,"Stairway aisles run along both side edges of the section; rows are not split by a mid-row aisle, so seat numbers run continuously from one side aisle to the other. The entry portal is at row 40.","Facing the field, seat 1 is on your left. That puts seat 1 on the edge facing section 113, with seat numbers counting up toward the edge facing section 116. Seat 1 is the end of the row farthest from home plate, and higher seat numbers run back toward home plate.",Rows 5-39 have 16 seats labeled 1-16,"Dugout Boxes. ""For baseball games, these seats are located behind the visitor dugout"". ""Rows 32 and above are shaded during most day games"". Obstructed views, netting and wheelchair/accessible rows: UNKNOWN (not stated). rateyourseats.com/daikin-park/seating/sections/114","HIGH - zone, rows, location and seat direction stated by the source"
116,Field Level (100s),Dugout Boxes,"Behind the visitor dugout (112-116)""; ""Dugout Box seating includes Sections 112-126, located along the infield on the 100 level at Daikin Park.",1,toward third base / left field,5-40,40,"Stairway aisles run along both side edges of the section; rows are not split by a mid-row aisle, so seat numbers run continuously from one side aisle to the other. The entry portal is at row 40.","Facing the field, seat 1 is on your left. That puts seat 1 on the edge facing section 114, with seat numbers counting up toward the edge facing section 118. Seat 1 is the end of the row farthest from home plate, and higher seat numbers run back toward home plate.","Listed per row on the page, ranging from 12 seats in Row 5 to 36 seats in Row 39","Dugout Boxes. ""Row 5 is the first row behind the dugouts"" (visitor dugout side, 112-116). ""Rows 32 and above are shaded during most day games"". ""For baseball games, we recommend rows 36-40 for outstanding convenience"". Obstructed views, netting and wheelchair/accessible rows: UNKNOWN (not stated). rateyourseats.com/daikin-park/seating/sections/116","HIGH - zone, rows, location and seat direction stated by the source"
118,Field Level (100s),Dugout Boxes,"Sections 112-126, located along the infield on the 100 level at Daikin Park""; ""Through home plate (118-120)",0,behind home plate,12-32,32,"Stairway aisles run along both side edges of the section; rows are not split by a mid-row aisle, so seat numbers run continuously from one side aisle to the other. The entry portal is at row 32.","Facing the field, seat 1 is on your left. That puts seat 1 on the edge facing section 116, with seat numbers counting up toward the edge facing section 119. This section is behind home plate, so seat 1 is on its third-base side.",Row 12: 19 seats; Rows 13-14: 20 seats; Row 15: 18 seats; Row 16: 19 seats; Rows 17-18: 20 seats; Row 19: 21 seats; Row 20: 22 seats; Row 21: 23 seats; Row 22: 22 seats; Rows 23-25: 24 seats; Rows 26-28: 26 seats; Rows 29-31: 28 seats,"Dugout Boxes, behind home plate area. ""Rows 25 and above are shaded during most late afternoon games"". ""Row 5 is the first row behind the dugouts"" ( Section 118 rows start at 12). Obstructed views, netting and wheelchair/accessible rows: UNKNOWN (not stated). rateyourseats.com/daikin-park/seating/sections/118","HIGH - zone, rows, location and seat direction stated by the source"
119,Field Level (100s),Dugout Boxes,"Sections 112-126, located along the infield on the 100 level at Daikin Park""; ""Sections 118-120"" provide ""Prime Home Plate Views",0,behind home plate,12-32,32,"Stairway aisles run along both side edges of the section; rows are not split by a mid-row aisle, so seat numbers run continuously from one side aisle to the other. The entry portal is at row 32.","Facing the field, seat 1 is on your left. That puts seat 1 on the edge facing section 118, with seat numbers counting up toward the edge facing section 120. This section is behind home plate, so seat 1 is on its third-base side.",Rows 12-13: 8 seats; Rows 14-16: 9 seats; Rows 17-19: 10 seats; Rows 20-22: 11 seats; Rows 23-24: 12 seats; Rows 25-27: 13 seats; Rows 28-29: 14 seats; Row 30: 13 seats; Row 31: 14 seats,"Dugout Boxes, directly behind home plate. ""Rows 28 and above are shaded during most late afternoon games"". Obstructed views, netting, dugout adjacency and wheelchair/accessible rows: UNKNOWN (not stated). rateyourseats.com/daikin-park/seating/sections/119","HIGH - zone, rows, location and seat direction stated by the source"
120,Field Level (100s),Dugout Boxes,"Sections 112-126, located along the infield on the 100 level at Daikin Park. Behind the visitor dugout (112-116) Through home plate (118-120) To behind the Astros dugout (122-126)",0,behind home plate,12-32,32,"Stairway aisles run along both side edges of the section; rows are not split by a mid-row aisle, so seat numbers run continuously from one side aisle to the other. The entry portal is at row 32.","Facing the field, seat 1 is on your left. That puts seat 1 on the edge facing section 119, with seat numbers counting up toward the edge facing section 122. This section is behind home plate, so seat 1 is on its third-base side.",Listed per row on the page: Row 12: 19 seats; Rows 13-14: 20 seats; Row 15: 18 seats; Row 16: 19 seats; ... Rows 29-31: 28 seats (full per-row list on page),"Dugout Boxes, home plate area. ""Rows 30 and above are shaded during most late afternoon games"". ""Sit directly behind the Astros or visiting dugout"". Obstructed views, netting and wheelchair/accessible rows: UNKNOWN (not stated). rateyourseats.com/daikin-park/seating/sections/120","HIGH - zone, rows, location and seat direction stated by the source"
122,Field Level (100s),Dugout Boxes,"Behind the Astros dugout""; ""located along the infield on the 100 level at Daikin Park",1,toward first base / right field,5-40,40,"Stairway aisles run along both side edges of the section; rows are not split by a mid-row aisle, so seat numbers run continuously from one side aisle to the other. The entry portal is at row 40.","Facing the field, seat 1 is on your left. That puts seat 1 on the edge facing section 120, with seat numbers counting up toward the edge facing section 124. Seat 1 is the end of the row closest to home plate, and higher seat numbers run away from home plate.","Listed per row on the page, ranging from 13 seats (Rows 5-6) to 34 seats (Row 39)","Dugout Boxes. ""Row 5 is the first row behind the Astros dugout in Section 122"". ""Rows 35 and above are shaded during most day games"". ""you can't see deep left field behind where the seats jut out"". Netting and wheelchair/accessible rows: UNKNOWN (not stated). rateyourseats.com/daikin-park/seating/sections/122","HIGH - zone, rows, location and seat direction stated by the source"
124,Field Level (100s),Dugout Boxes,"Dugout Boxes"" are ""Sections 112-126, located along the infield on the 100 level""; Section 124 is ""behind the Astros dugout",2,toward first base / right field,5-40,40,"Stairway aisles run along both side edges of the section; rows are not split by a mid-row aisle, so seat numbers run continuously from one side aisle to the other. The entry portal is at row 40.","Facing the field, seat 1 is on your left. That puts seat 1 on the edge facing section 122, with seat numbers counting up toward the edge facing section 125. Seat 1 is the end of the row closest to home plate, and higher seat numbers run away from home plate.",Rows 5-39 have 16 seats labeled 1-16,"""These seats are located behind the Astros dugout""; ""Row 5 is the first row behind the Astros dugout"". ""Rows 35 and above are shaded during most day games"". ""The places to be for foul balls are Sections 124 and 128"". Obstructed views, netting and wheelchair/accessible rows","HIGH - zone, rows, location and seat direction stated by the source"
125,Field Level (100s),Dugout Boxes,"Dugout Boxes"" are ""Sections 112-126, located along the infield on the 100 level""; Section 125 is ""behind the Astros dugout",3,toward first base / right field,5-40,40,"Stairway aisles run along both side edges of the section; rows are not split by a mid-row aisle, so seat numbers run continuously from one side aisle to the other. The entry portal is at row 40.","Facing the field, seat 1 is on your left. That puts seat 1 on the edge facing section 124, with seat numbers counting up toward the edge facing section 126. Seat 1 is the end of the row closest to home plate, and higher seat numbers run away from home plate.",Rows 5-39 have 16 seats labeled 1-16,"""Row 5 is the first row behind the Astros dugout in Section 125"". ""Rows 35 and above are shaded during most day games"". Obstructed views, netting and wheelchair/accessible rows","HIGH - zone, rows, location and seat direction stated by the source"
126,Field Level (100s),Dugout Boxes,"Located along the infield on the 100 level at Daikin Park"", specifically ""behind the Astros dugout""; zone is ""Sections 112-126",4,toward first base / right field,5-40,40,"Stairway aisles run along both side edges of the section; rows are not split by a mid-row aisle, so seat numbers run continuously from one side aisle to the other. The entry portal is at row 40.","Facing the field, seat 1 is on your left. That puts seat 1 on the edge facing section 125, with seat numbers counting up toward the edge facing section 127. Seat 1 is the end of the row closest to home plate, and higher seat numbers run away from home plate.",Rows 5-39 have 16 seats labeled 1-16,"""Row 5 is the first row behind the Astros dugout in Section 126"". ""Rows 35 and above are shaded during most day games"". Obstructed views, netting, Crawford Boxes and wheelchair/accessible rows","HIGH - zone, rows, location and seat direction stated by the source"
127,Field Level (100s),Field Boxes,Sections 127-134 (first base line),5,toward first base / right field,1-40,40,"Stairway aisles run along both side edges of the section; rows are not split by a mid-row aisle, so seat numbers run continuously from one side aisle to the other. The entry portal is at row 40.","Facing the field, seat 1 is on your left. That puts seat 1 on the edge facing section 126, with seat numbers counting up toward the edge facing section 128. Seat 1 is the end of the row closest to home plate, and higher seat numbers run away from home plate.","Rows 1-4 have 16 seats labeled 1-16""; ""Rows 5-39 have 20 seats labeled 1-20","""Rows 35 and above are shaded during most day games""; section insight ""Afternoon Shade in Select Rows"". Obstructed views, netting, dugout adjacency, Crawford Boxes and wheelchair/accessible rows","HIGH - zone, rows, location and seat direction stated by the source"
128,Field Level (100s),Field Boxes,Sections 127-134 (first base line),6,toward first base / right field,1-40,40,"Stairway aisles run along both side edges of the section; rows are not split by a mid-row aisle, so seat numbers run continuously from one side aisle to the other. The entry portal is at row 40.","Facing the field, seat 1 is on your left. That puts seat 1 on the edge facing section 127, with seat numbers counting up toward the edge facing section 129. Seat 1 is the end of the row closest to home plate, and higher seat numbers run away from home plate.",Rows 1-39 have 20 seats labeled 1-20,"""Rows 35 and above are shaded during most day games""; ""Afternoon Shade in Select Rows"". ""Rows 36-40 for outstanding convenience"". Section 124 page states ""The places to be for foul balls are Sections 124 and 128"". Obstructed views, netting, dugout adjacency, Crawford Boxes and wheelchair/accessible rows","HIGH - zone, rows, location and seat direction stated by the source"
129,Field Level (100s),Field Boxes,Sections 127-134 (first base line),7,toward first base / right field,1-40,40,"Stairway aisles run along both side edges of the section; rows are not split by a mid-row aisle, so seat numbers run continuously from one side aisle to the other. The entry portal is at row 40.","Facing the field, seat 1 is on your left. That puts seat 1 on the edge facing section 128, with seat numbers counting up toward the edge facing section 131. Seat 1 is the end of the row closest to home plate, and higher seat numbers run away from home plate.",Varies by row as listed: Rows 1-2 have 15 seats; Rows 3-6 have 16; Rows 7-10 have 17; Rows 11-14 have 18; Rows 15-18 have 19; Rows 19-23 have 20; Rows 24-28 have 21; Rows 29-35 have 22; Rows 36-37 have 23; Rows 38-39 have 24,"""Rows 35 and above are shaded during most day games"". Obstructed views, netting, dugout adjacency, Crawford Boxes and wheelchair/accessible rows","HIGH - zone, rows, location and seat direction stated by the source"
131,Field Level (100s),Field Boxes,Sections 127-134 (first base line),8,toward first base / right field,1-40,40,"Stairway aisles run along both side edges of the section; rows are not split by a mid-row aisle, so seat numbers run continuously from one side aisle to the other. The entry portal is at row 40.","Facing the field, seat 1 is on your left. That puts seat 1 on the edge facing section 129, with seat numbers counting up toward the edge facing section 132. Seat 1 is the end of the row closest to home plate, and higher seat numbers run away from home plate.","Varies by row, from 12 seats in Rows 1-2 up to ""Rows 36-39 have 24 seats labeled 1-24""","""Rows 35 and above are shaded during most day games"". Obstructed views, netting, dugout adjacency, Crawford Boxes and wheelchair/accessible rows","HIGH - zone, rows, location and seat direction stated by the source"
132,Field Level (100s),Field Boxes,Sections 127-134 (first base line),9,toward first base / right field,1-40,40,"Stairway aisles run along both side edges of the section; rows are not split by a mid-row aisle, so seat numbers run continuously from one side aisle to the other. The entry portal is at row 40.","Facing the field, seat 1 is on your left. That puts seat 1 on the edge facing section 131, with seat numbers counting up toward the edge facing section 133. Seat 1 is the end of the row closest to home plate, and higher seat numbers run away from home plate.","Varies by row, from 10 seats in Rows 1-3 up to 22 seats in Rows 37-39","""you will be blocked out from seeing any scorchers hit down the first base line and into the right field corner""; ""Viewing the main scoreboard is difficult though, as you will need to turn your entire body to see the large screen"". ""Rows 35 and above are shaded during most day games"". ""Top Pick for Kids and Family""; ""Foul Ball Potential: Good chance at foul balls in select sections"". Netting, dugout adjacency, Crawford Boxes and wheelchair/accessible rows","HIGH - zone, rows, location and seat direction stated by the source"
133,Field Level (100s),Field Boxes,Sections 127-134 (first base line),10,toward first base / right field,1-40,40,"Stairway aisles run along both side edges of the section; rows are not split by a mid-row aisle, so seat numbers run continuously from one side aisle to the other. The entry portal is at row 40.","Facing the field, seat 1 is on your left. That puts seat 1 on the edge facing section 132, with seat numbers counting up toward the edge facing section 134. Seat 1 is the end of the row closest to home plate, and higher seat numbers run away from home plate.","Varies by row, from ""Row 1 has 3 seats labeled 1-3"" through ""Rows 37-39 have 23 seats labeled 1-23""","""Rows 35 and above are shaded during most day games""; insight ""Afternoon Shade in Select Rows"". ""Top Pick for Kids and Family"". Obstructed views, netting, dugout adjacency, Crawford Boxes and wheelchair/accessible rows","HIGH - zone, rows, location and seat direction stated by the source"
134,Field Level (100s),Field Boxes,Sections 127-134 (first base line),11,toward first base / right field,9-40,40,"Stairway aisles run along both side edges of the section; rows are not split by a mid-row aisle, so seat numbers run continuously from one side aisle to the other. The entry portal is at row 40.","Facing the field, seat 1 is on your left. That puts seat 1 on the edge facing section 133, with seat numbers counting up toward the edge facing section 150. Seat 1 is the end of the row closest to home plate, and higher seat numbers run away from home plate.","Varies by row, from 2 seats in Row 9 up to 29 seats in Rows 36-39","""Rows 36 and above are shaded during most day games""; insight ""Afternoon Shade in Select Rows"". Obstructed views, netting, dugout adjacency, Crawford Boxes and wheelchair/accessible rows","HIGH - zone, rows, location and seat direction stated by the source"
150,Field Level (100s),Bullpen Boxes,"Sections 150-156, located in right field beneath the scoreboard at Daikin Park",12,toward first base / right field,13-22,22,"Stairway aisles run along both side edges of the section; rows are not split by a mid-row aisle, so seat numbers run continuously from one side aisle to the other. The entry portal is at row 22.","Facing the field, seat 1 is on your left. That puts seat 1 on the edge facing section 134, with seat numbers counting up toward the edge facing section 151. Seat 1 is the end of the row closest to home plate, and higher seat numbers run away from home plate.",Row 13 has 2 seats; Row 14 has 3; Row 15 has 4; Row 16 has 5; Row 17 has 6; Row 18 has 7; Row 19 has 8; Row 20 has 9; Row 21 has 8; Row 22 has 4,"""All seats in this section are shaded during most day games""; zone note ""Rows 1-17: Mostly exposed to the sun"" and ""Rows 18+: Benefit from shade provided by the overhead terrace"". ""Frequent landing area for left-handed hitters""; direct views of the Astros bullpen nearby. Obstructed views, netting, dugout adjacency, Crawford Boxes and wheelchair/accessible rows","HIGH - zone, rows, location and seat direction stated by the source"
151,Field Level (100s),Bullpen Boxes,The Bullpen Boxes at Daikin Park are a unique seating location in right field under the scoreboard.,13,toward first base / right field,"13-20, 21",21,"Stairway aisles run along both side edges of the section; rows are not split by a mid-row aisle, so seat numbers run continuously from one side aisle to the other. The entry portal is at row 21.","Facing the field, seat 1 is on your left. That puts seat 1 on the edge facing section 150, with seat numbers counting up toward the edge facing section 152. Seat 1 is the end of the row closest to home plate, and higher seat numbers run away from home plate.","Rows have either ""10 seats labeled 1-10"" or ""11 seats labeled 1-11""","""Wheelchair seating is available behind Row 20"". ""Rows 13 and above are shaded during most day games""; ""the overhead terrace provides shade for fans in rows 18 and above"". Obstructed views, netting, dugout adjacency and Crawford Boxes","HIGH - zone, rows, location and seat direction stated by the source"
152,Field Level (100s),Bullpen Boxes,"Sections 150-156, located in right field beneath the scoreboard at Daikin Park",14,toward first base / right field,1-25,25,"Stairway aisles run along both side edges of the section; rows are not split by a mid-row aisle, so seat numbers run continuously from one side aisle to the other. The entry portal is at row 25.","Facing the field, seat 1 is on your left. That puts seat 1 on the edge facing section 151, with seat numbers counting up toward the edge facing section 153. Seat 1 is the end of the row closest to home plate, and higher seat numbers run away from home plate.",Row 1 has 13 seats; Row 2 has 14; Row 3 has 15; Row 4 has 16; Row 5 has 17; Row 6 has 18; Row 7 has 19; Row 8 has 20; Row 9 has 21; Row 10 has 22; Row 11 has 23; Rows 12-23 have 24; Rows 24-25 have 22,"fan review states ""it's not behind any netting, so we could get give away items if we were so lucky"". ""Rows 1-17: Mostly exposed to the sun""; ""Rows 18+: Benefit from shade provided by the overhead terrace"". ""Rows 20-25 for outstanding convenience""; ""Right next to bathrooms and an easy walk to any concession stand"". Obstructed views, dugout adjacency, Crawford Boxes and wheelchair/accessible rows","HIGH - zone, rows, location and seat direction stated by the source"
153,Field Level (100s),Bullpen Boxes,The Bullpen Boxes at Daikin Park are a unique seating location in right field under the scoreboard.,15,toward first base / right field,"1-17, 21-25",25,"Stairway aisles run along both side edges of the section; rows are not split by a mid-row aisle, so seat numbers run continuously from one side aisle to the other. The entry portal is at row 25.","Facing the field, seat 1 is on your left. That puts seat 1 on the edge facing section 152, with seat numbers counting up toward the edge facing section 154. Seat 1 is the end of the row closest to home plate, and higher seat numbers run away from home plate.","Stated per-row lines include rows that ""have 24 seats labeled 1-24"" and a row that ""has 18 seats labeled 5-24""; full per-row mapping UNKNOWN","""153 is behind the stage or to the side of the stage for most concerts. This may restrict or limit your view of the performance."" ""Rows 12 and above are shaded during most day games"". Netting, dugout adjacency, Crawford Boxes and wheelchair/accessible rows","HIGH - zone, rows, location and seat direction stated by the source"
154,Field Level (100s),Bullpen Boxes,"Sections 150-156, located in right field beneath the scoreboard at Daikin Park",16,toward first base / right field,"1-20, 21",21,"Stairway aisles run along both side edges of the section; rows are not split by a mid-row aisle, so seat numbers run continuously from one side aisle to the other. The entry portal is at row 21.","Facing the field, seat 1 is on your left. That puts seat 1 on the edge facing section 153, with seat numbers counting up toward the edge facing section 155. Seat 1 is the end of the row closest to home plate, and higher seat numbers run away from home plate.",Rows 1-20 have 24 seats labeled 1-24,"""you can't see any of the main scoreboard which is located directly above these seats"". ""Wheelchair seating is available behind Row 20"". ""Rows 1-17: Mostly exposed to the sun""; ""Rows 18+: Benefit from shade provided by the overhead terrace"". Netting, dugout adjacency and Crawford Boxes","HIGH - zone, rows, location and seat direction stated by the source"
155,Field Level (100s),Bullpen Boxes,"Sections 150-156, located in right field beneath the scoreboard at Daikin Park",17,toward first base / right field,1-25,25,"Stairway aisles run along both side edges of the section; rows are not split by a mid-row aisle, so seat numbers run continuously from one side aisle to the other. The entry portal is at row 25.","Facing the field, seat 1 is on your left. That puts seat 1 on the edge facing section 154, with seat numbers counting up toward the edge facing section 156. Seat 1 is the end of the row closest to home plate, and higher seat numbers run away from home plate.","Rows 1-7 have ""2 seats labeled 1-2""; Rows 8-24 have ""24 seats labeled 1-24""; Row 25 has 20 seats ""labeled 1-24""","fan review states the wall blocks views of the bullpen below, making it ""difficult to see anything in deep right field"". ""The Astros Bullpen is in Front of Sections 155-156"". ""155 is behind the stage or to the side of the stage for most concerts."" ""Rows 1-17: Mostly exposed to the sun""; ""Rows 18+: Benefit from shade provided by the overhead terrace""; ""Rows 12 and above are shaded during most day games"". Netting, dugout adjacency, Crawford Boxes and wheelchair/accessible rows","HIGH - zone, rows, location and seat direction stated by the source"
156,Field Level (100s),Bullpen Boxes,"Sections 150-156, located in right field beneath the scoreboard at Daikin Park",18,toward first base / right field,1-14,14,"Stairway aisles run along both side edges of the section; rows are not split by a mid-row aisle, so seat numbers run continuously from one side aisle to the other. The entry portal is at row 14.","Facing the field, seat 1 is on your left. That puts seat 1 on the edge facing section 155, with seat numbers counting up toward the far edge of the section, with no further section beyond it on that side. Seat 1 is the end of the row closest to home plate, and higher seat numbers run away from home plate.",Rows 1-13 have 24 seats labeled 1-24,"""Direct look at the Astros bullpen near Sections 155-156""; ""The Astros Bullpen is in Front of Sections 155-156"". ""156 is behind the stage or to the side of the stage for most concerts. This may restrict or limit your view of the performance."" ""Rows 1-17: Mostly exposed to the sun""; ""Rows 18+: Benefit from shade provided by the overhead terrace""; ""Rows 1 and above are shaded during most day games"". Netting, dugout adjacency, Crawford Boxes and wheelchair/accessible rows","HIGH - zone, rows, location and seat direction stated by the source"
205,Club and Mezzanine (200s),Club Level,"Honda Club Level seating includes Sections 205-236, located on the second tier at Daikin Park""; ""These seats wrap from the third base line, behind home plate, through the first base side, offering a wide range of viewing angles.",14,toward third base / left field,1-12,12,"Stairway aisles run along both side edges of the section; rows are not split by a mid-row aisle, so seat numbers run continuously from one side aisle to the other. The entry portal is at row 12.","Facing the field, seat 1 is on your left. That puts seat 1 on the far edge of the section, with no further section beyond it on that side, with seat numbers counting up toward the edge facing section 206. Seat 1 is the end of the row farthest from home plate, and higher seat numbers run back toward home plate.","Rows 1-11 have ""12 seats labeled 1-12""; Row 12 has ""9 seats labeled 4-12""","""Rows 5 and above are shaded during most day games""; insight ""Afternoon Shade in Select Rows"". ""climate-controlled interior with upgraded food, restrooms, and seating areas""; ""Smaller Sections"" creating ""a less crowded experience"". Obstructed views, netting, dugout adjacency, Crawford Boxes and wheelchair/accessible rows","HIGH - zone, rows, location and seat direction stated by the source"
206,Club and Mezzanine (200s),Club Level,"Honda Club Level seating includes Sections 205-236, located on the second tier at Daikin Park""; ""These seats wrap from the third base line, behind home plate, through the first base side, offering a wide range of viewing angles.",13,toward third base / left field,1-8,UNKNOWN,"Stairway aisles run along both side edges of the section; rows are not split by a mid-row aisle, so seat numbers run continuously from one side aisle to the other. The entry portal row is not published for this section.","Facing the field, seat 1 is on your left. That puts seat 1 on the edge facing section 205, with seat numbers counting up toward the edge facing section 207. Seat 1 is the end of the row farthest from home plate, and higher seat numbers run back toward home plate.",not published,"""Rows 5 and above are shaded during most day games"". Obstructed views, netting, dugout adjacency, Crawford Boxes and wheelchair/accessible rows","HIGH - zone, rows, location and seat direction stated by the source"
207,Club and Mezzanine (200s),Club Level,"Honda Club Level seating includes Sections 205-236, located on the second tier at Daikin Park"" (second tier); wrapping ""from the third base line, behind home plate, through the first base side",12,toward third base / left field,1-12,12,"Stairway aisles run along both side edges of the section; rows are not split by a mid-row aisle, so seat numbers run continuously from one side aisle to the other. The entry portal is at row 12.","Facing the field, seat 1 is on your left. That puts seat 1 on the edge facing section 206, with seat numbers counting up toward the edge facing section 208. Seat 1 is the end of the row farthest from home plate, and higher seat numbers run back toward home plate.",Row 1 has 14 seats; Row 2 has 15; Rows 3-4 have 16; Row 5 has 17; Row 6 has 18; Rows 7-8 have 19; Row 9 has 20; Row 10 has 21; Row 11 has 22; Row 12 has 18 seats labeled 1-21,"""Rows 5 and above are shaded during most day games""; insight ""Afternoon Shade in Select Rows"". Premium seating with climate-controlled club concourse access; smaller section size noted as an advantage. Obstructed views, netting, dugout adjacency, Crawford Boxes and wheelchair/accessible rows","HIGH - zone, rows, location and seat direction stated by the source"
208,Club and Mezzanine (200s),Club Level,not stated by the source,11,toward third base / left field,1-12,12,"Stairway aisles run along both side edges of the section; rows are not split by a mid-row aisle, so seat numbers run continuously from one side aisle to the other. The entry portal is at row 12.","Facing the field, seat 1 is on your left. That puts seat 1 on the edge facing section 207, with seat numbers counting up toward the edge facing section 209. Seat 1 is the end of the row farthest from home plate, and higher seat numbers run back toward home plate.",Row 1 has 11 seats; Row 2 has 12 seats; Row 3 has 13 seats; Rows 4-5 have 14 seats; Row 6 has 15 seats; Rows 7-8 have 16 seats,"""Climate-controlled interior with upgraded food, restrooms, and seating areas""; ""access to an attached climate-controlled club concourse, featuring: Air conditioning, Televisions throughout, Private restrooms, Specialty food and drink options"". ""Rows 5 and above are shaded during most day games"". not stated. not stated. rateyourseats.com/daikin-park/seating/sections/208","MEDIUM - rows and zone confirmed, the source does not place this section"
209,Club and Mezzanine (200s),Club Level,Includes Sections 205-236 along the second tier.,10,toward third base / left field,1-12,12,"Stairway aisles run along both side edges of the section; rows are not split by a mid-row aisle, so seat numbers run continuously from one side aisle to the other. The entry portal is at row 12.","Facing the field, seat 1 is on your left. That puts seat 1 on the edge facing section 208, with seat numbers counting up toward the edge facing section 210. Seat 1 is the end of the row farthest from home plate, and higher seat numbers run back toward home plate.","Rows 1-10 have 16 seats labeled 1-16""; ""Row 11 has 15 seats labeled 1-15""; ""Row 12 has 12 seats labeled 1-12","""Climate-controlled interior with upgraded food, restrooms, and seating areas"". ""Rows 5 and above are shaded during most day games"". not stated. not stated. rateyourseats.com/daikin-park/seating/sections/209","HIGH - zone, rows, location and seat direction stated by the source"
210,Club and Mezzanine (200s),Club Level,not stated by the source,9,toward third base / left field,1-12,12,"Stairway aisles run along both side edges of the section; rows are not split by a mid-row aisle, so seat numbers run continuously from one side aisle to the other. The entry portal is at row 12.","Facing the field, seat 1 is on your left. That puts seat 1 on the edge facing section 209, with seat numbers counting up toward the edge facing section 211. Seat 1 is the end of the row farthest from home plate, and higher seat numbers run back toward home plate.",Rows 1-11 have 14 seats labeled 1-14,"""Climate-controlled interior with upgraded food, restrooms, and seating areas"". ""Rows 5 and above are shaded during most day games"". not stated. not stated. Page lists section as part of ""Second Level Sections"" but gives no section-specific location. rateyourseats.com/daikin-park/seating/sections/210","MEDIUM - rows and zone confirmed, the source does not place this section"
211,Club and Mezzanine (200s),Club Level,not stated by the source,8,toward third base / left field,1-12,12,"Stairway aisles run along both side edges of the section; rows are not split by a mid-row aisle, so seat numbers run continuously from one side aisle to the other. The entry portal is at row 12.","Facing the field, seat 1 is on your left. That puts seat 1 on the edge facing section 210, with seat numbers counting up toward the edge facing section 212. Seat 1 is the end of the row farthest from home plate, and higher seat numbers run back toward home plate.","Rows 1-8 have 16 seats labeled 1-16""; ""Row 9 has 2 seats labeled 1-2","""Climate-controlled interior with upgraded food, restrooms, and seating areas"". ""Rows 5 and above are shaded during most day games"". not stated. not stated. Page describes Club Level generally as ""Sections 205-236 along the second tier"" without a section-specific location. rateyourseats.com/daikin-park/seating/sections/211","MEDIUM - rows and zone confirmed, the source does not place this section"
212,Club and Mezzanine (200s),Club Level,Includes Sections 205-236 along the second tier.,7,toward third base / left field,1-12,12,"Stairway aisles run along both side edges of the section; rows are not split by a mid-row aisle, so seat numbers run continuously from one side aisle to the other. The entry portal is at row 12.","Facing the field, seat 1 is on your left. That puts seat 1 on the edge facing section 211, with seat numbers counting up toward the edge facing section 213. Seat 1 is the end of the row farthest from home plate, and higher seat numbers run back toward home plate.","Rows 1-2 have 17 seats labeled 1-17""; ""Rows 3-8 have 16 seats labeled 1-16","""Climate-controlled interior with upgraded food, restrooms, and seating areas"", with ""Air conditioning"", ""Televisions throughout"", ""Private restrooms"", ""Specialty food and drink options"". ""Rows 5 and above are shaded during most day games"". not stated. not stated. rateyourseats.com/daikin-park/seating/sections/212","HIGH - zone, rows, location and seat direction stated by the source"
213,Club and Mezzanine (200s),Club Level,"Includes Sections 205-236 along the second tier""; described as ""slightly off-center with strong angles and typically better value",6,toward third base / left field,1-12,12,"Stairway aisles run along both side edges of the section; rows are not split by a mid-row aisle, so seat numbers run continuously from one side aisle to the other. The entry portal is at row 12.","Facing the field, seat 1 is on your left. That puts seat 1 on the edge facing section 212, with seat numbers counting up toward the edge facing section 214. Seat 1 is the end of the row farthest from home plate, and higher seat numbers run back toward home plate.",Rows 1-8 have 16 seats labeled 1-16,"""Climate-controlled interior with upgraded food, restrooms, and seating areas"" plus ""Air conditioning"", ""Televisions throughout"", ""Private restrooms"", ""Specialty food and drink options"". ""Rows 5 and above are shaded during most day games"". not stated. not stated. rateyourseats.com/daikin-park/seating/sections/213","HIGH - zone, rows, location and seat direction stated by the source"
214,Club and Mezzanine (200s),Club Level,not stated by the source,5,toward third base / left field,1-12,12,"Stairway aisles run along both side edges of the section; rows are not split by a mid-row aisle, so seat numbers run continuously from one side aisle to the other. The entry portal is at row 12.","Facing the field, seat 1 is on your left. That puts seat 1 on the edge facing section 213, with seat numbers counting up toward the edge facing section 215. Seat 1 is the end of the row farthest from home plate, and higher seat numbers run back toward home plate.",Rows 1-11 have 16 seats labeled 1-16,"""Climate-controlled interior with upgraded food, restrooms, and seating areas"". ""Rows 5 and above are shaded during most day games"". not stated. not stated. Page references ""Second Level Sections"" / ""second tier"" but states no section-specific location. rateyourseats.com/daikin-park/seating/sections/214","MEDIUM - rows and zone confirmed, the source does not place this section"
215,Club and Mezzanine (200s),Club Level,Includes Sections 205-236 along the second tier.,4,toward third base / left field,1-12,12,"Stairway aisles run along both side edges of the section; rows are not split by a mid-row aisle, so seat numbers run continuously from one side aisle to the other. The entry portal is at row 12.","Facing the field, seat 1 is on your left. That puts seat 1 on the edge facing section 214, with seat numbers counting up toward the edge facing section 216. Seat 1 is the end of the row farthest from home plate, and higher seat numbers run back toward home plate.",Rows 1-3 have 13 seats labeled 1-13; Row 4 has 14 seats labeled 1-14; Rows 5-8 have 15 seats labeled 1-15; Rows 9-10 have 16 seats labeled 1-16; Row 11 has 17 seats labeled 1-17,"""Premium seating area"". ""Climate-controlled interior with upgraded food, restrooms, and seating areas"" with ""air conditioning"", ""Televisions throughout"", ""Private restrooms"", ""Specialty food and drink options"". ""Rows 5 and above are shaded during most day games"". ""Smaller Sections: Many sections have fewer rows, creating a less crowded experience"". not stated. not stated. rateyourseats.com/daikin-park/seating/sections/215","HIGH - zone, rows, location and seat direction stated by the source"
216,Club and Mezzanine (200s),Club Level,Includes Sections 205-236 along the second tier.,3,toward third base / left field,1-12,12,"Stairway aisles run along both side edges of the section; rows are not split by a mid-row aisle, so seat numbers run continuously from one side aisle to the other. The entry portal is at row 12.","Facing the field, seat 1 is on your left. That puts seat 1 on the edge facing section 215, with seat numbers counting up toward the edge facing section 217. Seat 1 is the end of the row farthest from home plate, and higher seat numbers run back toward home plate.",Row 1 has 13 seats labeled 1-13; Rows 2-3 have 14 seats labeled 1-14; Rows 4-6 have 15 seats labeled 1-15; Rows 7-8 have 16 seats labeled 1-16; Rows 9-11 have 17 seats labeled 1-17,"""Climate-controlled interior with upgraded food, restrooms, and seating areas""; ""access to an attached climate-controlled club concourse"" featuring ""Air conditioning"", ""Televisions throughout"", ""Private restrooms"", ""Specialty food and drink options"". ""Rows 5 and above are shaded during most day games"". ""Great view, out of the sun, no obstructions, plenty of leg room and near the restrooms"". not stated. rateyourseats.com/daikin-park/seating/sections/216","HIGH - zone, rows, location and seat direction stated by the source"
217,Club and Mezzanine (200s),Club Level,not stated by the source,2,toward third base / left field,1-12,12,"Stairway aisles run along both side edges of the section; rows are not split by a mid-row aisle, so seat numbers run continuously from one side aisle to the other. The entry portal is at row 12.","Facing the field, seat 1 is on your left. That puts seat 1 on the edge facing section 216, with seat numbers counting up toward the edge facing section 218. Seat 1 is the end of the row farthest from home plate, and higher seat numbers run back toward home plate.","Some rows ""have 14 seats labeled 1-14""; others ""have 15 seats labeled 1-15"" (page does not state which rows)","""access to climate-controlled concourse with air conditioning, televisions, private restrooms and specialty concessions"". ""Rows 5 and above are shaded during most day games"". not stated. not stated. rateyourseats.com/daikin-park/seating/sections/217","MEDIUM - rows and zone confirmed, the source does not place this section"
218,Club and Mezzanine (200s),Club Level,"Includes Sections 205-236 along the second tier""; ""Sections 218-220: Among the most desirable, with only ~6 rows for easier access and less congestion",1,toward third base / left field,1-6,6,"Stairway aisles run along both side edges of the section; rows are not split by a mid-row aisle, so seat numbers run continuously from one side aisle to the other. The entry portal is at row 6.","Facing the field, seat 1 is on your left. That puts seat 1 on the edge facing section 217, with seat numbers counting up toward the edge facing section 219. Seat 1 is the end of the row farthest from home plate, and higher seat numbers run back toward home plate.","Rows 1-3 have ""14 seats labeled 1-14""; Rows 4-6 have ""15 seats labeled 1-15""","""Climate-controlled interior with upgraded food, restrooms, and seating areas"" including ""Air conditioning"", ""Televisions throughout"", ""Private restrooms"", ""Specialty food and drink options"". ""Rows 5 and above are shaded during most day games""; ""First base / right field side: More exposure when the roof is open; Third base side: Better shade"". not stated. not stated. rateyourseats.com/daikin-park/seating/sections/218","HIGH - zone, rows, location and seat direction stated by the source"
219,Club and Mezzanine (200s),Club Level,"Includes Sections 205-236 along the second tier""; Club Level sections ""wrap from the third base line, behind home plate, through the first base side",0,behind home plate,1-6,6,"Stairway aisles run along both side edges of the section; rows are not split by a mid-row aisle, so seat numbers run continuously from one side aisle to the other. The entry portal is at row 6.","Facing the field, seat 1 is on your left. That puts seat 1 on the edge facing section 218, with seat numbers counting up toward the edge facing section 220. This section is behind home plate, so seat 1 is on its third-base side.","Rows 1-3 have 14 seats labeled 1-14""; ""Rows 4-6 have 15 seats labeled 1-15","""Climate-controlled interior with upgraded food, restrooms, and seating areas""; ""access to an attached climate-controlled club concourse, featuring: Air conditioning, Televisions throughout, Private restrooms, Specialty food and drink options"". ""Rows 5 and above are shaded during most day games""; ""First base / right field side: More exposure when the roof is open; Third base side: Better shade"". not stated. not stated. rateyourseats.com/daikin-park/seating/sections/219","HIGH - zone, rows, location and seat direction stated by the source"
220,Club and Mezzanine (200s),Club Level,"Includes Sections 205-236 along the second tier""; described as ""behind home plate",0,behind home plate,1-6,6,"Stairway aisles run along both side edges of the section; rows are not split by a mid-row aisle, so seat numbers run continuously from one side aisle to the other. The entry portal is at row 6.","Facing the field, seat 1 is on your left. That puts seat 1 on the edge facing section 219, with seat numbers counting up toward the edge facing section 221. This section is behind home plate, so seat 1 is on its third-base side.","Rows 1-3 have ""14 seats labeled 1-14""; Rows 4-6 have ""15 seats labeled 1-15""","""Climate-controlled interior with upgraded food, restrooms, and seating areas"" with ""Air conditioning"", ""Televisions throughout"", ""Private restrooms"", ""Specialty food and drink options"". ""Rows 5 and above are shaded during most day games""; ""Afternoon Shade in Select Rows"". not stated. not stated. rateyourseats.com/daikin-park/seating/sections/220","HIGH - zone, rows, location and seat direction stated by the source"
221,Club and Mezzanine (200s),Club Level,"Includes Sections 205-236 along the second tier""; ""Sections 217-221: Strongest views directly behind home plate",0,behind home plate,1-12,12,"Stairway aisles run along both side edges of the section; rows are not split by a mid-row aisle, so seat numbers run continuously from one side aisle to the other. The entry portal is at row 12.","Facing the field, seat 1 is on your left. That puts seat 1 on the edge facing section 220, with seat numbers counting up toward the edge facing section 222. This section is behind home plate, so seat 1 is on its third-base side.","Rows 1-3 have ""14 seats labeled 1-14""; Rows 4-6 have ""15 seats labeled 1-15""","""Air conditioning"", ""Televisions throughout"", ""Private restrooms"", ""Specialty food and drink options"". ""Rows 5 and above are shaded during most day games"". not stated. not stated. rateyourseats.com/daikin-park/seating/sections/221","HIGH - zone, rows, location and seat direction stated by the source"
222,Club and Mezzanine (200s),Club Level,not stated by the source,1,toward first base / right field,1-12,12,"Stairway aisles run along both side edges of the section; rows are not split by a mid-row aisle, so seat numbers run continuously from one side aisle to the other. The entry portal is at row 12.","Facing the field, seat 1 is on your left. That puts seat 1 on the edge facing section 221, with seat numbers counting up toward the edge facing section 223. Seat 1 is the end of the row closest to home plate, and higher seat numbers run away from home plate.",Rows 1-3 have 14 seats labeled 1-14; Rows 4-6 have 15 seats labeled 1-15; Rows 7-9 have 16 seats labeled 1-16; Rows 10-11 have 17 seats labeled 1-17,"""Climate-controlled interior with upgraded food, restrooms, and seating areas""; access to ""in-seat wait service"". ""Afternoon Shade in Select Rows""; ""Rows 5 and above are shaded during most day games"". page states the front row safety railing does not obstruct views. not stated. Page indicates second tier but gives no section-specific location. rateyourseats.com/daikin-park/seating/sections/222","MEDIUM - rows and zone confirmed, the source does not place this section"
223,Club and Mezzanine (200s),Club Level,Includes Sections 205-236 along the second tier.,2,toward first base / right field,1-12,12,"Stairway aisles run along both side edges of the section; rows are not split by a mid-row aisle, so seat numbers run continuously from one side aisle to the other. The entry portal is at row 12.","Facing the field, seat 1 is on your left. That puts seat 1 on the edge facing section 222, with seat numbers counting up toward the edge facing section 224. Seat 1 is the end of the row closest to home plate, and higher seat numbers run away from home plate.",Rows 1-3 have 14 seats labeled 1-14; Rows 4-6 have 15 seats labeled 1-15; Rows 7-9 have 16 seats labeled 1-16; Rows 10-11 have 17 seats labeled 1-17,"""Climate-controlled interior with upgraded food, restrooms, and seating areas"" and ""Air conditioning, Televisions throughout, Private restrooms, Specialty food and drink options"". ""Rows 5 and above are shaded during most day games""; ""Afternoon Shade in Select Rows"". not stated. not stated. rateyourseats.com/daikin-park/seating/sections/223","HIGH - zone, rows, location and seat direction stated by the source"
224,Club and Mezzanine (200s),Club Level,Includes Sections 205-236 along the second tier.,3,toward first base / right field,1-12,12,"Stairway aisles run along both side edges of the section; rows are not split by a mid-row aisle, so seat numbers run continuously from one side aisle to the other. The entry portal is at row 12.","Facing the field, seat 1 is on your left. That puts seat 1 on the edge facing section 223, with seat numbers counting up toward the edge facing section 225. Seat 1 is the end of the row closest to home plate, and higher seat numbers run away from home plate.",Rows 1-11 have 16 seats labeled 1-16,"""Climate-controlled interior with upgraded food, restrooms, and seating areas""; ""Waiters are constantly patrolling the sections, taking orders and delivering food""; ""padded seats, in-seat wait service"". ""Rows 5 and above are shaded during most day games""; fan review: ""we were well covered by the overhang in above if it had started to rain"". not stated. not stated. rateyourseats.com/daikin-park/seating/sections/224","HIGH - zone, rows, location and seat direction stated by the source"
225,Club and Mezzanine (200s),Club Level,not stated by the source,4,toward first base / right field,1-12,12,"Stairway aisles run along both side edges of the section; rows are not split by a mid-row aisle, so seat numbers run continuously from one side aisle to the other. The entry portal is at row 12.","Facing the field, seat 1 is on your left. That puts seat 1 on the edge facing section 224, with seat numbers counting up toward the edge facing section 226. Seat 1 is the end of the row closest to home plate, and higher seat numbers run away from home plate.",Rows 1-8 have 16 seats labeled 1-16,"""Climate-controlled interior with upgraded food, restrooms, and seating areas""; ""Access to an attached climate-controlled club concourse, featuring: Air conditioning, Televisions throughout, Private restrooms, Specialty food and drink options"". ""Rows 5 and above are shaded during most day games"". not stated. not stated. Page indicates second-tier Club Level but no section-specific directional description. rateyourseats.com/daikin-park/seating/sections/225","MEDIUM - rows and zone confirmed, the source does not place this section"
226,Club and Mezzanine (200s),Club Level,not stated by the source,5,toward first base / right field,1-12,12,"Stairway aisles run along both side edges of the section; rows are not split by a mid-row aisle, so seat numbers run continuously from one side aisle to the other. The entry portal is at row 12.","Facing the field, seat 1 is on your left. That puts seat 1 on the edge facing section 225, with seat numbers counting up toward the edge facing section 227. Seat 1 is the end of the row closest to home plate, and higher seat numbers run away from home plate.","Rows 1-2 have ""17 seats labeled 1-17""; Rows 3-8 have ""16 seats labeled 1-16"" (Rows 9-12 not stated)","""Climate-controlled interior with upgraded food, restrooms, and seating areas""; ""access to an attached climate-controlled club concourse, featuring: Air conditioning, Televisions throughout, Private restrooms, Specialty food and drink options"". ""Rows 5 and above are shaded during most day games"". not stated. not stated. Page references second-level sections but no section-specific location. rateyourseats.com/daikin-park/seating/sections/226","MEDIUM - rows and zone confirmed, the source does not place this section"
227,Club and Mezzanine (200s),Club Level,Includes Sections 205-236 along the second tier.,6,toward first base / right field,1-12,12,"Stairway aisles run along both side edges of the section; rows are not split by a mid-row aisle, so seat numbers run continuously from one side aisle to the other. The entry portal is at row 12.","Facing the field, seat 1 is on your left. That puts seat 1 on the edge facing section 226, with seat numbers counting up toward the edge facing section 228. Seat 1 is the end of the row closest to home plate, and higher seat numbers run away from home plate.",Rows 1-8 have 16 seats labeled 1-16; Row 9 has 2 seats labeled 15-16,"""Climate-controlled interior with upgraded food, restrooms, and seating areas"". ""Rows 5 and above are shaded during most day games"". fan review notes ""the glass partition at the base of the stairs"" with ""a thick metal frame"" blocked views in Row 2, seats 1-3. not stated. rateyourseats.com/daikin-park/seating/sections/227","HIGH - zone, rows, location and seat direction stated by the source"
228,Club and Mezzanine (200s),Honda Club Level,"Includes Sections 205-236 along the second tier""; club sections ""wrap from the third base line, behind home plate, through the first base side",7,toward first base / right field,1-12,12,"Stairway aisles run along both side edges of the section; rows are not split by a mid-row aisle, so seat numbers run continuously from one side aisle to the other. The entry portal is at row 12.","Facing the field, seat 1 is on your left. That puts seat 1 on the edge facing section 227, with seat numbers counting up toward the edge facing section 229. Seat 1 is the end of the row closest to home plate, and higher seat numbers run away from home plate.",Rows 1-11 have 16 seats labeled 1-16,"climate-controlled concourse with air conditioning, televisions throughout, private restrooms, and specialty food/drink options. ""Rows 5 and above are shaded during most day games."" rateyourseats.com/daikin-park/seating/sections/228","HIGH - zone, rows, location and seat direction stated by the source"
229,Club and Mezzanine (200s),Honda Club Level,Includes Sections 205-236 along the second tier.,8,toward first base / right field,1-12,12,"Stairway aisles run along both side edges of the section; rows are not split by a mid-row aisle, so seat numbers run continuously from one side aisle to the other. The entry portal is at row 12.","Facing the field, seat 1 is on your left. That puts seat 1 on the edge facing section 228, with seat numbers counting up toward the edge facing section 230. Seat 1 is the end of the row closest to home plate, and higher seat numbers run away from home plate.",Rows 1-7 have 15 seats labeled 1-15; Rows 8-11 have 16 seats labeled 1-16,"climate-controlled concourse with air conditioning, televisions, private restrooms, specialty food and drink options. ""Rows 5 and above are shaded during most day games""; afternoon shade in select rows. Site lists rows 8-12 as a top pick for outstanding convenience. rateyourseats.com/daikin-park/seating/sections/229","HIGH - zone, rows, location and seat direction stated by the source"
230,Club and Mezzanine (200s),Club Level,Includes Sections 205-236 along the second tier.,9,toward first base / right field,1-12,12,"Stairway aisles run along both side edges of the section; rows are not split by a mid-row aisle, so seat numbers run continuously from one side aisle to the other. The entry portal is at row 12.","Facing the field, seat 1 is on your left. That puts seat 1 on the edge facing section 229, with seat numbers counting up toward the edge facing section 231. Seat 1 is the end of the row closest to home plate, and higher seat numbers run away from home plate.",Row 1: 13 seats; Row 2: 12 seats; Rows 3-8: 13 seats each; Rows 9-11: 14 seats each; Row 12: 13 seats,"air conditioning, televisions, private restrooms, specialty food and drink options. ""Rows 5 and above are shaded during most day games."" rateyourseats.com/daikin-park/seating/sections/230","HIGH - zone, rows, location and seat direction stated by the source"
231,Club and Mezzanine (200s),Club Level,"Part of the second-tier Club Level seating (""Second Level Sections: Includes Sections 205-236 along the second tier"")",10,toward first base / right field,1-12,12,"Stairway aisles run along both side edges of the section; rows are not split by a mid-row aisle, so seat numbers run continuously from one side aisle to the other. The entry portal is at row 12.","Facing the field, seat 1 is on your left. That puts seat 1 on the edge facing section 230, with seat numbers counting up toward the edge facing section 232. Seat 1 is the end of the row closest to home plate, and higher seat numbers run away from home plate.",Rows 1-4: 15 seats each; Rows 5-9: 16 seats each; Row 10: 17 seats; Row 11: 15 seats; Row 12: 13 seats,"climate-controlled concourse, upgraded food/drink options, nearby private restrooms. ""Rows 5 and above are shaded during most day games."" rateyourseats.com/daikin-park/seating/sections/231","HIGH - zone, rows, location and seat direction stated by the source"
232,Club and Mezzanine (200s),Club Level,"""Second Level Sections: Includes Sections 205-236 along the second tier"" (wraps from the third base line around to the first base side)",11,toward first base / right field,1-12,12,"Stairway aisles run along both side edges of the section; rows are not split by a mid-row aisle, so seat numbers run continuously from one side aisle to the other. The entry portal is at row 12.","Facing the field, seat 1 is on your left. That puts seat 1 on the edge facing section 231, with seat numbers counting up toward the edge facing section 233. Seat 1 is the end of the row closest to home plate, and higher seat numbers run away from home plate.",Rows 1-2: 14 seats labeled 1-14; Rows 3-7: 15 seats labeled 1-15; Rows 8-10: 16 seats labeled 1-16; Row 11: 15 seats labeled 1-15; Row 12: 13 seats labeled 1-13,"climate-controlled concourse with air conditioning, televisions, private restrooms, specialty food/drink options. ""Rows 5 and above are shaded during most day games""; afternoon shade in select rows. rateyourseats.com/daikin-park/seating/sections/232","HIGH - zone, rows, location and seat direction stated by the source"
233,Club and Mezzanine (200s),Club Level,Includes Sections 205-236 along the second tier.,12,toward first base / right field,1-12,12,"Stairway aisles run along both side edges of the section; rows are not split by a mid-row aisle, so seat numbers run continuously from one side aisle to the other. The entry portal is at row 12.","Facing the field, seat 1 is on your left. That puts seat 1 on the edge facing section 232, with seat numbers counting up toward the edge facing section 234. Seat 1 is the end of the row closest to home plate, and higher seat numbers run away from home plate.",Rows 1-4: 14 seats labeled 1-14; Rows 5-9: 15 seats labeled 1-15; Row 10: 16 seats labeled 1-16; Row 11: 14 seats labeled 1-14; Row 12: 13 seats labeled 1-13,"""Climate-controlled interior with upgraded food, restrooms, and seating areas""; ""Air conditioning"", ""Televisions throughout"", ""Private restrooms"", ""Specialty food and drink options"". ""Rows 5 and above are shaded during most day games."" rateyourseats.com/daikin-park/seating/sections/233","HIGH - zone, rows, location and seat direction stated by the source"
234,Club and Mezzanine (200s),Club Level,not stated by the source,13,toward first base / right field,1-12,12,"Stairway aisles run along both side edges of the section; rows are not split by a mid-row aisle, so seat numbers run continuously from one side aisle to the other. The entry portal is at row 12.","Facing the field, seat 1 is on your left. That puts seat 1 on the edge facing section 233, with seat numbers counting up toward the edge facing section 235. Seat 1 is the end of the row closest to home plate, and higher seat numbers run away from home plate.",Rows 1-3: 15 seats labeled 1-15; Rows 4-7: 16 seats labeled 1-16; Row 8: 17 seats labeled 1-17,"""Climate-controlled interior with upgraded food, restrooms, and seating areas."" ""Rows 5 and above are shaded during most day games."" Page states no specific location description for this section. rateyourseats.com/daikin-park/seating/sections/234","MEDIUM - rows and zone confirmed, the source does not place this section"
235,Club and Mezzanine (200s),Club Level,Includes Sections 205-236 along the second tier.,14,toward first base / right field,1-12,12,"Stairway aisles run along both side edges of the section; rows are not split by a mid-row aisle, so seat numbers run continuously from one side aisle to the other. The entry portal is at row 12.","Facing the field, seat 1 is on your left. That puts seat 1 on the edge facing section 234, with seat numbers counting up toward the edge facing section 236. Seat 1 is the end of the row closest to home plate, and higher seat numbers run away from home plate.",Rows 1-8: 12 seats labeled 1-12; Rows 9-10: 13 seats labeled 1-13; Row 11: 11 seats labeled 1-11; Row 12: 9 seats labeled 1-9,"air conditioning, televisions, private restrooms, specialty food and drink options. ""Rows 5 and above are shaded during most day games."" rateyourseats.com/daikin-park/seating/sections/235","HIGH - zone, rows, location and seat direction stated by the source"
236,Club and Mezzanine (200s),Club Level,not stated by the source,15,toward first base / right field,1-12,12,"Stairway aisles run along both side edges of the section; rows are not split by a mid-row aisle, so seat numbers run continuously from one side aisle to the other. The entry portal is at row 12.","Facing the field, seat 1 is on your left. That puts seat 1 on the edge facing section 235, with seat numbers counting up toward the edge facing section 250. Seat 1 is the end of the row closest to home plate, and higher seat numbers run away from home plate.",Rows 1-6: 7 seats labeled 1-7; Rows 7-10: 8 seats labeled 1-8; Row 11: 7 seats labeled 1-7,"""Climate-controlled interior with upgraded food, restrooms, and seating areas."" ""Rows 5 and above are shaded during most day games."" Page states no specific location description for this section. rateyourseats.com/daikin-park/seating/sections/236","MEDIUM - rows and zone confirmed, the source does not place this section"
250,Club and Mezzanine (200s),Mezzanine Seats,"Mezzanine seating includes Sections 250-255, located in the upper deck of the outfield at Daikin Park.",16,toward first base / right field,11-17,17,"Stairway aisles run along both side edges of the section; rows are not split by a mid-row aisle, so seat numbers run continuously from one side aisle to the other. The entry portal is at row 17.","Facing the field, seat 1 is on your left. That puts seat 1 on the edge facing section 236, with seat numbers counting up toward the edge facing section 251. Seat 1 is the end of the row closest to home plate, and higher seat numbers run away from home plate.",Row 11: 2 seats; Row 12: 4 seats; Rows 13-16: 5 seats each; Row 17: 3 seats,"""Access to food options on the mezzanine level."" shaded during day games. ""250 is behind the stage or to the side of the stage for most concerts"" — this may restrict or limit the view. rateyourseats.com/daikin-park/seating/sections/250","HIGH - zone, rows, location and seat direction stated by the source"
251,Club and Mezzanine (200s),Mezzanine Seats,"Positioned in the upper deck of the outfield at Daikin Park""; ""Mezzanine seating includes Sections 250-255",17,toward first base / right field,1-17,17,"Stairway aisles run along both side edges of the section; rows are not split by a mid-row aisle, so seat numbers run continuously from one side aisle to the other. The entry portal is at row 17.","Facing the field, seat 1 is on your left. That puts seat 1 on the edge facing section 250, with seat numbers counting up toward the edge facing section 252. Seat 1 is the end of the row closest to home plate, and higher seat numbers run away from home plate.",Row 1: 2; Row 2: 4; Row 3: 6; Row 4: 9; Row 5: 11; Row 6: 10; Row 7: 12; Row 8: 14; Row 9: 16; Row 10: 18; Rows 11-15: 19 each; Row 16: 16; Row 17: 13,"""Rows 6 and above are shaded during most day games."" Site lists rows 13-17 as a top pick for outstanding convenience and recommends the section for kids and family; most affordable outfield seating. a fan review states the view was ""100% blocked of first base and home plate."" ""behind the stage or to the side of the stage for most concerts."" rateyourseats.com/daikin-park/seating/sections/251","HIGH - zone, rows, location and seat direction stated by the source"
252,Club and Mezzanine (200s),Mezzanine Seats,"Positioned in the upper deck of the outfield at Daikin Park""; ""Mezzanine seating includes Sections 250-255, located in the upper deck of the outfield",18,toward first base / right field,1-17,17,"Stairway aisles run along both side edges of the section; rows are not split by a mid-row aisle, so seat numbers run continuously from one side aisle to the other. The entry portal is at row 17.","Facing the field, seat 1 is on your left. That puts seat 1 on the edge facing section 251, with seat numbers counting up toward the edge facing section 253. Seat 1 is the end of the row closest to home plate, and higher seat numbers run away from home plate.",Rows 1-12: 24 seats labeled 1-24; Row 13: 12 seats labeled 1-12; Rows 14-16: 10 seats labeled 1-10,"""Access to food options on the mezzanine level""; previously an all-you-can-eat section (no longer included). ""Rows 6 and above are shaded during most day games."" Obstructed views noted in a fan review (""They don't tell you this when you purchase!""). ""behind the stage or to the side of the stage for most concerts."" rateyourseats.com/daikin-park/seating/sections/252","HIGH - zone, rows, location and seat direction stated by the source"
253,Club and Mezzanine (200s),Mezzanine Seats,"Positioned in the upper deck of the outfield at Daikin Park""; ""Mezzanine seating includes Sections 250-255, located in the upper deck",19,toward first base / right field,1-17,17,"Stairway aisles run along both side edges of the section; rows are not split by a mid-row aisle, so seat numbers run continuously from one side aisle to the other. The entry portal is at row 17.","Facing the field, seat 1 is on your left. That puts seat 1 on the edge facing section 252, with seat numbers counting up toward the edge facing section 254. Seat 1 is the end of the row closest to home plate, and higher seat numbers run away from home plate.",Rows 1-12 have 24 seats labeled 1-24 (rows 13-17 not stated),"""Access to food options on the mezzanine level."" ""Rows 6 and above are shaded during most day games."" Site lists it as a top pick for kids and family, and rows 13-17 as a top pick for outstanding convenience. ""Section 253 may have a Limited View"" — ""behind the stage or to the side of the stage for most concerts."" rateyourseats.com/daikin-park/seating/sections/253","HIGH - zone, rows, location and seat direction stated by the source"
254,Club and Mezzanine (200s),Mezzanine Seats,"Mezzanine seating includes Sections 250-255, located in the upper deck of the outfield at Daikin Park.",20,toward first base / right field,1-17,17,"Stairway aisles run along both side edges of the section; rows are not split by a mid-row aisle, so seat numbers run continuously from one side aisle to the other. The entry portal is at row 17.","Facing the field, seat 1 is on your left. That puts seat 1 on the edge facing section 253, with seat numbers counting up toward the edge facing section 255. Seat 1 is the end of the row closest to home plate, and higher seat numbers run away from home plate.",Rows 1-12 have 24 seats labeled 1-24 (rows 13-17 not stated),"""Rows 6 and above are shaded during most day games."" ""254 is behind the stage or to the side of the stage for most concerts. This may restrict or limit your view."" rateyourseats.com/daikin-park/seating/sections/254","HIGH - zone, rows, location and seat direction stated by the source"
255,Club and Mezzanine (200s),Mezzanine Seats,Positioned in the upper deck of the outfield at Daikin Park,21,toward first base / right field,1-17,17,"Stairway aisles run along both side edges of the section; rows are not split by a mid-row aisle, so seat numbers run continuously from one side aisle to the other. The entry portal is at row 17.","Facing the field, seat 1 is on your left. That puts seat 1 on the edge facing section 254, with seat numbers counting up toward the far edge of the section, with no further section beyond it on that side. Seat 1 is the end of the row closest to home plate, and higher seat numbers run away from home plate.",Rows 1-12: 24 seats labeled 1-24; Row 13: 12 seats labeled 13-24; Rows 14-16: 10 seats labeled 15-24,"""Access to food options on the mezzanine level"" and ""Easy access to two nearby concession areas."" ""Rows 6 and above are shaded during most day games."" rateyourseats.com/daikin-park/seating/sections/255","HIGH - zone, rows, location and seat direction stated by the source"
305,Terrace Level (300s),Terrace Level,Located in the first 9 rows of the upper seating tier.,12,toward third base / left field,1-5,5,"Stairway aisles run along both side edges of the section; rows are not split by a mid-row aisle, so seat numbers run continuously from one side aisle to the other. The entry portal is at row 5.","Facing the field, seat 1 is on your left. That puts seat 1 on the far edge of the section, with no further section beyond it on that side, with seat numbers counting up toward the edge facing section 306. Seat 1 is the end of the row farthest from home plate, and higher seat numbers run back toward home plate.",Rows 1-4 have 13 seats labeled 1-13,"""Third base side offers better protection from the sun."" rateyourseats.com/daikin-park/seating/sections/305","HIGH - zone, rows, location and seat direction stated by the source"
306,Terrace Level (300s),Terrace Level,"Located in the first 9 rows of the upper seating tier"" and ""directly in front of the View Level.",11,toward third base / left field,1-9,9,"Stairway aisles run along both side edges of the section; rows are not split by a mid-row aisle, so seat numbers run continuously from one side aisle to the other. The entry portal is at row 9.","Facing the field, seat 1 is on your left. That puts seat 1 on the edge facing section 305, with seat numbers counting up toward the edge facing section 307. Seat 1 is the end of the row farthest from home plate, and higher seat numbers run back toward home plate.",not published,"Shares tunnel access with the View Level at Row 1; described as an affordable elevated option with better views. ""Third base side offers better protection from the sun."" rateyourseats.com/daikin-park/seating/sections/306","HIGH - zone, rows, location and seat direction stated by the source"
307,Terrace Level (300s),Terrace Level,Located in the first 9 rows of the upper seating tier,10,toward third base / left field,1-5,5,"Stairway aisles run along both side edges of the section; rows are not split by a mid-row aisle, so seat numbers run continuously from one side aisle to the other. The entry portal is at row 5.","Facing the field, seat 1 is on your left. That puts seat 1 on the edge facing section 306, with seat numbers counting up toward the edge facing section 309. Seat 1 is the end of the row farthest from home plate, and higher seat numbers run back toward home plate.",Row 1: 23 seats labeled 1-23; Row 2: 24 seats labeled 1-24; Row 3: 26 seats labeled 1-26; Row 4: 27 seats labeled 1-27,"""Rows 1 and above are shaded during most late afternoon games."" rateyourseats.com/daikin-park/seating/sections/307","HIGH - zone, rows, location and seat direction stated by the source"
309,Terrace Level (300s),Terrace Level,"Located in the first 9 rows of the upper seating tier"" and ""directly in front of the View Level",9,toward third base / left field,1-5,5,"Stairway aisles run along both side edges of the section; rows are not split by a mid-row aisle, so seat numbers run continuously from one side aisle to the other. The entry portal is at row 5.","Facing the field, seat 1 is on your left. That puts seat 1 on the edge facing section 307, with seat numbers counting up toward the edge facing section 310. Seat 1 is the end of the row farthest from home plate, and higher seat numbers run back toward home plate.",Rows 1-4 have 24 seats labeled 1-24,"""Rows 3 and above are shaded during most day games""; ""Third base side offers better protection from the sun."" rateyourseats.com/daikin-park/seating/sections/309","HIGH - zone, rows, location and seat direction stated by the source"
310,Terrace Level (300s),Terrace Level,"Located in the first 9 rows of the upper seating tier"" and ""directly in front of the View Level",8,toward third base / left field,1-9,7,"Stairway aisles run along both side edges of the section; rows are not split by a mid-row aisle, so seat numbers run continuously from one side aisle to the other. The entry portal is at row 7.","Facing the field, seat 1 is on your left. That puts seat 1 on the edge facing section 309, with seat numbers counting up toward the edge facing section 311. Seat 1 is the end of the row farthest from home plate, and higher seat numbers run back toward home plate.",Rows 1-2: 23 seats labeled 1-23; Rows 3-6: 25 seats labeled 1-25; Row 7: 21 seats labeled 1-21; Row 8: 19 seats labeled 1-19; Row 9: 17 seats labeled 1-17,"""Rows 3 and above are shaded during most day games."" Site lists rows 3-9 as a top pick for outstanding convenience. rateyourseats.com/daikin-park/seating/sections/310","HIGH - zone, rows, location and seat direction stated by the source"
311,Terrace Level (300s),Terrace Level,"Terrace Level described as ""Front of Upper Deck: Located in the first 9 rows of the upper seating tier.""",7,toward third base / left field,1-5,5,"Stairway aisles run along both side edges of the section; rows are not split by a mid-row aisle, so seat numbers run continuously from one side aisle to the other. The entry portal is at row 5.","Facing the field, seat 1 is on your left. That puts seat 1 on the edge facing section 310, with seat numbers counting up toward the edge facing section 313. Seat 1 is the end of the row farthest from home plate, and higher seat numbers run back toward home plate.","""Rows 1-4 have 24 seats labeled 1-24"" (Row 5 not stated)","""Rows 3 and above are shaded during most day games""; page also flags ""Afternoon Shade in Select Rows"". Obstructed views, steepness, and wheelchair/accessible rows rateyourseats.com/daikin-park/seating/sections/311","HIGH - zone, rows, location and seat direction stated by the source"
313,Terrace Level (300s),Terrace Level,"""Located in the first 9 rows of the upper seating tier""; part of the Terrace Level at Daikin Park",6,toward third base / left field,1-9,7,"Stairway aisles run along both side edges of the section; rows are not split by a mid-row aisle, so seat numbers run continuously from one side aisle to the other. The entry portal is at row 7.","Facing the field, seat 1 is on your left. That puts seat 1 on the edge facing section 311, with seat numbers counting up toward the edge facing section 314. Seat 1 is the end of the row farthest from home plate, and higher seat numbers run back toward home plate.",Rows 1-6: 24 seats labeled 1-24; Row 7: 21 seats labeled 1-21; Row 8: 19 seats labeled 1-19; Row 9: 16 seats labeled 1-16,"""Rows 3 and above are shaded during most day games"". Obstructed views, steepness, and wheelchair/accessible rows rateyourseats.com/daikin-park/seating/sections/313","HIGH - zone, rows, location and seat direction stated by the source"
314,Terrace Level (300s),Terrace Level,"Terrace Level described as ""Located in the first 9 rows of the upper seating tier.""",5,toward third base / left field,1-5,5,"Stairway aisles run along both side edges of the section; rows are not split by a mid-row aisle, so seat numbers run continuously from one side aisle to the other. The entry portal is at row 5.","Facing the field, seat 1 is on your left. That puts seat 1 on the edge facing section 313, with seat numbers counting up toward the edge facing section 315. Seat 1 is the end of the row farthest from home plate, and higher seat numbers run back toward home plate.","""Rows 1-4 have 23 seats labeled 1-23"" (Row 5 not stated)","""Rows 3 and above are shaded during most day games."" A user review states that ""if you're in rows beyond the front ones, you're limited to some of the field because of the people sitting in front of you."" Steepness and wheelchair/accessible rows rateyourseats.com/daikin-park/seating/sections/314","HIGH - zone, rows, location and seat direction stated by the source"
315,Terrace Level (300s),Terrace Level,"Part of the upper seating tier, ""directly in front of the View Level""",4,toward third base / left field,1-9,7,"Stairway aisles run along both side edges of the section; rows are not split by a mid-row aisle, so seat numbers run continuously from one side aisle to the other. The entry portal is at row 7.","Facing the field, seat 1 is on your left. That puts seat 1 on the edge facing section 314, with seat numbers counting up toward the edge facing section 316. Seat 1 is the end of the row farthest from home plate, and higher seat numbers run back toward home plate.",Rows 1-3: 16 seats; Rows 4-6: 17 seats; Row 7: 15 seats; Row 8: 13 seats; Row 9: 11 seats,"""Rows 3 and above are shaded during most day games"". Obstructed views, steepness, and wheelchair/accessible rows rateyourseats.com/daikin-park/seating/sections/315","HIGH - zone, rows, location and seat direction stated by the source"
316,Terrace Level (300s),Terrace Level,"Terrace Level seating is located in the first 9 rows of the upper deck at Daikin Park, directly in front of the View Level.",3,toward third base / left field,1-5,5,"Stairway aisles run along both side edges of the section; rows are not split by a mid-row aisle, so seat numbers run continuously from one side aisle to the other. The entry portal is at row 5.","Facing the field, seat 1 is on your left. That puts seat 1 on the edge facing section 315, with seat numbers counting up toward the edge facing section 317. Seat 1 is the end of the row farthest from home plate, and higher seat numbers run back toward home plate.","""Rows 1-3 have 16 seats labeled 1-16""; ""Row 4 has 17 seats labeled 1-17"" (Row 5 not stated)","""Rows 3 and above are shaded during most day games"". Obstructed views, steepness, and wheelchair/accessible rows rateyourseats.com/daikin-park/seating/sections/316","HIGH - zone, rows, location and seat direction stated by the source"
317,Terrace Level (300s),Terrace Level,"""Front of Upper Deck: Located in the first 9 rows of the upper seating tier."" Page also states ""Sections 317-321: Best overall views directly behind home plate"" and notes the third base side.",2,toward third base / left field,1-9,7,"Stairway aisles run along both side edges of the section; rows are not split by a mid-row aisle, so seat numbers run continuously from one side aisle to the other. The entry portal is at row 7.","Facing the field, seat 1 is on your left. That puts seat 1 on the edge facing section 316, with seat numbers counting up toward the edge facing section 318. Seat 1 is the end of the row farthest from home plate, and higher seat numbers run back toward home plate.",Rows 1-3: 16 seats; Rows 4-6: 17 seats; Row 7: 15 seats; Row 8: 13 seats; Row 9: 11 seats,"""All seats in this section are shaded during most late afternoon games"" and ""Third base side offers better protection from the sun."" Obstructed views, steepness, and wheelchair/accessible rows rateyourseats.com/daikin-park/seating/sections/317","HIGH - zone, rows, location and seat direction stated by the source"
318,Terrace Level (300s),Terrace Level,"""Located in the first 9 rows of the upper seating tier."" Described as part of sections 317-321 offering ""best overall views directly behind home plate"".",1,toward third base / left field,1-5,5,"Stairway aisles run along both side edges of the section; rows are not split by a mid-row aisle, so seat numbers run continuously from one side aisle to the other. The entry portal is at row 5.","Facing the field, seat 1 is on your left. That puts seat 1 on the edge facing section 317, with seat numbers counting up toward the edge facing section 319. Seat 1 is the end of the row farthest from home plate, and higher seat numbers run back toward home plate.",Rows 1-3: 16 seats labeled 1-16; Row 4: 17 seats labeled 1-17 (Row 5 not stated),"""Rows 1 and above are shaded during most late afternoon games""; ""Third base side: Better angle to the main videoboard"" and ""Less exposure to the sun when the roof is open"". Obstructed views, steepness, and wheelchair/accessible rows rateyourseats.com/daikin-park/seating/sections/318","HIGH - zone, rows, location and seat direction stated by the source"
319,Terrace Level (300s),Terrace Level,"""Front of Upper Deck: Located in the first 9 rows of the upper seating tier.""",0,behind home plate,1-9,7,"Stairway aisles run along both side edges of the section; rows are not split by a mid-row aisle, so seat numbers run continuously from one side aisle to the other. The entry portal is at row 7.","Facing the field, seat 1 is on your left. That puts seat 1 on the edge facing section 318, with seat numbers counting up toward the edge facing section 320. This section is behind home plate, so seat 1 is on its third-base side.",Rows 1-2: seats labeled 1-12; Rows 3-4: 13 seats labeled 1-13; Rows 5-6: 14 seats labeled 1-14; Row 7: 12 seats labeled 1-12; Row 8: 9 seats labeled 1-9; Row 9: 7 seats labeled 1-7,"Seat count for Rows 1-2 was returned ambiguously by the source extraction (seat labels 1-12 stated); treat the Rows 1-2 count as Obstructed views, steepness, and wheelchair/accessible rows rateyourseats.com/daikin-park/seating/sections/319","HIGH - zone, rows, location and seat direction stated by the source"
320,Terrace Level (300s),Terrace Level,"Located in the first 9 rows of the upper seating tier"", ""directly in front of the View Level",0,behind home plate,1-5,5,"Stairway aisles run along both side edges of the section; rows are not split by a mid-row aisle, so seat numbers run continuously from one side aisle to the other. The entry portal is at row 5.","Facing the field, seat 1 is on your left. That puts seat 1 on the edge facing section 319, with seat numbers counting up toward the edge facing section 321. This section is behind home plate, so seat 1 is on its third-base side.",Rows 1-3: 16 seats labeled 1-16; Row 4: 17 seats labeled 1-17 (Row 5 not stated),"""Third base side offers better protection from the sun"" when the roof is open. Obstructed views, steepness, and wheelchair/accessible rows rateyourseats.com/daikin-park/seating/sections/320","HIGH - zone, rows, location and seat direction stated by the source"
321,Terrace Level (300s),Terrace Level,"Located in the first 9 rows of the upper seating tier"" and ""Sections 317-321: Best overall views directly behind home plate",0,behind home plate,1-9,7,"Stairway aisles run along both side edges of the section; rows are not split by a mid-row aisle, so seat numbers run continuously from one side aisle to the other. The entry portal is at row 7.","Facing the field, seat 1 is on your left. That puts seat 1 on the edge facing section 320, with seat numbers counting up toward the edge facing section 322. This section is behind home plate, so seat 1 is on its third-base side.",Row 1: 15 seats; Rows 2-4: 16 seats each; Rows 5-6: 17 seats each; Row 7: 15 seats; Row 8: 13 seats; Row 9: 11 seats,"""Third base side offers better protection from the sun""; page calls these seats ""a desirable elevated option"". Obstructed views, steepness, and wheelchair/accessible rows rateyourseats.com/daikin-park/seating/sections/321","HIGH - zone, rows, location and seat direction stated by the source"
322,Terrace Level (300s),Terrace Level,"Terrace Level described as ""Front of Upper Deck"".",1,toward first base / right field,1-5,5,"Stairway aisles run along both side edges of the section; rows are not split by a mid-row aisle, so seat numbers run continuously from one side aisle to the other. The entry portal is at row 5.","Facing the field, seat 1 is on your left. That puts seat 1 on the edge facing section 321, with seat numbers counting up toward the edge facing section 323. Seat 1 is the end of the row closest to home plate, and higher seat numbers run away from home plate.",Rows 1-3: 16 seats labeled 1-16; Row 4: 17 seats labeled 1-17 (Row 5 not stated),"No section-specific obstruction, sun/shade, steepness, or accessibility notes; only the general Terrace Level statement ""Third base side offers better protection from the sun"". rateyourseats.com/daikin-park/seating/sections/322","HIGH - zone, rows, location and seat direction stated by the source"
323,Terrace Level (300s),Terrace Level,"Terrace Level seating is located in the first 9 rows of the upper deck at Daikin Park, directly in front of the View Level.",2,toward first base / right field,1-9,7,"Stairway aisles run along both side edges of the section; rows are not split by a mid-row aisle, so seat numbers run continuously from one side aisle to the other. The entry portal is at row 7.","Facing the field, seat 1 is on your left. That puts seat 1 on the edge facing section 322, with seat numbers counting up toward the edge facing section 324. Seat 1 is the end of the row closest to home plate, and higher seat numbers run away from home plate.",Rows 1-2: 16 seats labeled 1-16; Rows 3-5: 17 seats labeled 1-17; Row 6: 18 seats labeled 1-18; Row 7: 16 seats labeled 1-16; Row 8: 13 seats labeled 1-13; Row 9: 11 seats labeled 1-11,"""Third base side offers better protection from the sun."" Obstructed views, steepness, and wheelchair/accessible rows rateyourseats.com/daikin-park/seating/sections/323","HIGH - zone, rows, location and seat direction stated by the source"
324,Terrace Level (300s),Terrace Level,Terrace Level described as the first 9 rows of the upper seating tier.,3,toward first base / right field,1-5,5,"Stairway aisles run along both side edges of the section; rows are not split by a mid-row aisle, so seat numbers run continuously from one side aisle to the other. The entry portal is at row 5.","Facing the field, seat 1 is on your left. That puts seat 1 on the edge facing section 323, with seat numbers counting up toward the edge facing section 325. Seat 1 is the end of the row closest to home plate, and higher seat numbers run away from home plate.","""Rows 1-4 have 23 seats labeled 1-23"" (Row 5 not stated)",rateyourseats.com/daikin-park/seating/sections/324,"HIGH - zone, rows, location and seat direction stated by the source"
325,Terrace Level (300s),Terrace Level,"""Located in the first 9 rows of the upper seating tier""; part of the upper deck, directly in front of the View Level",4,toward first base / right field,1-9,7,"Stairway aisles run along both side edges of the section; rows are not split by a mid-row aisle, so seat numbers run continuously from one side aisle to the other. The entry portal is at row 7.","Facing the field, seat 1 is on your left. That puts seat 1 on the edge facing section 324, with seat numbers counting up toward the edge facing section 327. Seat 1 is the end of the row closest to home plate, and higher seat numbers run away from home plate.",Rows 1-6: 24 seats; Row 7: 21 seats; Row 8: 18 seats; Row 9: 16 seats,rateyourseats.com/daikin-park/seating/sections/325,"HIGH - zone, rows, location and seat direction stated by the source"
327,Terrace Level (300s),Terrace Level,"""Front of Upper Deck: Located in the first 9 rows of the upper seating tier.""",5,toward first base / right field,1-5,5,"Stairway aisles run along both side edges of the section; rows are not split by a mid-row aisle, so seat numbers run continuously from one side aisle to the other. The entry portal is at row 5.","Facing the field, seat 1 is on your left. That puts seat 1 on the edge facing section 325, with seat numbers counting up toward the edge facing section 328. Seat 1 is the end of the row closest to home plate, and higher seat numbers run away from home plate.","""Rows 1-4 have 24 seats labeled 1-24"" (Row 5 not stated)","""Third base side: Better angle to the main videoboard"" and ""Less exposure to the sun when the roof is open""; section-specific sun/shade Obstructed views, steepness, and wheelchair/accessible rows rateyourseats.com/daikin-park/seating/sections/327","HIGH - zone, rows, location and seat direction stated by the source"
328,Terrace Level (300s),Terrace Level,"Located in the first 9 rows of the upper deck at Daikin Park, directly in front of the View Level.",6,toward first base / right field,1-9,7,"Stairway aisles run along both side edges of the section; rows are not split by a mid-row aisle, so seat numbers run continuously from one side aisle to the other. The entry portal is at row 7.","Facing the field, seat 1 is on your left. That puts seat 1 on the edge facing section 327, with seat numbers counting up toward the edge facing section 329. Seat 1 is the end of the row closest to home plate, and higher seat numbers run away from home plate.",Rows 1-6: 24 seats labeled 1-24; Row 7: 21 seats labeled 1-21; Row 8: 19 seats labeled 1-19; Row 9: 17 seats labeled 1-17,"""Third base side offers better protection from the sun."" Obstructed views, steepness, and wheelchair/accessible rows rateyourseats.com/daikin-park/seating/sections/328","HIGH - zone, rows, location and seat direction stated by the source"
329,Terrace Level (300s),Terrace Level,"Terrace Level ""located in the first 9 rows of the upper seating tier"".",7,toward first base / right field,1-5,5,"Stairway aisles run along both side edges of the section; rows are not split by a mid-row aisle, so seat numbers run continuously from one side aisle to the other. The entry portal is at row 5.","Facing the field, seat 1 is on your left. That puts seat 1 on the edge facing section 328, with seat numbers counting up toward the edge facing section 330. Seat 1 is the end of the row closest to home plate, and higher seat numbers run away from home plate.",Rows 1-2: 16 seats labeled 1-16; Rows 3-4: 17 seats labeled 1-17 (Row 5 not stated),"No section-specific obstruction, sun/shade, steepness, or accessibility notes; only the general Terrace Level statement ""Third base side offers better protection from the sun"". rateyourseats.com/daikin-park/seating/sections/329","HIGH - zone, rows, location and seat direction stated by the source"
330,Terrace Level (300s),Terrace Level,"Located in the first 9 rows of the upper deck at Daikin Park, directly in front of the View Level.",8,toward first base / right field,1-9,7,"Stairway aisles run along both side edges of the section; rows are not split by a mid-row aisle, so seat numbers run continuously from one side aisle to the other. The entry portal is at row 7.","Facing the field, seat 1 is on your left. That puts seat 1 on the edge facing section 329, with seat numbers counting up toward the edge facing section 331. Seat 1 is the end of the row closest to home plate, and higher seat numbers run away from home plate.",Row 1: 16 seats; Rows 2-6: 17 seats each; Row 7: 14 seats; Row 8: 12 seats; Row 9: 10 seats,"page states safety railings obstruct the view from front rows. ""Third base side offers better protection from the sun."" Steepness and wheelchair/accessible rows rateyourseats.com/daikin-park/seating/sections/330","HIGH - zone, rows, location and seat direction stated by the source"
331,Terrace Level (300s),Terrace Level,"""Front of Upper Deck: Located in the first 9 rows of the upper seating tier.""",9,toward first base / right field,1-5,5,"Stairway aisles run along both side edges of the section; rows are not split by a mid-row aisle, so seat numbers run continuously from one side aisle to the other. The entry portal is at row 5.","Facing the field, seat 1 is on your left. That puts seat 1 on the edge facing section 330, with seat numbers counting up toward the edge facing section 332. Seat 1 is the end of the row closest to home plate, and higher seat numbers run away from home plate.","""Rows 1-2 have 16 seats labeled 1-16""; ""Rows 3-4 have 17 seats labeled 1-17"" (Row 5 not stated)","""Shade Advantage: Third base side offers better protection from the sun."" Obstructed views, steepness, and wheelchair/accessible rows rateyourseats.com/daikin-park/seating/sections/331","HIGH - zone, rows, location and seat direction stated by the source"
332,Terrace Level (300s),Terrace Level,"""Located in the first 9 rows of the upper seating tier."" Page references the third base side for sun advantages.",10,toward first base / right field,1-9,7,"Stairway aisles run along both side edges of the section; rows are not split by a mid-row aisle, so seat numbers run continuously from one side aisle to the other. The entry portal is at row 7.","Facing the field, seat 1 is on your left. That puts seat 1 on the edge facing section 331, with seat numbers counting up toward the edge facing section 333. Seat 1 is the end of the row closest to home plate, and higher seat numbers run away from home plate.",Rows 1-2: 16 seats; Rows 3-6: 17 seats; Row 7: 15 seats; Row 8: 12 seats; Row 9: 10 seats,"""Third base side offers better protection from the sun."" rateyourseats.com/daikin-park/seating/sections/332","HIGH - zone, rows, location and seat direction stated by the source"
333,Terrace Level (300s),Terrace Level,"Located in the first 9 rows of the upper seating tier""; ""directly in front of the View Level",11,toward first base / right field,1-5,5,"Stairway aisles run along both side edges of the section; rows are not split by a mid-row aisle, so seat numbers run continuously from one side aisle to the other. The entry portal is at row 5.","Facing the field, seat 1 is on your left. That puts seat 1 on the edge facing section 332, with seat numbers counting up toward the edge facing section 334. Seat 1 is the end of the row closest to home plate, and higher seat numbers run away from home plate.",Rows 1-2 have 16 seats labeled 1-16; Rows 3-4 have 17 seats labeled 1-17; Row 5 not stated,"""Third base side offers better protection from the sun"". Obstructed views Steepness Accessible/wheelchair rows rateyourseats.com/daikin-park/seating/sections/333","HIGH - zone, rows, location and seat direction stated by the source"
334,Terrace Level (300s),Terrace Level,"Located in the first 9 rows of the upper seating tier""; ""directly in front of the View Level""; described as ""Front of Upper Deck",12,toward first base / right field,1-9,7,"Stairway aisles run along both side edges of the section; rows are not split by a mid-row aisle, so seat numbers run continuously from one side aisle to the other. The entry portal is at row 7.","Facing the field, seat 1 is on your left. That puts seat 1 on the edge facing section 333, with seat numbers counting up toward the edge facing section 336. Seat 1 is the end of the row closest to home plate, and higher seat numbers run away from home plate.",Rows 1-2 have 16 seats labeled 1-16; Rows 3-6 have 17 seats labeled 1-17; Row 7 has 15 seats labeled 1-15; Row 8 has 12 seats labeled 1-12; Row 9 has 10 seats labeled 1-10,"""Third base side offers better protection from the sun"". Obstructed views Steepness Accessible/wheelchair rows rateyourseats.com/daikin-park/seating/sections/334","HIGH - zone, rows, location and seat direction stated by the source"
336,Terrace Level (300s),not named by the source,not stated by the source,13,toward first base / right field,1-5,5,"Stairway aisles run along both side edges of the section; rows are not split by a mid-row aisle, so seat numbers run continuously from one side aisle to the other. The entry portal is at row 5.","Facing the field, seat 1 is on your left. That puts seat 1 on the edge facing section 334, with seat numbers counting up toward the edge facing section 337. Seat 1 is the end of the row closest to home plate, and higher seat numbers run away from home plate.","""Rows 1-4 have 16 seats labeled 1-16""; Row 5 not stated",Page exists but states no zone name and no location description. Obstructed views Sun/shade Steepness Accessible/wheelchair rows rateyourseats.com/daikin-park/seating/sections/336,"MEDIUM - rows confirmed, ticket zone not named by the source"
337,Terrace Level (300s),not named by the source,Behind/Side Stage (most shows),14,toward first base / right field,1-5,5,"Stairway aisles run along both side edges of the section; rows are not split by a mid-row aisle, so seat numbers run continuously from one side aisle to the other. The entry portal is at row 5.","Facing the field, seat 1 is on your left. That puts seat 1 on the edge facing section 336, with seat numbers counting up toward the edge facing section 338. Seat 1 is the end of the row closest to home plate, and higher seat numbers run away from home plate.",Rows 1-4 have 20 seats labeled 1-20; Row 5 not stated,"foul pole obstruction affecting views of home plate, first base and the right field line. ""behind the stage or to the side of the stage for most concerts. This may restrict or limit your view of the performance."" ""Rows 1 and above are shaded during most day games""; page also flags ""Afternoon Shade in Select Rows"". Steepness Accessible/wheelchair rows rateyourseats.com/daikin-park/seating/sections/337","MEDIUM - rows confirmed, ticket zone not named by the source"
338,Terrace Level (300s),not named by the source,Behind/Side Stage (most shows),15,toward first base / right field,1-5,5,"Stairway aisles run along both side edges of the section; rows are not split by a mid-row aisle, so seat numbers run continuously from one side aisle to the other. The entry portal is at row 5.","Facing the field, seat 1 is on your left. That puts seat 1 on the edge facing section 337, with seat numbers counting up toward the far edge of the section, with no further section beyond it on that side. Seat 1 is the end of the row closest to home plate, and higher seat numbers run away from home plate.",Rows 1-2 have 10 seats labeled 1-10; Rows 3-4 have 11 seats labeled 1-11; Row 5 not stated,"Obstructed view (concerts): ""338 is behind the stage or to the side of the stage for most concerts. This may restrict or limit your view"". ""Rows 1 and above are shaded during most day games"". Steepness Accessible/wheelchair rows rateyourseats.com/daikin-park/seating/sections/338","MEDIUM - rows confirmed, ticket zone not named by the source"
405,Upper Deck (400s),View Level,Located on the upper deck with the most elevated views in the stadium,13,toward third base / left field,1-22,1,"Stairway aisles run along both side edges of the section; rows are not split by a mid-row aisle, so seat numbers run continuously from one side aisle to the other. The entry portal is at row 1.","Facing the field, seat 1 is on your left. That puts seat 1 on the far edge of the section, with no further section beyond it on that side, with seat numbers counting up toward the edge facing section 406. Seat 1 is the end of the row farthest from home plate, and higher seat numbers run back toward home plate.",not published,"""Steep Seating Layout: Tunnel entry at Row 1 with long walks up for higher rows""; ""At a steep incline with Row 1 closest to the concourse tunnel"". Sun/shade (general View Level guidance on page): ""Many seats down the lines are protected from the sun""; ""Many sections down the lines are well covered from the sun"". Obstructed views not stated for this section (page's obstructed-scoreboard note refers to sections 430-438). Accessible/wheelchair rows rateyourseats.com/daikin-park/seating/sections/405","HIGH - zone, rows, location and seat direction stated by the source"
406,Upper Deck (400s),View Level,not stated by the source,12,toward third base / left field,1-23,1,"Stairway aisles run along both side edges of the section; rows are not split by a mid-row aisle, so seat numbers run continuously from one side aisle to the other. The entry portal is at row 1.","Facing the field, seat 1 is on your left. That puts seat 1 on the edge facing section 405, with seat numbers counting up toward the edge facing section 407. Seat 1 is the end of the row farthest from home plate, and higher seat numbers run back toward home plate.",not published,"""they are well covered from the sun"". page references ""steep stairs"" in the context of reducing walking distance. Obstructed views Accessible/wheelchair rows rateyourseats.com/daikin-park/seating/sections/406","MEDIUM - rows and zone confirmed, the source does not place this section"
407,Upper Deck (400s),View Level,Located on the upper deck with the most elevated views in the stadium,11,toward third base / left field,1-23,1,"Stairway aisles run along both side edges of the section; rows are not split by a mid-row aisle, so seat numbers run continuously from one side aisle to the other. The entry portal is at row 1.","Facing the field, seat 1 is on your left. That puts seat 1 on the edge facing section 406, with seat numbers counting up toward the edge facing section 408. Seat 1 is the end of the row farthest from home plate, and higher seat numbers run back toward home plate.",not published,"""Rows 15 and above are shaded during most day games"". ""Steep Seating Layout: Tunnel entry at Row 1 with long walks up for higher rows"". Obstructed views Accessible/wheelchair rows rateyourseats.com/daikin-park/seating/sections/407","HIGH - zone, rows, location and seat direction stated by the source"
408,Upper Deck (400s),View Level,Located on the upper deck with the most elevated views in the stadium,10,toward third base / left field,1-19,1,"Stairway aisles run along both side edges of the section; rows are not split by a mid-row aisle, so seat numbers run continuously from one side aisle to the other. The entry portal is at row 1.","Facing the field, seat 1 is on your left. That puts seat 1 on the edge facing section 407, with seat numbers counting up toward the edge facing section 409. Seat 1 is the end of the row farthest from home plate, and higher seat numbers run back toward home plate.",not published,"Obstructed view (fan review from Row 4): ""Completely obstructed view of the pitcher's mound and home plate by the stair rail leading up to the section"". ""Rows 1 and above are shaded during most day games"". ""Steep Seating Layout: Tunnel entry at Row 1 with long walks up for higher rows""; ""At a steep incline with Row 1 closest to the concourse tunnel"". Accessible/wheelchair rows rateyourseats.com/daikin-park/seating/sections/408","HIGH - zone, rows, location and seat direction stated by the source"
409,Upper Deck (400s),View Level,Located on the upper deck with the most elevated views in the stadium,9,toward third base / left field,1-17,1,"Stairway aisles run along both side edges of the section; rows are not split by a mid-row aisle, so seat numbers run continuously from one side aisle to the other. The entry portal is at row 1.","Facing the field, seat 1 is on your left. That puts seat 1 on the edge facing section 408, with seat numbers counting up toward the edge facing section 410. Seat 1 is the end of the row farthest from home plate, and higher seat numbers run back toward home plate.","""Rows 1-13 have 24 seats labeled 1-24""; Rows 14-17 not stated","""All seats in this section are shaded during most day games"". ""Steep Seating Layout: Tunnel entry at Row 1 with long walks up for higher rows"". Obstructed views Accessible/wheelchair rows rateyourseats.com/daikin-park/seating/sections/409","HIGH - zone, rows, location and seat direction stated by the source"
410,Upper Deck (400s),View Level,"Located on the upper deck with the most elevated views in the stadium""; part of the ""400 level at Daikin Park",8,toward third base / left field,1-17,1,"Stairway aisles run along both side edges of the section; rows are not split by a mid-row aisle, so seat numbers run continuously from one side aisle to the other. The entry portal is at row 1.","Facing the field, seat 1 is on your left. That puts seat 1 on the edge facing section 409, with seat numbers counting up toward the edge facing section 411. Seat 1 is the end of the row farthest from home plate, and higher seat numbers run back toward home plate.","""Rows 1-13 have 24 seats labeled 1-24""; Rows 14-17 not stated","""All seats in this section are shaded during most day games""; ""Many seats down the lines are protected from the sun"". ""Steep Seating Layout: Tunnel entry at Row 1 with long walks up for higher rows""; ""At a steep incline with Row 1 closest to the concourse tunnel"". Obstructed views Accessible/wheelchair rows rateyourseats.com/daikin-park/seating/sections/410","HIGH - zone, rows, location and seat direction stated by the source"
411,Upper Deck (400s),View Level,Located on the upper deck with the most elevated views in the stadium,7,toward third base / left field,1-17,1,"Stairway aisles run along both side edges of the section; rows are not split by a mid-row aisle, so seat numbers run continuously from one side aisle to the other. The entry portal is at row 1.","Facing the field, seat 1 is on your left. That puts seat 1 on the edge facing section 410, with seat numbers counting up toward the edge facing section 413. Seat 1 is the end of the row farthest from home plate, and higher seat numbers run back toward home plate.",Rows 1-16 have 24 seats labeled 1-24; Row 17 has 20 seats labeled 1-23,"""All seats in this section are shaded during most day games"". ""Steep Seating Layout: Tunnel entry at Row 1 with long walks up for higher rows"". Obstructed views Accessible/wheelchair rows rateyourseats.com/daikin-park/seating/sections/411","HIGH - zone, rows, location and seat direction stated by the source"
413,Upper Deck (400s),View Level,Located on the upper deck with the most elevated views in the stadium,6,toward third base / left field,1-17,1,"Stairway aisles run along both side edges of the section; rows are not split by a mid-row aisle, so seat numbers run continuously from one side aisle to the other. The entry portal is at row 1.","Facing the field, seat 1 is on your left. That puts seat 1 on the edge facing section 411, with seat numbers counting up toward the edge facing section 414. Seat 1 is the end of the row farthest from home plate, and higher seat numbers run back toward home plate.",Rows 1-13 have 24 seats labeled 1-24; Rows 14-16 have 18 seats labeled 1-23; Row 17 has 19 seats labeled 1-28,"""All seats in this section are shaded during most day games"". ""Steep Seating Layout: Tunnel entry at Row 1 with long walks up for higher rows"". Obstructed views Accessible/wheelchair rows rateyourseats.com/daikin-park/seating/sections/413","HIGH - zone, rows, location and seat direction stated by the source"
414,Upper Deck (400s),View Level,Located on the upper deck with the most elevated views in the stadium,5,toward third base / left field,1-17,1,"Stairway aisles run along both side edges of the section; rows are not split by a mid-row aisle, so seat numbers run continuously from one side aisle to the other. The entry portal is at row 1.","Facing the field, seat 1 is on your left. That puts seat 1 on the edge facing section 413, with seat numbers counting up toward the edge facing section 415. Seat 1 is the end of the row farthest from home plate, and higher seat numbers run back toward home plate.",Rows 1-16 have 23 seats labeled 1-23; Row 17 has 23 seats labeled 1-24,"Obstructed view (fan review): ""two sets of railings that impede your view down to the field""; the page also references a railing ""in front of the handicap accessible seats at the back of the 300 level sections"". ""All seats in this section are shaded during most day games"". ""Steep Seating Layout: Tunnel entry at Row 1 with long walks up for higher rows"". rateyourseats.com/daikin-park/seating/sections/414","HIGH - zone, rows, location and seat direction stated by the source"
415,Upper Deck (400s),View Level,"Located on the upper deck with the most elevated views in the stadium""; part of the ""sections across the 400 level at Daikin Park",4,toward third base / left field,1-17,1,"Stairway aisles run along both side edges of the section; rows are not split by a mid-row aisle, so seat numbers run continuously from one side aisle to the other. The entry portal is at row 1.","Facing the field, seat 1 is on your left. That puts seat 1 on the edge facing section 414, with seat numbers counting up toward the edge facing section 416. Seat 1 is the end of the row farthest from home plate, and higher seat numbers run back toward home plate.",Rows 1-2: 19 seats; Rows 3-4: 20 seats; Rows 5-7: 21 seats; Rows 8-10: 22 seats; Rows 11-13: 23 seats; Rows 14-15: 24 seats; Row 16: 25 seats; Row 17: 24 seats,"""All seats in this section are shaded during most day games"". ""Steep Seating Layout: Tunnel entry at Row 1 with long walks up for higher rows""; ""steep incline with Row 1 closest to the concourse tunnel"". Obstructed views Accessible/wheelchair rows rateyourseats.com/daikin-park/seating/sections/415","HIGH - zone, rows, location and seat direction stated by the source"
416,Upper Deck (400s),View Level,Located on the upper deck with the most elevated views in the stadium,3,toward third base / left field,1-17,1,"Stairway aisles run along both side edges of the section; rows are not split by a mid-row aisle, so seat numbers run continuously from one side aisle to the other. The entry portal is at row 1.","Facing the field, seat 1 is on your left. That puts seat 1 on the edge facing section 415, with seat numbers counting up toward the edge facing section 417. Seat 1 is the end of the row farthest from home plate, and higher seat numbers run back toward home plate.",Rows 1-2: 19 seats; Rows 3-5: 20 seats; Rows 6-8: 21 seats; Rows 9-11: 22 seats; Rows 12-14: 23 seats; Rows 15-16: 24 seats; Row 17: 30 seats,"""All seats in this section are shaded during most day games"". ""Steep Seating Layout: Tunnel entry at Row 1 with long walks up for higher rows"". Obstructed views Accessible/wheelchair rows rateyourseats.com/daikin-park/seating/sections/416","HIGH - zone, rows, location and seat direction stated by the source"
417,Upper Deck (400s),View Level,Located on the upper deck with the most elevated views in the stadium,2,toward third base / left field,1-17,1,"Stairway aisles run along both side edges of the section; rows are not split by a mid-row aisle, so seat numbers run continuously from one side aisle to the other. The entry portal is at row 1.","Facing the field, seat 1 is on your left. That puts seat 1 on the edge facing section 416, with seat numbers counting up toward the edge facing section 418. Seat 1 is the end of the row farthest from home plate, and higher seat numbers run back toward home plate.",Rows 1-2: 19 seats; Rows 3-5: 20 seats; Rows 6-8: 21 seats; Rows 9-11: 22 seats; Rows 12-14: 23 seats; Row 15: 24 seats; Row 16: 25 seats; Row 17: 27 seats,"""Rows 8 and above are shaded during most day games"". ""Steep Seating Layout: Tunnel entry at Row 1 with long walks up for higher rows"". Obstructed views Accessible/wheelchair rows rateyourseats.com/daikin-park/seating/sections/417","HIGH - zone, rows, location and seat direction stated by the source"
418,Upper Deck (400s),View Level,Located on the upper deck with the most elevated views in the stadium,1,toward third base / left field,1-17,1,"Stairway aisles run along both side edges of the section; rows are not split by a mid-row aisle, so seat numbers run continuously from one side aisle to the other. The entry portal is at row 1.","Facing the field, seat 1 is on your left. That puts seat 1 on the edge facing section 417, with seat numbers counting up toward the edge facing section 419. Seat 1 is the end of the row farthest from home plate, and higher seat numbers run back toward home plate.",Rows 1-2: 19 seats; Rows 3-5: 20 seats; Rows 6-8: 21 seats; Rows 9-11: 22 seats; Rows 12-14: 23 seats; Rows 15-16: 24 seats; Row 17: 27 seats,"Obstructed view (fan review): railings obstruct views of the pitcher's mound and batter's box. ""Rows 13 and above are shaded during most day games"". ""Steep Seating Layout: Tunnel entry at Row 1 with long walks up for higher rows"". Accessible/wheelchair rows rateyourseats.com/daikin-park/seating/sections/418","HIGH - zone, rows, location and seat direction stated by the source"
419,Upper Deck (400s),View Level,Located on the upper deck with the most elevated views in the stadium,0,behind home plate,1-17,1,"Stairway aisles run along both side edges of the section; rows are not split by a mid-row aisle, so seat numbers run continuously from one side aisle to the other. The entry portal is at row 1.","Facing the field, seat 1 is on your left. That puts seat 1 on the edge facing section 418, with seat numbers counting up toward the edge facing section 420. This section is behind home plate, so seat 1 is on its third-base side.",Rows 1-3: 16 seats; Rows 4-6: 17 seats; Rows 7-9: 18 seats; Rows 10-12: 19 seats; Rows 13-15: 20 seats; Row 16: 21 seats; Row 17: 23 seats,"""Rows 10 and above are shaded during most late afternoon games"". ""Steep Seating Layout: Tunnel entry at Row 1 with long walks up for higher rows"". Section noted as having ""best overall views""; no obstruction stated for this section. Accessible/wheelchair rows rateyourseats.com/daikin-park/seating/sections/419","HIGH - zone, rows, location and seat direction stated by the source"
420,Upper Deck (400s),View Level,Located on the upper deck with the most elevated views in the stadium,0,behind home plate,1-17,1,"Stairway aisles run along both side edges of the section; rows are not split by a mid-row aisle, so seat numbers run continuously from one side aisle to the other. The entry portal is at row 1.","Facing the field, seat 1 is on your left. That puts seat 1 on the edge facing section 419, with seat numbers counting up toward the edge facing section 421. This section is behind home plate, so seat 1 is on its third-base side.",Rows 1-2: 19 seats; Rows 3-5: 20 seats; Rows 6-8: 21 seats; Rows 9-11: 22 seats; Rows 12-14: 23 seats; Row 15: 14 seats; Row 16: 6 seats; Row 17: 5 seats,"""Rows 13 and above are shaded during most day games"". ""Steep Seating Layout: Tunnel entry at Row 1 with long walks up for higher rows"". Obstructed views Accessible/wheelchair rows rateyourseats.com/daikin-park/seating/sections/420","HIGH - zone, rows, location and seat direction stated by the source"
421,Upper Deck (400s),View Level,"Located on the upper deck with the most elevated views in the stadium."" Part of the 400 level, ""Well above the Terrace Level"". ""Sections 417-421: Best overall views of the entire field",0,behind home plate,1-17,1,"Stairway aisles run along both side edges of the section; rows are not split by a mid-row aisle, so seat numbers run continuously from one side aisle to the other. The entry portal is at row 1.","Facing the field, seat 1 is on your left. That puts seat 1 on the edge facing section 420, with seat numbers counting up toward the edge facing section 422. This section is behind home plate, so seat 1 is on its third-base side.",Rows 1-2: 19 seats; Rows 3-5: 20 seats; Rows 6-8: 21 seats; Rows 9-11: 22 seats; Rows 12-14: 23 seats; Row 15: 24 seats; Row 16: 21 seats; Row 17: 25 seats,"""0 obstructions to view"". ""Rows 10 and above are shaded during most day games"". ""Steep Seating Layout: Tunnel entry at Row 1 with long walks up for higher rows."" UNKNOWN (not stated). rateyourseats.com/daikin-park/seating/sections/421","HIGH - zone, rows, location and seat direction stated by the source"
422,Upper Deck (400s),View Level,"""Highest Seating Tier: Located on the upper deck with the most elevated views in the stadium."" Part of the 400 level sections, positioned ""Well above the Terrace Level"" with ""steep incline"" design.",1,toward first base / right field,1-17,1,"Stairway aisles run along both side edges of the section; rows are not split by a mid-row aisle, so seat numbers run continuously from one side aisle to the other. The entry portal is at row 1.","Facing the field, seat 1 is on your left. That puts seat 1 on the edge facing section 421, with seat numbers counting up toward the edge facing section 423. Seat 1 is the end of the row closest to home plate, and higher seat numbers run away from home plate.",Rows 1-2: 19 seats; Rows 3-5: 20 seats; Rows 6-8: 21 seats; Rows 9-10: 19 seats; Rows 11-13: 19 seats; Row 14: 21 seats; Rows 15-16: 24 seats; Row 17: 28 seats,"""Rows 8 and above are shaded during most day games"". ""Steep Seating Layout: Tunnel entry at Row 1 with long walks up for higher rows."" UNKNOWN (not stated). UNKNOWN (not stated). rateyourseats.com/daikin-park/seating/sections/422","HIGH - zone, rows, location and seat direction stated by the source"
423,Upper Deck (400s),View Level,"""Located on the upper deck with the most elevated views in the stadium""; part of the 400 level sections.",2,toward first base / right field,1-17,1,"Stairway aisles run along both side edges of the section; rows are not split by a mid-row aisle, so seat numbers run continuously from one side aisle to the other. The entry portal is at row 1.","Facing the field, seat 1 is on your left. That puts seat 1 on the edge facing section 422, with seat numbers counting up toward the edge facing section 424. Seat 1 is the end of the row closest to home plate, and higher seat numbers run away from home plate.",Row 1: 19 seats; Rows 2-4: 20 seats; Rows 5-7: 21 seats; Row 8: 22 seats; Rows 9-10: 21 seats; Row 11: 23 seats; Row 12: 21 seats; Row 13: 22 seats; Rows 14-16: 24 seats; Row 17: 27 seats,"""A beam supporting the roof is located at row 9 seat 15"" blocking view of the pitcher's mound. ""Rows 6 and above are shaded during most day games"". ""Tunnel entry at Row 1 with long walks up for higher rows."" UNKNOWN (not stated). rateyourseats.com/daikin-park/seating/sections/423","HIGH - zone, rows, location and seat direction stated by the source"
424,Upper Deck (400s),View Level,"View Level seating includes sections across the 400 level at Daikin Park, forming the highest tier in the stadium."" ""Highest Seating Tier: Located on the upper deck",3,toward first base / right field,1-17,1,"Stairway aisles run along both side edges of the section; rows are not split by a mid-row aisle, so seat numbers run continuously from one side aisle to the other. The entry portal is at row 1.","Facing the field, seat 1 is on your left. That puts seat 1 on the edge facing section 423, with seat numbers counting up toward the edge facing section 425. Seat 1 is the end of the row closest to home plate, and higher seat numbers run away from home plate.","""Rows 1-16 have 23 seats labeled 1-23""; ""Row 17 has 23 seats labeled 1-24"" (as stated on source)","""Rows 6 and above are shaded during most day games"". ""Tunnel entry at Row 1 with long walks up for higher rows."" UNKNOWN (not stated). UNKNOWN (not stated). rateyourseats.com/daikin-park/seating/sections/424","HIGH - zone, rows, location and seat direction stated by the source"
425,Upper Deck (400s),View Level,"Located on the upper deck with the most elevated views in the stadium."" Part of the 400 level, ""Well above the Terrace Level"", ""At a steep incline with Row 1 closest to the concourse tunnel.",4,toward first base / right field,1-17,1,"Stairway aisles run along both side edges of the section; rows are not split by a mid-row aisle, so seat numbers run continuously from one side aisle to the other. The entry portal is at row 1.","Facing the field, seat 1 is on your left. That puts seat 1 on the edge facing section 424, with seat numbers counting up toward the edge facing section 427. Seat 1 is the end of the row closest to home plate, and higher seat numbers run away from home plate.",Rows 1-12: 24 seats (labeled 1-24); Rows 13-14: 20 seats (labeled 5-24); Row 15: 18 seats (labeled 5-24); Row 16: 16 seats (labeled 5-24); Row 17: 16 seats (labeled 3-18),"""Rows 7 and above are shaded during most day games."" ""Steep Seating Layout: Tunnel entry at Row 1 with long walks up for higher rows."" UNKNOWN (not stated). UNKNOWN (not stated). rateyourseats.com/daikin-park/seating/sections/425","HIGH - zone, rows, location and seat direction stated by the source"
427,Upper Deck (400s),View Level,"Located on the upper deck with the most elevated views in the stadium."" Part of the 400 level, ""Well above the Terrace Level"", ""At a steep incline with Row 1 closest to the concourse tunnel.",5,toward first base / right field,1-17,1,"Stairway aisles run along both side edges of the section; rows are not split by a mid-row aisle, so seat numbers run continuously from one side aisle to the other. The entry portal is at row 1.","Facing the field, seat 1 is on your left. That puts seat 1 on the edge facing section 425, with seat numbers counting up toward the edge facing section 428. Seat 1 is the end of the row closest to home plate, and higher seat numbers run away from home plate.","Rows 1-16 have 24 seats labeled 1-24""; ""Row 17 has 6 seats labeled 22-27","""The railings block out a large portion of the right side of the infield"". ""Rows 8 and above are shaded during most day games"". ""Steep Seating Layout: Tunnel entry at Row 1 with long walks up for higher rows."" UNKNOWN (not stated). rateyourseats.com/daikin-park/seating/sections/427","HIGH - zone, rows, location and seat direction stated by the source"
428,Upper Deck (400s),View Level,"View Level seating includes sections across the 400 level at Daikin Park, forming the highest tier in the stadium."" ""Highest Seating Tier: Located on the upper deck with the most elevated views",6,toward first base / right field,1-17,1,"Stairway aisles run along both side edges of the section; rows are not split by a mid-row aisle, so seat numbers run continuously from one side aisle to the other. The entry portal is at row 1.","Facing the field, seat 1 is on your left. That puts seat 1 on the edge facing section 427, with seat numbers counting up toward the edge facing section 429. Seat 1 is the end of the row closest to home plate, and higher seat numbers run away from home plate.","Rows 1-16 have 24 seats labeled 1-24""; ""Row 17 has 27 seats labeled 1-27","""Sections 430-438: Limited or obstructed view of the scoreboard"". ""Rows 9 and above are shaded during most day games"". ""Steep Seating Layout: Tunnel entry at Row 1 with long walks up for higher rows."" UNKNOWN (not stated). rateyourseats.com/daikin-park/seating/sections/428","HIGH - zone, rows, location and seat direction stated by the source"
429,Upper Deck (400s),View Level,"Located on the upper deck with the most elevated views in the stadium."" Part of the 400 level, ""Well above the Terrace Level"" and ""At a steep incline with Row 1 closest to the concourse tunnel.",7,toward first base / right field,1-17,1,"Stairway aisles run along both side edges of the section; rows are not split by a mid-row aisle, so seat numbers run continuously from one side aisle to the other. The entry portal is at row 1.","Facing the field, seat 1 is on your left. That puts seat 1 on the edge facing section 428, with seat numbers counting up toward the edge facing section 430. Seat 1 is the end of the row closest to home plate, and higher seat numbers run away from home plate.",Row 1: 18 seats; Rows 2-5: 19 seats; Row 6: 18 seats; Row 7: 19 seats; Rows 8-9: 20 seats; Rows 10-14: 21 seats; Rows 15-16: 22 seats; Row 17: 25 seats,"""Sections 430-438: Limited or obstructed view of the scoreboard"". ""Rows 10 and above are shaded during most day games"". ""Steep Seating Layout: Tunnel entry at Row 1 with long walks up for higher rows."" UNKNOWN (not stated). rateyourseats.com/daikin-park/seating/sections/429","HIGH - zone, rows, location and seat direction stated by the source"
430,Upper Deck (400s),View Level,"Located on the upper deck with the most elevated views""; part of the 400 level at Daikin Park, with ""Sections 430-438: Limited or obstructed view of the scoreboard",8,toward first base / right field,1-17,1,"Stairway aisles run along both side edges of the section; rows are not split by a mid-row aisle, so seat numbers run continuously from one side aisle to the other. The entry portal is at row 1.","Facing the field, seat 1 is on your left. That puts seat 1 on the edge facing section 429, with seat numbers counting up toward the edge facing section 431. Seat 1 is the end of the row closest to home plate, and higher seat numbers run away from home plate.",Rows 1-2: 18 seats; Rows 3-5: 19 seats; Rows 6-9: 20 seats; Rows 10-14: 21 seats; Rows 15-16: 22 seats; Row 17: 24 seats,"""Limited or obstructed view of the scoreboard"". ""Rows 13 and above are shaded during most day games"". ""Steep Seating Layout: Tunnel entry at Row 1 with long walks up for higher rows."" UNKNOWN (not stated). rateyourseats.com/daikin-park/seating/sections/430","HIGH - zone, rows, location and seat direction stated by the source"
431,Upper Deck (400s),View Level,"""Highest Seating Tier: Located on the upper deck with the most elevated views in the stadium."" Part of the 400 level sections forming the uppermost tier, positioned ""Well above the Terrace Level"" with steep incline design.",9,toward first base / right field,1-17,1,"Stairway aisles run along both side edges of the section; rows are not split by a mid-row aisle, so seat numbers run continuously from one side aisle to the other. The entry portal is at row 1.","Facing the field, seat 1 is on your left. That puts seat 1 on the edge facing section 430, with seat numbers counting up toward the edge facing section 432. Seat 1 is the end of the row closest to home plate, and higher seat numbers run away from home plate.",Rows 1-2: 18 seats; Rows 3-5: 19 seats; Rows 6-9: 20 seats; Rows 10-14: 21 seats; Rows 15-16: 22 seats; Row 17: 25 seats,"""Sections 430-438: Limited or obstructed view of the scoreboard"". ""Rows 15 and above are shaded during most day games"". ""Steep Seating Layout: Tunnel entry at Row 1 with long walks up for higher rows."" UNKNOWN (not stated). rateyourseats.com/daikin-park/seating/sections/431","HIGH - zone, rows, location and seat direction stated by the source"
432,Upper Deck (400s),View Level,"""Highest Seating Tier: Located on the upper deck with the most elevated views in the stadium."" Part of the 400 level sections forming the highest tier, situated ""Well above the Terrace Level"" with steep incline design.",10,toward first base / right field,1-17,1,"Stairway aisles run along both side edges of the section; rows are not split by a mid-row aisle, so seat numbers run continuously from one side aisle to the other. The entry portal is at row 1.","Facing the field, seat 1 is on your left. That puts seat 1 on the edge facing section 431, with seat numbers counting up toward the edge facing section 433. Seat 1 is the end of the row closest to home plate, and higher seat numbers run away from home plate.",Rows 1-2: 18 seats (labeled 1-18); Rows 3-6: 19 seats (labeled 1-19); Rows 7-11: 20 seats (labeled 1-20); Rows 12-16: 21 seats (labeled 1-21); Row 17: 24 seats (labeled 1-24),"""Sections 430-438: Limited or obstructed view of the scoreboard."" ""Many sections down the lines are well covered from the sun."" ""Steep Seating Layout"" with ""long walks up for higher rows."" UNKNOWN (not stated). rateyourseats.com/daikin-park/seating/sections/432","HIGH - zone, rows, location and seat direction stated by the source"
433,Upper Deck (400s),View Level,not stated by the source,11,toward first base / right field,1-17,1,"Stairway aisles run along both side edges of the section; rows are not split by a mid-row aisle, so seat numbers run continuously from one side aisle to the other. The entry portal is at row 1.","Facing the field, seat 1 is on your left. That puts seat 1 on the edge facing section 432, with seat numbers counting up toward the edge facing section 434. Seat 1 is the end of the row closest to home plate, and higher seat numbers run away from home plate.",Rows 1-2: 18 seats; Rows 3-6: 19 seats; Rows 7-11: 20 seats; Rows 12-16: 21 seats; Row 17: 23 seats,"""Sections 430-438: Limited or obstructed view of the scoreboard"". ""Steep Seating Layout: Tunnel entry at Row 1 with long walks up for higher rows."" UNKNOWN (not stated for this section). UNKNOWN (not stated). rateyourseats.com/daikin-park/seating/sections/433","MEDIUM - rows and zone confirmed, the source does not place this section"
434,Upper Deck (400s),View Level,"Located on the upper deck with the most elevated views in the stadium."" Part of the 400 level sections, positioned ""Well above the Terrace Level"" with ""Limited or obstructed view of the scoreboard.",12,toward first base / right field,1-17,1,"Stairway aisles run along both side edges of the section; rows are not split by a mid-row aisle, so seat numbers run continuously from one side aisle to the other. The entry portal is at row 1.","Facing the field, seat 1 is on your left. That puts seat 1 on the edge facing section 433, with seat numbers counting up toward the edge facing section 436. Seat 1 is the end of the row closest to home plate, and higher seat numbers run away from home plate.",Rows 1-2: 18 seats; Rows 3-6: 19 seats; Rows 7-11: 20 seats; Rows 12-14: 21 seats; Row 15: 13 seats; Row 16: 10 seats; Row 17: 11 seats,"""Limited or obstructed view of the scoreboard."" ""Rows 12 and above are shaded during most day games"". ""Steep Seating Layout: Tunnel entry at Row 1 with long walks up for higher rows."" UNKNOWN (not stated). rateyourseats.com/daikin-park/seating/sections/434","HIGH - zone, rows, location and seat direction stated by the source"
436,Upper Deck (400s),not named by the source,not stated by the source,13,toward first base / right field,1-17,1,"Stairway aisles run along both side edges of the section; rows are not split by a mid-row aisle, so seat numbers run continuously from one side aisle to the other. The entry portal is at row 1.","Facing the field, seat 1 is on your left. That puts seat 1 on the edge facing section 434, with seat numbers counting up toward the edge facing section 437. Seat 1 is the end of the row closest to home plate, and higher seat numbers run away from home plate.",Rows 1-2: 18 seats; Rows 3-6: 19 seats; Rows 7-8: 20 seats; Row 9: 19 seats; Row 10: 16 seats; Row 11: 12 seats; Row 12: 10 seats; Row 13: 7 seats; Row 14: 4 seats; Row 15: 1 seat,"""Rows 5 and above are shaded during most day games"". UNKNOWN (not stated). UNKNOWN (not stated). UNKNOWN (not stated). Zone name not stated on page. rateyourseats.com/daikin-park/seating/sections/436","MEDIUM - rows confirmed, ticket zone not named by the source"
437,Upper Deck (400s),not named by the source,"""Behind/Side Stage (most shows)"" for concerts; for baseball the page places the section in the upper deck area.",14,toward first base / right field,1-7,1,"Stairway aisles run along both side edges of the section; rows are not split by a mid-row aisle, so seat numbers run continuously from one side aisle to the other. The entry portal is at row 1.","Facing the field, seat 1 is on your left. That puts seat 1 on the edge facing section 436, with seat numbers counting up toward the edge facing section 438. Seat 1 is the end of the row closest to home plate, and higher seat numbers run away from home plate.",Row 1: 10 seats; Row 2: 11 seats; Rows 3-4: 12 seats each; Row 5: 10 seats; Row 6: 7 seats; Row 7: 3 seats,"""All seats in this section are shaded during most day games"". ""437 is behind the stage or to the side of the stage for most concerts. This may restrict or limit your view of the performance."" UNKNOWN (not stated). UNKNOWN (not stated). Zone name not stated on page. rateyourseats.com/daikin-park/seating/sections/437","MEDIUM - rows confirmed, ticket zone not named by the source"
438,Upper Deck (400s),not named by the source,Behind/Side Stage (most shows),15,toward first base / right field,1-3,1,"Stairway aisles run along both side edges of the section; rows are not split by a mid-row aisle, so seat numbers run continuously from one side aisle to the other. The entry portal is at row 1.","Facing the field, seat 1 is on your left. That puts seat 1 on the edge facing section 437, with seat numbers counting up toward the far edge of the section, with no further section beyond it on that side. Seat 1 is the end of the row closest to home plate, and higher seat numbers run away from home plate.","Row 1: ""11 seats labeled 12-22""; Row 2: ""15 seats labeled 1-18""; Row 3: ""9 seats labeled 1-12""","""All seats in this section are shaded during most day games"". ""438 is behind the stage or to the side of the stage for most concerts. This may restrict or limit your view"". UNKNOWN (not stated). UNKNOWN (not stated). Zone name not stated on page. rateyourseats.com/daikin-park/seating/sections/438","MEDIUM - rows confirmed, ticket zone not named by the source"
Batters Eye Boxes,"Clubs, suites and other named areas",Premium boxes,"Batter's Eye Boxes are located in center field at Daikin Park, within the batter's eye — the darkened backdrop used to help hitters track pitches.",,not part of the numbered seating bowl,UNKNOWN,UNKNOWN,"The source describes this as a named area rather than a numbered section, so it publishes no aisle layout for it.","This area sits outside the numbered seating bowl and no seat numbering is published for it. Check the seat numbers printed on your own ticket, or ask the ticket office.",not published,"Zone page rather than a per-section page. All-inclusive food and non-alcoholic beverages are included for Astros games. ""Most single-game tickets are sold as barstool seats"" and ""Most tickets sold through season ticket packages."" ""Fewer than 50 total seats available."" ""Less ideal for pitch detail compared to behind home plate.""",LOW - no row data published for this section
Diamond Club,"Clubs, suites and other named areas",Clubs and suites,"Diamond Club seating is located directly behind home plate at field level, offering the closest seats to the action at Daikin Park.",,not part of the numbered seating bowl,UNKNOWN,UNKNOWN,"The source describes this as a named area rather than a numbered section, so it publishes no aisle layout for it.","This area sits outside the numbered seating bowl and no seat numbering is published for it. Check the seat numbers printed on your own ticket, or ask the ticket office.",not published,"Zone page rather than a per-section page. Includes ""Extra-wide, Texas-sized padded chairs"", ""In-seat wait service throughout the game"", and access to ""a private, climate-controlled lounge"" with ""Complimentary all-inclusive food, snacks, and non-alcoholic beverages"", a ""Full-service bar (alcohol available for purchase unless otherwise noted)"", ""Pizza oven and upscale dining options"" and ""Private restrooms"". ""Diamond Club seats are ideal for fans looking for a once-in-a-lifetime experience right behind home plate."" ""Many of these seats are positioned so close that fans are closer to the batter than the pitcher is, creating an unmatched proximity to the game.""",LOW - no row data published for this section
Insperity Club,"Clubs, suites and other named areas",Clubs and suites,"Insperity Club seating includes Sections 70-75, located directly behind home plate on an elevated tier above the lower level at Daikin Park.",,not part of the numbered seating bowl,UNKNOWN,UNKNOWN,"The source describes this as a named area rather than a numbered section, so it publishes no aisle layout for it.","This area sits outside the numbered seating bowl and no seat numbering is published for it. Check the seat numbers printed on your own ticket, or ask the ticket office.",not published,"Zone page covering Sections 70-75 rather than a per-section page. Includes ""Theater-style plush chairs"", ""In-seat wait service during Astros games"", ""Fully covered positioning for consistent shade"", ""All-inclusive gourmet dining (menu rotates by game)"", ""Non-alcoholic beverages included"", a ""Private cash bar for alcoholic drinks"", and ""Climate-controlled indoor seating"" in the lounge. ""These seats were originally reserved for media members, but are now available to all fans as one of the stadium's top premium options."" A fan review warns ""there is a walkway between row 3 and row 4 so you are seated further back in the club"" and reports difficulty tracking fly balls until they come back to field level, recommending rows 1 or 2 only.",LOW - no row data published for this section
Jim Beam Bar,"Clubs, suites and other named areas",Bars and drink rails,"Jim Beam Bourbon Bar seating is located just behind Section 206 on the Honda Club Level at Daikin Park."" ""Row 1 sits directly behind Row 8 of Section 206, giving a slightly elevated and set-back position.",,not part of the numbered seating bowl,Seating is split into two rows: Row 1: Mesh-backed stadium-style seats,UNKNOWN,"The source describes this as a named area rather than a numbered section, so it publishes no aisle layout for it.","This area sits outside the numbered seating bowl and no seat numbering is published for it. Check the seat numbers printed on your own ticket, or ask the ticket office.",not published,"Zone page rather than a per-section page; part of the Honda Club Level. ""Food and non-alcoholic beverages included with ticket"" plus access to ""the Honda Club Level concourse."" ""Jim Beam Bourbon Bar seats are ideal for fans looking for a social, all-inclusive experience."" ""Fully Covered Location: Shaded for the entire game."" ""Slightly set back compared to standard club seats in Section 206"", but with ""strong elevated views from the left field corner.""","HIGH - zone, rows, location and seat direction stated by the source"
Standing Room Only,"Clubs, suites and other named areas",Standing room,"Standing Room Only is found all around the Lower Level at Daikin Park."" Fans can stand ""behind the Crawford Boxes in LF or at other locations around the field.",,not part of the numbered seating bowl,UNKNOWN,UNKNOWN,"The source describes this as a named area rather than a numbered section, so it publishes no aisle layout for it.","This area sits outside the numbered seating bowl and no seat numbering is published for it. Check the seat numbers printed on your own ticket, or ask the ticket office.",not published,"Zone page rather than a per-section page. ""Provides admission to the stadium without an assigned seat."" ""Fans with SRO tickets are free to move throughout the stadium and find available standing spaces."" ""Typically sold for high-demand games (Opening Day, Playoffs, holidays)."" ""A green line behind permanent seating indicates where fans can stand"" and ""Standing Room Only ticketholders must stand behind the green line."" Obstruction note for spots behind sections: ""More elevated but sometimes partially obstructed.""",LOW - no row data published for this section
Ultra Club Patio,"Clubs, suites and other named areas",Standing room,The Michelob Ultra Club Patio is located in the outfield on the 300 level at Daikin Park.,,not part of the numbered seating bowl,UNKNOWN,UNKNOWN,"The source describes this as a named area rather than a numbered section, so it publishes no aisle layout for it.","This area sits outside the numbered seating bowl and no seat numbering is published for it. Check the seat numbers printed on your own ticket, or ask the ticket office.",not published,"Zone page rather than a per-section page. ""Standing Room Only: No assigned seats — open, social viewing setup."" Features ""A 360-degree full-service bar"" and ""Patio-style furniture and gathering areas."" ""All tickets in this section are general admission, meaning there are no assigned seats."" ""Despite the 'club' name, this area is not exclusive, and access to the bar is available to other fans in the stadium."" ""View quality depends on where you position yourself"" and ""Rail spots offer the best sightlines.""",LOW - no row data published for this section
