section,level,zone,location_in_stadium,sections_from_home_plate,direction_from_home_plate,rows_in_section,entrance_row,aisle_and_walkway_locations,seat_numbering,seats_per_row,notes,confidence
101,100 Level (100s),Bleacher Seats,"Bleacher seating at Chase Field is located behind the outfield walls in two main areas: Right Field: Sections 101-105 / Left Field: Sections 139-144"" and ""Sections in right-center field (Section 101) are among the best in this area, offering slightly better angles toward home plate and proximity to key attractions.",21,toward first base / right field,22-31,31,"Stairway aisles run along both side edges of the section; rows are not split by a mid-row aisle, so seat numbers run continuously from one side aisle to the other. The entry portal is at row 31.","Facing the field, seat 1 is on your right. That puts seat 1 on the far edge of the section, with no further section beyond it on that side, with seat numbers counting up toward the edge facing section 102. Seat 1 is the end of the row farthest from home plate, and higher seat numbers run back toward home plate.",not published,"""Rows 22-31""; ""Behind/Side Stage (most shows)"". RYS Expert Review served on this page is ""Bleacher Seats (2026 Review)"", which states ""Home Run Territory: Sections 101-105 (right field) and 139-144 (left field) behind the outfield walls"", ""Classic Bleacher Seating: Long bench-style rows with up to ~40 rows per section"", ""Sun Exposure: Right field bleachers get the most sun when the roof is open"" and ""Social Atmosphere: Close to attractions like the pool area, Strike Zone, and Picnic Pavilion"". ""101 is behind the stage or to the side of the stage for most concerts. This may restrict or limit your view of the performance."" this is the ONLY section in the batch whose entrance row is at the middle/top of a short row range (Row 31) rather than Row 40W; recorded exactly as printed.","HIGH - zone, rows, location and seat direction stated by the source"
102,100 Level (100s),Bleacher Seats,Bleacher seating at Chase Field is located behind the outfield walls in two main areas: Right Field: Sections 101-105 / Left Field: Sections 139-144,20,toward first base / right field,"14-39, 40C-40W",40W,"Stairway aisles run along both side edges of the section; rows are not split by a mid-row aisle, so seat numbers run continuously from one side aisle to the other. The entry portal is at row 40W.","Facing the field, seat 1 is on your right. That puts seat 1 on the edge facing section 101, with seat numbers counting up toward the edge facing section 103. Seat 1 is the end of the row farthest from home plate, and higher seat numbers run back toward home plate.",not published,"""Rows 14-39, 40C-40W""; ""Behind/Side Stage (most shows)"". RYS Expert Review served on this page is ""Bleacher Seats (2026 Review)"" with the same 101-105 right field / 139-144 left field text. ""102 is behind the stage or to the side of the stage for most concerts. This may restrict or limit your view of the performance.""","HIGH - zone, rows, location and seat direction stated by the source"
103,100 Level (100s),Bleacher Seats,Bleacher seating at Chase Field is located behind the outfield walls in two main areas: Right Field: Sections 101-105 / Left Field: Sections 139-144,19,toward first base / right field,"1W, 14-39, 40C-40W",40W,"Stairway aisles run along both side edges of the section; rows are not split by a mid-row aisle, so seat numbers run continuously from one side aisle to the other. The entry portal is at row 40W.","Facing the field, seat 1 is on your right. That puts seat 1 on the edge facing section 102, with seat numbers counting up toward the edge facing section 104. Seat 1 is the end of the row farthest from home plate, and higher seat numbers run back toward home plate.",not published,"""Rows 1W, 14-39, 40C-40W""; ""Behind/Side Stage (most shows)"". Row Numbers block also states ""For football games, row 14 is usually the first row"". RYS Expert Review served on this page is ""Bleacher Seats (2026 Review)"". ""103 is behind the stage or to the side of the stage for most concerts. This may restrict or limit your view of the performance."" NOTE the isolated front wheelchair row label ""1W"" sitting ahead of Row 14, while the stated entrance is at Row 40W at the back.","HIGH - zone, rows, location and seat direction stated by the source"
104,100 Level (100s),Bleacher Seats,Bleacher seating at Chase Field is located behind the outfield walls in two main areas: Right Field: Sections 101-105 / Left Field: Sections 139-144,18,toward first base / right field,"1W, 14-39, 40C-40W",40W,"Stairway aisles run along both side edges of the section; rows are not split by a mid-row aisle, so seat numbers run continuously from one side aisle to the other. The entry portal is at row 40W.","Facing the field, seat 1 is on your right. That puts seat 1 on the edge facing section 103, with seat numbers counting up toward the edge facing section 105. Seat 1 is the end of the row farthest from home plate, and higher seat numbers run back toward home plate.","""In section 104, rows 14 to 39 all have 22 seats. Seat 1 is on the right, when looking at the field, and seat 22 is on the left."" (RYS Seating and Ticket Q&A, marked ""Verified Feb 2026"")","""Top Pick for Outstanding Convenience Rows 37-40W""; ""Rows 1W, 14-39, 40C-40W""; ""Behind/Side Stage (most shows)"". Row Numbers block also states ""For football games, row 14 is usually the first row"". ""For baseball games, we recommend rows 37-40W for outstanding convenience"". Seating and Ticket Q&A : ""How many seats are in row 38 of Section 104, and when facing the field, how are they numbered?"" - ""In section 104, rows 14 to 39 all have 22 seats. Seat 1 is on the right, when looking at the field, and seat 22 is on the left. Verified Feb 2026"". This independently corroborates the park-wide seat-1-on-the-right rule. ""104 is behind the stage or to the side of the stage for most concerts. This may restrict or limit your view of the performance.""","HIGH - zone, rows, location and seat direction stated by the source"
105,100 Level (100s),Bleacher Seats,"Bleacher seating at Chase Field is located behind the outfield walls in two main areas: Right Field: Sections 101-105 / Left Field: Sections 139-144"" and ""Fans looking to be near the action can sit: Near the visiting bullpen (Section 105)",17,toward first base / right field,"17-39, 40C-40W",40W,"Stairway aisles run along both side edges of the section; rows are not split by a mid-row aisle, so seat numbers run continuously from one side aisle to the other. The entry portal is at row 40W.","Facing the field, seat 1 is on your right. That puts seat 1 on the edge facing section 104, with seat numbers counting up toward the edge facing section 106. Seat 1 is the end of the row farthest from home plate, and higher seat numbers run back toward home plate.",not published,"""Rows 17-39, 40C-40W"". Unlike 101-104 this page carries NO ""Behind/Side Stage (most shows)"" concert flag.","HIGH - zone, rows, location and seat direction stated by the source"
106,100 Level (100s),100 Level Outfield,"seats in Row 25 of sections 106-108 overlooking the visitor bullpen"" and Fan Feedback ""The Visitor Bullpen at Chase Field is in Front of Sections 106-108",16,toward first base / right field,"22-39, 40C-40W",40W,"Stairway aisles run along both side edges of the section; rows are not split by a mid-row aisle, so seat numbers run continuously from one side aisle to the other. The entry portal is at row 40W.","Facing the field, seat 1 is on your right. That puts seat 1 on the edge facing section 105, with seat numbers counting up toward the edge facing section 107. Seat 1 is the end of the row farthest from home plate, and higher seat numbers run back toward home plate.",not published,"""Rows 22-39, 40C-40W"". RYS Expert Review served on this page is ""100 Level Outfield (Baseball)"": ""100 Outfield is the most affordable option for fans that want to be right up against the field within the inner seating bowl. These sections are also home to some of the best seats for watching the action in the bullpens, with seats in Row 25 of sections 136-138 overlooking the Diamondbacks bullpen, and seats in Row 25 of sections 106-108 overlooking the visitor bullpen."" Fan Feedback : ""The Visitor Bullpen at Chase Field is in Front of Sections 106-108 - Sit in row 25 to be in the first row behind the Visitor bullpen.""","HIGH - zone, rows, location and seat direction stated by the source"
107,100 Level (100s),100 Level Outfield,"seats in Row 25 of sections 106-108 overlooking the visitor bullpen""; also ""Team Store Kiosks (Sections 107, 111, and 133)",15,toward first base / right field,"25-39, 40C-40W",40W,"Stairway aisles run along both side edges of the section; rows are not split by a mid-row aisle, so seat numbers run continuously from one side aisle to the other. The entry portal is at row 40W.","Facing the field, seat 1 is on your right. That puts seat 1 on the edge facing section 106, with seat numbers counting up toward the edge facing section 108. Seat 1 is the end of the row farthest from home plate, and higher seat numbers run back toward home plate.",not published,"""Rows 25-39, 40C-40W"". RYS Expert Review served on this page is ""100 Level Outfield (Baseball)"", which also states ""offer many family friendly concessions such as Cold Stone Creamery (Section 137), Team Store Kiosks (Sections 107, 111, and 133) and Family Restrooms (Sections 109 and 135)."" Fan Feedback : ""The Visitor Bullpen at Chase Field is in Front of Sections 106-108 - Sit in row 25 to be in the first row behind the Visitor bullpen."" NOTE the section's first labelled row IS Row 25, so on this page the ""Row 25"" bullpen-front claim coincides with the very front row of the section.","HIGH - zone, rows, location and seat direction stated by the source"
108,100 Level (100s),100 Level Outfield,"seats in Row 25 of sections 106-108 overlooking the visitor bullpen"" and Fan Feedback ""The Visitor Bullpen at Chase Field is in Front of Sections 106-108",14,toward first base / right field,"11-39, 40C-40W",40W,"Stairway aisles run along both side edges of the section; rows are not split by a mid-row aisle, so seat numbers run continuously from one side aisle to the other. The entry portal is at row 40W.","Facing the field, seat 1 is on your right. That puts seat 1 on the edge facing section 107, with seat numbers counting up toward the edge facing section 109. Seat 1 is the end of the row farthest from home plate, and higher seat numbers run back toward home plate.",not published,"""Top Pick for Outstanding Convenience Rows 37-40W""; ""Rows 11-39, 40C-40W"". ""For baseball games, we recommend rows 37-40W for outstanding convenience"". Fan Feedback : ""The Visitor Bullpen at Chase Field is in Front of Sections 106-108 - Sit in row 25 to be in the first row behind the Visitor bullpen."" Fan Feedback : ""Great view of the field and hovers right over the opposing team's bullpen."" CONTRADICTION ON THE SAME PAGE, RECORDED UNRECONCILED: a 5-star fan review from Sec 108 / Row 32 states ""Just okay, but cheap - These seats were right next to the D-Back's dugout. The view was only okay seeing as the foul pole blocked a bit of our view...""","HIGH - zone, rows, location and seat direction stated by the source"
109,100 Level (100s),100 Level Outfield,"Family Restrooms (Sections 109 and 135)"" within the ""100 Level Outfield (Baseball)"" zone, described as ""right up against the field within the inner seating bowl",13,toward first base / right field,"5-39, 40C-40W",40W,"Stairway aisles run along both side edges of the section; rows are not split by a mid-row aisle, so seat numbers run continuously from one side aisle to the other. The entry portal is at row 40W.","Facing the field, seat 1 is on your right. That puts seat 1 on the edge facing section 108, with seat numbers counting up toward the edge facing section 110. Seat 1 is the end of the row farthest from home plate, and higher seat numbers run back toward home plate.",not published,"""Top Pick for Outstanding Convenience Rows 37-40W""; ""Rows 5-39, 40C-40W"". ""For baseball games, we recommend rows 37-40W for outstanding convenience"". RYS Expert Review served on this page is ""100 Level Outfield (Baseball)"". The page does not name Section 109 in any bullpen or foul-pole sentence; the only section-specific mention is the Family Restrooms line.","HIGH - zone, rows, location and seat direction stated by the source"
110,100 Level (100s),100 Level Outfield,"""100 Outfield is the most affordable option for fans that want to be right up against the field within the inner seating bowl.""",12,toward first base / right field,"3-39, 40C-40W",40W,"Stairway aisles run along both side edges of the section; rows are not split by a mid-row aisle, so seat numbers run continuously from one side aisle to the other. The entry portal is at row 40W.","Facing the field, seat 1 is on your right. That puts seat 1 on the edge facing section 109, with seat numbers counting up toward the edge facing section 111. Seat 1 is the end of the row farthest from home plate, and higher seat numbers run back toward home plate.",not published,"""Rows 3-39, 40C-40W"". The ONLY content block is the ""100 Level Outfield (Baseball)"" RYS Section 110 is not named in any of its section lists (136-138 / 106-108 bullpens, 137 / 107, 111, 133 / 109, 135 concessions).","HIGH - zone, rows, location and seat direction stated by the source"
111,100 Level (100s),100 Level Outfield,"Team Store Kiosks (Sections 107, 111, and 133)"" within the ""100 Level Outfield (Baseball)"" zone, described as ""right up against the field within the inner seating bowl",11,toward first base / right field,"1-39, 40C-40W",40W,"Stairway aisles run along both side edges of the section; rows are not split by a mid-row aisle, so seat numbers run continuously from one side aisle to the other. The entry portal is at row 40W.","Facing the field, seat 1 is on your right. That puts seat 1 on the edge facing section 110, with seat numbers counting up toward the edge facing section 112. Seat 1 is the end of the row farthest from home plate, and higher seat numbers run back toward home plate.",not published,"""Rows 1-39, 40C-40W"". Fan Feedback : ""Great for roof open day game - Seats are 2nd row from the food court and covered. 40pm first pitch day game when the roof was open. Even though it was early May and the 100+ degree days of the Arizona heat had not yet hit, it was still hot. No sunburn from these seats!"" (Sec 111 / Row 38). Fan Feedback : ""Great seats - Some people in front would stand and we couldn't see."" (Sec 111 / Row 3) - a standing-fans sightline complaint, not a structural obstruction. ""view of videoboard from section 111"". The RYS page itself gives no first-base-line wording for 111.","HIGH - zone, rows, location and seat direction stated by the source"
112,100 Level (100s),100 Level Outfield,"""100 Outfield is the most affordable option for fans that want to be right up against the field within the inner seating bowl.""",10,toward first base / right field,"1-39, 40C-40W",40W,"Stairway aisles run along both side edges of the section; rows are not split by a mid-row aisle, so seat numbers run continuously from one side aisle to the other. The entry portal is at row 40W.","Facing the field, seat 1 is on your right. That puts seat 1 on the edge facing section 111, with seat numbers counting up toward the edge facing section 113. Seat 1 is the end of the row farthest from home plate, and higher seat numbers run back toward home plate.",not published,"""Rows 1-39, 40C-40W"". For the best overall experience from the lower endzone options, we recommend the higher rows of Sections 114-117 (along the first base line)."" Note (b) is a FOOTBALL zone review and names 114-117, not 112. Fan Feedback : ""Great views of both the game and the fireworks - Aisle seats, so be prepared to get up and down often if there are people that need in or out in your row. Good news is you can leave your seats without affecting anyone else! Close enough to see the players, watch the home runs track across the sky, good viewing angle for the big screen, great views of the fireworks after the game."" (Sec 112 / Row 6). Second Fan Review, Sec 112 / Row 5: ""Chicago White Sox at Arizona Diamondbacks - Apr 23, 2026"" (no text).""","HIGH - zone, rows, location and seat direction stated by the source"
113,100 Level (100s),100 Level Infield,"""100 Level Infield seating provides fans with close views of the field from 1st base to 3rd base inside the inner seating bowl.""",9,toward first base / right field,"11-39, 40C-40W",40W,"Stairway aisles run along both side edges of the section; rows are not split by a mid-row aisle, so seat numbers run continuously from one side aisle to the other. The entry portal is at row 40W.","Facing the field, seat 1 is on your right. That puts seat 1 on the edge facing section 112, with seat numbers counting up toward the edge facing section 114. Seat 1 is the end of the row farthest from home plate, and higher seat numbers run back toward home plate.",not published,"""Rows 11-39, 40C-40W"". ""100 Level Endzone (Football)"" (which recommends ""the higher rows of Sections 114-117 (along the first base line)"" - 113 not named) and ""100 Level Infield (Baseball)"". CONTRADICTION ON THE SAME PAGE, RECORDED UNRECONCILED: the 100 Level Infield review states ""The seating sections start at row 21 in the front and run through row 39 in the back"", but this section's own Row Numbers block says ""rows in Section 113 are labeled 11-39, 40C-40W"" - i.e. the section starts at Row 11, ten rows ahead of the stated zone front row.","HIGH - zone, rows, location and seat direction stated by the source"
114,100 Level (100s),100 Level Infield,"""For the best overall experience from the lower endzone options, we recommend the higher rows of Sections 114-117 (along the first base line)."" (RYS ""100 Level Endzone (Football)"" review served on this page)",8,toward first base / right field,"11-39, 40C-40W",40W,"Stairway aisles run along both side edges of the section; rows are not split by a mid-row aisle, so seat numbers run continuously from one side aisle to the other. The entry portal is at row 40W.","Facing the field, seat 1 is on your right. That puts seat 1 on the edge facing section 113, with seat numbers counting up toward the edge facing section 115. Seat 1 is the end of the row farthest from home plate, and higher seat numbers run back toward home plate.",not published,"""Rows 11-39, 40C-40W"". CONTRADICTION ON THE SAME PAGE, RECORDED UNRECONCILED: the 100 Level Infield review states ""The seating sections start at row 21 in the front and run through row 39 in the back"", but this section's Row Numbers block says ""rows in Section 114 are labeled 11-39, 40C-40W"".","HIGH - zone, rows, location and seat direction stated by the source"
115,100 Level (100s),100 Level Infield,"""For the best overall experience from the lower endzone options, we recommend the higher rows of Sections 114-117 (along the first base line)."" (RYS ""100 Level Endzone (Football)"" review served on this page)",7,toward first base / right field,"21-39, 40C-40W",40W,"Stairway aisles run along both side edges of the section; rows are not split by a mid-row aisle, so seat numbers run continuously from one side aisle to the other. The entry portal is at row 40W.","Facing the field, seat 1 is on your right. That puts seat 1 on the edge facing section 114, with seat numbers counting up toward the edge facing section 116. Seat 1 is the end of the row farthest from home plate, and higher seat numbers run back toward home plate.",not published,"""Top Pick for Great Views of the Field""; ""Rows 21-39, 40C-40W"". ""For baseball games, we recommend these seats for great views of the field"". ""Front of sections 115-129 are behind the netting - There is some amount of netting or screening in front of sections 115-129. The height and coverage of netting or screening will vary by section."" Section 115 is the FIRST section in the batch to carry this netting flag. Row range 21-39 matches the zone statement ""The seating sections start at row 21 in the front and run through row 39 in the back"".","HIGH - zone, rows, location and seat direction stated by the source"
116,100 Level (100s),100 Level Infield,"For the best overall experience from the lower endzone options, we recommend the higher rows of Sections 114-117 (along the first base line)."" (RYS ""100 Level Endzone (Football)"" review served on this page); also ""Close to the field and dugouts. Good viewing angle toward the middle of the infield. Higher in the lower seating tier for better elevation above field level",6,toward first base / right field,"21-39, 40C-40W",40W,"Stairway aisles run along both side edges of the section; rows are not split by a mid-row aisle, so seat numbers run continuously from one side aisle to the other. The entry portal is at row 40W.","Facing the field, seat 1 is on your right. That puts seat 1 on the edge facing section 115, with seat numbers counting up toward the edge facing section 117. Seat 1 is the end of the row farthest from home plate, and higher seat numbers run back toward home plate.",not published,"This URL served RateYourSeats' alternate (mobile-style) page template, which has no ""Section Insights"" block; the Row Numbers block is present and reads ""For most events, rows in Section 116 are labeled 21-39, 40C-40W"" and ""An entrance to this section is located at Row 40W"". ""For baseball games, we recommend these seats for great views of the field"", expanded as ""For Baseball - Recommended For Great Views of the Field - Close to the field and dugouts. Good viewing angle toward the middle of the infield. Higher in the lower seating tier for better elevation above field level"". NETTING - review headed ""Front of sections 115-129 are behind the netting"" (Baseball Review) ""There is some amount of netting or screening in front of sections 115-129.""","HIGH - zone, rows, location and seat direction stated by the source"
117,100 Level (100s),100 Level Infield,"""For the best overall experience from the lower endzone options, we recommend the higher rows of Sections 114-117 (along the first base line)."" (RYS ""100 Level Endzone (Football)"" review served on this page)",5,toward first base / right field,"21-39, 40C-40W",40W,"Stairway aisles run along both side edges of the section; rows are not split by a mid-row aisle, so seat numbers run continuously from one side aisle to the other. The entry portal is at row 40W.","Facing the field, seat 1 is on your right. That puts seat 1 on the edge facing section 116, with seat numbers counting up toward the edge facing section 118. Seat 1 is the end of the row farthest from home plate, and higher seat numbers run back toward home plate.",not published,"""Top Pick for Great Views of the Field""; ""Rows 21-39, 40C-40W"". ""For baseball games, we recommend these seats for great views of the field"". ""Front of sections 115-129 are behind the netting - There is some amount of netting or screening in front of sections 115-129. The height and coverage of netting or screening will vary by section.""","HIGH - zone, rows, location and seat direction stated by the source"
118,100 Level (100s),100 Level Infield,"""100 Level Infield seating provides fans with close views of the field from 1st base to 3rd base inside the inner seating bowl.""",4,toward first base / right field,"21-39, 40C-40W",40W,"Stairway aisles run along both side edges of the section; rows are not split by a mid-row aisle, so seat numbers run continuously from one side aisle to the other. The entry portal is at row 40W.","Facing the field, seat 1 is on your right. That puts seat 1 on the edge facing section 117, with seat numbers counting up toward the edge facing section 119. Seat 1 is the end of the row farthest from home plate, and higher seat numbers run back toward home plate.",not published,"""Rows 21-39, 40C-40W"". ""Front of sections 115-129 are behind the netting - There is some amount of netting or screening in front of sections 115-129. The height and coverage of netting or screening will vary by section."" The football zone review served here changes from ""100 Level Endzone"" (114-117) to ""100 Level Corner (Football)"" ""Corner views from the lowest seating tier at Chase Field can be found both behind home plate, as well as near the left field corner. Seats behind home plate offer a clearer view as you won't have to battle the left field foul pole, with the best views here coming in the last rows of the 100 level sections... In the left field corner, Sections 136-138 offer an interesting option...""","HIGH - zone, rows, location and seat direction stated by the source"
119,100 Level (100s),100 Level Infield,"""100 Level Infield seating provides fans with close views of the field from 1st base to 3rd base inside the inner seating bowl.""",3,toward first base / right field,"21-38, 40C-40W",40W,"Stairway aisles run along both side edges of the section; rows are not split by a mid-row aisle, so seat numbers run continuously from one side aisle to the other. The entry portal is at row 40W.","Facing the field, seat 1 is on your right. That puts seat 1 on the edge facing section 118, with seat numbers counting up toward the edge facing section 120. Seat 1 is the end of the row farthest from home plate, and higher seat numbers run back toward home plate.",not published,"""Rows 21-38, 40C-40W"". ""Front of sections 115-129 are behind the netting - There is some amount of netting or screening in front of sections 115-129. The height and coverage of netting or screening will vary by section."" Second Fan Review, Sec 119 / Row 23: ""Great View"" (5 stars, no further text). Also served the ""100 Level Corner (Football)"" review whose foul-pole obstruction warning applies to Sections 136-138, not 119.","HIGH - zone, rows, location and seat direction stated by the source"
120,100 Level (100s),100 Level Infield,"For baseball games, desirable view from behind home plate"" (RYS Seating Notes) with Section Insight ""Home Plate View""; zone text ""100 Level Infield seating provides fans with close views of the field from 1st base to 3rd base inside the inner seating bowl.",2,toward first base / right field,"21-39, 40C-40W",40W,"Stairway aisles run along both side edges of the section; rows are not split by a mid-row aisle, so seat numbers run continuously from one side aisle to the other. The entry portal is at row 40W.","Facing the field, seat 1 is on your right. That puts seat 1 on the edge facing section 119, with seat numbers counting up toward the edge facing section 121. Seat 1 is the end of the row farthest from home plate, and higher seat numbers run back toward home plate.",not published,"""Top Pick for Outstanding Convenience Rows 37-40W""; ""Home Plate View""; ""Rows 21-39, 40C-40W"". ""For baseball games, we recommend rows 37-40W for outstanding convenience"" and ""For baseball games, desirable view from behind home plate"". ""Front of sections 115-129 are behind the netting - There is some amount of netting or screening in front of sections 115-129. The height and coverage of netting or screening will vary by section."" Also served the ""100 Level Corner (Football)"" review, whose foul-pole obstruction warning applies to Sections 136-138, not 120.","HIGH - zone, rows, location and seat direction stated by the source"
121,100 Level (100s),100 Level Infield,"Section Insights list ""Home Plate View""; Seating Notes state ""For baseball games, desirable view from behind home plate"". ""100 Level Infield seating provides fans with close views of the field from 1st base to 3rd base inside the inner seating bowl. Located just behind the Field Level sections, none of the 100 Level Infield sections extend to the field, but will keep you close to the action regardless.""",1,toward first base / right field,"21-39, 40C-40W",40W,"Stairway aisles run along both side edges of the section; rows are not split by a mid-row aisle, so seat numbers run continuously from one side aisle to the other. The entry portal is at row 40W.","Facing the field, seat 1 is on your right. That puts seat 1 on the edge facing section 120, with seat numbers counting up toward the edge facing section 122. Seat 1 is the end of the row farthest from home plate, and higher seat numbers run back toward home plate.",not published,"Fan Feedback : ""Front of sections 115-129 are behind the netting - There is some amount of netting or screening in front of sections 115-129. The height and coverage of netting or screening will vary by section."" (tagged ""Sec 121 & More - Baseball""). Section Insights also list ""Top Pick for Great Views of the FieldRows 21-30"" and Seating Notes ""For baseball games, we recommend rows 21-30 for great views of the field"".","HIGH - zone, rows, location and seat direction stated by the source"
122,100 Level (100s),100 Level Infield,"Section Insights list ""Home Plate View""; Seating Notes state ""For baseball games, desirable view from behind home plate"". ""100 Level Infield seating provides fans with close views of the field from 1st base to 3rd base inside the inner seating bowl.""",0,behind home plate,"21-39, 40C-40W",40W,"Stairway aisles run along both side edges of the section; rows are not split by a mid-row aisle, so seat numbers run continuously from one side aisle to the other. The entry portal is at row 40W.","Facing the field, seat 1 is on your right. That puts seat 1 on the edge facing section 121, with seat numbers counting up toward the edge facing section 123. This section is behind home plate, so seat 1 is on its first-base side.",not published,"Fan Feedback : ""Front of sections 115-129 are behind the netting - There is some amount of netting or screening in front of sections 115-129. The height and coverage of netting or screening will vary by section."" (tagged ""Sec 122 & More - Baseball""). Fan review : ""Los Angeles Dodgers at Arizona Diamondbacks - Jun 1, 2026 - Seats were great. Chase Field got a bit stuffy by the 6th inning, though. Finally, they turned the AC up a bit in the 7th."" (Sec 122 / Row 27 - Baseball). Section Insights also list ""Top Pick for Great Views of the FieldRows 21-30"".","HIGH - zone, rows, location and seat direction stated by the source"
123,100 Level (100s),100 Level Infield,"Section Insights list ""Home Plate View""; Seating Notes state ""For baseball games, desirable view from behind home plate"". ""These seats provided a great view behind home plate of all of the action.""",1,toward third base / left field,"21-39, 40C-40W",40W,"Stairway aisles run along both side edges of the section; rows are not split by a mid-row aisle, so seat numbers run continuously from one side aisle to the other. The entry portal is at row 40W.","Facing the field, seat 1 is on your right. That puts seat 1 on the edge facing section 122, with seat numbers counting up toward the edge facing section 124. Seat 1 is the end of the row closest to home plate, and higher seat numbers run away from home plate.",not published,"Fan Feedback : ""Front of sections 115-129 are behind the netting - There is some amount of netting or screening in front of sections 115-129. The height and coverage of netting or screening will vary by section."" (tagged ""Sec 123 & More - Baseball""). Fan review : ""Great Seats! - These seats provided a great view behind home plate of all of the action. Food and restrooms were close by and with the every game 1.50$ hot dogs and drinks at the concession stands it made for a quick value meal when we got hungry. Diamond Back fans aren't the rowdiest of fans, so the atmosphere isn't that intense but this definitely leads to a more family friendly environment if you're looking to take your kids to a game or bring a girl on a date.""","HIGH - zone, rows, location and seat direction stated by the source"
124,100 Level (100s),100 Level Infield,"Section Insights list ""Home Plate View""; Seating Notes state ""For baseball games, desirable view from behind home plate"". ""100 Level Infield seating provides fans with close views of the field from 1st base to 3rd base inside the inner seating bowl.""",2,toward third base / left field,"21-39, 40C-40W",40W,"Stairway aisles run along both side edges of the section; rows are not split by a mid-row aisle, so seat numbers run continuously from one side aisle to the other. The entry portal is at row 40W.","Facing the field, seat 1 is on your right. That puts seat 1 on the edge facing section 123, with seat numbers counting up toward the edge facing section 125. Seat 1 is the end of the row closest to home plate, and higher seat numbers run away from home plate.",not published,"Fan Feedback : ""Front of sections 115-129 are behind the netting - There is some amount of netting or screening in front of sections 115-129. The height and coverage of netting or screening will vary by section."" (tagged ""Sec 124 & More - Baseball"").","HIGH - zone, rows, location and seat direction stated by the source"
125,100 Level (100s),100 Level Infield,"Zone placement only : ""100 Level Infield seating provides fans with close views of the field from 1st base to 3rd base inside the inner seating bowl. Located just behind the Field Level sections, none of the 100 Level Infield sections extend to the field, but will keep you close to the action regardless.""",3,toward third base / left field,"21-38, 40C-40W",40W,"Stairway aisles run along both side edges of the section; rows are not split by a mid-row aisle, so seat numbers run continuously from one side aisle to the other. The entry portal is at row 40W.","Facing the field, seat 1 is on your right. That puts seat 1 on the edge facing section 124, with seat numbers counting up toward the edge facing section 126. Seat 1 is the end of the row closest to home plate, and higher seat numbers run away from home plate.",not published,"Fan Feedback : ""Front of sections 115-129 are behind the netting - There is some amount of netting or screening in front of sections 115-129. The height and coverage of netting or screening will vary by section."" (tagged ""Sec 125 & More - Baseball""). CONTRADICTION ON THE SAME PAGE, RECORDED UNRECONCILED: the Row Numbers block says ""For most events, rows in Section 125 are labeled 21-38, 40C-40W"" (last numbered row 38), while the 100 Level Infield expert review on the same page says ""The seating sections start at row 21 in the front and run through row 39 in the back.""","HIGH - zone, rows, location and seat direction stated by the source"
126,100 Level (100s),100 Level Infield,"Zone placement only : ""100 Level Infield seating provides fans with close views of the field from 1st base to 3rd base inside the inner seating bowl.""",4,toward third base / left field,"21-39, 40C-40W",40W,"Stairway aisles run along both side edges of the section; rows are not split by a mid-row aisle, so seat numbers run continuously from one side aisle to the other. The entry portal is at row 40W.","Facing the field, seat 1 is on your right. That puts seat 1 on the edge facing section 125, with seat numbers counting up toward the edge facing section 127. Seat 1 is the end of the row closest to home plate, and higher seat numbers run away from home plate.",not published,"Fan Feedback : ""Front of sections 115-129 are behind the netting - There is some amount of netting or screening in front of sections 115-129. The height and coverage of netting or screening will vary by section."" (tagged ""Sec 126 & More - Baseball"").","HIGH - zone, rows, location and seat direction stated by the source"
127,100 Level (100s),100 Level Infield,"Zone placement only : ""100 Level Infield seating provides fans with close views of the field from 1st base to 3rd base inside the inner seating bowl."" The 100 Level Sideline (Football) review served on this page adds: ""Most 100 level sections along the third base line end at Row 40, making seats in Rows 30 and higher an excellent choice.""",5,toward third base / left field,"21-39, 40C-40W",40W,"Stairway aisles run along both side edges of the section; rows are not split by a mid-row aisle, so seat numbers run continuously from one side aisle to the other. The entry portal is at row 40W.","Facing the field, seat 1 is on your right. That puts seat 1 on the edge facing section 126, with seat numbers counting up toward the edge facing section 128. Seat 1 is the end of the row closest to home plate, and higher seat numbers run away from home plate.",not published,"Fan Feedback : ""Front of sections 115-129 are behind the netting - There is some amount of netting or screening in front of sections 115-129. The height and coverage of netting or screening will vary by section."" (tagged ""Sec 127 & More - Baseball""). Fan review : ""Cleveland Guardians at Arizona Diamondbacks - Jun 17, 2023"" (Sec 127 / Row 21 - Baseball), 5 stars, no text. Section Insights list ""Top Pick for Great Views of the Field""; Seating Notes ""For baseball games, we recommend these seats for great views of the field"". the football review block switches from ""100 Level Corner"" (served on 121-126) to ""100 Level Sideline"" starting at this section - RateYourSeats does not state a baseball-side boundary.","HIGH - zone, rows, location and seat direction stated by the source"
128,100 Level (100s),100 Level Infield,"Zone placement only : ""100 Level Infield seating provides fans with close views of the field from 1st base to 3rd base inside the inner seating bowl."" The 100 Level Sideline (Football) review served on this page adds: ""Most 100 level sections along the third base line end at Row 40, making seats in Rows 30 and higher an excellent choice.""",6,toward third base / left field,"21-39, 40C-40W",40W,"Stairway aisles run along both side edges of the section; rows are not split by a mid-row aisle, so seat numbers run continuously from one side aisle to the other. The entry portal is at row 40W.","Facing the field, seat 1 is on your right. That puts seat 1 on the edge facing section 127, with seat numbers counting up toward the edge facing section 129. Seat 1 is the end of the row closest to home plate, and higher seat numbers run away from home plate.",not published,"Fan Feedback : ""Front of sections 115-129 are behind the netting - There is some amount of netting or screening in front of sections 115-129. The height and coverage of netting or screening will vary by section."" (tagged ""Sec 128 & More - Baseball""). Section Insights list ""Top Pick for Great Views of the Field""; Seating Notes ""For baseball games, we recommend these seats for great views of the field"". The RateYourSeats section page itself makes no mention of the Guest Relations desk that the official Diamondbacks ADA page places ""on the main concourse across from Section 128"".","HIGH - zone, rows, location and seat direction stated by the source"
129,100 Level (100s),100 Level Infield,"Zone placement : ""100 Level Infield seating provides fans with close views of the field from 1st base to 3rd base inside the inner seating bowl."" Section Insights list ""Midfield View"" and Seating Notes state ""For football games, desirable view from near midfield"".",7,toward third base / left field,"21-39, 40C-40W",40W,"Stairway aisles run along both side edges of the section; rows are not split by a mid-row aisle, so seat numbers run continuously from one side aisle to the other. The entry portal is at row 40W.","Facing the field, seat 1 is on your right. That puts seat 1 on the edge facing section 128, with seat numbers counting up toward the edge facing section 130. Seat 1 is the end of the row closest to home plate, and higher seat numbers run away from home plate.",not published,"Fan Feedback : ""Front of sections 115-129 are behind the netting - There is some amount of netting or screening in front of sections 115-129. The height and coverage of netting or screening will vary by section."" (tagged ""Sec 129 & More - Baseball""). This is the highest-numbered section carrying the netting feedback. Section Insights also list ""Top Pick for Great Views of the Field""; Seating Notes ""For baseball games, we recommend these seats for great views of the field"". The ""Midfield View"" insight is a FOOTBALL flag, not a baseball placement.","HIGH - zone, rows, location and seat direction stated by the source"
130,100 Level (100s),100 Level Infield,"Zone placement : ""100 Level Infield seating provides fans with close views of the field from 1st base to 3rd base inside the inner seating bowl."" Seating Notes state ""For football games, desirable view from near midfield"".",8,toward third base / left field,"11-39, 40C-40W",40W,"Stairway aisles run along both side edges of the section; rows are not split by a mid-row aisle, so seat numbers run continuously from one side aisle to the other. The entry portal is at row 40W.","Facing the field, seat 1 is on your right. That puts seat 1 on the edge facing section 129, with seat numbers counting up toward the edge facing section 131. Seat 1 is the end of the row closest to home plate, and higher seat numbers run away from home plate.",not published,"This page was served in RateYourSeats' alternate/legacy layout (no Section Insights block, no Fan Feedback block). ""Guaranteed Rate Bowl - Wisconsin vs Oklahoma State - Dec 27, 2022 - Football Review - Section 130, Row 25 - Verified Customer"", 5 stars, no text. CONTRADICTION ON THE SAME PAGE, RECORDED UNRECONCILED: the Row Numbers block says ""For most events, rows in Section 130 are labeled 11-39, 40C-40W"" (front row 11), while the 100 Level Infield expert review on the same page says ""The seating sections start at row 21 in the front and run through row 39 in the back.""","HIGH - zone, rows, location and seat direction stated by the source"
131,100 Level (100s),100 Level Infield,"Zone placement : ""100 Level Infield seating provides fans with close views of the field from 1st base to 3rd base inside the inner seating bowl."" Section Insights list ""Midfield View"" and Seating Notes state ""For football games, desirable view from near midfield"".",9,toward third base / left field,"11-39, 40C-40W",40W,"Stairway aisles run along both side edges of the section; rows are not split by a mid-row aisle, so seat numbers run continuously from one side aisle to the other. The entry portal is at row 40W.","Facing the field, seat 1 is on your right. That puts seat 1 on the edge facing section 130, with seat numbers counting up toward the edge facing section 132. Seat 1 is the end of the row closest to home plate, and higher seat numbers run away from home plate.",not published,"Fan review : ""Atlanta Braves at Arizona Diamondbacks - May 12, 2019 - The seats were great but having to signup under the diamondbacks website in order to transfer the tickets....that was a pain."" (Sec 131 / Row 19 - Baseball). CONTRADICTION ON THE SAME PAGE, RECORDED UNRECONCILED: rows are labelled ""11-39, 40C-40W"" (front row 11) while the 100 Level Infield expert review on the same page says ""The seating sections start at row 21 in the front and run through row 39 in the back.""","HIGH - zone, rows, location and seat direction stated by the source"
132,100 Level (100s),100 Level Outfield,"Zone placement only : ""100 Outfield is the most affordable option for fans that want to be right up against the field within the inner seating bowl."" Section Insights list ""Midfield View"" and Seating Notes state ""For football games, desirable view from near midfield"".",10,toward third base / left field,"1-39, 40C-40W",40W,"Stairway aisles run along both side edges of the section; rows are not split by a mid-row aisle, so seat numbers run continuously from one side aisle to the other. The entry portal is at row 40W.","Facing the field, seat 1 is on your right. That puts seat 1 on the edge facing section 131, with seat numbers counting up toward the edge facing section 133. Seat 1 is the end of the row closest to home plate, and higher seat numbers run away from home plate.",not published,"Fan review : ""Make sure to bring a glove! - Lots of foul balls are hit this way. Make sure to bring a glove!"" (Sec 132 / Row 1 - Baseball). this is the first section in the slice where RateYourSeats serves the ""100 Level Outfield (Baseball)"" expert review instead of ""100 Level Infield (Baseball)""; RYS does not state where the infield/outfield boundary falls. The 100 Level Outfield review adds : ""These sections are also home to some of the best seats for watching the action in the bullpens, with seats in Row 25 of sections 136-138 overlooking the Diamondbacks bullpen, and seats in Row 25 of sections 106-108 overlooking the visitor bullpen.""","HIGH - zone, rows, location and seat direction stated by the source"
133,100 Level (100s),100 Level Outfield,"Zone placement : ""100 Outfield is the most affordable option for fans that want to be right up against the field within the inner seating bowl."" Concession landmark naming this section : ""Team Store Kiosks (Sections 107, 111, and 133)"".",11,toward third base / left field,"1-39, 40C-40W",40W,"Stairway aisles run along both side edges of the section; rows are not split by a mid-row aisle, so seat numbers run continuously from one side aisle to the other. The entry portal is at row 40W.","Facing the field, seat 1 is on your right. That puts seat 1 on the edge facing section 132, with seat numbers counting up toward the edge facing section 134. Seat 1 is the end of the row closest to home plate, and higher seat numbers run away from home plate.",not published,"Seating and Ticket Q&A on this page , Verified Feb 2026: ""Section 133 at Chase Field: seat 1 - closer to homeplate or outfield?"" - ""As you look towards the field, Seat 1 is on your right. Therefore, in Section 133, seat 1 would be closer to homeplate than to the outfield."" This is an independent corroboration of the park-wide seat-1-on-the-right rule and is consistent with 133 sitting on the third-base side. Fan reviews : ""Great View of the Entire Field - Easy to find, easy to go to other areas. Only five or six stairs down to get to our seats. When getting out, people were pushy and in a hurry to get out."" (Sec 133 / Row 36 - Baseball); ""Great Seats"" (Sec 133 / Row 11 - Baseball); Fan Feedback ""Best seats in the house!""","HIGH - zone, rows, location and seat direction stated by the source"
134,100 Level (100s),100 Level Outfield,"Zone placement only : ""100 Outfield is the most affordable option for fans that want to be right up against the field within the inner seating bowl.""",12,toward third base / left field,"3-39, 40C-40W",40W,"Stairway aisles run along both side edges of the section; rows are not split by a mid-row aisle, so seat numbers run continuously from one side aisle to the other. The entry portal is at row 40W.","Facing the field, seat 1 is on your right. That puts seat 1 on the edge facing section 133, with seat numbers counting up toward the edge facing section 135. Seat 1 is the end of the row closest to home plate, and higher seat numbers run away from home plate.",not published,"Fan Feedback : ""Long section with a lot of foot traffic. - That somewhat ruined the experience."" (Sec 134 / Row 29 - Baseball).","HIGH - zone, rows, location and seat direction stated by the source"
135,100 Level (100s),100 Level Outfield,"Zone placement : ""100 Outfield is the most affordable option for fans that want to be right up against the field within the inner seating bowl."" Amenity landmark naming this section : ""Family Restrooms (Sections 109 and 135)"".",13,toward third base / left field,"5-39, 40C-40W",40W,"Stairway aisles run along both side edges of the section; rows are not split by a mid-row aisle, so seat numbers run continuously from one side aisle to the other. The entry portal is at row 40W.","Facing the field, seat 1 is on your right. That puts seat 1 on the edge facing section 134, with seat numbers counting up toward the edge facing section 136. Seat 1 is the end of the row closest to home plate, and higher seat numbers run away from home plate.",not published,"Fan review : ""Dbacks sweep mets 8/14"" (Sec 135 / Row 17 - Baseball), 5 stars, no further text.","HIGH - zone, rows, location and seat direction stated by the source"
136,100 Level (100s),100 Level Outfield,"LEFT FIELD CORNER ( football corner review served on this page): ""In the left field corner, Sections 136-138 offer an interesting option as you can find some more affordable lower level seats. However the foul pole can cause some viewing obstructions in many of the areas, so we recommend staying in the lower numbered seats of Section 136 or the higher numbered seats of Section 138 where the sight lines are more clear."" Bullpen placement : ""seats in Row 25 of sections 136-138 overlooking the Diamondbacks bullpen"".",14,toward third base / left field,"11-39, 40C-40W",40W,"Stairway aisles run along both side edges of the section; rows are not split by a mid-row aisle, so seat numbers run continuously from one side aisle to the other. The entry portal is at row 40W.","Facing the field, seat 1 is on your right. That puts seat 1 on the edge facing section 135, with seat numbers counting up toward the edge facing section 137. Seat 1 is the end of the row closest to home plate, and higher seat numbers run away from home plate.",not published,"OBSTRUCTION : ""the foul pole can cause some viewing obstructions in many of the areas, so we recommend staying in the lower numbered seats of Section 136 or the higher numbered seats of Section 138 where the sight lines are more clear."" Fan Feedback ( including the source's typo): ""The Diamondbacks Bullpen is in Front of Sections 136-138. - Sit in row 25 to be in the first row behind the Diamodbacks bullpen."" (tagged ""Sec 136 & More - Baseball""). CONTRADICTION, RECORDED UNRECONCILED: this places the Diamondbacks bullpen IN FRONT OF Sections 136-138 (left field corner, inside the bowl), whereas the RateYourSeats Bleacher Seats zone review served on Sections 139/140 says ""Near the Diamondbacks bullpen (Section 139)"" and describes 139-144 as ""behind the outfield walls"", and the Section 139 fan feedback says ""The Diamondbacks Bullpen is to the Right of Section 139"".","HIGH - zone, rows, location and seat direction stated by the source"
137,100 Level (100s),100 Level Outfield,"LEFT FIELD CORNER ( football corner review served on this page): ""In the left field corner, Sections 136-138 offer an interesting option as you can find some more affordable lower level seats."" Bullpen placement : ""seats in Row 25 of sections 136-138 overlooking the Diamondbacks bullpen"". Concession landmark naming this section : ""Cold Stone Creamery (Section 137)"".",15,toward third base / left field,"25-39, 40C-40W",40W,"Stairway aisles run along both side edges of the section; rows are not split by a mid-row aisle, so seat numbers run continuously from one side aisle to the other. The entry portal is at row 40W.","Facing the field, seat 1 is on your right. That puts seat 1 on the edge facing section 136, with seat numbers counting up toward the edge facing section 138. Seat 1 is the end of the row closest to home plate, and higher seat numbers run away from home plate.",not published,"OBSTRUCTION : ""the foul pole can cause some viewing obstructions in many of the areas"" - the recommendation names only 136 and 138, so no per-seat guidance is given for 137. Fan Feedback ( including the source's typo): ""The Diamondbacks Bullpen is in Front of Sections 136-138. - Sit in row 25 to be in the first row behind the Diamodbacks bullpen."" (tagged ""Sec 137 & More - Baseball"") - note this section's first labelled row IS Row 25, consistent with the bullpen occupying the space in front of it. Same bullpen contradiction as Section 136: RYS elsewhere places the Diamondbacks bullpen at Section 139 behind the outfield wall. Section Insights list ""Top Pick for Outstanding ConvenienceRows 37-40W""; Seating Notes ""For baseball games, we recommend rows 37-40W for outstanding convenience"".","HIGH - zone, rows, location and seat direction stated by the source"
138,100 Level (100s),100 Level Outfield,"LEFT FIELD CORNER ( football corner review served on this page): ""In the left field corner, Sections 136-138 offer an interesting option as you can find some more affordable lower level seats. However the foul pole can cause some viewing obstructions in many of the areas, so we recommend staying in the lower numbered seats of Section 136 or the higher numbered seats of Section 138 where the sight lines are more clear."" Bullpen placement : ""seats in Row 25 of sections 136-138 overlooking the Diamondbacks bullpen"".",16,toward third base / left field,"22-39, 40C-40W",40W,"Stairway aisles run along both side edges of the section; rows are not split by a mid-row aisle, so seat numbers run continuously from one side aisle to the other. The entry portal is at row 40W.","Facing the field, seat 1 is on your right. That puts seat 1 on the edge facing section 137, with seat numbers counting up toward the edge facing section 139. Seat 1 is the end of the row closest to home plate, and higher seat numbers run away from home plate.",not published,"OBSTRUCTION : ""the foul pole can cause some viewing obstructions in many of the areas, so we recommend staying in the lower numbered seats of Section 136 or the higher numbered seats of Section 138 where the sight lines are more clear."" Fan Feedback ( including the source's typo): ""The Diamondbacks Bullpen is in Front of Sections 136-138. - Sit in row 25 to be in the first row behind the Diamodbacks bullpen."" (tagged ""Sec 138 & More - Baseball""). Same bullpen contradiction as Sections 136 and 137.","HIGH - zone, rows, location and seat direction stated by the source"
139,100 Level (100s),Bleacher Seats,"LEFT FIELD BLEACHERS, behind the outfield wall ( Bleacher Seats 2026 Review served on this page): ""Home Run Territory: Sections 101-105 (right field) and 139-144 (left field) behind the outfield walls""; ""Bleacher seating at Chase Field is located behind the outfield walls in two main areas: Right Field: Sections 101-105 / Left Field: Sections 139-144""; ""Fans looking to be near the action can sit: Near the visiting bullpen (Section 105) / Near the Diamondbacks bullpen (Section 139)"".",17,toward third base / left field,"12-39, 40C-40W",40W,"Stairway aisles run along both side edges of the section; rows are not split by a mid-row aisle, so seat numbers run continuously from one side aisle to the other. The entry portal is at row 40W.","Facing the field, seat 1 is on your right. That puts seat 1 on the edge facing section 138, with seat numbers counting up toward the edge facing section 140. Seat 1 is the end of the row closest to home plate, and higher seat numbers run away from home plate.",not published,"Fan Feedback : ""The Diamondbacks Bullpen is to the Right of Section 139 - Sit in rows 12-21 and as close to seat 1 to be near the Dbacks bullpen."" (Sec 139 - Baseball). CONTRADICTION, RECORDED UNRECONCILED: this page says the Diamondbacks bullpen is TO THE RIGHT OF Section 139 (i.e. on the low-seat-number side, the home-plate side), while the fan feedback served on Sections 136/137/138 says ""The Diamondbacks Bullpen is in Front of Sections 136-138"" and the 100 Level Outfield expert review says ""seats in Row 25 of sections 136-138 overlooking the Diamondbacks bullpen"". Both readings are recorded; no reconciliation attempted. Note the seat-1 detail is internally consistent with the park-wide rule ""lower number seats are on the right"".","HIGH - zone, rows, location and seat direction stated by the source"
140,100 Level (100s),Bleacher Seats,"LEFT FIELD BLEACHERS, behind the outfield wall ( Bleacher Seats 2026 Review served on this page): ""Home Run Territory: Sections 101-105 (right field) and 139-144 (left field) behind the outfield walls""; ""Left Field: Sections 139-144"". Football review served on this page adds: ""Endzone seating options include the sections along the first base line, as well as those just beyond the left field wall.""",18,toward third base / left field,"11-39, 40C-40W",40W,"Stairway aisles run along both side edges of the section; rows are not split by a mid-row aisle, so seat numbers run continuously from one side aisle to the other. The entry portal is at row 40W.","Facing the field, seat 1 is on your right. That puts seat 1 on the edge facing section 139, with seat numbers counting up toward the edge facing section 141. Seat 1 is the end of the row closest to home plate, and higher seat numbers run away from home plate.",not published,"CONCERT LIMITED VIEW : ""For Concerts, Section 140 May Have a Limited View - 140 is behind the stage or to the side of the stage for most concerts. This may restrict or limit your view of the performance."" Section Insights also list ""Behind/Side Stage (most shows)"". Section Insights list ""Top Pick for Outstanding ConvenienceRows 37-40W"" and ""Top Pick for Kids and Family""; Seating Notes ""For baseball games, we recommend rows 37-40W for outstanding convenience"" and ""For baseball games, we recommend these seats for kids and family"". Bleacher zone adds : ""Classic Bleacher Seating: Long bench-style rows with up to ~40 rows per section"" and ""Some sections can have up to 40 rows, making them larger than many other areas of the stadium.""","HIGH - zone, rows, location and seat direction stated by the source"
141,100 Level (100s),Bleacher Seats,"Sections 101-105 (right field) and 139-144 (left field) behind the outfield walls"" and ""Bleacher seating at Chase Field is located behind the outfield walls in two main areas: Right Field: Sections 101-105 / Left Field: Sections 139-144",19,toward third base / left field,"11-39, 40C-40W",40W,"Stairway aisles run along both side edges of the section; rows are not split by a mid-row aisle, so seat numbers run continuously from one side aisle to the other. The entry portal is at row 40W.","Facing the field, seat 1 is on your right. That puts seat 1 on the edge facing section 140, with seat numbers counting up toward the edge facing section 142. Seat 1 is the end of the row closest to home plate, and higher seat numbers run away from home plate.",not published,"""Top Pick for Kids and Family""; ""Rows 11-39, 40C-40W""; ""Behind/Side Stage (most shows)"". ""For baseball games, we recommend these seats for kids and family"". ""For most events, rows in Section 141 are labeled 11-39, 40C-40W""; ""An entrance to this section is located at Row 40W"". Fan Feedback : ""Pittsburgh Pirates at Arizona Diamondbacks - Jul 8, 2023"" - Sec 141 / Row 14 - Baseball (5 stars; review body is collapsed behind a ""Read More"" toggle and was not present in the fetched page). Concert note : ""141 is behind the stage or to the side of the stage for most concerts. This may restrict or limit your view of the performance."" the page states NONE for this section.","HIGH - zone, rows, location and seat direction stated by the source"
142,100 Level (100s),Bleacher Seats,"Sections 101-105 (right field) and 139-144 (left field) behind the outfield walls"" and ""Bleacher seating at Chase Field is located behind the outfield walls in two main areas: Right Field: Sections 101-105 / Left Field: Sections 139-144",20,toward third base / left field,"11-39, 40C-40W",40W,"Stairway aisles run along both side edges of the section; rows are not split by a mid-row aisle, so seat numbers run continuously from one side aisle to the other. The entry portal is at row 40W.","Facing the field, seat 1 is on your right. That puts seat 1 on the edge facing section 141, with seat numbers counting up toward the edge facing section 143. Seat 1 is the end of the row closest to home plate, and higher seat numbers run away from home plate.",not published,"""Top Pick for Kids and Family""; ""Rows 11-39, 40C-40W""; ""Behind/Side Stage (most shows)"". ""For baseball games, we recommend these seats for kids and family"". ""For most events, rows in Section 142 are labeled 11-39, 40C-40W""; ""An entrance to this section is located at Row 40W"". Fan Feedback : ""Awesome - The seats were great. Even though in the outfield, I consider them home-run seats. The crowd was amazing, the game was amazing, and we were playing the SF Giants. The day could not have been better!!"" - Sec 142 / Row 14 - Baseball (5 stars). Concert note : ""142 is behind the stage or to the side of the stage for most concerts. This may restrict or limit your view of the performance."" the page states NONE for this section.","HIGH - zone, rows, location and seat direction stated by the source"
143,100 Level (100s),Bleacher Seats,"Sections 101-105 (right field) and 139-144 (left field) behind the outfield walls"" and ""Bleacher seating at Chase Field is located behind the outfield walls in two main areas: Right Field: Sections 101-105 / Left Field: Sections 139-144",21,toward third base / left field,"11-39, 40C-40W",31,"Stairway aisles run along both side edges of the section; rows are not split by a mid-row aisle, so seat numbers run continuously from one side aisle to the other. The entry portal is at row 31.","Facing the field, seat 1 is on your right. That puts seat 1 on the edge facing section 142, with seat numbers counting up toward the edge facing section 144. Seat 1 is the end of the row closest to home plate, and higher seat numbers run away from home plate.",not published,"""Rows 11-39, 40C-40W""; ""Behind/Side Stage (most shows)"". ""For most events, rows in Section 143 are labeled 11-39, 40C-40W""; ""An entrance to this section is located at Row 31"". Concert note : ""143 is behind the stage or to the side of the stage for most concerts. This may restrict or limit your view of the performance."" the page states NONE for this section.","HIGH - zone, rows, location and seat direction stated by the source"
144,100 Level (100s),Bleacher Seats,"Sections 101-105 (right field) and 139-144 (left field) behind the outfield walls"" and ""Bleacher seating at Chase Field is located behind the outfield walls in two main areas: Right Field: Sections 101-105 / Left Field: Sections 139-144",22,toward third base / left field,"11-39, 40C-40W",18,"Stairway aisles run along both side edges of the section; rows are not split by a mid-row aisle, so seat numbers run continuously from one side aisle to the other. The entry portal is at row 18.","Facing the field, seat 1 is on your right. That puts seat 1 on the edge facing section 143, with seat numbers counting up toward the far edge of the section, with no further section beyond it on that side. Seat 1 is the end of the row closest to home plate, and higher seat numbers run away from home plate.",not published,"""Rows 11-39, 40C-40W""; ""Behind/Side Stage (most shows)"". ""For most events, rows in Section 144 are labeled 11-39, 40C-40W""; ""An entrance to this section is located at Row 18"". Fan Feedback : ""Great seats - The seat we had were pretty good. we were right in the first row in the outfield along the yellow hr line. The kids and I loved it!"" - Sec 144 / Row 11 - Baseball (5 stars). Also ( posted twice): ""Close to beer and food. Proximity to restrooms View adequate for neutral fan."" - Sec 144 / Row 18 - Baseball (5 stars). Concert note : ""144 is behind the stage or to the side of the stage for most concerts. This may restrict or limit your view of the performance."" the page states NONE for this section.","HIGH - zone, rows, location and seat direction stated by the source"
200,Club Level (200s),Club Level,"""Upgraded 200 Level Seating: Sections 200-220 wrap around the infield at an ideal mid-level height for balanced, full-field views"" and ""The Club Level (also known as the Diamond Level) includes sections 200-220, wrapping around the infield at an ideal height for viewing the game.""",9,toward first base / right field,1-11,11,"Stairway aisles run along both side edges of the section; rows are not split by a mid-row aisle, so seat numbers run continuously from one side aisle to the other. The entry portal is at row 11.","Facing the field, seat 1 is on your right. That puts seat 1 on the far edge of the section, with no further section beyond it on that side, with seat numbers counting up toward the edge facing section 201. Seat 1 is the end of the row farthest from home plate, and higher seat numbers run back toward home plate.",not published,"""Club Level""; ""Rows 1-11"". ""Premium seating area as part of the Club Level"". ""Rows in Section 200 are labeled 1-11""; ""An entrance to this section is located at Row 11"". The Club Level zone text served on the page states, level-wide only : ""Smaller, Less Crowded Sections: Most sections have fewer than 12 rows and ~20 seats per row, leading to shorter lines and easier movement"" and ""Most sections feature fewer than 12 rows and around 20 seats per row, creating a more intimate and less crowded experience."" the page states NONE for this section. //www.mlb.com/dbacks/ballpark/information/ada ): ""Across from Sections 105 / 200 / 300 - closest to Gate K"" - the same page states Gate K is at the ballpark's northeast corner (right field).","HIGH - zone, rows, location and seat direction stated by the source"
201,Club Level (200s),Club Level,"""Upgraded 200 Level Seating: Sections 200-220 wrap around the infield at an ideal mid-level height for balanced, full-field views"" and ""The Club Level (also known as the Diamond Level) includes sections 200-220, wrapping around the infield at an ideal height for viewing the game.""",8,toward first base / right field,1-11,11,"Stairway aisles run along both side edges of the section; rows are not split by a mid-row aisle, so seat numbers run continuously from one side aisle to the other. The entry portal is at row 11.","Facing the field, seat 1 is on your right. That puts seat 1 on the edge facing section 200, with seat numbers counting up toward the edge facing section 202. Seat 1 is the end of the row farthest from home plate, and higher seat numbers run back toward home plate.",not published,"""Club Level""; ""Rows 1-11"". ""Premium seating area as part of the Club Level"". ""Rows in Section 201 are labeled 1-11""; ""An entrance to this section is located at Row 11"". ""Most sections feature fewer than 12 rows and around 20 seats per row, creating a more intimate and less crowded experience."" the page states NONE for this section.","HIGH - zone, rows, location and seat direction stated by the source"
202,Club Level (200s),Club Level,"""Upgraded 200 Level Seating: Sections 200-220 wrap around the infield at an ideal mid-level height for balanced, full-field views"" and ""The Club Level (also known as the Diamond Level) includes sections 200-220, wrapping around the infield at an ideal height for viewing the game.""",7,toward first base / right field,1-11,11,"Stairway aisles run along both side edges of the section; rows are not split by a mid-row aisle, so seat numbers run continuously from one side aisle to the other. The entry portal is at row 11.","Facing the field, seat 1 is on your right. That puts seat 1 on the edge facing section 201, with seat numbers counting up toward the edge facing section 203. Seat 1 is the end of the row farthest from home plate, and higher seat numbers run back toward home plate.",not published,"""Club Level""; ""Rows 1-11"". ""Premium seating area as part of the Club Level"". ""Rows in Section 202 are labeled 1-11""; ""An entrance to this section is located at Row 11"". ""Most sections feature fewer than 12 rows and around 20 seats per row, creating a more intimate and less crowded experience."" the page states NONE for this section. The RYS Expert Review block is the shared ""Club Level"" zone text and names no individual section other than 210A-210I.","HIGH - zone, rows, location and seat direction stated by the source"
203,Club Level (200s),Club Level,"""Upgraded 200 Level Seating: Sections 200-220 wrap around the infield at an ideal mid-level height for balanced, full-field views"" and ""The Club Level (also known as the Diamond Level) includes sections 200-220, wrapping around the infield at an ideal height for viewing the game.""",6,toward first base / right field,1-11,11,"Stairway aisles run along both side edges of the section; rows are not split by a mid-row aisle, so seat numbers run continuously from one side aisle to the other. The entry portal is at row 11.","Facing the field, seat 1 is on your right. That puts seat 1 on the edge facing section 202, with seat numbers counting up toward the edge facing section 204. Seat 1 is the end of the row farthest from home plate, and higher seat numbers run back toward home plate.",not published,"""Club Level""; ""Rows 1-11"". ""Premium seating area as part of the Club Level"". ""Rows in Section 203 are labeled 1-11""; ""An entrance to this section is located at Row 11"". ""Most sections feature fewer than 12 rows and around 20 seats per row, creating a more intimate and less crowded experience."" the page states NONE for this section.","HIGH - zone, rows, location and seat direction stated by the source"
204,Club Level (200s),Club Level,"""Upgraded 200 Level Seating: Sections 200-220 wrap around the infield at an ideal mid-level height for balanced, full-field views"" and ""The Club Level (also known as the Diamond Level) includes sections 200-220, wrapping around the infield at an ideal height for viewing the game.""",5,toward first base / right field,1-11,11,"Stairway aisles run along both side edges of the section; rows are not split by a mid-row aisle, so seat numbers run continuously from one side aisle to the other. The entry portal is at row 11.","Facing the field, seat 1 is on your right. That puts seat 1 on the edge facing section 203, with seat numbers counting up toward the edge facing section 205. Seat 1 is the end of the row farthest from home plate, and higher seat numbers run back toward home plate.",not published,"""Club Level""; ""Rows 1-11"". ""Premium seating area as part of the Club Level"". ""Rows in Section 204 are labeled 1-11""; ""An entrance to this section is located at Row 11"". ""Most sections feature fewer than 12 rows and around 20 seats per row, creating a more intimate and less crowded experience."" Fan Feedback : ""Colorado Rockies at Arizona Diamondbacks - Jul 7, 2019"" - Sec 204 / Row 1 - Baseball (5 stars; the review body is collapsed behind a ""Read More"" toggle and was not present in the fetched page). the page states NONE for this section.","HIGH - zone, rows, location and seat direction stated by the source"
205,Club Level (200s),Club Level,"""Upgraded 200 Level Seating: Sections 200-220 wrap around the infield at an ideal mid-level height for balanced, full-field views"" and ""The Club Level (also known as the Diamond Level) includes sections 200-220, wrapping around the infield at an ideal height for viewing the game.""",4,toward first base / right field,1-11,11,"Stairway aisles run along both side edges of the section; rows are not split by a mid-row aisle, so seat numbers run continuously from one side aisle to the other. The entry portal is at row 11.","Facing the field, seat 1 is on your right. That puts seat 1 on the edge facing section 204, with seat numbers counting up toward the edge facing section 206. Seat 1 is the end of the row farthest from home plate, and higher seat numbers run back toward home plate.",not published,"""Club Level""; ""Rows 1-11"". ""Premium seating area as part of the Club Level"". ""Rows in Section 205 are labeled 1-11""; ""An entrance to this section is located at Row 11"". ""Most sections feature fewer than 12 rows and around 20 seats per row, creating a more intimate and less crowded experience."" the page states NONE for this section.","HIGH - zone, rows, location and seat direction stated by the source"
206,Club Level (200s),Club Level,"""Upgraded 200 Level Seating: Sections 200-220 wrap around the infield at an ideal mid-level height for balanced, full-field views"" and ""The Club Level (also known as the Diamond Level) includes sections 200-220, wrapping around the infield at an ideal height for viewing the game.""",3,toward first base / right field,1-11,11,"Stairway aisles run along both side edges of the section; rows are not split by a mid-row aisle, so seat numbers run continuously from one side aisle to the other. The entry portal is at row 11.","Facing the field, seat 1 is on your right. That puts seat 1 on the edge facing section 205, with seat numbers counting up toward the edge facing section 207. Seat 1 is the end of the row farthest from home plate, and higher seat numbers run back toward home plate.",not published,"""Top Pick for Great Views of the Field""; ""Club Level""; ""Rows 1-11"". ""For baseball games, we recommend these seats for great views of the field""; ""Premium seating area as part of the Club Level"". ""Rows in Section 206 are labeled 1-11""; ""An entrance to this section is located at Row 11"". ""Most sections feature fewer than 12 rows and around 20 seats per row, creating a more intimate and less crowded experience."" the page states NONE for this section.","HIGH - zone, rows, location and seat direction stated by the source"
207,Club Level (200s),Club Level,"""Upgraded 200 Level Seating: Sections 200-220 wrap around the infield at an ideal mid-level height for balanced, full-field views"" and ""The Club Level (also known as the Diamond Level) includes sections 200-220, wrapping around the infield at an ideal height for viewing the game.""",2,toward first base / right field,1-11,11,"Stairway aisles run along both side edges of the section; rows are not split by a mid-row aisle, so seat numbers run continuously from one side aisle to the other. The entry portal is at row 11.","Facing the field, seat 1 is on your right. That puts seat 1 on the edge facing section 206, with seat numbers counting up toward the edge facing section 208. Seat 1 is the end of the row farthest from home plate, and higher seat numbers run back toward home plate.",not published,"""Top Pick for Great Views of the Field""; ""Club Level""; ""Rows 1-11"". ""For baseball games, we recommend these seats for great views of the field""; ""Premium seating area as part of the Club Level"". ""Rows in Section 207 are labeled 1-11""; ""An entrance to this section is located at Row 11"". ""Most sections feature fewer than 12 rows and around 20 seats per row, creating a more intimate and less crowded experience."" Fan Feedback : ""Seattle Mariners at Arizona Diamondbacks - Jul 30, 2023"" - Sec 207 / Row 1 - Baseball (5 stars; the review body is collapsed behind a ""Read More"" toggle and was not present in the fetched page). the page states NONE for this section.","HIGH - zone, rows, location and seat direction stated by the source"
208,Club Level (200s),Club Level,"""Upgraded 200 Level Seating: Sections 200-220 wrap around the infield at an ideal mid-level height for balanced, full-field views"" and ""The Club Level (also known as the Diamond Level) includes sections 200-220, wrapping around the infield at an ideal height for viewing the game.""",1,toward first base / right field,1-11,11,"Stairway aisles run along both side edges of the section; rows are not split by a mid-row aisle, so seat numbers run continuously from one side aisle to the other. The entry portal is at row 11.","Facing the field, seat 1 is on your right. That puts seat 1 on the edge facing section 207, with seat numbers counting up toward the edge facing section 209. Seat 1 is the end of the row farthest from home plate, and higher seat numbers run back toward home plate.",not published,"""Top Pick for Great Views of the Field""; ""Club Level""; ""Rows 1-11"". ""For baseball games, we recommend these seats for great views of the field""; ""Premium seating area as part of the Club Level"". ""Rows in Section 208 are labeled 1-11""; ""An entrance to this section is located at Row 11"". ""Most sections feature fewer than 12 rows and around 20 seats per row, creating a more intimate and less crowded experience."" the page states NONE for this section.","HIGH - zone, rows, location and seat direction stated by the source"
209,Club Level (200s),Club Level,"""Upgraded 200 Level Seating: Sections 200-220 wrap around the infield at an ideal mid-level height for balanced, full-field views"" and ""The Club Level (also known as the Diamond Level) includes sections 200-220, wrapping around the infield at an ideal height for viewing the game.""",0,toward first base / right field,1-11,11,"Stairway aisles run along both side edges of the section; rows are not split by a mid-row aisle, so seat numbers run continuously from one side aisle to the other. The entry portal is at row 11.","Facing the field, seat 1 is on your right. That puts seat 1 on the edge facing section 208, with seat numbers counting up toward the edge facing section 211. This section is behind home plate, so seat 1 is on its first-base side.",not published,"""Club Level""; ""Rows 1-11"". ""Premium seating area as part of the Club Level"". ""Rows in Section 209 are labeled 1-11""; ""An entrance to this section is located at Row 11"". ""Most sections feature fewer than 12 rows and around 20 seats per row, creating a more intimate and less crowded experience."" the page states NONE for this section. //www.mlb.com/dbacks/ballpark/information/ada ): ""Across from Sections 117 / 209 / 310 - closest to Gate J (priority given to our guests with disabilities)"". The RateYourSeats section page itself gives no such placement.","HIGH - zone, rows, location and seat direction stated by the source"
211,Club Level (200s),Club Level,"""Upgraded 200 Level Seating: Sections 200-220 wrap around the infield at an ideal mid-level height for balanced, full-field views"" and ""The Club Level (also known as the Diamond Level) includes sections 200-220, wrapping around the infield at an ideal height for viewing the game.""",0,toward third base / left field,1-11,11,"Stairway aisles run along both side edges of the section; rows are not split by a mid-row aisle, so seat numbers run continuously from one side aisle to the other. The entry portal is at row 11.","Facing the field, seat 1 is on your right. That puts seat 1 on the edge facing section 209, with seat numbers counting up toward the edge facing section 212. This section is behind home plate, so seat 1 is on its first-base side.",not published,"""Club Level""; ""Rows 1-11"". ""Premium seating area as part of the Club Level"". ""Rows in Section 211 are labeled 1-11""; ""An entrance to this section is located at Row 11"". ""Most sections feature fewer than 12 rows and around 20 seats per row, creating a more intimate and less crowded experience."" the page states NONE for this section. //www.mlb.com/dbacks/ballpark/information/ada ): ""Across from Sections 127 / 211 / 321 - closest to Gate E (priority given to our guests with disabilities)"". The RateYourSeats section page itself gives no such placement.","HIGH - zone, rows, location and seat direction stated by the source"
212,Club Level (200s),Club Level,"""Upgraded 200 Level Seating: Sections 200-220 wrap around the infield at an ideal mid-level height for balanced, full-field views"" and ""The Club Level (also known as the Diamond Level) includes sections 200-220, wrapping around the infield at an ideal height for viewing the game.""",1,toward third base / left field,1-11,11,"Stairway aisles run along both side edges of the section; rows are not split by a mid-row aisle, so seat numbers run continuously from one side aisle to the other. The entry portal is at row 11.","Facing the field, seat 1 is on your right. That puts seat 1 on the edge facing section 211, with seat numbers counting up toward the edge facing section 213. Seat 1 is the end of the row closest to home plate, and higher seat numbers run away from home plate.",not published,"""Top Pick for Great Views of the Field""; ""Club Level""; ""Rows 1-11"". ""For baseball games, we recommend these seats for great views of the field""; ""Premium seating area as part of the Club Level"". ""Rows in Section 212 are labeled 1-11""; ""An entrance to this section is located at Row 11"". ""Most sections feature fewer than 12 rows and around 20 seats per row, creating a more intimate and less crowded experience."" the page states NONE for this section.","HIGH - zone, rows, location and seat direction stated by the source"
213,Club Level (200s),Club Level,"""Upgraded 200 Level Seating: Sections 200-220 wrap around the infield at an ideal mid-level height for balanced, full-field views"" and ""The Club Level (also known as the Diamond Level) includes sections 200-220, wrapping around the infield at an ideal height for viewing the game."" The only positional flag on the page is the Section Insight ""Midfield View"", which is a FOOTBALL-configuration descriptor (""For football games, desirable view from near midfield"") and is NOT a baseball placement.",2,toward third base / left field,1-11,11,"Stairway aisles run along both side edges of the section; rows are not split by a mid-row aisle, so seat numbers run continuously from one side aisle to the other. The entry portal is at row 11.","Facing the field, seat 1 is on your right. That puts seat 1 on the edge facing section 212, with seat numbers counting up toward the edge facing section 214. Seat 1 is the end of the row closest to home plate, and higher seat numbers run away from home plate.",not published,"""Top Pick for Great Views of the Field""; ""Midfield View""; ""Club Level""; ""Rows 1-11"". ""For baseball games, we recommend these seats for great views of the field""; ""For football games, desirable view from near midfield""; ""Premium seating area as part of the Club Level"". ""Rows in Section 213 are labeled 1-11""; ""An entrance to this section is located at Row 11"". ""Most sections feature fewer than 12 rows and around 20 seats per row, creating a more intimate and less crowded experience."" Fan Feedback : ""Pretty good"" - Sec 213 / Row 2 - Baseball (5 stars; the review body is collapsed behind a ""Read More"" toggle and was not present in the fetched page). the page states NONE for this section.","HIGH - zone, rows, location and seat direction stated by the source"
214,Club Level (200s),Club Level,"""Upgraded 200 Level Seating: Sections 200-220 wrap around the infield at an ideal mid-level height for balanced, full-field views"" and ""The Club Level (also known as the Diamond Level) includes sections 200-220, wrapping around the infield at an ideal height for viewing the game."" The Section Insight ""Midfield View"" is a FOOTBALL-configuration descriptor (""For football games, desirable view from near midfield"") and is NOT a baseball placement.",3,toward third base / left field,1-10,10,"Stairway aisles run along both side edges of the section; rows are not split by a mid-row aisle, so seat numbers run continuously from one side aisle to the other. The entry portal is at row 10.","Facing the field, seat 1 is on your right. That puts seat 1 on the edge facing section 213, with seat numbers counting up toward the edge facing section 215. Seat 1 is the end of the row closest to home plate, and higher seat numbers run away from home plate.",not published,"""Top Pick for Great Views of the Field""; ""Midfield View""; ""Club Level""; ""Rows 1-10"". ""For baseball games, we recommend these seats for great views of the field""; ""For football games, desirable view from near midfield""; ""Premium seating area as part of the Club Level"". ""Rows in Section 214 are labeled 1-10""; ""An entrance to this section is located at Row 10"". ""Most sections feature fewer than 12 rows and around 20 seats per row, creating a more intimate and less crowded experience."" the page states NONE for this section. this record is for section ""214"" only; the separate index entry ""214L"" is a different identifier and is not in this batch (discovery records that RateYourSeats lists 214L with no photo, rows, zone or description).","HIGH - zone, rows, location and seat direction stated by the source"
215,Club Level (200s),Club Level,"""Upgraded 200 Level Seating: Sections 200-220 wrap around the infield at an ideal mid-level height for balanced, full-field views"" and ""The Club Level (also known as the Diamond Level) includes sections 200-220, wrapping around the infield at an ideal height for viewing the game."" The Section Insight ""Midfield View"" is a FOOTBALL-configuration descriptor (""For football games, desirable view from near midfield"") and is NOT a baseball placement.",4,toward third base / left field,1-10,10,"Stairway aisles run along both side edges of the section; rows are not split by a mid-row aisle, so seat numbers run continuously from one side aisle to the other. The entry portal is at row 10.","Facing the field, seat 1 is on your right. That puts seat 1 on the edge facing section 214, with seat numbers counting up toward the edge facing section 216. Seat 1 is the end of the row closest to home plate, and higher seat numbers run away from home plate.",not published,"""Midfield View""; ""Club Level""; ""Rows 1-10"". ""For football games, desirable view from near midfield""; ""Premium seating area as part of the Club Level"". ""Rows in Section 215 are labeled 1-10""; ""An entrance to this section is located at Row 10"". ""Most sections feature fewer than 12 rows and around 20 seats per row, creating a more intimate and less crowded experience."" Fan Feedback : ""Not too bad - Good seats close to a bar"" - Sec 215 / Row 5 - Baseball (5 stars). the page states NONE for this section. this record is for section ""215"" only; the separate index entry ""215L"" is a different identifier and is not in this batch.","HIGH - zone, rows, location and seat direction stated by the source"
216,Club Level (200s),Club Level,"""Upgraded 200 Level Seating: Sections 200-220 wrap around the infield at an ideal mid-level height for balanced, full-field views"" and ""The Club Level (also known as the Diamond Level) includes sections 200-220, wrapping around the infield at an ideal height for viewing the game."" The Section Insight ""Midfield View"" is a FOOTBALL-configuration descriptor (""For football games, desirable view from near midfield"") and is NOT a baseball placement.",5,toward third base / left field,1-11,11,"Stairway aisles run along both side edges of the section; rows are not split by a mid-row aisle, so seat numbers run continuously from one side aisle to the other. The entry portal is at row 11.","Facing the field, seat 1 is on your right. That puts seat 1 on the edge facing section 215, with seat numbers counting up toward the edge facing section 217. Seat 1 is the end of the row closest to home plate, and higher seat numbers run away from home plate.",not published,"""Midfield View""; ""Club Level""; ""Rows 1-11"". ""For football games, desirable view from near midfield""; ""Premium seating area as part of the Club Level"". ""Rows in Section 216 are labeled 1-11""; ""An entrance to this section is located at Row 11"". ""Most sections feature fewer than 12 rows and around 20 seats per row, creating a more intimate and less crowded experience."" the page states NONE for this section. Discovery notes that RateYourSeats uses ""Section 216, Row 10"" as the Club Level hero photo caption, which is consistent with the stated row range 1-11.","HIGH - zone, rows, location and seat direction stated by the source"
217,Club Level (200s),Club Level,"The Club Level (also known as the Diamond Level) includes sections 200-220, wrapping around the infield at an ideal height for viewing the game."" and ""Upgraded 200 Level Seating: Sections 200-220 wrap around the infield at an ideal mid-level height for balanced, full-field views",6,toward third base / left field,1-11,11,"Stairway aisles run along both side edges of the section; rows are not split by a mid-row aisle, so seat numbers run continuously from one side aisle to the other. The entry portal is at row 11.","Facing the field, seat 1 is on your right. That puts seat 1 on the edge facing section 216, with seat numbers counting up toward the edge facing section 218. Seat 1 is the end of the row closest to home plate, and higher seat numbers run away from home plate.",not published,"""Club Level"" and ""Rows 1-11"". ""Premium seating area as part of the Club Level"". ""Baseball Seat View From Section 217, Row 10"" and ""Baseball Seat View From Section 216/217"".","HIGH - zone, rows, location and seat direction stated by the source"
218,Club Level (200s),Club Level,"The Club Level (also known as the Diamond Level) includes sections 200-220, wrapping around the infield at an ideal height for viewing the game."" and ""Upgraded 200 Level Seating: Sections 200-220 wrap around the infield at an ideal mid-level height for balanced, full-field views",7,toward third base / left field,1-11,11,"Stairway aisles run along both side edges of the section; rows are not split by a mid-row aisle, so seat numbers run continuously from one side aisle to the other. The entry portal is at row 11.","Facing the field, seat 1 is on your right. That puts seat 1 on the edge facing section 217, with seat numbers counting up toward the edge facing section 219. Seat 1 is the end of the row closest to home plate, and higher seat numbers run away from home plate.",not published,"""Club Level"" and ""Rows 1-11"". ""Premium seating area as part of the Club Level"". ""Baseball Seat View From Section 218, Row 10"" and ""Baseball Seat View From Section 218/219"".","HIGH - zone, rows, location and seat direction stated by the source"
219,Club Level (200s),Club Level,"The Club Level (also known as the Diamond Level) includes sections 200-220, wrapping around the infield at an ideal height for viewing the game."" and ""Upgraded 200 Level Seating: Sections 200-220 wrap around the infield at an ideal mid-level height for balanced, full-field views",8,toward third base / left field,1-11,11,"Stairway aisles run along both side edges of the section; rows are not split by a mid-row aisle, so seat numbers run continuously from one side aisle to the other. The entry portal is at row 11.","Facing the field, seat 1 is on your right. That puts seat 1 on the edge facing section 218, with seat numbers counting up toward the edge facing section 220. Seat 1 is the end of the row closest to home plate, and higher seat numbers run away from home plate.",not published,"""Club Level"" and ""Rows 1-11"". ""Premium seating area as part of the Club Level"". ""Baseball Seat View From Section 219, Row 10"" and ""Baseball Seat View From Section 219, Row 6"".","HIGH - zone, rows, location and seat direction stated by the source"
220,Club Level (200s),Club Level,"The Club Level (also known as the Diamond Level) includes sections 200-220, wrapping around the infield at an ideal height for viewing the game."" and ""Upgraded 200 Level Seating: Sections 200-220 wrap around the infield at an ideal mid-level height for balanced, full-field views",9,toward third base / left field,1-10,10,"Stairway aisles run along both side edges of the section; rows are not split by a mid-row aisle, so seat numbers run continuously from one side aisle to the other. The entry portal is at row 10.","Facing the field, seat 1 is on your right. That puts seat 1 on the edge facing section 219, with seat numbers counting up toward the edge facing section 221. Seat 1 is the end of the row closest to home plate, and higher seat numbers run away from home plate.",not published,"""Top Pick for Outstanding Convenience Rows 6-10"", ""Club Level"", ""Rows 1-10"". ""For baseball games, we recommend rows 6-10 for outstanding convenience"" and ""Premium seating area as part of the Club Level"". (https://www.mlb.com/dbacks/ballpark/information/ada). Both readings recorded as printed. ""Baseball Seat View From Section 220, Row 10"" and ""Baseball Seat View From Section 220, Row 6"".","HIGH - zone, rows, location and seat direction stated by the source"
221,Club Level (200s),All You Can Eat Seats,"These seats are located in sections 221-223 on the 200 level, positioned down the left field line in the corner."" and ""Corner Outfield Location: Positioned in the left field corner with limited views of home plate",10,toward third base / left field,1-13,13,"Stairway aisles run along both side edges of the section; rows are not split by a mid-row aisle, so seat numbers run continuously from one side aisle to the other. The entry portal is at row 13.","Facing the field, seat 1 is on your right. That puts seat 1 on the edge facing section 220, with seat numbers counting up toward the edge facing section 222. Seat 1 is the end of the row closest to home plate, and higher seat numbers run away from home plate.",not published,"""Rows 1-13"" - no zone link. Fan Feedback : one 5-star review whose entire body is a single sunglasses emoji, attributed ""Sec 221 / Row 1 - Baseball"". OBSTRUCTION from the ""Club Level Corner (Football)"" review served on this page: ""Corner seating on the Club Level is available behind home plate, and in a few sections down near the left field corner. The second tier seating height provides some of the best viewing angles available, however some obstructions will be found in Sections 221-223 due to the left field foul pole."" ""The height allows fans to see the full field, but the left field corner angle makes it harder to follow action at home plate. Fans sitting here should expect to turn slightly to follow the game, especially for pitches and close plays.""","HIGH - zone, rows, location and seat direction stated by the source"
222,Club Level (200s),All You Can Eat Seats,"These seats are located in sections 221-223 on the 200 level, positioned down the left field line in the corner."" and ""Corner Outfield Location: Positioned in the left field corner with limited views of home plate",11,toward third base / left field,1-13,13,"Stairway aisles run along both side edges of the section; rows are not split by a mid-row aisle, so seat numbers run continuously from one side aisle to the other. The entry portal is at row 13.","Facing the field, seat 1 is on your right. That puts seat 1 on the edge facing section 221, with seat numbers counting up toward the edge facing section 223. Seat 1 is the end of the row closest to home plate, and higher seat numbers run away from home plate.",not published,"""Rows 1-13"" - no zone link. Fan Feedback ( two 5-star entries, titles only, no body text): ""Baltimore Orioles at Arizona Diamondbacks - Sep 3, 2023"" attributed ""Sec 222 / Row 1 - Baseball"", listed twice. OBSTRUCTION ""The second tier seating height provides some of the best viewing angles available, however some obstructions will be found in Sections 221-223 due to the left field foul pole."" ""The height allows fans to see the full field, but the left field corner angle makes it harder to follow action at home plate."" ""All-Inclusive Ballpark Food (D-Bakcs):"".","HIGH - zone, rows, location and seat direction stated by the source"
223,Club Level (200s),All You Can Eat Seats,"These seats are located in sections 221-223 on the 200 level, positioned down the left field line in the corner."" and ""Corner Outfield Location: Positioned in the left field corner with limited views of home plate",12,toward third base / left field,1-13,13,"Stairway aisles run along both side edges of the section; rows are not split by a mid-row aisle, so seat numbers run continuously from one side aisle to the other. The entry portal is at row 13.","Facing the field, seat 1 is on your right. That puts seat 1 on the edge facing section 222, with seat numbers counting up toward the far edge of the section, with no further section beyond it on that side. Seat 1 is the end of the row closest to home plate, and higher seat numbers run away from home plate.",not published,"""Rows 1-13"" - no zone link. OBSTRUCTION ""The second tier seating height provides some of the best viewing angles available, however some obstructions will be found in Sections 221-223 due to the left field foul pole."" ""The height allows fans to see the full field, but the left field corner angle makes it harder to follow action at home plate."" Independent landmark (official Diamondbacks Access Guide, https://www.mlb.com/dbacks/ballpark/information/ada) ""Across from Sections 139 / 223 / 332 - closest to Gate A"" - consistent with the left-field corner placement above. ""All-Inclusive Ballpark Food (D-Bakcs):"".","HIGH - zone, rows, location and seat direction stated by the source"
300,Upper Deck (300s),300 Level Outfield,300 Level Outfield seating is the furthest of any seating area at Chase Field.,16,toward first base / right field,1-32,4,"Stairway aisles run along both side edges of the section; rows are not split by a mid-row aisle, so seat numbers run continuously from one side aisle to the other. The entry portal is at row 4.","Facing the field, seat 1 is on your right. That puts seat 1 on the far edge of the section, with no further section beyond it on that side, with seat numbers counting up toward the edge facing section 301. Seat 1 is the end of the row farthest from home plate, and higher seat numbers run back toward home plate.",not published,"""Rows 1-32"". NONE. Zone landmark ""The Chase Field Sandlot is located on this upper tier closest to section 332W."" The upper deck has good protection from part of the retractable roof even when it is open. Sitting on the upper deck and near the corners of the field will give fans the best chance at shade and are a good place to sit to stay cool in the hot Arizona weather (opt for seats in Sections 300-302, and 330-332 for some of the best shade at the ballpark)."" and ""And just be sure to avoid the right field seats at all costs, as these are the worst for getting the shade and are likely to be some of the hottest."" Independent landmark (official Diamondbacks Access Guide, https://www.mlb.com/dbacks/ballpark/information/ada) ""Across from Sections 105 / 200 / 300 - closest to Gate K"".""","HIGH - zone, rows, location and seat direction stated by the source"
301,Upper Deck (300s),300 Level Outfield,300 Level Outfield seating is the furthest of any seating area at Chase Field.,15,toward first base / right field,1-32,4,"Stairway aisles run along both side edges of the section; rows are not split by a mid-row aisle, so seat numbers run continuously from one side aisle to the other. The entry portal is at row 4.","Facing the field, seat 1 is on your right. That puts seat 1 on the edge facing section 300, with seat numbers counting up toward the edge facing section 302. Seat 1 is the end of the row farthest from home plate, and higher seat numbers run back toward home plate.",not published,"""Rows 1-32"". NONE. Zone landmark ""The Chase Field Sandlot is located on this upper tier closest to section 332W."" Independent landmark (official Diamondbacks Access Guide, https://www.mlb.com/dbacks/ballpark/information/ada) - the page gives its ramp list TWICE and contradicts itself: ""Upper Level-Across from Section 301"" in both lists, paired once with ""Main Level-Across from Section 111"" and once with ""Main Level-Across from Section 110"". Recorded as printed.","HIGH - zone, rows, location and seat direction stated by the source"
302,Upper Deck (300s),300 Level Outfield,300 Level Outfield seating is the furthest of any seating area at Chase Field.,14,toward first base / right field,1-33,4,"Stairway aisles run along both side edges of the section; rows are not split by a mid-row aisle, so seat numbers run continuously from one side aisle to the other. The entry portal is at row 4.","Facing the field, seat 1 is on your right. That puts seat 1 on the edge facing section 301, with seat numbers counting up toward the edge facing section 303. Seat 1 is the end of the row farthest from home plate, and higher seat numbers run back toward home plate.",not published,"""Rows 1-33"". NONE. Zone landmark ""The Chase Field Sandlot is located on this upper tier closest to section 332W.""","HIGH - zone, rows, location and seat direction stated by the source"
303,Upper Deck (300s),300 Level Outfield,300 Level Outfield seating is the furthest of any seating area at Chase Field.,13,toward first base / right field,1-40,4,"Stairway aisles run along both side edges of the section; rows are not split by a mid-row aisle, so seat numbers run continuously from one side aisle to the other. The entry portal is at row 4.","Facing the field, seat 1 is on your right. That puts seat 1 on the edge facing section 302, with seat numbers counting up toward the edge facing section 304. Seat 1 is the end of the row farthest from home plate, and higher seat numbers run back toward home plate.",not published,"""Rows 1-40"". NONE. ""With up to 40 rows of seating, these sections are large and may be cumbersome for getting in and out for your seat for trips to the restrooms and concessions."" Zone landmark ""The Chase Field Sandlot is located on this upper tier closest to section 332W.""","HIGH - zone, rows, location and seat direction stated by the source"
304,Upper Deck (300s),300 Level Outfield,300 Level Outfield seating is the furthest of any seating area at Chase Field.,12,toward first base / right field,"1-3, 4C-4W, 8-40",4W,"Stairway aisles run along both side edges of the section; rows are not split by a mid-row aisle, so seat numbers run continuously from one side aisle to the other. The entry portal is at row 4W.","Facing the field, seat 1 is on your right. That puts seat 1 on the edge facing section 303, with seat numbers counting up toward the edge facing section 305. Seat 1 is the end of the row farthest from home plate, and higher seat numbers run back toward home plate.",not published,"""Rows 1-3, 4C-4W, 8-40"". ""There is wheelchair seating betweeen Rows 4W and 8"". NONE. ""With up to 40 rows of seating, these sections are large and may be cumbersome for getting in and out for your seat for trips to the restrooms and concessions."" Zone landmark ""The Chase Field Sandlot is located on this upper tier closest to section 332W.""","HIGH - zone, rows, location and seat direction stated by the source"
305,Upper Deck (300s),300 Level Outfield,300 Level Outfield seating is the furthest of any seating area at Chase Field.,11,toward first base / right field,1-40,4,"Stairway aisles run along both side edges of the section; rows are not split by a mid-row aisle, so seat numbers run continuously from one side aisle to the other. The entry portal is at row 4.","Facing the field, seat 1 is on your right. That puts seat 1 on the edge facing section 304, with seat numbers counting up toward the edge facing section 306. Seat 1 is the end of the row farthest from home plate, and higher seat numbers run back toward home plate.",not published,"""Rows 1-40"". NONE. ""With up to 40 rows of seating, these sections are large and may be cumbersome for getting in and out for your seat for trips to the restrooms and concessions."" Zone landmark ""The Chase Field Sandlot is located on this upper tier closest to section 332W.""","HIGH - zone, rows, location and seat direction stated by the source"
306,Upper Deck (300s),300 Level Outfield,"300 Level Outfield seating is the furthest of any seating area at Chase Field."" Football review adds ""The highest of the endzone seating options, the 300 Level Sections down the first base line will have good views of the near endzone, while the far side of the field will be more difficult to follow.",10,toward first base / right field,"1-3, 4C-4W, 8-40",4W,"Stairway aisles run along both side edges of the section; rows are not split by a mid-row aisle, so seat numbers run continuously from one side aisle to the other. The entry portal is at row 4W.","Facing the field, seat 1 is on your right. That puts seat 1 on the edge facing section 305, with seat numbers counting up toward the edge facing section 307. Seat 1 is the end of the row farthest from home plate, and higher seat numbers run back toward home plate.",not published,"""Rows 1-3, 4C-4W, 8-40"". ""There is wheelchair seating betweeen Rows 4W and 8"". NONE. Rows statements from the two reviews: ""Sections here are larger with up to 40 rows of seating in each, and section entry tunnels are located at Row 4."" and ""With up to 40 rows of seating, these sections are large and may be cumbersome for getting in and out for your seat for trips to the restrooms and concessions."" Zone landmark ""The Chase Field Sandlot is located on this upper tier closest to section 332W.""","HIGH - zone, rows, location and seat direction stated by the source"
307,Upper Deck (300s),300 Level Infield,"The 300 Level is the highest seating area at Chase Field, offering less desirable views of the field than most other areas at the ballpark."" Football review adds ""The highest of the endzone seating options, the 300 Level Sections down the first base line will have good views of the near endzone, while the far side of the field will be more difficult to follow.",9,toward first base / right field,1-40,4,"Stairway aisles run along both side edges of the section; rows are not split by a mid-row aisle, so seat numbers run continuously from one side aisle to the other. The entry portal is at row 4.","Facing the field, seat 1 is on your right. That puts seat 1 on the edge facing section 306, with seat numbers counting up toward the edge facing section 308. Seat 1 is the end of the row farthest from home plate, and higher seat numbers run back toward home plate.","Row 16 only - verbatim: ""There are a total of 18 seats in Section 307 Row 16. As you face the field, Seat 1 will be on the aisle at the right side of the row, while Seat 18 is on the aisle at the left side of the row."" No park-wide or section-wide seats-per-row figure is stated.","""Rows 1-40"". Fan Feedback ( 5 stars): ""Seats looked down directly at the field - did not have to sit sideways"" - ""Seats were fine for a football game. Not too high up the 2nd deck, and good view of video board."" attributed ""Sec 307 / Row 16 - Football"". Rows statements ""Sections here are larger with up to 40 rows of seating in each, and section entry tunnels are located at Row 4."" and ""Sections here are among some of the largest with up to 40 rows of seating per section.""","HIGH - zone, rows, location and seat direction stated by the source"
308,Upper Deck (300s),300 Level Infield,"The 300 Level is the highest seating area at Chase Field, offering less desirable views of the field than most other areas at the ballpark."" Football review adds ""The highest of the endzone seating options, the 300 Level Sections down the first base line will have good views of the near endzone, while the far side of the field will be more difficult to follow.",8,toward first base / right field,1-40,4,"Stairway aisles run along both side edges of the section; rows are not split by a mid-row aisle, so seat numbers run continuously from one side aisle to the other. The entry portal is at row 4.","Facing the field, seat 1 is on your right. That puts seat 1 on the edge facing section 307, with seat numbers counting up toward the edge facing section 309. Seat 1 is the end of the row farthest from home plate, and higher seat numbers run back toward home plate.","Row 1 only - verbatim: ""Row 1 in section 308 has 18 numbered seats, with seat 1 on the aisle to the right as you face the field, and seat 18 on the aisle to the left."" (image caption on the same page, verbatim: ""Seat 18 is on the aisle at the left of Section 308 Row 1, while Seat 1 is on the aisle at the right""). No section-wide seats-per-row figure is stated.","""Rows 1-40"". NONE. Rows statements ""Sections here are larger with up to 40 rows of seating in each, and section entry tunnels are located at Row 4."" and ""Sections here are among some of the largest with up to 40 rows of seating per section.""","HIGH - zone, rows, location and seat direction stated by the source"
309,Upper Deck (300s),300 Level Infield,"The 300 Level is the highest seating area at Chase Field, offering less desirable views of the field than most other areas at the ballpark."" Football review adds ""The highest of the endzone seating options, the 300 Level Sections down the first base line will have good views of the near endzone, while the far side of the field will be more difficult to follow.",7,toward first base / right field,"1-3, 4C-4W, 8-40",4W,"Stairway aisles run along both side edges of the section; rows are not split by a mid-row aisle, so seat numbers run continuously from one side aisle to the other. The entry portal is at row 4W.","Facing the field, seat 1 is on your right. That puts seat 1 on the edge facing section 308, with seat numbers counting up toward the edge facing section 310. Seat 1 is the end of the row farthest from home plate, and higher seat numbers run back toward home plate.",not published,"""Rows 1-3, 4C-4W, 8-40"". ""There is wheelchair seating betweeen Rows 4W and 8"". NONE. Rows statements ""Sections here are larger with up to 40 rows of seating in each, and section entry tunnels are located at Row 4."" and ""Sections here are among some of the largest with up to 40 rows of seating per section.""","HIGH - zone, rows, location and seat direction stated by the source"
310,Upper Deck (300s),300 Level Infield,"MVP Box seating is located in sections 310-322, positioned along the infield on the upper level."" and ""Best Upper Level Seats: Located in the front rows (1-7) of sections 310-322 along the infield"" and ""The 300 Level is the highest seating area at Chase Field, offering less desirable views of the field than most other areas at the ballpark.",6,toward first base / right field,1-32,4,"Stairway aisles run along both side edges of the section; rows are not split by a mid-row aisle, so seat numbers run continuously from one side aisle to the other. The entry portal is at row 4.","Facing the field, seat 1 is on your right. That puts seat 1 on the edge facing section 309, with seat numbers counting up toward the edge facing section 311. Seat 1 is the end of the row farthest from home plate, and higher seat numbers run back toward home plate.",not published,"""Rows 1-32"". NONE. MVP Box review ""These seats are specifically found in the first seven rows of each section, placing fans closer to the field than the rest of the upper deck."", ""The entry tunnel is located at Row 4, meaning fans are never more than a few steps from the concourse, making it easy to grab food, drinks, or use the restrooms without missing much of the action."", ""All seats are positioned along the infield, giving fans a clear look at home plate and overall gameplay."" and ""For reference, Seat 1 is located on the right side of the section when facing the field."" Independent landmark (official Diamondbacks Access Guide, https://www.mlb.com/dbacks/ballpark/information/ada) ""Across from Sections 117 / 209 / 310 - closest to Gate J (priority given to our guests with disabilities)"".","HIGH - zone, rows, location and seat direction stated by the source"
311,Upper Deck (300s),300 Level Infield,"MVP Box seating is located in sections 310-322, positioned along the infield on the upper level."" and ""Best Upper Level Seats: Located in the front rows (1-7) of sections 310-322 along the infield"" and ""The 300 Level is the highest seating area at Chase Field, offering less desirable views of the field than most other areas at the ballpark.",5,toward first base / right field,1-32,4,"Stairway aisles run along both side edges of the section; rows are not split by a mid-row aisle, so seat numbers run continuously from one side aisle to the other. The entry portal is at row 4.","Facing the field, seat 1 is on your right. That puts seat 1 on the edge facing section 310, with seat numbers counting up toward the edge facing section 312. Seat 1 is the end of the row farthest from home plate, and higher seat numbers run back toward home plate.",not published,"""Rows 1-32"". NONE. MVP Box review text is identical to Section 310's, including ""These seats are specifically found in the first seven rows of each section, placing fans closer to the field than the rest of the upper deck."", ""The entry tunnel is located at Row 4..."", ""All seats are positioned along the infield, giving fans a clear look at home plate and overall gameplay."" and ""For reference, Seat 1 is located on the right side of the section when facing the field.""","HIGH - zone, rows, location and seat direction stated by the source"
312,Upper Deck (300s),300 Level Infield,"MVP Box seating is located in sections 310-322, positioned along the infield on the upper level."" and ""Best Upper Level Seats: Located in the front rows (1-7) of sections 310-322 along the infield"" and ""The 300 Level is the highest seating area at Chase Field, offering less desirable views of the field than most other areas at the ballpark.",4,toward first base / right field,"1-3, 4C-4W, 8-32",4W,"Stairway aisles run along both side edges of the section; rows are not split by a mid-row aisle, so seat numbers run continuously from one side aisle to the other. The entry portal is at row 4W.","Facing the field, seat 1 is on your right. That puts seat 1 on the edge facing section 311, with seat numbers counting up toward the edge facing section 313. Seat 1 is the end of the row farthest from home plate, and higher seat numbers run back toward home plate.",not published,"""Rows 1-3, 4C-4W, 8-32"". ""There is wheelchair seating betweeen Rows 4W and 8"". NONE. Rows statements ""Sections here have up to 32 numbered rows of seating, and entry tunnels located near the front at Row 4."", ""If possible we recommend staying in Rows 1-5 to avoid feeling too far from the action and will also help keep you closer to the concourse."" and ""Sections here are among some of the largest with up to 40 rows of seating per section."" (the last conflicts with the 32-row figure; both recorded as printed). ""For reference, Seat 1 is located on the right side of the section when facing the field.""","HIGH - zone, rows, location and seat direction stated by the source"
313,Upper Deck (300s),300 Level Infield,"""MVP Box seating is located in sections 310-322, positioned along the infield on the upper level."" (RYS 'MVP Box' (2026 Review) block served on this section page)",3,toward first base / right field,1-32,4,"Stairway aisles run along both side edges of the section; rows are not split by a mid-row aisle, so seat numbers run continuously from one side aisle to the other. The entry portal is at row 4.","Facing the field, seat 1 is on your right. That puts seat 1 on the edge facing section 312, with seat numbers counting up toward the edge facing section 314. Seat 1 is the end of the row farthest from home plate, and higher seat numbers run back toward home plate.",not published,"Section Insights list ONLY ""Rows 1-32"" - no 'Home Plate View' insight (unlike Sections 314-318). '300 Level Corner (Football)', '300 Level Infield (Baseball)', 'MVP Box'. Entry tunnels are located near the bottom of the sections (at Row 4)"". The football block also reads ""Located behind home plate on the highest seating tier at Chase Field, the 300 Level Corner sections will have some of the furthest views of the field."" - i.e. RYS labels these 'Corner' sections yet describes them as behind home plate; this is a football-configuration block. Videoboard ""The head on views of the videoboard are a plus, however fans in the highest rows will be left with some of the least desirable views of the action on the field.","HIGH - zone, rows, location and seat direction stated by the source"
314,Upper Deck (300s),300 Level Infield,"""MVP Box seating is located in sections 310-322, positioned along the infield on the upper level."" (RYS 'MVP Box' (2026 Review) block served on this section page). Section Insights also flag ""Home Plate View"" and Seating Notes state ""For baseball games, desirable view from behind home plate"".",2,toward first base / right field,1-32,4,"Stairway aisles run along both side edges of the section; rows are not split by a mid-row aisle, so seat numbers run continuously from one side aisle to the other. The entry portal is at row 4.","Facing the field, seat 1 is on your right. That puts seat 1 on the edge facing section 313, with seat numbers counting up toward the edge facing section 315. Seat 1 is the end of the row farthest from home plate, and higher seat numbers run back toward home plate.",not published,"""Top Pick for Outstanding ConvenienceRows 1-5"" , ""Home Plate View"", ""Rows 1-32"". ""For baseball games, we recommend rows 1-5 for outstanding convenience"" and ""For baseball games, desirable view from behind home plate"". Fan Feedback : one 5-star review titled ""Dbacks games"", attributed ""Sec 314 / Row 5 - Baseball""; the review body text was not exposed on the section page (collapsed behind 'Read More'). '300 Level Corner (Football)', '300 Level Infield (Baseball)', 'MVP Box'. Entry tunnels are located near the bottom of the sections (at Row 4)"".""","HIGH - zone, rows, location and seat direction stated by the source"
315,Upper Deck (300s),300 Level Infield,"""MVP Box seating is located in sections 310-322, positioned along the infield on the upper level."" (RYS 'MVP Box' (2026 Review) block served on this section page). Section Insights also flag ""Home Plate View"" and Seating Notes state ""For baseball games, desirable view from behind home plate"".",1,toward first base / right field,1-32,4,"Stairway aisles run along both side edges of the section; rows are not split by a mid-row aisle, so seat numbers run continuously from one side aisle to the other. The entry portal is at row 4.","Facing the field, seat 1 is on your right. That puts seat 1 on the edge facing section 314, with seat numbers counting up toward the edge facing section 316. Seat 1 is the end of the row farthest from home plate, and higher seat numbers run back toward home plate.",not published,"""Home Plate View"", ""Rows 1-32"". ""For baseball games, desirable view from behind home plate"". '300 Level Corner (Football)', '300 Level Infield (Baseball)', 'MVP Box'.","HIGH - zone, rows, location and seat direction stated by the source"
316,Upper Deck (300s),300 Level Infield,"""MVP Box seating is located in sections 310-322, positioned along the infield on the upper level."" (RYS 'MVP Box' (2026 Review) block served on this section page). Section Insights also flag ""Home Plate View"" and Seating Notes state ""For baseball games, desirable view from behind home plate"".",0,behind home plate,"1-3, 4C-4W, 8-32",4W,"Stairway aisles run along both side edges of the section; rows are not split by a mid-row aisle, so seat numbers run continuously from one side aisle to the other. The entry portal is at row 4W.","Facing the field, seat 1 is on your right. That puts seat 1 on the edge facing section 315, with seat numbers counting up toward the edge facing section 317. This section is behind home plate, so seat 1 is on its first-base side.",not published,"""Home Plate View"", ""Rows 1-3, 4C-4W, 8-32"". ""Rows in Section 316 are labeled 1-3, 4C-4W, 8-32"", ""There is wheelchair seating betweeen Rows 4W and 8"" , ""An entrance to this section is located at Row 4W"". ""For baseball games, desirable view from behind home plate"". Seating and Ticket Q&A (Verified Feb 2026) Q ""Do the seats have backs and arms in Section 316 at Chase Field?"" A ""Yes, we can confirm that the seats in Section 316 Row 15 will have be traditional stadium style seats, with both seat backs and arm rests at Chase Field."" and caption ""Seats in Section 316 will feature backs and arm rests"". '300 Level Corner (Football)', '300 Level Infield (Baseball)', 'MVP Box'.","HIGH - zone, rows, location and seat direction stated by the source"
317,Upper Deck (300s),300 Level Infield,"""MVP Box seating is located in sections 310-322, positioned along the infield on the upper level."" (RYS 'MVP Box' (2026 Review) block served on this section page). Section Insights also flag ""Home Plate View"" and Seating Notes state ""For baseball games, desirable view from behind home plate"".",1,toward third base / left field,1-32,4,"Stairway aisles run along both side edges of the section; rows are not split by a mid-row aisle, so seat numbers run continuously from one side aisle to the other. The entry portal is at row 4.","Facing the field, seat 1 is on your right. That puts seat 1 on the edge facing section 316, with seat numbers counting up toward the edge facing section 318. Seat 1 is the end of the row closest to home plate, and higher seat numbers run away from home plate.",not published,"""Home Plate View"", ""Rows 1-32"". ""For baseball games, desirable view from behind home plate"". '300 Level Corner (Football)', '300 Level Infield (Baseball)', 'MVP Box'. Entry tunnels are located near the bottom of the sections (at Row 4)"".""","HIGH - zone, rows, location and seat direction stated by the source"
318,Upper Deck (300s),300 Level Infield,"""MVP Box seating is located in sections 310-322, positioned along the infield on the upper level."" (RYS 'MVP Box' (2026 Review) block served on this section page). Section Insights also flag ""Home Plate View"" and Seating Notes state ""For baseball games, desirable view from behind home plate"".",2,toward third base / left field,1-32,4,"Stairway aisles run along both side edges of the section; rows are not split by a mid-row aisle, so seat numbers run continuously from one side aisle to the other. The entry portal is at row 4.","Facing the field, seat 1 is on your right. That puts seat 1 on the edge facing section 317, with seat numbers counting up toward the edge facing section 319. Seat 1 is the end of the row closest to home plate, and higher seat numbers run away from home plate.",not published,"""Top Pick for Outstanding ConvenienceRows 1-5"" , ""Home Plate View"", ""Rows 1-32"". ""For baseball games, we recommend rows 1-5 for outstanding convenience"" and ""For baseball games, desirable view from behind home plate"". '300 Level Corner (Football)', '300 Level Infield (Baseball)', 'MVP Box'.","HIGH - zone, rows, location and seat direction stated by the source"
319,Upper Deck (300s),300 Level Infield,"""MVP Box seating is located in sections 310-322, positioned along the infield on the upper level."" (RYS 'MVP Box' (2026 Review) block served on this section page)",3,toward third base / left field,1-32,4,"Stairway aisles run along both side edges of the section; rows are not split by a mid-row aisle, so seat numbers run continuously from one side aisle to the other. The entry portal is at row 4.","Facing the field, seat 1 is on your right. That puts seat 1 on the edge facing section 318, with seat numbers counting up toward the edge facing section 320. Seat 1 is the end of the row closest to home plate, and higher seat numbers run away from home plate.","PARTIAL, rows 21-30 only, verbatim from the RYS Seating and Ticket Q&A (Verified Feb 2026): ""Rows 21-22 have 22 seats"", ""Rows 23-25 have 23 seats"", ""Rows 26-28 have 24 seats"", ""Rows 29-30 have 25 seats."" No figure is stated for Rows 1-20 or 31-32 - UNKNOWN for those rows.","Section Insights list ONLY ""Rows 1-32"" - no 'Home Plate View' insight. Seating and Ticket Q&A (Verified Feb 2026) Q ""How many seats per row are in the upper portion of Section 319?"" A ""The seating layouts for Rows 21 through 30 in Section 319 at Chase Field are as follows: Rows 21-22 have 22 seats / Rows 23-25 have 23 seats / Rows 26-28 have 24 seats / Rows 29-30 have 25 seats. '300 Level Corner (Football)', '300 Level Infield (Baseball)', 'MVP Box'.""","HIGH - zone, rows, location and seat direction stated by the source"
320,Upper Deck (300s),300 Level Infield,"""MVP Box seating is located in sections 310-322, positioned along the infield on the upper level."" (RYS 'MVP Box' (2026 Review) block served on this section page)",4,toward third base / left field,"1-3, 4C-4W, 8-32",4W,"Stairway aisles run along both side edges of the section; rows are not split by a mid-row aisle, so seat numbers run continuously from one side aisle to the other. The entry portal is at row 4W.","Facing the field, seat 1 is on your right. That puts seat 1 on the edge facing section 319, with seat numbers counting up toward the edge facing section 321. Seat 1 is the end of the row closest to home plate, and higher seat numbers run away from home plate.",not published,"Section Insights list ONLY ""Rows 1-3, 4C-4W, 8-32"" - no 'Home Plate View' insight. ""Rows in Section 320 are labeled 1-3, 4C-4W, 8-32"", ""There is wheelchair seating betweeen Rows 4W and 8"" , ""An entrance to this section is located at Row 4W"". '300 Level Corner (Football)', '300 Level Infield (Baseball)', 'MVP Box'.","HIGH - zone, rows, location and seat direction stated by the source"
321,Upper Deck (300s),300 Level Infield,"""MVP Box seating is located in sections 310-322, positioned along the infield on the upper level."" (RYS 'MVP Box' (2026 Review) block served on this section page)",5,toward third base / left field,1-32,4,"Stairway aisles run along both side edges of the section; rows are not split by a mid-row aisle, so seat numbers run continuously from one side aisle to the other. The entry portal is at row 4.","Facing the field, seat 1 is on your right. That puts seat 1 on the edge facing section 320, with seat numbers counting up toward the edge facing section 322. Seat 1 is the end of the row closest to home plate, and higher seat numbers run away from home plate.",not published,"Section Insights list ONLY ""Rows 1-32"". '300 Level Infield (Baseball)', '300 Level Sideline (Football)', 'MVP Box'. NOTE the football block changes here from 'Corner' (Sections 313-320) to 'Sideline' (Sections 321-332); the Sideline block's only section-naming sentence is ""Sections 324-326 keep you close to the 50 yard line, offering good viewing height and optimal sight lines for seeing both ends of the field."" - a FOOTBALL-configuration statement that does not name Section 321.","HIGH - zone, rows, location and seat direction stated by the source"
322,Upper Deck (300s),300 Level Infield,"""MVP Box seating is located in sections 310-322, positioned along the infield on the upper level."" (RYS 'MVP Box' (2026 Review) block served on this section page)",6,toward third base / left field,1-32,4,"Stairway aisles run along both side edges of the section; rows are not split by a mid-row aisle, so seat numbers run continuously from one side aisle to the other. The entry portal is at row 4.","Facing the field, seat 1 is on your right. That puts seat 1 on the edge facing section 321, with seat numbers counting up toward the edge facing section 323. Seat 1 is the end of the row closest to home plate, and higher seat numbers run away from home plate.",not published,"""Top Pick for Partying and Socializing"", ""Rows 1-32"". ""For baseball games, we recommend these seats for partying and socializing"". '300 Level Infield (Baseball)', '300 Level Sideline (Football)', 'MVP Box'. Section 322 is the LAST section in the stated MVP Box range 310-322.","HIGH - zone, rows, location and seat direction stated by the source"
323,Upper Deck (300s),300 Level Infield,not stated by the source,7,toward third base / left field,"1-3, 4C-4W, 8-36",4W,"Stairway aisles run along both side edges of the section; rows are not split by a mid-row aisle, so seat numbers run continuously from one side aisle to the other. The entry portal is at row 4W.","Facing the field, seat 1 is on your right. That puts seat 1 on the edge facing section 322, with seat numbers counting up toward the edge facing section 324. Seat 1 is the end of the row closest to home plate, and higher seat numbers run away from home plate.",not published,"""Top Pick for Partying and Socializing"", ""Rows 1-3, 4C-4W, 8-36"". ""Rows in Section 323 are labeled 1-3, 4C-4W, 8-36"", ""There is wheelchair seating betweeen Rows 4W and 8"" , ""An entrance to this section is located at Row 4W"". ""For baseball games, we recommend these seats for partying and socializing"". '300 Level Infield (Baseball)', '300 Level Sideline (Football)'.","MEDIUM - rows and zone confirmed, the source does not place this section"
324,Upper Deck (300s),300 Level Infield,"""Sections 324-326 keep you close to the 50 yard line, offering good viewing height and optimal sight lines for seeing both ends of the field."" (RYS '300 Level Sideline (Football)' block - this is a FOOTBALL-configuration statement; no BASEBALL-configuration sentence on this page names Section 324 or a range containing it, so the baseball placement is UNKNOWN from this source.)",8,toward third base / left field,1-40,4,"Stairway aisles run along both side edges of the section; rows are not split by a mid-row aisle, so seat numbers run continuously from one side aisle to the other. The entry portal is at row 4.","Facing the field, seat 1 is on your right. That puts seat 1 on the edge facing section 323, with seat numbers counting up toward the edge facing section 325. Seat 1 is the end of the row closest to home plate, and higher seat numbers run away from home plate.",not published,"""Top Pick for Partying and Socializing"", ""Midfield View"", ""Rows 1-40"". ""For baseball games, we recommend these seats for partying and socializing"" and ""For football games, desirable view from near midfield"". NOTE the 'Midfield View' insight and the midfield seating note are explicitly FOOTBALL-only on this page. '300 Level Infield (Baseball)', '300 Level Sideline (Football)'. No 'MVP Box' block (consistent with the MVP Box range ending at 322).","HIGH - zone, rows, location and seat direction stated by the source"
325,Upper Deck (300s),300 Level Infield,"""Sections 324-326 keep you close to the 50 yard line, offering good viewing height and optimal sight lines for seeing both ends of the field."" (RYS '300 Level Sideline (Football)' block - this is a FOOTBALL-configuration statement; no BASEBALL-configuration sentence on this page names Section 325 or a range containing it, so the baseball placement is UNKNOWN from this source.)",9,toward third base / left field,1-40,4,"Stairway aisles run along both side edges of the section; rows are not split by a mid-row aisle, so seat numbers run continuously from one side aisle to the other. The entry portal is at row 4.","Facing the field, seat 1 is on your right. That puts seat 1 on the edge facing section 324, with seat numbers counting up toward the edge facing section 326. Seat 1 is the end of the row closest to home plate, and higher seat numbers run away from home plate.",not published,"""Top Pick for Partying and Socializing"", ""Midfield View"", ""Rows 1-40"". ""For baseball games, we recommend these seats for partying and socializing"" and ""For football games, desirable view from near midfield"". The 'Midfield View' insight is explicitly FOOTBALL-only on this page. '300 Level Infield (Baseball)', '300 Level Sideline (Football)'. Section 325 is the LAST section in this batch carrying the '300 Level Infield (Baseball)' review; Sections 326-332 carry '300 Level Outfield (Baseball)' instead, so RYS places the 300 Level infield/outfield boundary between 325 and 326.","HIGH - zone, rows, location and seat direction stated by the source"
326,Upper Deck (300s),300 Level Outfield,"""Sections 324-326 keep you close to the 50 yard line, offering good viewing height and optimal sight lines for seeing both ends of the field."" (RYS '300 Level Sideline (Football)' block - FOOTBALL configuration). For baseball the only placement statement is zone-level ""300 Level Outfield seating is the furthest of any seating area at Chase Field."" - no baseball sentence names Section 326 individually.",10,toward third base / left field,"1-3, 4C-4W, 8-40",4W,"Stairway aisles run along both side edges of the section; rows are not split by a mid-row aisle, so seat numbers run continuously from one side aisle to the other. The entry portal is at row 4W.","Facing the field, seat 1 is on your right. That puts seat 1 on the edge facing section 325, with seat numbers counting up toward the edge facing section 327. Seat 1 is the end of the row closest to home plate, and higher seat numbers run away from home plate.","Most rows 19 seats. RYS Seating and Ticket Q&A (Verified Feb 2026), verbatim: ""Most seating rows in Section 326 will have 19 seats, with seat 1 being on the aisle at the right side of the section, and seat 19 being on the aisle at the left. Rows 4C and 8 are the exceptions, with Row 4C having 8 seats, and Row 8 having 16 seats.""","""Top Pick for Partying and Socializing"", ""Midfield View"", ""Rows 1-3, 4C-4W, 8-40"". ""Rows in Section 326 are labeled 1-3, 4C-4W, 8-40"", ""There is wheelchair seating betweeen Rows 4W and 8"" , ""An entrance to this section is located at Row 4W"". ""For baseball games, we recommend these seats for partying and socializing"" and ""For football games, desirable view from near midfield"". Fan Feedback , 5 stars, ""Sec 326 / Row 2 - Football"", titled ""Great view, but bad sound/acoustics & a bit snug"": ""If you know your neighbors and don't mind being squished next to them, and if you aren't trying to hear your team's band (as I was, unsuccessfully) at a Bowl Game (vs. a baseball game), these seats are fine.""","HIGH - zone, rows, location and seat direction stated by the source"
327,Upper Deck (300s),300 Level Outfield,"""300 Level Outfield seating is the furthest of any seating area at Chase Field."" (RYS '300 Level Outfield (Baseball)' zone review served on this section page; the review names no individual section numbers, so the precise placement of Section 327 is UNKNOWN from this source.)",11,toward third base / left field,1-40,4,"Stairway aisles run along both side edges of the section; rows are not split by a mid-row aisle, so seat numbers run continuously from one side aisle to the other. The entry portal is at row 4.","Facing the field, seat 1 is on your right. That puts seat 1 on the edge facing section 326, with seat numbers counting up toward the edge facing section 328. Seat 1 is the end of the row closest to home plate, and higher seat numbers run away from home plate.",not published,"Section Insights list ONLY ""Rows 1-40"". '300 Level Outfield (Baseball)', '300 Level Sideline (Football)'. The outfield block also states ""The views of the scoreboard in center field will be great but there are much better options for enjoying the views of the game."" and ""The Chase Field Sandlot is located on this upper tier closest to section 332W.""","HIGH - zone, rows, location and seat direction stated by the source"
328,Upper Deck (300s),300 Level Outfield,"""300 Level Outfield seating is the furthest of any seating area at Chase Field."" (RYS '300 Level Outfield (Baseball)' zone review served on this section page; the review names no individual section numbers, so the precise placement of Section 328 is UNKNOWN from this source.)",12,toward third base / left field,"1-3, 4C-4W, 8-40",4W,"Stairway aisles run along both side edges of the section; rows are not split by a mid-row aisle, so seat numbers run continuously from one side aisle to the other. The entry portal is at row 4W.","Facing the field, seat 1 is on your right. That puts seat 1 on the edge facing section 327, with seat numbers counting up toward the edge facing section 329. Seat 1 is the end of the row closest to home plate, and higher seat numbers run away from home plate.",not published,"Section Insights list ONLY ""Rows 1-3, 4C-4W, 8-40"". ""Rows in Section 328 are labeled 1-3, 4C-4W, 8-40"", ""There is wheelchair seating betweeen Rows 4W and 8"" , ""An entrance to this section is located at Row 4W"". '300 Level Outfield (Baseball)', '300 Level Sideline (Football)'.","HIGH - zone, rows, location and seat direction stated by the source"
329,Upper Deck (300s),300 Level Outfield,"""300 Level Outfield seating is the furthest of any seating area at Chase Field."" (RYS '300 Level Outfield (Baseball)' zone review served on this section page; the review names no individual section numbers, so the precise placement of Section 329 is UNKNOWN from this source.)",13,toward third base / left field,1-40,4,"Stairway aisles run along both side edges of the section; rows are not split by a mid-row aisle, so seat numbers run continuously from one side aisle to the other. The entry portal is at row 4.","Facing the field, seat 1 is on your right. That puts seat 1 on the edge facing section 328, with seat numbers counting up toward the edge facing section 330. Seat 1 is the end of the row closest to home plate, and higher seat numbers run away from home plate.",not published,"Section Insights list ONLY ""Rows 1-40"". '300 Level Outfield (Baseball)', '300 Level Sideline (Football)'. The outfield block also states ""The views of the scoreboard in center field will be great but there are much better options for enjoying the views of the game."" and ""The Chase Field Sandlot is located on this upper tier closest to section 332W.""","HIGH - zone, rows, location and seat direction stated by the source"
330,Upper Deck (300s),300 Level Outfield,"""300 Level Outfield seating is the furthest of any seating area at Chase Field."" (RYS '300 Level Outfield (Baseball)' zone review served on this section page; the review names no individual section numbers, so the precise placement of Section 330 is UNKNOWN from this source.)",14,toward third base / left field,1-33,4,"Stairway aisles run along both side edges of the section; rows are not split by a mid-row aisle, so seat numbers run continuously from one side aisle to the other. The entry portal is at row 4.","Facing the field, seat 1 is on your right. That puts seat 1 on the edge facing section 329, with seat numbers counting up toward the edge facing section 331. Seat 1 is the end of the row closest to home plate, and higher seat numbers run away from home plate.",not published,"Section Insights list ONLY ""Rows 1-33"" - note this is the only section in the batch with a 33-row range. '300 Level Outfield (Baseball)', '300 Level Sideline (Football)'.","HIGH - zone, rows, location and seat direction stated by the source"
331,Upper Deck (300s),300 Level Outfield,"""300 Level Outfield seating is the furthest of any seating area at Chase Field."" (RYS '300 Level Outfield (Baseball)' zone review served on this section page; the review names no individual section numbers, so the precise placement of Section 331 is UNKNOWN from this source.)",15,toward third base / left field,1-32,4,"Stairway aisles run along both side edges of the section; rows are not split by a mid-row aisle, so seat numbers run continuously from one side aisle to the other. The entry portal is at row 4.","Facing the field, seat 1 is on your right. That puts seat 1 on the edge facing section 330, with seat numbers counting up toward the edge facing section 332. Seat 1 is the end of the row closest to home plate, and higher seat numbers run away from home plate.",not published,"Section Insights list ONLY ""Rows 1-32"". '300 Level Outfield (Baseball)', '300 Level Sideline (Football)'.","HIGH - zone, rows, location and seat direction stated by the source"
332,Upper Deck (300s),300 Level Outfield,"""The Chase Field Sandlot is located on this upper tier closest to section 332W."" (RYS '300 Level Outfield (Baseball)' review - note this names section 332W, NOT 332). The zone statement is ""300 Level Outfield seating is the furthest of any seating area at Chase Field.""",16,toward third base / left field,1-32,4,"Stairway aisles run along both side edges of the section; rows are not split by a mid-row aisle, so seat numbers run continuously from one side aisle to the other. The entry portal is at row 4.","Facing the field, seat 1 is on your right. That puts seat 1 on the edge facing section 331, with seat numbers counting up toward the far edge of the section, with no further section beyond it on that side. Seat 1 is the end of the row closest to home plate, and higher seat numbers run away from home plate.",not published,"Section Insights list ONLY ""Rows 1-32"". '300 Level Outfield (Baseball)', '300 Level Sideline (Football)'. Section 332 is the highest-numbered 300 Level section in the RYS index (332W follows as a separate wheelchair section).","HIGH - zone, rows, location and seat direction stated by the source"
A,"Clubs, suites and other named areas",1st/3rd Base Boxes,"""Sections A and B (first base side)"" are ""located just beyond the dugouts along the infield""; the positioning places fans ""just past the dugouts"".",,not part of the numbered seating bowl,A-G,G,"The source describes this as a named area rather than a numbered section, so it publishes no aisle layout for it. The entry portal is at row G.","This area sits outside the numbered seating bowl and no seat numbering is published for it. Check the seat numbers printed on your own ticket, or ask the ticket office.",not published,"Premium infield seating just past the dugouts. The page describes the zone as having ""only 7 rows per section with excellent proximity to infield action"", ""Extra-wide, padded seats with above-average legroom"" and ""In-Seat Service Included: Food and beverage delivery during Diamondbacks games"", plus access to the ""BMW Homeplate Lounge, Sedona Club, and Sonoran Room"". No obstruction is mentioned. The seat-numbering direction and a seats-per-row count are not stated. This is a per-section page, not a zone page.","HIGH - zone, rows, location and seat direction stated by the source"
AW,"Clubs, suites and other named areas",not named by the source,not stated by the source,,not part of the numbered seating bowl,UNKNOWN,UNKNOWN,"The source describes this as a named area rather than a numbered section, so it publishes no aisle layout for it.","This area sits outside the numbered seating bowl and no seat numbering is published for it. Check the seat numbers printed on your own ticket, or ask the ticket office.",not published,"The ""Row Numbers"" and ""What It's Like to Sit in Section AW"" headings are present but unpopulated.",LOW - no row data published for this section
B,"Clubs, suites and other named areas",1st/3rd Base Boxes,"""Sections A-B (1st base side)"" are ""just beyond the dugouts along the infield""; ""The positioning places fans just past the dugouts"".",,not part of the numbered seating bowl,A-G,G,"The source describes this as a named area rather than a numbered section, so it publishes no aisle layout for it. The entry portal is at row G.","This area sits outside the numbered seating bowl and no seat numbering is published for it. Check the seat numbers printed on your own ticket, or ask the ticket office.",not published,"Premium infield seating just past the dugouts. The page describes the zone as having ""only 7 rows per section with excellent proximity to infield action"", ""Extra-wide, padded seats with above-average legroom"" and ""In-Seat Service Included: Food and beverage delivery during Diamondbacks games"", plus access to the ""BMW Homeplate Lounge, Sedona Club, and Sonoran Room"". No obstruction is mentioned. The seat-numbering direction and a seats-per-row count are not stated. This is a per-section page, not a zone page.","HIGH - zone, rows, location and seat direction stated by the source"
BW,"Clubs, suites and other named areas",not named by the source,not stated by the source,,not part of the numbered seating bowl,UNKNOWN,UNKNOWN,"The source describes this as a named area rather than a numbered section, so it publishes no aisle layout for it.","This area sits outside the numbered seating bowl and no seat numbering is published for it. Check the seat numbers printed on your own ticket, or ask the ticket office.",not published,"The source's page for this area is a stub: it carries the heading ""Section BW at Chase Field"" and the prompt ""What It's Like to Sit in Section BW"" but no location, row, entrance or seat-numbering detail of any kind. BW is listed in the venue's own section index but no descriptive content is published for it.",LOW - no row data published for this section
C,"Clubs, suites and other named areas",Dugout Box,"Sections C-F (visitors)...on the lower level"" ""For baseball games, these seats are located behind the visitor dugout",,not part of the numbered seating bowl,6-18,18,"The source describes this as a named area rather than a numbered section, so it publishes no aisle layout for it. The entry portal is at row 18.","Facing the field, seat 1 is on your right. That is stated on this area's own page. It sits outside the numbered seating bowl, so there is no neighbouring section to describe it against.",not published,"Lower-level dugout box behind the visiting team's dugout. Expert review places it among ""Sections C-F (first base side)...directly behind the team dugouts on the lower level"". ""Row 6 closest to the dugout"". ""Protective Netting: All seats behind netting for added safety"". Described as suited to ""families, autograph seekers, and fans who want a behind-the-dugout experience"".","HIGH - zone, rows, location and seat direction stated by the source"
D,"Clubs, suites and other named areas",Dugout Box,"Sections C-F (visitors)...on the lower level"" ""For baseball games, these seats are located behind the visitor dugout",,not part of the numbered seating bowl,6-18,18,"The source describes this as a named area rather than a numbered section, so it publishes no aisle layout for it. The entry portal is at row 18.","Facing the field, seat 1 is on your right. That is stated on this area's own page. It sits outside the numbered seating bowl, so there is no neighbouring section to describe it against.",not published,"Lower-level dugout box behind the visiting team's dugout. ""Row 6 is the first row behind the visitor's dugout in Section D"". ""Protective Netting: All seats behind netting for added safety"".","HIGH - zone, rows, location and seat direction stated by the source"
E,"Clubs, suites and other named areas",Dugout Box,"Sections C-F (visitors)...on the lower level"" ""For baseball games, these seats are located behind the visitor dugout",,not part of the numbered seating bowl,6-18,18,"The source describes this as a named area rather than a numbered section, so it publishes no aisle layout for it. The entry portal is at row 18.","Facing the field, seat 1 is on your right. That is stated on this area's own page. It sits outside the numbered seating bowl, so there is no neighbouring section to describe it against.",not published,"Lower-level dugout box behind the visiting team's dugout. ""Row 6 is the first row behind the visitor's dugout in Section E"". ""Protective Netting: All seats behind netting for added safety"".","HIGH - zone, rows, location and seat direction stated by the source"
F,"Clubs, suites and other named areas",Dugout Box,"Sections C-F (visitors)...on the lower level"" ""For baseball games, these seats are located behind the visitor dugout",,not part of the numbered seating bowl,6-18,18,"The source describes this as a named area rather than a numbered section, so it publishes no aisle layout for it. The entry portal is at row 18.","Facing the field, seat 1 is on your right. That is stated on this area's own page. It sits outside the numbered seating bowl, so there is no neighbouring section to describe it against.",not published,"Lower-level dugout box behind the visiting team's dugout. ""Protective Netting: All seats behind netting for added safety"". ""Premium Location, Standard Amenities: Strong proximity without club-level perks"".","HIGH - zone, rows, location and seat direction stated by the source"
G,"Clubs, suites and other named areas",Clubhouse Box / Home Plate Box,"Sections G-M directly between the dugouts at field level"" ""directly behind home plate between the dugouts",,not part of the numbered seating bowl,"AW-AC, B-M",M,"The source describes this as a named area rather than a numbered section, so it publishes no aisle layout for it. The entry portal is at row M.","Facing the field, seat 1 is on your right. That is stated on this area's own page. It sits outside the numbered seating bowl, so there is no neighbouring section to describe it against.",not published,"""Clubhouse Box (Rows A-F)"" and ""Home Plate Box (Rows G-M)"". Amenities listed include ""Wider seats with extra legroom"", ""In-seat food and beverage service"" and ""Access to the BMW Homeplate Lounge"". No obstruction is noted for this section; the netting comment on the page (""There is some amount of netting or screening in front of sections 115-129"") refers to other sections.","HIGH - zone, rows, location and seat direction stated by the source"
H,"Clubs, suites and other named areas",Clubhouse Box / Home Plate Box,"Sections G-M directly between the dugouts at field level"" ""directly behind home plate between the dugouts",,not part of the numbered seating bowl,"AW, A-M",M,"The source describes this as a named area rather than a numbered section, so it publishes no aisle layout for it. The entry portal is at row M.","Facing the field, seat 1 is on your right. That is stated on this area's own page. It sits outside the numbered seating bowl, so there is no neighbouring section to describe it against.",not published,"""Clubhouse Box (Rows A-F)"" and ""Home Plate Box (Rows G-M)"". Amenities listed include ""Wider seats with extra legroom"", ""In-seat food and beverage service"" and ""Access to the BMW Homeplate Lounge"". No obstruction is noted for this section; the netting comment on the page (""There is some amount of netting or screening in front of sections 115-129"") refers to other sections.","HIGH - zone, rows, location and seat direction stated by the source"
I,"Clubs, suites and other named areas",Clubhouse Box / Home Plate Box,"Sections G-M directly between the dugouts at field level"" ""directly behind home plate between the dugouts",,not part of the numbered seating bowl,A-M,M,"The source describes this as a named area rather than a numbered section, so it publishes no aisle layout for it. The entry portal is at row M.","Facing the field, seat 1 is on your right. That is stated on this area's own page. It sits outside the numbered seating bowl, so there is no neighbouring section to describe it against.",not published,"""Clubhouse Box (Rows A-F)"" and ""Home Plate Box (Rows G-M)"". Amenities listed include ""Wider seats with extra legroom"", ""In-seat food and beverage service"" and ""Access to the BMW Homeplate Lounge"". No obstruction is noted for this section; the netting comment on the page (""There is some amount of netting or screening in front of sections 115-129"") refers to other sections.","HIGH - zone, rows, location and seat direction stated by the source"
J,"Clubs, suites and other named areas",Clubhouse Box / Home Plate Box,"Sections G-M directly between the dugouts at field level"" ""directly behind home plate between the dugouts",,not part of the numbered seating bowl,"A-C, D-M",M,"The source describes this as a named area rather than a numbered section, so it publishes no aisle layout for it. The entry portal is at row M.","Facing the field, seat 1 is on your right. That is stated on this area's own page. It sits outside the numbered seating bowl, so there is no neighbouring section to describe it against.",not published,"""Clubhouse Box (Rows A-F)"" and ""Home Plate Box (Rows G-M)"". Amenities listed include ""Wider seats with extra legroom"", ""In-seat food and beverage service"" and ""Access to the BMW Homeplate Lounge"". No obstruction is noted for this section; the netting comment on the page (""There is some amount of netting or screening in front of sections 115-129"") refers to other sections.","HIGH - zone, rows, location and seat direction stated by the source"
K,"Clubs, suites and other named areas",Clubhouse Box / Home Plate Box,"desirable view from behind home plate"" ""directly behind home plate between the dugouts",,not part of the numbered seating bowl,A-M,M,"The source describes this as a named area rather than a numbered section, so it publishes no aisle layout for it. The entry portal is at row M.","Facing the field, seat 1 is on your right. That is stated on this area's own page. It sits outside the numbered seating bowl, so there is no neighbouring section to describe it against.",not published,"""Clubhouse Box (Rows A-F)"" and ""Home Plate Box (Rows G-M)"". Amenities listed include ""Wider seats with extra legroom"", ""In-seat food and beverage service"" and ""Access to the BMW Homeplate Lounge"". No obstruction is noted for this section; the netting comment on the page (""There is some amount of netting or screening in front of sections 115-129"") refers to other sections.","HIGH - zone, rows, location and seat direction stated by the source"
L,"Clubs, suites and other named areas",Clubhouse Box / Home Plate Box,"Sections G-M directly between the dugouts at field level"" ""directly behind home plate between the dugouts",,not part of the numbered seating bowl,"AA, A-M",M,"The source describes this as a named area rather than a numbered section, so it publishes no aisle layout for it. The entry portal is at row M.","Facing the field, seat 1 is on your right. That is stated on this area's own page. It sits outside the numbered seating bowl, so there is no neighbouring section to describe it against.",not published,"""Clubhouse Box (Rows A-F)"" and ""Home Plate Box (Rows G-M)"". Amenities listed include ""Wider seats with extra legroom"", ""In-seat food and beverage service"" and ""Access to the BMW Homeplate Lounge"". No obstruction is noted for this section; the netting comment on the page (""There is some amount of netting or screening in front of sections 115-129"") refers to other sections.","HIGH - zone, rows, location and seat direction stated by the source"
M,"Clubs, suites and other named areas",Clubhouse Box / Home Plate Box,"Sections G-M directly between the dugouts at field level"" ""directly behind home plate between the dugouts",,not part of the numbered seating bowl,"AA, B-M",M,"The source describes this as a named area rather than a numbered section, so it publishes no aisle layout for it. The entry portal is at row M.","Facing the field, seat 1 is on your right. That is stated on this area's own page. It sits outside the numbered seating bowl, so there is no neighbouring section to describe it against.",not published,"""Clubhouse Box (Rows A-F)"" and ""Home Plate Box (Rows G-M)"". Amenities listed include ""Wider seats with extra legroom"", ""In-seat food and beverage service"" and ""Access to the BMW Homeplate Lounge"". No obstruction is noted for this section; the netting comment on the page (""There is some amount of netting or screening in front of sections 115-129"") refers to other sections.","HIGH - zone, rows, location and seat direction stated by the source"
N,"Clubs, suites and other named areas",Dugout Box,"Sections N-Q (third base side), directly behind the team dugouts on the lower level"" ""These seats are located behind the Diamondbacks dugout",,not part of the numbered seating bowl,6-18,18,"The source describes this as a named area rather than a numbered section, so it publishes no aisle layout for it. The entry portal is at row 18.","Facing the field, seat 1 is on your right. That is stated on this area's own page. It sits outside the numbered seating bowl, so there is no neighbouring section to describe it against.",not published,"Lower-level dugout box behind the Diamondbacks (home) dugout on the third base side. ""Near Diamondbacks Dugout"". ""Protective netting for added safety"". ""Standard stadium-style seating"" with ""Access to nearby concessions and restrooms""; ""Great opportunity for fan interaction with players"".","HIGH - zone, rows, location and seat direction stated by the source"
O,"Clubs, suites and other named areas",Dugout Box,"Sections N-Q (third base side), directly behind the team dugouts on the lower level"" ""These seats are located behind the Diamondbacks dugout",,not part of the numbered seating bowl,6-18,18,"The source describes this as a named area rather than a numbered section, so it publishes no aisle layout for it. The entry portal is at row 18.","Facing the field, seat 1 is on your right. That is stated on this area's own page. It sits outside the numbered seating bowl, so there is no neighbouring section to describe it against.",not published,"Lower-level dugout box behind the Diamondbacks (home) dugout on the third base side. ""All seats behind netting for added safety"". Sold to fans wanting a close dugout experience; described as ideal for ""families, autograph seekers"".","HIGH - zone, rows, location and seat direction stated by the source"
P,"Clubs, suites and other named areas",Dugout Box,"Sections N-Q (third base side), directly behind the team dugouts on the lower level"" ""These seats are located behind the Diamondbacks dugout",,not part of the numbered seating bowl,6-18,18,"The source describes this as a named area rather than a numbered section, so it publishes no aisle layout for it. The entry portal is at row 18.","Facing the field, seat 1 is on your right. That is stated on this area's own page. It sits outside the numbered seating bowl, so there is no neighbouring section to describe it against.",not published,"Lower-level dugout box behind the Diamondbacks (home) dugout on the third base side. ""Protective netting for added safety""; ""Standard stadium-style seating""; ""Access to nearby concessions and restrooms"" - premium proximity without club-level amenities.","HIGH - zone, rows, location and seat direction stated by the source"
Q,"Clubs, suites and other named areas",Dugout Box,"Sections N-Q (third base side), directly behind the team dugouts on the lower level"" ""These seats are located behind the Diamondbacks dugout",,not part of the numbered seating bowl,6-18,18,"The source describes this as a named area rather than a numbered section, so it publishes no aisle layout for it. The entry portal is at row 18.","Facing the field, seat 1 is on your right. That is stated on this area's own page. It sits outside the numbered seating bowl, so there is no neighbouring section to describe it against.",not published,"Lower-level dugout box behind the Diamondbacks (home) dugout on the third base side. ""Row 6 is the first row behind the Diamondbacks dugout"". ""Protective netting for added safety"", ""Standard stadium-style seating"", ""Access to nearby concessions and restrooms"". Marketed to ""families, autograph seekers, and fans who want a behind-the-dugout experience"".","HIGH - zone, rows, location and seat direction stated by the source"
R,"Clubs, suites and other named areas",1st/3rd Base Boxes,Sections R and S (3rd base side) just beyond the dugouts along the infield,,not part of the numbered seating bowl,"AA, B-G",G,"The source describes this as a named area rather than a numbered section, so it publishes no aisle layout for it. The entry portal is at row G.","Facing the field, seat 1 is on your right. That is stated on this area's own page. It sits outside the numbered seating bowl, so there is no neighbouring section to describe it against.",not published,"Premium infield box just past the third base dugout. ""Extra-wide, padded seats with above-average legroom""; ""In-Seat Service Included""; access to the ""BMW Homeplate Lounge, Sedona Club, and Sonoran Room"". ""Only 7 rows per section with excellent proximity to infield action"".","HIGH - zone, rows, location and seat direction stated by the source"
RFW,"Clubs, suites and other named areas",not named by the source,not stated by the source,,not part of the numbered seating bowl,UNKNOWN,UNKNOWN,"The source describes this as a named area rather than a numbered section, so it publishes no aisle layout for it.","This area sits outside the numbered seating bowl and no seat numbering is published for it. Check the seat numbers printed on your own ticket, or ask the ticket office.",not published,"The source publishes no baseball seating detail for this area - the page is effectively a stub. Its only descriptive content is a concert-configuration warning: ""RFW is behind the stage or to the side of the stage for most concerts. This may restrict or limit your view of the performance.""",LOW - no row data published for this section
S,"Clubs, suites and other named areas",1st/3rd Base Boxe,Sections R and S (3rd base side) just beyond the dugouts along the infield,,not part of the numbered seating bowl,"AA, A-G",G,"The source describes this as a named area rather than a numbered section, so it publishes no aisle layout for it. The entry portal is at row G.","Facing the field, seat 1 is on your right. That is stated on this area's own page. It sits outside the numbered seating bowl, so there is no neighbouring section to describe it against.",not published,"Premium infield box just past the third base dugout. ""Extra-wide padded seating with added legroom"", ""In-seat food and beverage service"", and access to three clubs (BMW Homeplate Lounge, Sedona Club, Sonoran Room).","HIGH - zone, rows, location and seat direction stated by the source"
100W,"Clubs, suites and other named areas",not named by the source,"""100W is behind the stage or to the side of the stage for most concerts. This may restrict or limit your view of the performance."" The page places 100W only relative to a concert stage (""Behind/Side Stage (most shows)""); it states no baseball-configuration location at Chase Field.",,not part of the numbered seating bowl,1C-1W,1W,"The source describes this as a named area rather than a numbered section, so it publishes no aisle layout for it. The entry portal is at row 1W.","Facing the field, seat 1 is on your right. That is stated on this area's own page. It sits outside the numbered seating bowl, so there is no neighbouring section to describe it against.",not published,"Per-section page. The only descriptive content is concert-configuration: the section is tagged ""Behind/Side Stage (most shows)"" and warned to have a limited view of the stage. The page names no baseball zone or category for 100W and gives no amenities, sales channel or seats-per-row figure.","MEDIUM - rows confirmed, ticket zone not named by the source"
145W,"Clubs, suites and other named areas",not named by the source,"""145W is behind the stage or to the side of the stage for most concerts. This may restrict or limit your view of the performance."" The page places 145W only relative to a concert stage (""Behind/Side Stage (most shows)""); it states no baseball-configuration location at Chase Field.",,not part of the numbered seating bowl,1C-1W,1W,"The source describes this as a named area rather than a numbered section, so it publishes no aisle layout for it. The entry portal is at row 1W.","Facing the field, seat 1 is on your right. That is stated on this area's own page. It sits outside the numbered seating bowl, so there is no neighbouring section to describe it against.",not published,"Per-section page. Descriptive content is concert-configuration only (""Behind/Side Stage (most shows)""). The page also carries zone paragraphs for ""100 Level Endzone (Football)"" and ""Bleacher Seats"", but neither is tied to 145W, so no zone is recorded.","MEDIUM - rows confirmed, ticket zone not named by the source"
210A,"Clubs, suites and other named areas",Club Level,"Sections 200-220 wrap around the infield at an ideal mid-level height."" ""The most desirable seats on this level are the 210-level sections labeled 210A-210I, which sit directly behind home plate and provide the best combination of view and location.",,not part of the numbered seating bowl,"1C, 1, 1W",1W,"The source describes this as a named area rather than a numbered section, so it publishes no aisle layout for it. The entry portal is at row 1W.","Facing the field, seat 1 is on your right. That is stated on this area's own page. It sits outside the numbered seating bowl, so there is no neighbouring section to describe it against.",not published,"Premium Club Level (also called Diamond Level) seating. The page lists the level's inclusions as ""Access to the BMW Club Bar"", ""In-seat food and beverage service"", ""Access to private restrooms"" and ""Smaller sections with shorter lines and less congestion"". The level-wide line ""Smaller, Less Crowded Sections: Most sections have fewer than 12 rows and ~20 seats per row"" is stated for the Club Level as a whole, not for this section specifically, so seats_per_row is left No obstruction is mentioned for this section. This is a per-section page, not a zone page.","HIGH - zone, rows, location and seat direction stated by the source"
210B,"Clubs, suites and other named areas",Club Level,"Sections 200-220 wrap around the infield at an ideal mid-level height."" ""The most desirable seats on this level are the 210-level sections labeled 210A-210I, which sit directly behind home plate and provide the best combination of view and location.",,not part of the numbered seating bowl,"1C, 1, 1W",1W,"The source describes this as a named area rather than a numbered section, so it publishes no aisle layout for it. The entry portal is at row 1W.","Facing the field, seat 1 is on your right. That is stated on this area's own page. It sits outside the numbered seating bowl, so there is no neighbouring section to describe it against.",not published,"Premium Club Level (also called Diamond Level) seating. The page lists the level's inclusions as ""Access to the BMW Club Bar"", ""In-seat food and beverage service"", ""Access to private restrooms"" and ""Smaller sections with shorter lines and less congestion"". The level-wide line ""Smaller, Less Crowded Sections: Most sections have fewer than 12 rows and ~20 seats per row"" is stated for the Club Level as a whole, not for this section specifically, so seats_per_row is left No obstruction is mentioned for this section. This is a per-section page, not a zone page.","HIGH - zone, rows, location and seat direction stated by the source"
210C,"Clubs, suites and other named areas",Club Level,"Sections 200-220 wrap around the infield at an ideal mid-level height."" ""The most desirable seats on this level are the 210-level sections labeled 210A-210I, which sit directly behind home plate and provide the best combination of view and location.",,not part of the numbered seating bowl,"1C, 1, 1W",1W,"The source describes this as a named area rather than a numbered section, so it publishes no aisle layout for it. The entry portal is at row 1W.","Facing the field, seat 1 is on your right. That is stated on this area's own page. It sits outside the numbered seating bowl, so there is no neighbouring section to describe it against.",not published,"Premium Club Level (also called Diamond Level) seating. The page lists the level's inclusions as ""Access to the BMW Club Bar"", ""In-seat food and beverage service"", ""Access to private restrooms"" and ""Smaller sections with shorter lines and less congestion"". The level-wide line ""Smaller, Less Crowded Sections: Most sections have fewer than 12 rows and ~20 seats per row"" is stated for the Club Level as a whole, not for this section specifically, so seats_per_row is left No obstruction is mentioned for this section. This is a per-section page, not a zone page.","HIGH - zone, rows, location and seat direction stated by the source"
210D,"Clubs, suites and other named areas",Club Level,"Sections 200-220 wrap around the infield at an ideal mid-level height."" ""The most desirable seats on this level are the 210-level sections labeled 210A-210I, which sit directly behind home plate and provide the best combination of view and location.",,not part of the numbered seating bowl,"1C, 1, 1W",1W,"The source describes this as a named area rather than a numbered section, so it publishes no aisle layout for it. The entry portal is at row 1W.","Facing the field, seat 1 is on your right. That is stated on this area's own page. It sits outside the numbered seating bowl, so there is no neighbouring section to describe it against.",not published,"Premium Club Level (also called Diamond Level) seating. The page lists the level's inclusions as ""Access to the BMW Club Bar"", ""In-seat food and beverage service"", ""Access to private restrooms"" and ""Smaller sections with shorter lines and less congestion"". The level-wide line ""Smaller, Less Crowded Sections: Most sections have fewer than 12 rows and ~20 seats per row"" is stated for the Club Level as a whole, not for this section specifically, so seats_per_row is left No obstruction is mentioned for this section. This is a per-section page, not a zone page.","HIGH - zone, rows, location and seat direction stated by the source"
210E,"Clubs, suites and other named areas",Club Level,"Sections 200-220 wrap around the infield at an ideal mid-level height."" ""The most desirable seats on this level are the 210-level sections labeled 210A-210I, which sit directly behind home plate and provide the best combination of view and location.",,not part of the numbered seating bowl,"1C, 1, 1W",1W,"The source describes this as a named area rather than a numbered section, so it publishes no aisle layout for it. The entry portal is at row 1W.","Facing the field, seat 1 is on your right. That is stated on this area's own page. It sits outside the numbered seating bowl, so there is no neighbouring section to describe it against.",not published,"Premium Club Level (also called Diamond Level) seating. The page lists the level's inclusions as ""Access to the BMW Club Bar"", ""In-seat food and beverage service"", ""Access to private restrooms"" and ""Smaller sections with shorter lines and less congestion"". The level-wide line ""Smaller, Less Crowded Sections: Most sections have fewer than 12 rows and ~20 seats per row"" is stated for the Club Level as a whole, not for this section specifically, so seats_per_row is left No obstruction is mentioned for this section. This is a per-section page, not a zone page.","HIGH - zone, rows, location and seat direction stated by the source"
210F,"Clubs, suites and other named areas",Club Level,"Sections 200-220 wrap around the infield at an ideal mid-level height."" ""The most desirable seats on this level are the 210-level sections labeled 210A-210I, which sit directly behind home plate and provide the best combination of view and location.",,not part of the numbered seating bowl,1-2,2,"The source describes this as a named area rather than a numbered section, so it publishes no aisle layout for it. The entry portal is at row 2.","Facing the field, seat 1 is on your right. That is stated on this area's own page. It sits outside the numbered seating bowl, so there is no neighbouring section to describe it against.",not published,"Premium Club Level (also called Diamond Level) seating. The page lists the level's inclusions as ""Access to the BMW Club Bar"", ""In-seat food and beverage service"", ""Access to private restrooms"" and ""Smaller sections with shorter lines and less congestion"". The level-wide line ""Smaller, Less Crowded Sections: Most sections have fewer than 12 rows and ~20 seats per row"" is stated for the Club Level as a whole, not for this section specifically, so seats_per_row is left No obstruction is mentioned for this section. This is a per-section page, not a zone page.","HIGH - zone, rows, location and seat direction stated by the source"
210G,"Clubs, suites and other named areas",Club Level,"Sections 200-220 wrap around the infield at an ideal mid-level height."" ""The most desirable seats on this level are the 210-level sections labeled 210A-210I, which sit directly behind home plate and provide the best combination of view and location.",,not part of the numbered seating bowl,1-2,2,"The source describes this as a named area rather than a numbered section, so it publishes no aisle layout for it. The entry portal is at row 2.","Facing the field, seat 1 is on your right. That is stated on this area's own page. It sits outside the numbered seating bowl, so there is no neighbouring section to describe it against.",not published,"Premium Club Level (also called Diamond Level) seating. The page lists the level's inclusions as ""Access to the BMW Club Bar"", ""In-seat food and beverage service"", ""Access to private restrooms"" and ""Smaller sections with shorter lines and less congestion"". The level-wide line ""Smaller, Less Crowded Sections: Most sections have fewer than 12 rows and ~20 seats per row"" is stated for the Club Level as a whole, not for this section specifically, so seats_per_row is left No obstruction is mentioned for this section. This is a per-section page, not a zone page.","HIGH - zone, rows, location and seat direction stated by the source"
210H,"Clubs, suites and other named areas",Club Level,"Sections 200-220 wrap around the infield at an ideal mid-level height."" ""The most desirable seats on this level are the 210-level sections labeled 210A-210I, which sit directly behind home plate and provide the best combination of view and location.",,not part of the numbered seating bowl,1-2,2,"The source describes this as a named area rather than a numbered section, so it publishes no aisle layout for it. The entry portal is at row 2.","Facing the field, seat 1 is on your right. That is stated on this area's own page. It sits outside the numbered seating bowl, so there is no neighbouring section to describe it against.",not published,"Premium Club Level (also called Diamond Level) seating. The page lists the level's inclusions as ""Access to the BMW Club Bar"", ""In-seat food and beverage service"", ""Access to private restrooms"" and ""Smaller sections with shorter lines and less congestion"". The level-wide line ""Smaller, Less Crowded Sections: Most sections have fewer than 12 rows and ~20 seats per row"" is stated for the Club Level as a whole, not for this section specifically, so seats_per_row is left No obstruction is mentioned for this section. This is a per-section page, not a zone page.","HIGH - zone, rows, location and seat direction stated by the source"
210I,"Clubs, suites and other named areas",Club Level,"Sections 200-220 wrap around the infield at an ideal mid-level height."" ""The most desirable seats on this level are the 210-level sections labeled 210A-210I, which sit directly behind home plate and provide the best combination of view and location.",,not part of the numbered seating bowl,1-2,2,"The source describes this as a named area rather than a numbered section, so it publishes no aisle layout for it. The entry portal is at row 2.","Facing the field, seat 1 is on your right. That is stated on this area's own page. It sits outside the numbered seating bowl, so there is no neighbouring section to describe it against.",not published,"Premium Club Level (also called Diamond Level) seating. The page lists the level's inclusions as ""Access to the BMW Club Bar"", ""In-seat food and beverage service"", ""Access to private restrooms"" and ""Smaller sections with shorter lines and less congestion"". The level-wide line ""Smaller, Less Crowded Sections: Most sections have fewer than 12 rows and ~20 seats per row"" is stated for the Club Level as a whole, not for this section specifically, so seats_per_row is left No obstruction is mentioned for this section. This is a per-section page, not a zone page.","HIGH - zone, rows, location and seat direction stated by the source"
214L,"Clubs, suites and other named areas",not named by the source,not stated by the source,,not part of the numbered seating bowl,UNKNOWN,UNKNOWN,"The source describes this as a named area rather than a numbered section, so it publishes no aisle layout for it.","This area sits outside the numbered seating bowl and no seat numbering is published for it. Check the seat numbers printed on your own ticket, or ask the ticket office.",not published,"The page shows only a ticket listing (""lowest price in Section 214L"") and empty ""Row Numbers"" / ""What It's Like to Sit in Section 214L"" headings.",LOW - no row data published for this section
215L,"Clubs, suites and other named areas",not named by the source,not stated by the source,,not part of the numbered seating bowl,UNKNOWN,UNKNOWN,"The source describes this as a named area rather than a numbered section, so it publishes no aisle layout for it.","This area sits outside the numbered seating bowl and no seat numbering is published for it. Check the seat numbers printed on your own ticket, or ask the ticket office.",not published,"Only a ticket price and empty ""Row Numbers"" / ""What It's Like to Sit in Section 215L"" headings are present.",LOW - no row data published for this section
224W,"Clubs, suites and other named areas",not named by the source,not stated by the source,,not part of the numbered seating bowl,WCC-WCW,WCW,"The source describes this as a named area rather than a numbered section, so it publishes no aisle layout for it. The entry portal is at row WCW.","Facing the field, seat 1 is on your right. That is stated on this area's own page. It sits outside the numbered seating bowl, so there is no neighbouring section to describe it against.",not published,"Per-section page. Row, entrance and seat-numbering lines are given, but the page names no zone or category for 224W and contains no sentence placing it within Chase Field. The WCC-WCW row labels are the only indication of the seat type. No amenities, sales channel or obstruction noted.","MEDIUM - rows confirmed, ticket zone not named by the source"
300W,"Clubs, suites and other named areas",300 Level Outfield,"300 Level Outfield seating is the furthest of any seating area at Chase Field."" ""The Chase Field Sandlot is located on this upper tier closest to section 332W.",,not part of the numbered seating bowl,4C-4W,4W,"The source describes this as a named area rather than a numbered section, so it publishes no aisle layout for it. The entry portal is at row 4W.","Facing the field, seat 1 is on your right. That is stated on this area's own page. It sits outside the numbered seating bowl, so there is no neighbouring section to describe it against.",not published,"Per-section page carrying the 300 Level Outfield zone description. The zone text states ""The views of the scoreboard in center field will be great but there are much better options for enjoying the views of the game"", that sections on this tier run up to 40 rows, and that ""the family amenities in these sections are by far the best"" while the sections ""may be cumbersome for getting in and out"". The Sandlot on this tier ""includes Futures Field (a mini replica of Chase Field for whiffle ball and running the bases), a playground, and batting cages"". Seats per row is not stated.","HIGH - zone, rows, location and seat direction stated by the source"
332W,"Clubs, suites and other named areas",300 Level Outfield,"300 Level Outfield seating is the furthest of any seating area at Chase Field."" ""The Chase Field Sandlot is located on this upper tier closest to section 332W.",,not part of the numbered seating bowl,4C-4W,4W,"The source describes this as a named area rather than a numbered section, so it publishes no aisle layout for it. The entry portal is at row 4W.","Facing the field, seat 1 is on your right. That is stated on this area's own page. It sits outside the numbered seating bowl, so there is no neighbouring section to describe it against.",not published,"Per-section page carrying the 300 Level Outfield zone description. The zone text states ""The views of the scoreboard in center field will be great but there are much better options for enjoying the views of the game"", that sections on this tier run up to 40 rows, and that ""the family amenities in these sections are by far the best"" while the sections ""may be cumbersome for getting in and out"". The Sandlot on this tier ""includes Futures Field (a mini replica of Chase Field for whiffle ball and running the bases), a playground, and batting cages"". Seats per row is not stated.","HIGH - zone, rows, location and seat direction stated by the source"
