section,level,zone,location_in_stadium,sections_from_home_plate,direction_from_home_plate,rows_in_section,entrance_row,aisle_and_walkway_locations,seat_numbering,seats_per_row,notes,confidence
101,Field Level (100s),Lower Reserved Outfield,"Located just beyond the right center field wall"", ""just beneath the bullpens""; ""Sections 101-113 make up outfield seating in Right Field at Progressive Field.",24,toward first base / right field,A-C,UNKNOWN,"Stairway aisles run along both side edges of the section; rows are not split by a mid-row aisle, so seat numbers run continuously from one side aisle to the other. The entry portal row is not published for this section.","Facing the field, seat 1 is on your right. That puts seat 1 on the far edge of the section, with no further section beyond it on that side, with seat numbers counting up toward the edge facing section 103. Seat 1 is the end of the row farthest from home plate, and higher seat numbers run back toward home plate.",not published,"""Seat 1 in 101 will have you right on the rail"" next to the bullpen; ""The Guardians and Visitors bullpen is to the right of Section 101"". ""Beware of the sun in these sections as you will be looking west towards home plate"". ""These seats offer your best chance at a home run ball"" (first three rows of 101-108). Obstructed views, netting and accessible rows rateyourseats.com section 101 page.","HIGH - zone, rows, location and seat direction stated by the source"
103,Field Level (100s),Lower Reserved Outfield,Sections 101-113 make up outfield seating in Right Field at Progressive Field.,23,toward first base / right field,"A-Z, AA-CC",CC,"Stairway aisles run along both side edges of the section; rows are not split by a mid-row aisle, so seat numbers run continuously from one side aisle to the other. The entry portal is at row CC.","Facing the field, seat 1 is on your right. That puts seat 1 on the edge facing section 101, with seat numbers counting up toward the edge facing section 107. Seat 1 is the end of the row farthest from home plate, and higher seat numbers run back toward home plate.",not published,"""Beware of the sun in these sections as you will be looking west towards home plate"". Home run ball potential noted for first three rows (101-108) and first ten rows (109-113). ""The Guardians and Visitors bullpen is to the right of Section 101"". ""The Leinenkugel Lodge at Section 108 is a centrally located bar"". Obstructed views, netting, dugout adjacency and accessible rows rateyourseats.com section 103 page.","HIGH - zone, rows, location and seat direction stated by the source"
107,Field Level (100s),Lower Reserved Outfield,Sections 101-113 make up outfield seating in Right Field at Progressive Field.,22,toward first base / right field,"A-Z, AA-CC",CC,"Stairway aisles run along both side edges of the section; rows are not split by a mid-row aisle, so seat numbers run continuously from one side aisle to the other. The entry portal is at row CC.","Facing the field, seat 1 is on your right. That puts seat 1 on the edge facing section 103, with seat numbers counting up toward the edge facing section 108. Seat 1 is the end of the row farthest from home plate, and higher seat numbers run back toward home plate.",not published,"""Beware of the sun in these sections as you will be looking west towards home plate"". ""The Guardians and Visitors bullpen is to the right of Section 101."" Top pick for partying and socializing. Best chance at home run ball in first three rows (101-108) or first ten rows (109-113). Leinenkugel Lodge bar at Section 108. Obstructed views, netting and accessible rows rateyourseats.com section 107 page.","HIGH - zone, rows, location and seat direction stated by the source"
108,Field Level (100s),Lower Reserved Outfield,"Right Field outfield seating (""Sections 101-113 make up outfield seating in Right Field at Progressive Field."")",21,toward first base / right field,"A-Z, AA-CC",CC,"Stairway aisles run along both side edges of the section; rows are not split by a mid-row aisle, so seat numbers run continuously from one side aisle to the other. The entry portal is at row CC.","Facing the field, seat 1 is on your right. That puts seat 1 on the edge facing section 107, with seat numbers counting up toward the edge facing section 109. Seat 1 is the end of the row farthest from home plate, and higher seat numbers run back toward home plate.",not published,"Rows V and above are covered. ""Beware of the sun in these sections as you will be looking west towards home plate"". ""Recommended seating for partying and socializing"". Good opportunity for catching home run balls in first three rows. Leinenkugel Lodge bar is at this section. Obstructed views, netting, dugout adjacency and accessible rows rateyourseats.com section 108 page.","HIGH - zone, rows, location and seat direction stated by the source"
109,Field Level (100s),Lower Reserved Outfield,Sections 101-113 make up outfield seating in Right Field at Progressive Field,20,toward first base / right field,"A-Z, AA-CC",CC,"Stairway aisles run along both side edges of the section; rows are not split by a mid-row aisle, so seat numbers run continuously from one side aisle to the other. The entry portal is at row CC.","Facing the field, seat 1 is on your right. That puts seat 1 on the edge facing section 108, with seat numbers counting up toward the edge facing section 111. Seat 1 is the end of the row farthest from home plate, and higher seat numbers run back toward home plate.",not published,"Rows V and above are covered. ""Beware of the sun in these sections"" (looking west towards home plate). Best chance for home run balls in first three rows of sections 101-108 and first ten rows of 109-113. Obstructed views, netting, dugout adjacency and accessible rows rateyourseats.com section 109 page.","HIGH - zone, rows, location and seat direction stated by the source"
111,Field Level (100s),Lower Reserved Outfield,Sections 101-113 make up outfield seating in Right Field at Progressive Field,19,toward first base / right field,"A-Z, AA-CC",CC,"Stairway aisles run along both side edges of the section; rows are not split by a mid-row aisle, so seat numbers run continuously from one side aisle to the other. The entry portal is at row CC.","Facing the field, seat 1 is on your right. That puts seat 1 on the edge facing section 109, with seat numbers counting up toward the edge facing section 113. Seat 1 is the end of the row farthest from home plate, and higher seat numbers run back toward home plate.",not published,"Rows V and above are covered. beware of sun exposure, looking west towards home plate. Guardians and Visitors bullpen to the right of Section 101. Best chance at home run ball in first three rows of 101-108 and first ten rows of 109-113. Leinenkugel Lodge bar at Section 108. Obstructed views, netting and accessible rows rateyourseats.com section 111 page.","HIGH - zone, rows, location and seat direction stated by the source"
113,Field Level (100s),Lower Reserved Outfield,Sections 101-113 make up outfield seating in Right Field at Progressive Field,18,toward first base / right field,"A-Z, AA-CC",CC,"Stairway aisles run along both side edges of the section; rows are not split by a mid-row aisle, so seat numbers run continuously from one side aisle to the other. The entry portal is at row CC.","Facing the field, seat 1 is on your right. That puts seat 1 on the edge facing section 111, with seat numbers counting up toward the edge facing section 117. Seat 1 is the end of the row farthest from home plate, and higher seat numbers run back toward home plate.",not published,"""The visiting team bullpen is just to the left of Section 113. Seats #12 in this section are directly next to the bullpen"". ""Beware of the sun in these sections as you will be looking west towards home plate""; ""Rows V and above are under cover"". Best chance at home run ball in first ten rows of 109-113. Obstructed views, netting and accessible rows rateyourseats.com section 113 page.","HIGH - zone, rows, location and seat direction stated by the source"
117,Field Level (100s),not named by the source,Field Level Down the Line,17,toward first base / right field,"A-Z, AA-LL",LL,"Stairway aisles run along both side edges of the section; rows are not split by a mid-row aisle, so seat numbers run continuously from one side aisle to the other. The entry portal is at row LL.","Facing the field, seat 1 is on your right. That puts seat 1 on the edge facing section 113, with seat numbers counting up toward the edge facing section 125. Seat 1 is the end of the row farthest from home plate, and higher seat numbers run back toward home plate.",not published,"Rows A-V recommended for great views of the field. Further down the line has worse angles toward home plate. sections 165-174 receive shade before other sections in this location. Sections 170-174 may struggle to see left field scoreboard. men's and women's restrooms, Budweiser Patio, ATM. Obstructed views, netting, dugout adjacency and accessible rows rateyourseats.com section 117 page.","MEDIUM - rows confirmed, ticket zone not named by the source"
125,Field Level (100s),not named by the source,Field Level Down the Line,16,toward first base / right field,"A-Z, AA-HH",HH,"Stairway aisles run along both side edges of the section; rows are not split by a mid-row aisle, so seat numbers run continuously from one side aisle to the other. The entry portal is at row HH.","Facing the field, seat 1 is on your right. That puts seat 1 on the edge facing section 117, with seat numbers counting up toward the edge facing section 128. Seat 1 is the end of the row farthest from home plate, and higher seat numbers run back toward home plate.",not published,"Rows DD-HH recommended for outstanding convenience. Further down the line sections have worse angles toward home plate. restrooms, Budweiser Patio, ATM, Speed Pitch attraction. Obstructed views, netting, dugout adjacency, sun/shade and accessible rows rateyourseats.com section 125 page.","MEDIUM - rows confirmed, ticket zone not named by the source"
128,Field Level (100s),not named by the source,Field Level Down the Line,15,toward first base / right field,"A-Z, AA-HH",HH,"Stairway aisles run along both side edges of the section; rows are not split by a mid-row aisle, so seat numbers run continuously from one side aisle to the other. The entry portal is at row HH.","Facing the field, seat 1 is on your right. That puts seat 1 on the edge facing section 125, with seat numbers counting up toward the edge facing section 129. Seat 1 is the end of the row farthest from home plate, and higher seat numbers run back toward home plate.",not published,"Rows X and above are covered. Obstructed views, netting, dugout adjacency and accessible rows rateyourseats.com section 128 page.","MEDIUM - rows confirmed, ticket zone not named by the source"
129,Field Level (100s),not named by the source,Field Level Down the Line,14,toward first base / right field,"A-Z, AA-HH"")",HH,"Stairway aisles run along both side edges of the section; rows are not split by a mid-row aisle, so seat numbers run continuously from one side aisle to the other. The entry portal is at row HH.","Facing the field, seat 1 is on your right. That puts seat 1 on the edge facing section 128, with seat numbers counting up toward the edge facing section 130. Seat 1 is the end of the row farthest from home plate, and higher seat numbers run back toward home plate.",not published,"""Rows X & Above - Covered"". ""Top Pick for Kids and Family Rows AA-HH"". Obstructed views, netting, dugout adjacency and accessible rows rateyourseats.com section 129 page.","MEDIUM - rows confirmed, ticket zone not named by the source"
130,Field Level (100s),not named by the source,Field Level Down the Line,13,toward first base / right field,"A-Z, AA-HH",HH,"Stairway aisles run along both side edges of the section; rows are not split by a mid-row aisle, so seat numbers run continuously from one side aisle to the other. The entry portal is at row HH.","Facing the field, seat 1 is on your right. That puts seat 1 on the edge facing section 129, with seat numbers counting up toward the edge facing section 131. Seat 1 is the end of the row farthest from home plate, and higher seat numbers run back toward home plate.",not published,"Rows X and above are under cover (covered seating in double-lettered rows). Rows AA-HH recommended for kids and family. Family restroom and multiple concessions nearby. Excellent viewing angle to the large videoboard. Obstructed views, netting, dugout adjacency and accessible rows rateyourseats.com section 130 page.","MEDIUM - rows confirmed, ticket zone not named by the source"
131,Field Level (100s),not named by the source,Field Level Down the Line,12,toward first base / right field,"A-Z, AA-HH",HH,"Stairway aisles run along both side edges of the section; rows are not split by a mid-row aisle, so seat numbers run continuously from one side aisle to the other. The entry portal is at row HH.","Facing the field, seat 1 is on your right. That puts seat 1 on the edge facing section 130, with seat numbers counting up toward the edge facing section 134. Seat 1 is the end of the row farthest from home plate, and higher seat numbers run back toward home plate.",not published,"""Rows X & Above - Covered"". ""Top Pick for Kids and Family"" for Rows AA-HH (recommendation label, not a ticket category). Obstructed views, netting, dugout adjacency and accessible rows rateyourseats.com section 131 page.","MEDIUM - rows confirmed, ticket zone not named by the source"
134,Field Level (100s),not named by the source,Located on the first base side beyond the visitors' dugout,11,toward first base / right field,"A-Z, AA-HH",HH,"Stairway aisles run along both side edges of the section; rows are not split by a mid-row aisle, so seat numbers run continuously from one side aisle to the other. The entry portal is at row HH.","Facing the field, seat 1 is on your right. That puts seat 1 on the edge facing section 131, with seat numbers counting up toward the edge facing section 136. Seat 1 is the end of the row farthest from home plate, and higher seat numbers run back toward home plate.",not published,"beyond the visitors' dugout on the first base side. Rows X and above are covered. Rows AA-HH recommended for kids and families. Obstructed views, netting and accessible rows rateyourseats.com section 134 page.","MEDIUM - rows confirmed, ticket zone not named by the source"
136,Field Level (100s),not named by the source,Field Level Down the Line,10,toward first base / right field,"A-Z, AA-HH",HH,"Stairway aisles run along both side edges of the section; rows are not split by a mid-row aisle, so seat numbers run continuously from one side aisle to the other. The entry portal is at row HH.","Facing the field, seat 1 is on your right. That puts seat 1 on the edge facing section 134, with seat numbers counting up toward the edge facing section 138. Seat 1 is the end of the row farthest from home plate, and higher seat numbers run back toward home plate.",not published,"Rows A-E recommended for visiting team fans. Rows AA-HH recommended for great views of the field. Rows X and above are covered. Obstructed views, netting, dugout adjacency and accessible rows rateyourseats.com section 136 page.","MEDIUM - rows confirmed, ticket zone not named by the source"
138,Field Level (100s),not named by the source,Field Level Down the Line,9,toward first base / right field,"A-Z, AA-HH",HH,"Stairway aisles run along both side edges of the section; rows are not split by a mid-row aisle, so seat numbers run continuously from one side aisle to the other. The entry portal is at row HH.","Facing the field, seat 1 is on your right. That puts seat 1 on the edge facing section 136, with seat numbers counting up toward the edge facing section 140. Seat 1 is the end of the row farthest from home plate, and higher seat numbers run back toward home plate.",not published,"Rows X and above are covered; page also notes sections 165-174 receive shade before other sections in this location. Rows A-E recommended for visiting team fans. Rows AA-HH recommended for great views of the field. Obstructed views, netting, dugout adjacency and accessible rows rateyourseats.com section 138 page.","MEDIUM - rows confirmed, ticket zone not named by the source"
140,Field Level (100s),Field Level Infield,behind the visitor dugout,8,toward first base / right field,"F-Z, AA-HH",HH,"Stairway aisles run along both side edges of the section; rows are not split by a mid-row aisle, so seat numbers run continuously from one side aisle to the other. The entry portal is at row HH.","Facing the field, seat 1 is on your right. That puts seat 1 on the edge facing section 138, with seat numbers counting up toward the edge facing section 142. Seat 1 is the end of the row farthest from home plate, and higher seat numbers run back toward home plate.",not published,"directly behind the visiting team dugout. some netting/screening in front of sections 140-164, with height and coverage varying by section. Rows X and above are covered; shade protection from overhang; upper outfield not visible due to overhang. rateyourseats.com section 140 page.","HIGH - zone, rows, location and seat direction stated by the source"
142,Field Level (100s),Field Level Infield,behind the visitor dugout,7,toward first base / right field,"F-Z, AA-HH",HH,"Stairway aisles run along both side edges of the section; rows are not split by a mid-row aisle, so seat numbers run continuously from one side aisle to the other. The entry portal is at row HH.","Facing the field, seat 1 is on your right. That puts seat 1 on the edge facing section 140, with seat numbers counting up toward the edge facing section 144. Seat 1 is the end of the row farthest from home plate, and higher seat numbers run back toward home plate.",not published,"Row F is the first row immediately behind the visitor's dugout. Row HH (top row) contains wheelchair and companion seating in Seats 1-5. the lower bowl is shallow, which may cause visibility issues for some children seated behind taller patrons. Rows X and above are covered; 3B side gets shade before 1B side. rateyourseats.com section 142 page.","HIGH - zone, rows, location and seat direction stated by the source"
144,Field Level (100s),Field Level Infield,behind the visitor dugout,6,toward first base / right field,"F-Z, AA-HH",HH,"Stairway aisles run along both side edges of the section; rows are not split by a mid-row aisle, so seat numbers run continuously from one side aisle to the other. The entry portal is at row HH.","Facing the field, seat 1 is on your right. That puts seat 1 on the edge facing section 142, with seat numbers counting up toward the edge facing section 146. Seat 1 is the end of the row farthest from home plate, and higher seat numbers run back toward home plate.",not published,"visiting team dugout is in front of sections 140-146; Row F is the first row behind the visitor's dugout. Rows X and above are covered; shading varies by side of field. Obstructed views, netting and accessible rows rateyourseats.com section 144 page.","HIGH - zone, rows, location and seat direction stated by the source"
146,Field Level (100s),Field Level Infield,behind the visitor dugout,5,toward first base / right field,"F-Z, AA-HH",HH,"Stairway aisles run along both side edges of the section; rows are not split by a mid-row aisle, so seat numbers run continuously from one side aisle to the other. The entry portal is at row HH.","Facing the field, seat 1 is on your right. That puts seat 1 on the edge facing section 144, with seat numbers counting up toward the edge facing section 148. Seat 1 is the end of the row farthest from home plate, and higher seat numbers run back toward home plate.",not published,"located behind the visiting team dugout. the lower bowl is shallow, which may cause visibility issues for some children sitting behind taller fans. Rows X and above are covered; seats on the 3B side receive shade before the 1B side. rateyourseats.com section 146 page.","HIGH - zone, rows, location and seat direction stated by the source"
148,Field Level (100s),Field Level Infield,Infield seats at Field Level are sometimes referred to as Diamond Box and Field Box Front Back and Middle.,4,toward first base / right field,"F-Z, AA-HH",HH,"Stairway aisles run along both side edges of the section; rows are not split by a mid-row aisle, so seat numbers run continuously from one side aisle to the other. The entry portal is at row HH.","Facing the field, seat 1 is on your right. That puts seat 1 on the edge facing section 146, with seat numbers counting up toward the edge facing section 149. Seat 1 is the end of the row farthest from home plate, and higher seat numbers run back toward home plate.",not published,"The Lower bowl is very shallow, which means that some kids may have a difficult time seeing over taller fans in front of them. Seats on the 3B side of the field will see the shade before the 1B side. The Guardians dugout is located in front of sections 160-164, while the visiting team dugout is in front of 140-146. Rows X & Above - Covered.","HIGH - zone, rows, location and seat direction stated by the source"
149,Field Level (100s),Field Level Infield,Infield seats at Field Level are sometimes referred to as Diamond Box and Field Box Front Back and Middle.,3,toward first base / right field,"F-Z, AA-HH",HH,"Stairway aisles run along both side edges of the section; rows are not split by a mid-row aisle, so seat numbers run continuously from one side aisle to the other. The entry portal is at row HH.","Facing the field, seat 1 is on your right. That puts seat 1 on the edge facing section 148, with seat numbers counting up toward the edge facing section 150. Seat 1 is the end of the row farthest from home plate, and higher seat numbers run back toward home plate.",not published,"The Lower bowl is very shallow, which means that some kids may have a difficult time seeing over taller fans in front of them. Seats on the 3B side of the field will see the shade before the 1B side. The Guardians dugout is located in front of sections 160-164, while the visiting team dugout is in front of 140-146.","HIGH - zone, rows, location and seat direction stated by the source"
150,Field Level (100s),Field Level Infield,Infield seats at Field Level are sometimes referred to as Diamond Box and Field Box Front Back and Middle.,2,toward first base / right field,"L-Z, AA-HH",HH,"Stairway aisles run along both side edges of the section; rows are not split by a mid-row aisle, so seat numbers run continuously from one side aisle to the other. The entry portal is at row HH.","Facing the field, seat 1 is on your right. That puts seat 1 on the edge facing section 149, with seat numbers counting up toward the edge facing section 151. Seat 1 is the end of the row farthest from home plate, and higher seat numbers run back toward home plate.",not published,"The Lower bowl is very shallow, which means that some kids may have a difficult time seeing over taller fans in front of them. Seats on the 3B side of the field will see the shade before the 1B side. The Guardians dugout is located in front of sections 160-164, while the visiting team dugout is in front of 140-146.","HIGH - zone, rows, location and seat direction stated by the source"
151,Field Level (100s),Field Level Infield,Desirable view from behind home plate.,1,toward first base / right field,"L-Z, AA-HH",HH,"Stairway aisles run along both side edges of the section; rows are not split by a mid-row aisle, so seat numbers run continuously from one side aisle to the other. The entry portal is at row HH.","Facing the field, seat 1 is on your right. That puts seat 1 on the edge facing section 150, with seat numbers counting up toward the edge facing section 152. Seat 1 is the end of the row farthest from home plate, and higher seat numbers run back toward home plate.",not published,"The Lower bowl is very shallow, which means that some kids may have a difficult time seeing over taller fans in front of them. Seats on the 3B side of the field will see the shade before the 1B side. The Guardians dugout is located in front of sections 160-164, while the visiting team dugout is in front of 140-146.","HIGH - zone, rows, location and seat direction stated by the source"
152,Field Level (100s),Field Level Infield,Desirable view from behind home plate.,0,behind home plate,"L-Z, AA-EE, FF-HH",HH,"Stairway aisles run along both side edges of the section; rows are not split by a mid-row aisle, so seat numbers run continuously from one side aisle to the other. The entry portal is at row HH.","Facing the field, seat 1 is on your right. That puts seat 1 on the edge facing section 151, with seat numbers counting up toward the edge facing section 153. This section is behind home plate, so seat 1 is on its first-base side.",not published,"The Lower bowl is very shallow, which means that some kids may have a difficult time seeing over taller fans in front of them. Seats on the 3B side of the field will see the shade before the 1B side. The Guardians dugout is located in front of sections 160-164, while the visiting team dugout is in front of 140-146. Wheelchair seating is available behind Row EE.","HIGH - zone, rows, location and seat direction stated by the source"
153,Field Level (100s),Field Level Infield,Desirable view from behind home plate.,0,behind home plate,"L-Z, AA-EE, FF-HH",HH,"Stairway aisles run along both side edges of the section; rows are not split by a mid-row aisle, so seat numbers run continuously from one side aisle to the other. The entry portal is at row HH.","Facing the field, seat 1 is on your right. That puts seat 1 on the edge facing section 152, with seat numbers counting up toward the edge facing section 154. This section is behind home plate, so seat 1 is on its first-base side.",not published,"The Lower bowl is very shallow, which means that some kids may have a difficult time seeing over taller fans in front of them. Seats on the 3B side of the field will see the shade before the 1B side. The Guardians dugout is located in front of sections 160-164, while the visiting team dugout is in front of 140-146. Wheelchair seating is available behind Row EE.","HIGH - zone, rows, location and seat direction stated by the source"
154,Field Level (100s),Field Level Infield,Desirable view from behind home plate.,0,behind home plate,"L-Z, AA-EE, FF-HH",HH,"Stairway aisles run along both side edges of the section; rows are not split by a mid-row aisle, so seat numbers run continuously from one side aisle to the other. The entry portal is at row HH.","Facing the field, seat 1 is on your right. That puts seat 1 on the edge facing section 153, with seat numbers counting up toward the edge facing section 155. This section is behind home plate, so seat 1 is on its first-base side.",not published,"The Lower bowl is very shallow, which means that some kids may have a difficult time seeing over taller fans in front of them. Seats on the 3B side of the field will see the shade before the 1B side. The Guardians dugout is located in front of sections 160-164, while the visiting team dugout is in front of 140-146. Wheelchair seating is available behind Row EE.","HIGH - zone, rows, location and seat direction stated by the source"
155,Field Level (100s),Field Level Infield,Desirable view from behind home plate.,0,behind home plate,"L-Z, AA-EE, FF-HH",HH,"Stairway aisles run along both side edges of the section; rows are not split by a mid-row aisle, so seat numbers run continuously from one side aisle to the other. The entry portal is at row HH.","Facing the field, seat 1 is on your right. That puts seat 1 on the edge facing section 154, with seat numbers counting up toward the edge facing section 156. This section is behind home plate, so seat 1 is on its first-base side.",not published,"The Lower bowl is very shallow, which means that some kids may have a difficult time seeing over taller fans in front of them. Seats on the 3B side of the field will see the shade before the 1B side. The Guardians dugout is located in front of sections 160-164, while the visiting team dugout is in front of 140-146. Wheelchair seating is available behind Row EE.","HIGH - zone, rows, location and seat direction stated by the source"
156,Field Level (100s),Field Level Infield,Desirable view from behind home plate.,1,toward third base / left field,"L-Z, AA-HH",HH,"Stairway aisles run along both side edges of the section; rows are not split by a mid-row aisle, so seat numbers run continuously from one side aisle to the other. The entry portal is at row HH.","Facing the field, seat 1 is on your right. That puts seat 1 on the edge facing section 155, with seat numbers counting up toward the edge facing section 157. Seat 1 is the end of the row closest to home plate, and higher seat numbers run away from home plate.",not published,"The Lower bowl is very shallow, which means that some kids may have a difficult time seeing over taller fans in front of them. Seats on the 3B side of the field will see the shade before the 1B side. The Guardians dugout is located in front of sections 160-164, while the visiting team dugout is in front of 140-146.","HIGH - zone, rows, location and seat direction stated by the source"
157,Field Level (100s),Field Level Infield,Infield seats at Field Level are sometimes referred to as Diamond Box and Field Box Front Back and Middle.,2,toward third base / left field,"L-Z, AA-HH",HH,"Stairway aisles run along both side edges of the section; rows are not split by a mid-row aisle, so seat numbers run continuously from one side aisle to the other. The entry portal is at row HH.","Facing the field, seat 1 is on your right. That puts seat 1 on the edge facing section 156, with seat numbers counting up toward the edge facing section 158. Seat 1 is the end of the row closest to home plate, and higher seat numbers run away from home plate.",not published,"The Lower bowl is very shallow, which means that some kids may have a difficult time seeing over taller fans in front of them. Seats on the 3B side of the field will see the shade before the 1B side. The Guardians dugout is located in front of sections 160-164, while the visiting team dugout is in front of 140-146. ""great view without the net.""","HIGH - zone, rows, location and seat direction stated by the source"
158,Field Level (100s),Field Level Infield,Infield seats at Field Level are sometimes referred to as Diamond Box and Field Box Front Back and Middle.,3,toward third base / left field,"F-Z, AA-HH",HH,"Stairway aisles run along both side edges of the section; rows are not split by a mid-row aisle, so seat numbers run continuously from one side aisle to the other. The entry portal is at row HH.","Facing the field, seat 1 is on your right. That puts seat 1 on the edge facing section 157, with seat numbers counting up toward the edge facing section 159. Seat 1 is the end of the row closest to home plate, and higher seat numbers run away from home plate.",not published,"The Lower bowl is very shallow, which means that some kids may have a difficult time seeing over taller fans in front of them. Seats on the 3B side of the field will see the shade before the 1B side. The Guardians dugout is located in front of sections 160-164, while the visiting team dugout is in front of 140-146.","HIGH - zone, rows, location and seat direction stated by the source"
159,Field Level (100s),Field Level Infield,Infield seats at Field Level are sometimes referred to as Diamond Box and Field Box Front Back and Middle.,4,toward third base / left field,"F-Z, AA-HH",HH,"Stairway aisles run along both side edges of the section; rows are not split by a mid-row aisle, so seat numbers run continuously from one side aisle to the other. The entry portal is at row HH.","Facing the field, seat 1 is on your right. That puts seat 1 on the edge facing section 158, with seat numbers counting up toward the edge facing section 160. Seat 1 is the end of the row closest to home plate, and higher seat numbers run away from home plate.",not published,"The Lower bowl is very shallow, which means that some kids may have a difficult time seeing over taller fans in front of them. Seats on the 3B side of the field will see the shade before the 1B side. The Guardians dugout is located in front of sections 160-164, while the visiting team dugout is in front of 140-146.","HIGH - zone, rows, location and seat direction stated by the source"
160,Field Level (100s),Field Level Infield,These seats are located behind the Guardians dugout.,5,toward third base / left field,"F-Z, AA-HH",HH,"Stairway aisles run along both side edges of the section; rows are not split by a mid-row aisle, so seat numbers run continuously from one side aisle to the other. The entry portal is at row HH.","Facing the field, seat 1 is on your right. That puts seat 1 on the edge facing section 159, with seat numbers counting up toward the edge facing section 162. Seat 1 is the end of the row closest to home plate, and higher seat numbers run away from home plate.",not published,"The Lower bowl is very shallow, which means that some kids may have a difficult time seeing over taller fans in front of them. Seats on the 3B side of the field will see the shade before the 1B side. The Guardians dugout is located in front of sections 160-164, while the visiting team dugout is in front of 140-146.","HIGH - zone, rows, location and seat direction stated by the source"
162,Field Level (100s),Field Level Infield,These seats are located behind the Guardians dugout.,6,toward third base / left field,"F-Z, AA-HH",HH,"Stairway aisles run along both side edges of the section; rows are not split by a mid-row aisle, so seat numbers run continuously from one side aisle to the other. The entry portal is at row HH.","Facing the field, seat 1 is on your right. That puts seat 1 on the edge facing section 160, with seat numbers counting up toward the edge facing section 163. Seat 1 is the end of the row closest to home plate, and higher seat numbers run away from home plate.",not published,"The Lower bowl is very shallow, which means that some kids may have a difficult time seeing over taller fans in front of them. Seats on the 3B side of the field will see the shade before the 1B side. The Guardians dugout is located in front of sections 160-164, while the visiting team dugout is in front of 140-146. Row F is the first row behind the Guardians (Indians) dugout in Section 162.","HIGH - zone, rows, location and seat direction stated by the source"
163,Field Level (100s),Field Level Infield,These seats are located behind the Guardians dugout.,7,toward third base / left field,"F-Z, AA-HH",HH,"Stairway aisles run along both side edges of the section; rows are not split by a mid-row aisle, so seat numbers run continuously from one side aisle to the other. The entry portal is at row HH.","Facing the field, seat 1 is on your right. That puts seat 1 on the edge facing section 162, with seat numbers counting up toward the edge facing section 164. Seat 1 is the end of the row closest to home plate, and higher seat numbers run away from home plate.",not published,"The Lower bowl is very shallow, which means that some kids may have a difficult time seeing over taller fans in front of them. Seats on the 3B side of the field will see the shade before the 1B side. The Guardians dugout is located in front of sections 160-164, while the visiting team dugout is in front of 140-146.","HIGH - zone, rows, location and seat direction stated by the source"
164,Field Level (100s),Field Level Infield,These seats are located behind the Guardians dugout.,8,toward third base / left field,"F-Z, AA-HH",HH,"Stairway aisles run along both side edges of the section; rows are not split by a mid-row aisle, so seat numbers run continuously from one side aisle to the other. The entry portal is at row HH.","Facing the field, seat 1 is on your right. That puts seat 1 on the edge facing section 163, with seat numbers counting up toward the edge facing section 165. Seat 1 is the end of the row closest to home plate, and higher seat numbers run away from home plate.",not published,"The Lower bowl is very shallow, which means that some kids may have a difficult time seeing over taller fans in front of them. Seats on the 3B side of the field will see the shade before the 1B side. The Guardians dugout is located in front of sections 160-164, while the visiting team dugout is in front of 140-146. Described as beyond the protective netting for clear views to home plate.","HIGH - zone, rows, location and seat direction stated by the source"
165,Field Level (100s),Field Level Down the Line,"Like many ballparks, the further down the line you get, the worse the angle towards home plate gets.",9,toward third base / left field,"A-Z, AA-HH",HH,"Stairway aisles run along both side edges of the section; rows are not split by a mid-row aisle, so seat numbers run continuously from one side aisle to the other. The entry portal is at row HH.","Facing the field, seat 1 is on your right. That puts seat 1 on the edge facing section 164, with seat numbers counting up toward the edge facing section 167. Seat 1 is the end of the row closest to home plate, and higher seat numbers run away from home plate.",not published,"Sections 165-174 will get shade before any of the other sections in this location. Fan review describes it as ""Just Past the Indians Dugout"": ""Great view, as you will be looking over the third-base coach's shoulder. But you must be alert for line drive foul balls, as they come screaming right through this section.""","HIGH - zone, rows, location and seat direction stated by the source"
167,Field Level (100s),Field Level Down the Line,"Like many ballparks, the further down the line you get, the worse the angle towards home plate gets.",10,toward third base / left field,"A-Z, AA-HH",HH,"Stairway aisles run along both side edges of the section; rows are not split by a mid-row aisle, so seat numbers run continuously from one side aisle to the other. The entry portal is at row HH.","Facing the field, seat 1 is on your right. That puts seat 1 on the edge facing section 165, with seat numbers counting up toward the edge facing section 169. Seat 1 is the end of the row closest to home plate, and higher seat numbers run away from home plate.",not published,Sections 165-174 will get shade before any of the other sections in this location. Sections further down the line have worsening angles toward home plate; sections 170-174 might struggle to see the left field scoreboard.,"HIGH - zone, rows, location and seat direction stated by the source"
169,Field Level (100s),Field Level Down the Line,Section 169 is one section past the infield dirt down the left field line.,11,toward third base / left field,"A-Z, AA-HH",HH,"Stairway aisles run along both side edges of the section; rows are not split by a mid-row aisle, so seat numbers run continuously from one side aisle to the other. The entry portal is at row HH.","Facing the field, seat 1 is on your right. That puts seat 1 on the edge facing section 167, with seat numbers counting up toward the edge facing section 170. Seat 1 is the end of the row closest to home plate, and higher seat numbers run away from home plate.",not published,Sections 165-174 will get shade before any of the other sections in this location.,"HIGH - zone, rows, location and seat direction stated by the source"
170,Field Level (100s),Field Level Down the Line,"Like many ballparks, the further down the line you get, the worse the angle towards home plate gets.",12,toward third base / left field,"A-Z, AA-HH",HH,"Stairway aisles run along both side edges of the section; rows are not split by a mid-row aisle, so seat numbers run continuously from one side aisle to the other. The entry portal is at row HH.","Facing the field, seat 1 is on your right. That puts seat 1 on the edge facing section 169, with seat numbers counting up toward the edge facing section 171. Seat 1 is the end of the row closest to home plate, and higher seat numbers run away from home plate.",not published,Sections 165-174 will get shade before any of the other sections in this location. Sections 170-174 might struggle to see the LF scoreboard.,"HIGH - zone, rows, location and seat direction stated by the source"
171,Field Level (100s),Field Level Down the Line,"Like many ballparks, the further down the line you get, the worse the angle towards home plate gets."" ""Sections 165-174 will get shade before any of the other sections in this location, though 170-174 might struggle to see the LF scoreboard.",13,toward third base / left field,"A-Z, AA-HH",HH,"Stairway aisles run along both side edges of the section; rows are not split by a mid-row aisle, so seat numbers run continuously from one side aisle to the other. The entry portal is at row HH.","Facing the field, seat 1 is on your right. That puts seat 1 on the edge facing section 170, with seat numbers counting up toward the edge facing section 172. Seat 1 is the end of the row closest to home plate, and higher seat numbers run away from home plate.",not published,"""Sections 165-174 will get shade before any of the other sections in this location."" ""170-174 might struggle to see the LF scoreboard."" ""the further down the line you get, the worse the angle towards home plate gets.""","HIGH - zone, rows, location and seat direction stated by the source"
172,Field Level (100s),Field Level Down the Line,"Like many ballparks, the further down the line you get, the worse the angle towards home plate gets."" ""Sections 165-174 will get shade before any of the other sections in this location, though 170-174 might struggle to see the LF scoreboard.",14,toward third base / left field,"A-Z, AA-HH",HH,"Stairway aisles run along both side edges of the section; rows are not split by a mid-row aisle, so seat numbers run continuously from one side aisle to the other. The entry portal is at row HH.","Facing the field, seat 1 is on your right. That puts seat 1 on the edge facing section 171, with seat numbers counting up toward the edge facing section 174. Seat 1 is the end of the row closest to home plate, and higher seat numbers run away from home plate.",not published,"""Sections 165-174 will get shade before any of the other sections in this location."" ""170-174 might struggle to see the LF scoreboard."" ""the further down the line you get, the worse the angle towards home plate gets.""","HIGH - zone, rows, location and seat direction stated by the source"
174,Field Level (100s),Field Level Down the Line,"Like many ballparks, the further down the line you get, the worse the angle towards home plate gets."" ""Sections 165-174 will get shade before any of the other sections in this location, though 170-174 might struggle to see the LF scoreboard.",15,toward third base / left field,"A-Z, AA-HH",HH,"Stairway aisles run along both side edges of the section; rows are not split by a mid-row aisle, so seat numbers run continuously from one side aisle to the other. The entry portal is at row HH.","Facing the field, seat 1 is on your right. That puts seat 1 on the edge facing section 172, with seat numbers counting up toward the edge facing section 175. Seat 1 is the end of the row closest to home plate, and higher seat numbers run away from home plate.",not published,"""Sections 165-174 will get shade before any of the other sections in this location."" ""170-174 might struggle to see the LF scoreboard."" ""the further down the line you get, the worse the angle towards home plate gets.""","HIGH - zone, rows, location and seat direction stated by the source"
175,Field Level (100s),Field Level Down the Line,"Like many ballparks, the further down the line you get, the worse the angle towards home plate gets."" ""Sections 165-174 will get shade before any of the other sections in this location, though 170-174 might struggle to see the LF scoreboard.",16,toward third base / left field,"A-Z, AA-HH",HH,"Stairway aisles run along both side edges of the section; rows are not split by a mid-row aisle, so seat numbers run continuously from one side aisle to the other. The entry portal is at row HH.","Facing the field, seat 1 is on your right. That puts seat 1 on the edge facing section 174, with seat numbers counting up toward the edge facing section 176. Seat 1 is the end of the row closest to home plate, and higher seat numbers run away from home plate.",not published,"""Sections 165-174 will get shade before any of the other sections in this location."" ""170-174 might struggle to see the LF scoreboard."" ""the further down the line you get, the worse the angle towards home plate gets.""","HIGH - zone, rows, location and seat direction stated by the source"
176,Field Level (100s),Field Level Down the Line,"Like many ballparks, the further down the line you get, the worse the angle towards home plate gets."" ""Sections 165-174 will get shade before any of the other sections in this location, though 170-174 might struggle to see the LF scoreboard.",17,toward third base / left field,"Y-Z, AA-HH",HH,"Stairway aisles run along both side edges of the section; rows are not split by a mid-row aisle, so seat numbers run continuously from one side aisle to the other. The entry portal is at row HH.","Facing the field, seat 1 is on your right. That puts seat 1 on the edge facing section 175, with seat numbers counting up toward the edge facing section 177. Seat 1 is the end of the row closest to home plate, and higher seat numbers run away from home plate.",not published,"""Sections 165-174 will get shade before any of the other sections in this location."" ""170-174 might struggle to see the LF scoreboard."" ""the further down the line you get, the worse the angle towards home plate gets.""","HIGH - zone, rows, location and seat direction stated by the source"
177,Field Level (100s),Field Level Down the Line,"Like many ballparks, the further down the line you get, the worse the angle towards home plate gets. Sections 117-120 and 177-179 at Progressive Field actually have decent sight lines, but they're also the furthest away.",18,toward third base / left field,"Y-Z, AA-HH",HH,"Stairway aisles run along both side edges of the section; rows are not split by a mid-row aisle, so seat numbers run continuously from one side aisle to the other. The entry portal is at row HH.","Facing the field, seat 1 is on your right. That puts seat 1 on the edge facing section 176, with seat numbers counting up toward the edge facing section 178. Seat 1 is the end of the row closest to home plate, and higher seat numbers run away from home plate.",not published,"""Sections 117-120 and 177-179 at Progressive Field actually have decent sight lines, but they're also the furthest away."" UNKNOWN .","HIGH - zone, rows, location and seat direction stated by the source"
178,Field Level (100s),Field Level Down the Line,"Like many ballparks, the further down the line you get, the worse the angle towards home plate gets. Sections 117-120 and 177-179 at Progressive Field actually have decent sight lines, but they're also the furthest away.",19,toward third base / left field,"F-Z, AA-HH",HH,"Stairway aisles run along both side edges of the section; rows are not split by a mid-row aisle, so seat numbers run continuously from one side aisle to the other. The entry portal is at row HH.","Facing the field, seat 1 is on your right. That puts seat 1 on the edge facing section 177, with seat numbers counting up toward the edge facing section 179. Seat 1 is the end of the row closest to home plate, and higher seat numbers run away from home plate.",not published,"""Rows A-V are recommended for great views of the field."" ""Sections 117-120 and 177-179 at Progressive Field actually have decent sight lines, but they're also the furthest away."" UNKNOWN .","HIGH - zone, rows, location and seat direction stated by the source"
179,Field Level (100s),Field Level Down the Line,"Like many ballparks, the further down the line you get, the worse the angle towards home plate gets. Sections 117-120 and 177-179 at Progressive Field actually have decent sight lines, but they're also the furthest away.",20,toward third base / left field,"N-Z, AA-EE",EE,"Stairway aisles run along both side edges of the section; rows are not split by a mid-row aisle, so seat numbers run continuously from one side aisle to the other. The entry portal is at row EE.","Facing the field, seat 1 is on your right. That puts seat 1 on the edge facing section 178, with seat numbers counting up toward the edge facing section 180. Seat 1 is the end of the row closest to home plate, and higher seat numbers run away from home plate.",not published,"""Rows A-V are recommended for great views of the field."" ""Section 117 features men's and women's restrooms, the Budweiser Patio and even an ATM""; Speed Pitch near Section 130; First Aid office at Section 120. ""Sections 117-120 and 177-179 at Progressive Field actually have decent sight lines, but they're also the furthest away."" UNKNOWN .","HIGH - zone, rows, location and seat direction stated by the source"
180,Field Level (100s),Bleachers,"Left Field Bleachers seating includes Sections 180-185, located in a grandstand above the left field wall at Progressive Field. This elevated setup places fans directly in home run territory while still providing a strong view back toward home plate.",21,toward third base / left field,E-Y,E,"Stairway aisles run along both side edges of the section; rows are not split by a mid-row aisle, so seat numbers run continuously from one side aisle to the other. The entry portal is at row E.","Facing the field, seat 1 is on your right. That puts seat 1 on the edge facing section 179, with seat numbers counting up toward the edge facing section 181. Seat 1 is the end of the row closest to home plate, and higher seat numbers run away from home plate.",not published,"""Left Field Bleachers are ideal for fans looking for a lively, classic baseball experience. These seats are perfect for fans who enjoy energy, atmosphere, and the chance to catch a home run, and don't mind sacrificing some comfort."" ""Seats are bench-style bleachers, meaning there are no individual seat dividers or armrests, but they do include back support."" section sits ""in a grandstand above the left field wall,"" placing fans ""directly in home run territory."" main videoboard is directly behind the section and requires turning around to view; front row sits behind a railing. ""Left Field Bleachers are all about energy and tradition. These seats may not be the most comfortable, but they offer a fun, immersive experience with a strong connection to the game and crowd atmosphere.""","HIGH - zone, rows, location and seat direction stated by the source"
181,Field Level (100s),Bleachers,"Left Field Bleachers seating includes Sections 180-185, located in a grandstand above the left field wall at Progressive Field. This elevated setup places fans directly in home run territory while still providing a strong view back toward home plate.",22,toward third base / left field,A-Y,A,"Stairway aisles run along both side edges of the section; rows are not split by a mid-row aisle, so seat numbers run continuously from one side aisle to the other. The entry portal is at row A.","Facing the field, seat 1 is on your right. That puts seat 1 on the edge facing section 180, with seat numbers counting up toward the edge facing section 182. Seat 1 is the end of the row closest to home plate, and higher seat numbers run away from home plate.",not published,"""Seats are bench-style bleachers, meaning there are no individual seat dividers or armrests, but they do include back support."" section sits ""in a grandstand above the left field wall,"" placing fans ""directly in home run territory."" main videoboard is directly behind the section and requires turning around to view; front row sits behind a railing. ""Left Field Bleachers are all about energy and tradition. These seats may not be the most comfortable, but they offer a fun, immersive experience with a strong connection to the game and crowd atmosphere.""","HIGH - zone, rows, location and seat direction stated by the source"
182,Field Level (100s),Bleachers,"Left Field Bleachers seating includes Sections 180-185, located in a grandstand above the left field wall at Progressive Field. This elevated setup places fans directly in home run territory while still providing a strong view back toward home plate.",23,toward third base / left field,A-Y,A,"Stairway aisles run along both side edges of the section; rows are not split by a mid-row aisle, so seat numbers run continuously from one side aisle to the other. The entry portal is at row A.","Facing the field, seat 1 is on your right. That puts seat 1 on the edge facing section 181, with seat numbers counting up toward the edge facing section 183. Seat 1 is the end of the row closest to home plate, and higher seat numbers run away from home plate.",not published,"""Seats are bench-style bleachers, meaning there are no individual seat dividers or armrests, but they do include back support."" section sits ""in a grandstand above the left field wall,"" placing fans ""directly in home run territory."" main videoboard is directly behind the section and requires turning around to view; front row sits behind a railing. ""Left Field Bleachers are all about energy and tradition. These seats may not be the most comfortable, but they offer a fun, immersive experience with a strong connection to the game and crowd atmosphere.""","HIGH - zone, rows, location and seat direction stated by the source"
183,Field Level (100s),Bleachers,"Left Field Bleachers seating includes Sections 180-185, located in a grandstand above the left field wall at Progressive Field. This elevated setup places fans directly in home run territory while still providing a strong view back toward home plate.",24,toward third base / left field,A-Y,A,"Stairway aisles run along both side edges of the section; rows are not split by a mid-row aisle, so seat numbers run continuously from one side aisle to the other. The entry portal is at row A.","Facing the field, seat 1 is on your right. That puts seat 1 on the edge facing section 182, with seat numbers counting up toward the edge facing section 184. Seat 1 is the end of the row closest to home plate, and higher seat numbers run away from home plate.",not published,"""At the top of the section, fans will find one of the area's most unique features - a celebrity drummer, adding to the energy and atmosphere of the bleachers."" ""Seats are bench-style bleachers, meaning there are no individual seat dividers or armrests, but they do include back support."" section sits ""in a grandstand above the left field wall,"" placing fans ""directly in home run territory."" main videoboard is directly behind the section and requires turning around to view; front row sits behind a railing. ""Left Field Bleachers are all about energy and tradition. These seats may not be the most comfortable, but they offer a fun, immersive experience with a strong connection to the game and crowd atmosphere.""","HIGH - zone, rows, location and seat direction stated by the source"
184,Field Level (100s),Bleachers,"Left Field Bleachers seating includes Sections 180-185, located in a grandstand above the left field wall at Progressive Field. This elevated setup places fans directly in home run territory while still providing a strong view back toward home plate.",25,toward third base / left field,A-Y,A,"Stairway aisles run along both side edges of the section; rows are not split by a mid-row aisle, so seat numbers run continuously from one side aisle to the other. The entry portal is at row A.","Facing the field, seat 1 is on your right. That puts seat 1 on the edge facing section 183, with seat numbers counting up toward the edge facing section 185. Seat 1 is the end of the row closest to home plate, and higher seat numbers run away from home plate.",not published,"""Seats are bench-style bleachers, meaning there are no individual seat dividers or armrests, but they do include back support."" section sits ""in a grandstand above the left field wall,"" placing fans ""directly in home run territory."" main videoboard is directly behind the section and requires turning around to view; front row sits behind a railing. ""Left Field Bleachers are all about energy and tradition. These seats may not be the most comfortable, but they offer a fun, immersive experience with a strong connection to the game and crowd atmosphere.""","HIGH - zone, rows, location and seat direction stated by the source"
185,Field Level (100s),Bleachers,"Left Field Bleachers seating includes Sections 180-185, located in a grandstand above the left field wall at Progressive Field. This elevated setup places fans directly in home run territory while still providing a strong view back toward home plate.",26,toward third base / left field,A-Y,A,"Stairway aisles run along both side edges of the section; rows are not split by a mid-row aisle, so seat numbers run continuously from one side aisle to the other. The entry portal is at row A.","Facing the field, seat 1 is on your right. That puts seat 1 on the edge facing section 184, with seat numbers counting up toward the far edge of the section, with no further section beyond it on that side. Seat 1 is the end of the row closest to home plate, and higher seat numbers run away from home plate.",not published,"""Seats are bench-style bleachers, meaning there are no individual seat dividers or armrests, but they do include back support."" section sits ""in a grandstand above the left field wall,"" placing fans ""directly in home run territory."" main videoboard is directly behind the section and requires turning around to view; front row sits behind a railing. ""Left Field Bleachers are all about energy and tradition. These seats may not be the most comfortable, but they offer a fun, immersive experience with a strong connection to the game and crowd atmosphere.""","HIGH - zone, rows, location and seat direction stated by the source"
303,Mezzanine and Press Level (300s),Mezzanine Outfield,"Mezzanine Outfield seats are located in the second deck of outfield seating in Right Field. These aren't the outfield seats you choose to sit in for catching a home run ball -- they're just too far away. In addition, they are among the last sections in the park to get shade. They're good bargain seats as long as it's not too hot and sunny.",,not established for this level,A-U,U,"Stairway aisles run along both side edges of the section; rows are not split by a mid-row aisle, so seat numbers run continuously from one side aisle to the other. The entry portal is at row U.","Facing the field, seat 1 is on your right. That puts seat 1 on the far edge of the section, with no further section beyond it on that side, with seat numbers counting up toward the edge facing section 304.",not published,"Mezzanine Outfield sections are ""among the last sections in the park to get shade""; ""Rows M and above are under cover."" ""Rows M-U are recommended for kids and family.""","HIGH - zone, rows, location and seat direction stated by the source"
304,Mezzanine and Press Level (300s),Mezzanine Outfield,"Mezzanine Outfield seats are located in the second deck of outfield seating in Right Field. These aren't the outfield seats you choose to sit in for catching a home run ball -- they're just too far away. In addition, they are among the last sections in the park to get shade. They're good bargain seats as long as it's not too hot and sunny.",,not established for this level,A-U,U,"Stairway aisles run along both side edges of the section; rows are not split by a mid-row aisle, so seat numbers run continuously from one side aisle to the other. The entry portal is at row U.","Facing the field, seat 1 is on your right. That puts seat 1 on the edge facing section 303, with seat numbers counting up toward the edge facing section 307.",not published,"Mezzanine Outfield sections are ""among the last sections in the park to get shade""; ""Rows M and above are under cover."" ""Rows M-U are recommended for kids and family.""","HIGH - zone, rows, location and seat direction stated by the source"
307,Mezzanine and Press Level (300s),Mezzanine Outfield,"Mezzanine Outfield seats are located in the second deck of outfield seating in Right Field. These aren't the outfield seats you choose to sit in for catching a home run ball -- they're just too far away. In addition, they are among the last sections in the park to get shade. They're good bargain seats as long as it's not too hot and sunny.",,not established for this level,A-U,U,"Stairway aisles run along both side edges of the section; rows are not split by a mid-row aisle, so seat numbers run continuously from one side aisle to the other. The entry portal is at row U.","Facing the field, seat 1 is on your right. That puts seat 1 on the edge facing section 304, with seat numbers counting up toward the edge facing section 309.",not published,"Mezzanine Outfield sections are ""among the last sections in the park to get shade""; ""Rows M and above are under cover."" ""Rows M-U are recommended for kids and family.""","HIGH - zone, rows, location and seat direction stated by the source"
309,Mezzanine and Press Level (300s),Mezzanine Outfield,"Mezzanine Outfield seats are located in the second deck of outfield seating in Right Field. These aren't the outfield seats you choose to sit in for catching a home run ball -- they're just too far away. In addition, they are among the last sections in the park to get shade. They're good bargain seats as long as it's not too hot and sunny.",,not established for this level,A-U,U,"Stairway aisles run along both side edges of the section; rows are not split by a mid-row aisle, so seat numbers run continuously from one side aisle to the other. The entry portal is at row U.","Facing the field, seat 1 is on your right. That puts seat 1 on the edge facing section 307, with seat numbers counting up toward the edge facing section 311.",not published,"Mezzanine Outfield sections are ""among the last sections in the park to get shade""; ""Rows M and above are under cover."" ""Rows M-U are recommended for kids and family.""","HIGH - zone, rows, location and seat direction stated by the source"
311,Mezzanine and Press Level (300s),Mezzanine Outfield,"Mezzanine Outfield seats are located in the second deck of outfield seating in Right Field. These aren't the outfield seats you choose to sit in for catching a home run ball -- they're just too far away. In addition, they are among the last sections in the park to get shade. They're good bargain seats as long as it's not too hot and sunny.",,not established for this level,A-U,U,"Stairway aisles run along both side edges of the section; rows are not split by a mid-row aisle, so seat numbers run continuously from one side aisle to the other. The entry portal is at row U.","Facing the field, seat 1 is on your right. That puts seat 1 on the edge facing section 309, with seat numbers counting up toward the edge facing section 316.",not published,"Mezzanine Outfield sections are ""among the last sections in the park to get shade""; ""Rows M and above are under cover."" ""Rows M-U are recommended for kids and family.""","HIGH - zone, rows, location and seat direction stated by the source"
316,Mezzanine and Press Level (300s),Mezzanine Outfield,"Mezzanine Outfield seats are located in the second deck of outfield seating in Right Field. These aren't the outfield seats you choose to sit in for catching a home run ball -- they're just too far away. In addition, they are among the last sections in the park to get shade. They're good bargain seats as long as it's not too hot and sunny.",,not established for this level,A-U,U,"Stairway aisles run along both side edges of the section; rows are not split by a mid-row aisle, so seat numbers run continuously from one side aisle to the other. The entry portal is at row U.","Facing the field, seat 1 is on your right. That puts seat 1 on the edge facing section 311, with seat numbers counting up toward the edge facing section 326.",not published,"""In Section 316, you may have to compete with the right field foul pole for clear views of the field. To limit the obstruction, we recommend sitting on the right side of the section (closer to center field) which will be in the lower numbered seats. From Section 316, it will also be difficult to follow any plays up against the right field wall. For the best views in right field, we recommend looking for seats in Section 109, as you will not have the foul pole in your line of sight, and you will be sitting closer to the field level."" Mezzanine Outfield sections are ""among the last sections in the park to get shade""; ""Rows M and above are under cover."" ""Rows M-U are recommended for kids and family.""","HIGH - zone, rows, location and seat direction stated by the source"
326,Mezzanine and Press Level (300s),Club Seats,"Located in Sections 326-348 with an elevated view of the entire field""; ""located on the Press Level in Sections 326-348, primarily along the first base side of the field",,not established for this level,D-T,T,"Stairway aisles run along both side edges of the section; rows are not split by a mid-row aisle, so seat numbers run continuously from one side aisle to the other. The entry portal is at row T.","Facing the field, seat 1 is on your right. That puts seat 1 on the edge facing section 316, with seat numbers counting up toward the edge facing section 328.",not published,"""Complimentary food and non-alcoholic beverages during Guardians games""; ""Wide, padded seats positioned along a drink rail""; ""Premium Club Lounge Access: Indoor lounge featuring comfortable seating, TVs, and a rotating food menu"". ""Rows M and above are under cover"". seats are ""exposed to weather elements, meaning fans may experience sun during day games or rain during inclement weather"". Obstructed views, accessible/wheelchair rows and steepness NOT STATED.","HIGH - zone, rows, location and seat direction stated by the source"
328,Mezzanine and Press Level (300s),Club Seats,"Located in Sections 326-348 with an elevated view of the entire field""; ""located on the Press Level in Sections 326-348, primarily along the first base side",,not established for this level,A-T,T,"Stairway aisles run along both side edges of the section; rows are not split by a mid-row aisle, so seat numbers run continuously from one side aisle to the other. The entry portal is at row T.","Facing the field, seat 1 is on your right. That puts seat 1 on the edge facing section 326, with seat numbers counting up toward the edge facing section 330.",not published,"all-inclusive food, complimentary non-alcoholic beverages, climate-controlled Club Lounge, extra-wide padded seats, drink rail, limited seat-side tables. ""Rows M and above are under cover"". ""exposed to weather elements, meaning fans may experience sun during day games or rain during inclement weather"". Obstructed views, accessible/wheelchair rows and steepness NOT STATED.","HIGH - zone, rows, location and seat direction stated by the source"
330,Mezzanine and Press Level (300s),Club Seats,"Located in Sections 326-348 with an elevated view of the entire field""; ""located on the Press Level in Sections 326-348, primarily along the first base side",,not established for this level,A-T,T,"Stairway aisles run along both side edges of the section; rows are not split by a mid-row aisle, so seat numbers run continuously from one side aisle to the other. The entry portal is at row T.","Facing the field, seat 1 is on your right. That puts seat 1 on the edge facing section 328, with seat numbers counting up toward the edge facing section 332.",not published,"""All-inclusive food service"", ""Complimentary non-alcoholic beverages"", ""Climate-controlled Club Lounge"", ""Extra-wide padded seats"", ""drink rail"". ""Rows M & Above - Covered"". ""Exposed to weather elements, meaning fans may experience sun during day games or rain during inclement weather"". Obstructed views, accessible/wheelchair rows and steepness NOT STATED.","HIGH - zone, rows, location and seat direction stated by the source"
332,Mezzanine and Press Level (300s),Club Seats,"Located in Sections 326-348 with an elevated view of the entire field""; ""located on the Press Level in Sections 326-348, primarily along the first base side of the field",,not established for this level,A-T,T,"Stairway aisles run along both side edges of the section; rows are not split by a mid-row aisle, so seat numbers run continuously from one side aisle to the other. The entry portal is at row T.","Facing the field, seat 1 is on your right. That puts seat 1 on the edge facing section 330, with seat numbers counting up toward the edge facing section 334.",not published,"""All-inclusive food service with a rotating menu"", ""Complimentary non-alcoholic beverages"", ""Climate-controlled Club Lounge"", ""Extra-wide padded stadium seats"", ""Drink rail and limited seat-side tables"". ""Rows M & Above - Covered"". ""exposed to weather elements, meaning fans may experience sun during day games or rain during inclement weather"". Obstructed views, accessible/wheelchair rows and steepness NOT STATED.","HIGH - zone, rows, location and seat direction stated by the source"
334,Mezzanine and Press Level (300s),Club Seats,"Located in Sections 326-348 with an elevated view of the entire field""; ""located on the Press Level in Sections 326-348, primarily along the first base side",,not established for this level,A-T,T,"Stairway aisles run along both side edges of the section; rows are not split by a mid-row aisle, so seat numbers run continuously from one side aisle to the other. The entry portal is at row T.","Facing the field, seat 1 is on your right. That puts seat 1 on the edge facing section 332, with seat numbers counting up toward the edge facing section 336.",not published,"all-inclusive food, complimentary non-alcoholic beverages, climate-controlled lounge, extra-wide padded seats, drink rail. Rows M and above are covered. ""Exposed to weather elements, meaning fans may experience sun during day games or rain"". Obstructed views, accessible/wheelchair rows and steepness NOT STATED.","HIGH - zone, rows, location and seat direction stated by the source"
336,Mezzanine and Press Level (300s),Club Seats,"Located in Sections 326-348 with an elevated view of the entire field""; ""located on the Press Level in Sections 326-348, primarily along the first base side of the field",,not established for this level,A-T,T,"Stairway aisles run along both side edges of the section; rows are not split by a mid-row aisle, so seat numbers run continuously from one side aisle to the other. The entry portal is at row T.","Facing the field, seat 1 is on your right. That puts seat 1 on the edge facing section 334, with seat numbers counting up toward the edge facing section 338.",not published,"all-inclusive food, complimentary non-alcoholic beverages, access to climate-controlled Club Lounge with TVs, extra-wide padded seats, drink rail, limited seat-side tables. ""Rows M & Above - Covered"". ""exposed to weather elements, meaning fans may experience sun during day games or rain"". Obstructed views, accessible/wheelchair rows and steepness NOT STATED.","HIGH - zone, rows, location and seat direction stated by the source"
338,Mezzanine and Press Level (300s),Club Seats,"Located in Sections 326-348 with an elevated view of the entire field""; ""located on the Press Level in Sections 326-348, primarily along the first base side",,not established for this level,A-T,T,"Stairway aisles run along both side edges of the section; rows are not split by a mid-row aisle, so seat numbers run continuously from one side aisle to the other. The entry portal is at row T.","Facing the field, seat 1 is on your right. That puts seat 1 on the edge facing section 336, with seat numbers counting up toward the edge facing section 340.",not published,"all-inclusive food service, complimentary non-alcoholic beverages, climate-controlled lounge, extra-wide padded seats, drink rail, limited seat-side tables. ""Rows M & Above - Covered"". exposed to weather; sun during day games, rain during inclement weather. Obstructed views, accessible/wheelchair rows and steepness NOT STATED.","HIGH - zone, rows, location and seat direction stated by the source"
340,Mezzanine and Press Level (300s),Club Seats,"Located in Sections 326-348 with an elevated view of the entire field""; ""located on the Press Level in Sections 326-348, primarily along the first base side",,not established for this level,A-T,T,"Stairway aisles run along both side edges of the section; rows are not split by a mid-row aisle, so seat numbers run continuously from one side aisle to the other. The entry portal is at row T.","Facing the field, seat 1 is on your right. That puts seat 1 on the edge facing section 338, with seat numbers counting up toward the edge facing section 342.",not published,"all-inclusive food service, complimentary non-alcoholic beverages, climate-controlled lounge, extra-wide padded seats, drink rail. ""Rows M & Above - Covered"". ""Exposed to weather elements, meaning fans may experience sun during day games or rain during inclement weather"". Obstructed views, accessible/wheelchair rows and steepness NOT STATED.","HIGH - zone, rows, location and seat direction stated by the source"
342,Mezzanine and Press Level (300s),Club Seats,Located in Sections 326-348 with an elevated view of the entire field,,not established for this level,A-T,T,"Stairway aisles run along both side edges of the section; rows are not split by a mid-row aisle, so seat numbers run continuously from one side aisle to the other. The entry portal is at row T.","Facing the field, seat 1 is on your right. That puts seat 1 on the edge facing section 340, with seat numbers counting up toward the edge facing section 344.",not published,"all-inclusive food service, complimentary non-alcoholic beverages, climate-controlled lounge, extra-wide padded seats, drink rail. Rows M and above. exposed to weather elements; fans may experience sun during day games or rain during inclement weather. Obstructed views, accessible/wheelchair rows and steepness NOT STATED.","HIGH - zone, rows, location and seat direction stated by the source"
344,Mezzanine and Press Level (300s),Club Seats,"Located in Sections 326-348 with an elevated view of the entire field""; ""located on the Press Level in Sections 326-348, primarily along the first base side of the field",,not established for this level,A-T,T,"Stairway aisles run along both side edges of the section; rows are not split by a mid-row aisle, so seat numbers run continuously from one side aisle to the other. The entry portal is at row T.","Facing the field, seat 1 is on your right. That puts seat 1 on the edge facing section 342, with seat numbers counting up toward the edge facing section 346.",not published,"all-inclusive food, complimentary non-alcoholic beverages, climate-controlled lounge, extra-wide padded seats, drink rail, limited seat-side tables. ""Rows M & Above - Covered"". ""Exposed to weather elements, meaning fans may experience sun during day games or rain during inclement weather"". Obstructed views, accessible/wheelchair rows and steepness NOT STATED.","HIGH - zone, rows, location and seat direction stated by the source"
346,Mezzanine and Press Level (300s),Club Seats,"Located in Sections 326-348 with an elevated view of the entire field""; ""located on the Press Level in Sections 326-348, primarily along the first base side",,not established for this level,A-T,T,"Stairway aisles run along both side edges of the section; rows are not split by a mid-row aisle, so seat numbers run continuously from one side aisle to the other. The entry portal is at row T.","Facing the field, seat 1 is on your right. That puts seat 1 on the edge facing section 344, with seat numbers counting up toward the edge facing section 348.",not published,"all-inclusive food service, complimentary non-alcoholic beverages, climate-controlled Club Lounge with TVs, extra-wide padded seats, drink rail, limited seat-side tables. ""Rows M & Above - Covered"". exposed to weather on the outer edge during day games or rain. Obstructed views, accessible/wheelchair rows and steepness NOT STATED.","HIGH - zone, rows, location and seat direction stated by the source"
348,Mezzanine and Press Level (300s),Club Seats,"Located in Sections 326-348 with an elevated view of the entire field""; ""located on the Press Level in Sections 326-348, primarily along the first base side of the field",,not established for this level,C-T,T,"Stairway aisles run along both side edges of the section; rows are not split by a mid-row aisle, so seat numbers run continuously from one side aisle to the other. The entry portal is at row T.","Facing the field, seat 1 is on your right. That puts seat 1 on the edge facing section 346, with seat numbers counting up toward the far edge of the section, with no further section beyond it on that side.",not published,"all-inclusive food, complimentary non-alcoholic beverages, climate-controlled lounge, indoor seating with TVs, extra-wide padded seats, drink rail. Rows M and above are under cover. seats are exposed to weather elements; fans may experience sun during day games or rain during inclement weather. Obstructed views, accessible/wheelchair rows and steepness NOT STATED.","HIGH - zone, rows, location and seat direction stated by the source"
403,Upper Level (400s),Outfield Above Mezzanine,The third deck of seating in right field is above the mezzanine.,42,toward first base / right field,A-F,F,"Stairway aisles run along both side edges of the section; rows are not split by a mid-row aisle, so seat numbers run continuously from one side aisle to the other. The entry portal is at row F.","Facing the field, seat 1 is on your right. That puts seat 1 on the far edge of the section, with no further section beyond it on that side, with seat numbers counting up toward the edge facing section 404. Seat 1 is the end of the row farthest from home plate, and higher seat numbers run back toward home plate.",not published,"""These seats are high, steep and sunny, which is why they are among the cheapest seats at Progressive Field.""","HIGH - zone, rows, location and seat direction stated by the source"
404,Upper Level (400s),Outfield Above Mezzanine,The third deck of seating in right field is above the mezzanine.,41,toward first base / right field,A-F,F,"Stairway aisles run along both side edges of the section; rows are not split by a mid-row aisle, so seat numbers run continuously from one side aisle to the other. The entry portal is at row F.","Facing the field, seat 1 is on your right. That puts seat 1 on the edge facing section 403, with seat numbers counting up toward the edge facing section 405. Seat 1 is the end of the row farthest from home plate, and higher seat numbers run back toward home plate.",not published,"""These seats are high, steep and sunny, which is why they are among the cheapest seats at Progressive Field.""","HIGH - zone, rows, location and seat direction stated by the source"
405,Upper Level (400s),Outfield Above Mezzanine,The third deck of seating in right field is above the mezzanine.,40,toward first base / right field,A-F,F,"Stairway aisles run along both side edges of the section; rows are not split by a mid-row aisle, so seat numbers run continuously from one side aisle to the other. The entry portal is at row F.","Facing the field, seat 1 is on your right. That puts seat 1 on the edge facing section 404, with seat numbers counting up toward the edge facing section 406. Seat 1 is the end of the row farthest from home plate, and higher seat numbers run back toward home plate.",not published,"""These seats are high, steep and sunny, which is why they are among the cheapest seats at Progressive Field.""","HIGH - zone, rows, location and seat direction stated by the source"
406,Upper Level (400s),Outfield Above Mezzanine,The third deck of seating in right field is above the mezzanine.,39,toward first base / right field,A-F,F,"Stairway aisles run along both side edges of the section; rows are not split by a mid-row aisle, so seat numbers run continuously from one side aisle to the other. The entry portal is at row F.","Facing the field, seat 1 is on your right. That puts seat 1 on the edge facing section 405, with seat numbers counting up toward the edge facing section 407. Seat 1 is the end of the row farthest from home plate, and higher seat numbers run back toward home plate.",not published,"""These seats are high, steep and sunny, which is why they are among the cheapest seats at Progressive Field.""","HIGH - zone, rows, location and seat direction stated by the source"
407,Upper Level (400s),Outfield Above Mezzanine,The third deck of seating in right field is above the mezzanine.,38,toward first base / right field,A-F,F,"Stairway aisles run along both side edges of the section; rows are not split by a mid-row aisle, so seat numbers run continuously from one side aisle to the other. The entry portal is at row F.","Facing the field, seat 1 is on your right. That puts seat 1 on the edge facing section 406, with seat numbers counting up toward the edge facing section 408. Seat 1 is the end of the row farthest from home plate, and higher seat numbers run back toward home plate.",not published,"""These seats are high, steep and sunny, which is why they are among the cheapest seats at Progressive Field.""","HIGH - zone, rows, location and seat direction stated by the source"
408,Upper Level (400s),Outfield Above Mezzanine,The third deck of seating in right field is above the mezzanine.,37,toward first base / right field,A-F,F,"Stairway aisles run along both side edges of the section; rows are not split by a mid-row aisle, so seat numbers run continuously from one side aisle to the other. The entry portal is at row F.","Facing the field, seat 1 is on your right. That puts seat 1 on the edge facing section 407, with seat numbers counting up toward the edge facing section 409. Seat 1 is the end of the row farthest from home plate, and higher seat numbers run back toward home plate.",not published,"""These seats are high, steep and sunny, which is why they are among the cheapest seats at Progressive Field.""","HIGH - zone, rows, location and seat direction stated by the source"
409,Upper Level (400s),Outfield Above Mezzanine,The third deck of seating in right field is above the mezzanine.,36,toward first base / right field,A-F,F,"Stairway aisles run along both side edges of the section; rows are not split by a mid-row aisle, so seat numbers run continuously from one side aisle to the other. The entry portal is at row F.","Facing the field, seat 1 is on your right. That puts seat 1 on the edge facing section 408, with seat numbers counting up toward the edge facing section 410. Seat 1 is the end of the row farthest from home plate, and higher seat numbers run back toward home plate.",not published,"""These seats are high, steep and sunny, which is why they are among the cheapest seats at Progressive Field.""","HIGH - zone, rows, location and seat direction stated by the source"
410,Upper Level (400s),Outfield Above Mezzanine,The third deck of seating in right field is above the mezzanine.,35,toward first base / right field,A-F,F,"Stairway aisles run along both side edges of the section; rows are not split by a mid-row aisle, so seat numbers run continuously from one side aisle to the other. The entry portal is at row F.","Facing the field, seat 1 is on your right. That puts seat 1 on the edge facing section 409, with seat numbers counting up toward the edge facing section 411. Seat 1 is the end of the row farthest from home plate, and higher seat numbers run back toward home plate.",not published,"""These seats are high, steep and sunny, which is why they are among the cheapest seats at Progressive Field.""","HIGH - zone, rows, location and seat direction stated by the source"
411,Upper Level (400s),Outfield Above Mezzanine,The third deck of seating in right field is above the mezzanine.,34,toward first base / right field,A-F,F,"Stairway aisles run along both side edges of the section; rows are not split by a mid-row aisle, so seat numbers run continuously from one side aisle to the other. The entry portal is at row F.","Facing the field, seat 1 is on your right. That puts seat 1 on the edge facing section 410, with seat numbers counting up toward the edge facing section 412. Seat 1 is the end of the row farthest from home plate, and higher seat numbers run back toward home plate.",not published,"RYS expert review for zone ""Outfield Above Mezzanine"": ""The third deck of seating in right field is above the mezzanine. These seats are high, steep and sunny, which is why they are among the cheapest seats at Progressive Field."" //www.rateyourseats.com/progressive-field/seating/sections/411","HIGH - zone, rows, location and seat direction stated by the source"
412,Upper Level (400s),Outfield Above Mezzanine,The third deck of seating in right field is above the mezzanine.,33,toward first base / right field,A-F,F,"Stairway aisles run along both side edges of the section; rows are not split by a mid-row aisle, so seat numbers run continuously from one side aisle to the other. The entry portal is at row F.","Facing the field, seat 1 is on your right. That puts seat 1 on the edge facing section 411, with seat numbers counting up toward the edge facing section 413. Seat 1 is the end of the row farthest from home plate, and higher seat numbers run back toward home plate.",not published,"RYS expert review for zone ""Outfield Above Mezzanine"": ""The third deck of seating in right field is above the mezzanine. These seats are high, steep and sunny, which is why they are among the cheapest seats at Progressive Field."" //www.rateyourseats.com/progressive-field/seating/sections/412","HIGH - zone, rows, location and seat direction stated by the source"
413,Upper Level (400s),Outfield Above Mezzanine,The third deck of seating in right field is above the mezzanine.,32,toward first base / right field,A-F,F,"Stairway aisles run along both side edges of the section; rows are not split by a mid-row aisle, so seat numbers run continuously from one side aisle to the other. The entry portal is at row F.","Facing the field, seat 1 is on your right. That puts seat 1 on the edge facing section 412, with seat numbers counting up toward the edge facing section 414. Seat 1 is the end of the row farthest from home plate, and higher seat numbers run back toward home plate.",not published,"RYS expert review for zone ""Outfield Above Mezzanine"": ""The third deck of seating in right field is above the mezzanine. These seats are high, steep and sunny, which is why they are among the cheapest seats at Progressive Field."" //www.rateyourseats.com/progressive-field/seating/sections/413","HIGH - zone, rows, location and seat direction stated by the source"
414,Upper Level (400s),Outfield Above Mezzanine,The third deck of seating in right field is above the mezzanine.,31,toward first base / right field,A-F,F,"Stairway aisles run along both side edges of the section; rows are not split by a mid-row aisle, so seat numbers run continuously from one side aisle to the other. The entry portal is at row F.","Facing the field, seat 1 is on your right. That puts seat 1 on the edge facing section 413, with seat numbers counting up toward the edge facing section 415. Seat 1 is the end of the row farthest from home plate, and higher seat numbers run back toward home plate.",not published,"RYS expert review for zone ""Outfield Above Mezzanine"": ""The third deck of seating in right field is above the mezzanine. These seats are high, steep and sunny, which is why they are among the cheapest seats at Progressive Field."" //www.rateyourseats.com/progressive-field/seating/sections/414","HIGH - zone, rows, location and seat direction stated by the source"
415,Upper Level (400s),Outfield Above Mezzanine,The third deck of seating in right field is above the mezzanine.,30,toward first base / right field,A-F,F,"Stairway aisles run along both side edges of the section; rows are not split by a mid-row aisle, so seat numbers run continuously from one side aisle to the other. The entry portal is at row F.","Facing the field, seat 1 is on your right. That puts seat 1 on the edge facing section 414, with seat numbers counting up toward the edge facing section 416. Seat 1 is the end of the row farthest from home plate, and higher seat numbers run back toward home plate.",not published,"RYS expert review for zone ""Outfield Above Mezzanine"": ""The third deck of seating in right field is above the mezzanine. These seats are high, steep and sunny, which is why they are among the cheapest seats at Progressive Field."" //www.rateyourseats.com/progressive-field/seating/sections/415","HIGH - zone, rows, location and seat direction stated by the source"
416,Upper Level (400s),Outfield Above Mezzanine,The third deck of seating in right field is above the mezzanine.,29,toward first base / right field,A-F,F,"Stairway aisles run along both side edges of the section; rows are not split by a mid-row aisle, so seat numbers run continuously from one side aisle to the other. The entry portal is at row F.","Facing the field, seat 1 is on your right. That puts seat 1 on the edge facing section 415, with seat numbers counting up toward the edge facing section 417. Seat 1 is the end of the row farthest from home plate, and higher seat numbers run back toward home plate.",not published,"RYS expert review for zone ""Outfield Above Mezzanine"": ""The third deck of seating in right field is above the mezzanine. These seats are high, steep and sunny, which is why they are among the cheapest seats at Progressive Field."" //www.rateyourseats.com/progressive-field/seating/sections/416","HIGH - zone, rows, location and seat direction stated by the source"
417,Upper Level (400s),Outfield Above Mezzanine,The third deck of seating in right field is above the mezzanine.,28,toward first base / right field,A-F,F,"Stairway aisles run along both side edges of the section; rows are not split by a mid-row aisle, so seat numbers run continuously from one side aisle to the other. The entry portal is at row F.","Facing the field, seat 1 is on your right. That puts seat 1 on the edge facing section 416, with seat numbers counting up toward the edge facing section 418. Seat 1 is the end of the row farthest from home plate, and higher seat numbers run back toward home plate.",not published,"RYS expert review for zone ""Outfield Above Mezzanine"": ""The third deck of seating in right field is above the mezzanine. These seats are high, steep and sunny, which is why they are among the cheapest seats at Progressive Field."" //www.rateyourseats.com/progressive-field/seating/sections/417","HIGH - zone, rows, location and seat direction stated by the source"
418,Upper Level (400s),Outfield Above Mezzanine,The third deck of seating in right field is above the mezzanine.,27,toward first base / right field,A-F,F,"Stairway aisles run along both side edges of the section; rows are not split by a mid-row aisle, so seat numbers run continuously from one side aisle to the other. The entry portal is at row F.","Facing the field, seat 1 is on your right. That puts seat 1 on the edge facing section 417, with seat numbers counting up toward the edge facing section 419. Seat 1 is the end of the row farthest from home plate, and higher seat numbers run back toward home plate.",not published,"RYS expert review for zone ""Outfield Above Mezzanine"": ""The third deck of seating in right field is above the mezzanine. These seats are high, steep and sunny, which is why they are among the cheapest seats at Progressive Field."" //www.rateyourseats.com/progressive-field/seating/sections/418","HIGH - zone, rows, location and seat direction stated by the source"
419,Upper Level (400s),Outfield Above Mezzanine,The third deck of seating in right field is above the mezzanine.,26,toward first base / right field,A-F,F,"Stairway aisles run along both side edges of the section; rows are not split by a mid-row aisle, so seat numbers run continuously from one side aisle to the other. The entry portal is at row F.","Facing the field, seat 1 is on your right. That puts seat 1 on the edge facing section 418, with seat numbers counting up toward the edge facing section 420. Seat 1 is the end of the row farthest from home plate, and higher seat numbers run back toward home plate.",not published,"RYS expert review for zone ""Outfield Above Mezzanine"": ""The third deck of seating in right field is above the mezzanine. These seats are high, steep and sunny, which is why they are among the cheapest seats at Progressive Field."" //www.rateyourseats.com/progressive-field/seating/sections/419","HIGH - zone, rows, location and seat direction stated by the source"
420,Upper Level (400s),Upper Level Down the Line,not stated by the source,25,toward first base / right field,A-F,F,"Stairway aisles run along both side edges of the section; rows are not split by a mid-row aisle, so seat numbers run continuously from one side aisle to the other. The entry portal is at row F.","Facing the field, seat 1 is on your right. That puts seat 1 on the edge facing section 419, with seat numbers counting up toward the edge facing section 421. Seat 1 is the end of the row farthest from home plate, and higher seat numbers run back toward home plate.",not published,"RYS expert review for zone ""Upper Level Down the Line"": ""Like Infield seating in the Upper Level, you will want to focus on seats in the 400 Level. These seats are closer to the field (better view) and won't have you walking up dozens of stairs. The concessions are few and far between on these levels, so don't come to the ballpark too hungry or thirsty. Sections 469-478 and 570-577 are among the first seats in the stadium to get shade."" The shade note names sections 469-478 and 570-577, not this section. //www.rateyourseats.com/progressive-field/seating/sections/420","MEDIUM - rows and zone confirmed, the source does not place this section"
421,Upper Level (400s),Upper Level Down the Line,not stated by the source,24,toward first base / right field,A-F,F,"Stairway aisles run along both side edges of the section; rows are not split by a mid-row aisle, so seat numbers run continuously from one side aisle to the other. The entry portal is at row F.","Facing the field, seat 1 is on your right. That puts seat 1 on the edge facing section 420, with seat numbers counting up toward the edge facing section 422. Seat 1 is the end of the row farthest from home plate, and higher seat numbers run back toward home plate.",not published,"RYS expert review for zone ""Upper Level Down the Line"": ""Like Infield seating in the Upper Level, you will want to focus on seats in the 400 Level. These seats are closer to the field (better view) and won't have you walking up dozens of stairs. The concessions are few and far between on these levels, so don't come to the ballpark too hungry or thirsty. Sections 469-478 and 570-577 are among the first seats in the stadium to get shade."" The shade note names sections 469-478 and 570-577, not this section. //www.rateyourseats.com/progressive-field/seating/sections/421","MEDIUM - rows and zone confirmed, the source does not place this section"
422,Upper Level (400s),Upper Level Down the Line,not stated by the source,23,toward first base / right field,A-F,F,"Stairway aisles run along both side edges of the section; rows are not split by a mid-row aisle, so seat numbers run continuously from one side aisle to the other. The entry portal is at row F.","Facing the field, seat 1 is on your right. That puts seat 1 on the edge facing section 421, with seat numbers counting up toward the edge facing section 423. Seat 1 is the end of the row farthest from home plate, and higher seat numbers run back toward home plate.",not published,"RYS expert review for zone ""Upper Level Down the Line"": ""Like Infield seating in the Upper Level, you will want to focus on seats in the 400 Level. These seats are closer to the field (better view) and won't have you walking up dozens of stairs. The concessions are few and far between on these levels, so don't come to the ballpark too hungry or thirsty. Sections 469-478 and 570-577 are among the first seats in the stadium to get shade."" The shade note names sections 469-478 and 570-577, not this section. //www.rateyourseats.com/progressive-field/seating/sections/422","MEDIUM - rows and zone confirmed, the source does not place this section"
423,Upper Level (400s),Upper Level Down the Line,not stated by the source,22,toward first base / right field,A-F,F,"Stairway aisles run along both side edges of the section; rows are not split by a mid-row aisle, so seat numbers run continuously from one side aisle to the other. The entry portal is at row F.","Facing the field, seat 1 is on your right. That puts seat 1 on the edge facing section 422, with seat numbers counting up toward the edge facing section 424. Seat 1 is the end of the row farthest from home plate, and higher seat numbers run back toward home plate.",not published,"RYS expert review for zone ""Upper Level Down the Line"": ""Like Infield seating in the Upper Level, you will want to focus on seats in the 400 Level. These seats are closer to the field (better view) and won't have you walking up dozens of stairs. The concessions are few and far between on these levels, so don't come to the ballpark too hungry or thirsty. Sections 469-478 and 570-577 are among the first seats in the stadium to get shade."" The shade note names sections 469-478 and 570-577, not this section. //www.rateyourseats.com/progressive-field/seating/sections/423","MEDIUM - rows and zone confirmed, the source does not place this section"
424,Upper Level (400s),Upper Level Down the Line,not stated by the source,21,toward first base / right field,A-F,F,"Stairway aisles run along both side edges of the section; rows are not split by a mid-row aisle, so seat numbers run continuously from one side aisle to the other. The entry portal is at row F.","Facing the field, seat 1 is on your right. That puts seat 1 on the edge facing section 423, with seat numbers counting up toward the edge facing section 425. Seat 1 is the end of the row farthest from home plate, and higher seat numbers run back toward home plate.",not published,"RYS expert review for zone ""Upper Level Down the Line"": ""Like Infield seating in the Upper Level, you will want to focus on seats in the 400 Level. These seats are closer to the field (better view) and won't have you walking up dozens of stairs. The concessions are few and far between on these levels, so don't come to the ballpark too hungry or thirsty. Sections 469-478 and 570-577 are among the first seats in the stadium to get shade."" The shade note names sections 469-478 and 570-577, not this section. //www.rateyourseats.com/progressive-field/seating/sections/424","MEDIUM - rows and zone confirmed, the source does not place this section"
425,Upper Level (400s),Upper Level Down the Line,not stated by the source,20,toward first base / right field,A-F,F,"Stairway aisles run along both side edges of the section; rows are not split by a mid-row aisle, so seat numbers run continuously from one side aisle to the other. The entry portal is at row F.","Facing the field, seat 1 is on your right. That puts seat 1 on the edge facing section 424, with seat numbers counting up toward the edge facing section 426. Seat 1 is the end of the row farthest from home plate, and higher seat numbers run back toward home plate.",not published,"RYS expert review for zone ""Upper Level Down the Line"": ""Like Infield seating in the Upper Level, you will want to focus on seats in the 400 Level. These seats are closer to the field (better view) and won't have you walking up dozens of stairs. The concessions are few and far between on these levels, so don't come to the ballpark too hungry or thirsty. Sections 469-478 and 570-577 are among the first seats in the stadium to get shade."" The shade note names sections 469-478 and 570-577, not this section. //www.rateyourseats.com/progressive-field/seating/sections/425","MEDIUM - rows and zone confirmed, the source does not place this section"
426,Upper Level (400s),Upper Level Down the Line,not stated by the source,19,toward first base / right field,A-F,F,"Stairway aisles run along both side edges of the section; rows are not split by a mid-row aisle, so seat numbers run continuously from one side aisle to the other. The entry portal is at row F.","Facing the field, seat 1 is on your right. That puts seat 1 on the edge facing section 425, with seat numbers counting up toward the edge facing section 427. Seat 1 is the end of the row farthest from home plate, and higher seat numbers run back toward home plate.",not published,"RYS expert review for zone ""Upper Level Down the Line"": ""Like Infield seating in the Upper Level, you will want to focus on seats in the 400 Level. These seats are closer to the field (better view) and won't have you walking up dozens of stairs. The concessions are few and far between on these levels, so don't come to the ballpark too hungry or thirsty. Sections 469-478 and 570-577 are among the first seats in the stadium to get shade."" The shade note names sections 469-478 and 570-577, not this section. //www.rateyourseats.com/progressive-field/seating/sections/426","MEDIUM - rows and zone confirmed, the source does not place this section"
427,Upper Level (400s),Upper Level Down the Line,not stated by the source,18,toward first base / right field,A-F,F,"Stairway aisles run along both side edges of the section; rows are not split by a mid-row aisle, so seat numbers run continuously from one side aisle to the other. The entry portal is at row F.","Facing the field, seat 1 is on your right. That puts seat 1 on the edge facing section 426, with seat numbers counting up toward the edge facing section 428. Seat 1 is the end of the row farthest from home plate, and higher seat numbers run back toward home plate.",not published,"RYS expert review for zone ""Upper Level Down the Line"": ""Like Infield seating in the Upper Level, you will want to focus on seats in the 400 Level. These seats are closer to the field (better view) and won't have you walking up dozens of stairs. The concessions are few and far between on these levels, so don't come to the ballpark too hungry or thirsty. Sections 469-478 and 570-577 are among the first seats in the stadium to get shade."" The shade note names sections 469-478 and 570-577, not this section. //www.rateyourseats.com/progressive-field/seating/sections/427","MEDIUM - rows and zone confirmed, the source does not place this section"
428,Upper Level (400s),Upper Level Down the Line,not stated by the source,17,toward first base / right field,A-F,F,"Stairway aisles run along both side edges of the section; rows are not split by a mid-row aisle, so seat numbers run continuously from one side aisle to the other. The entry portal is at row F.","Facing the field, seat 1 is on your right. That puts seat 1 on the edge facing section 427, with seat numbers counting up toward the edge facing section 429. Seat 1 is the end of the row farthest from home plate, and higher seat numbers run back toward home plate.",not published,"RYS expert review for zone ""Upper Level Down the Line"": ""Like Infield seating in the Upper Level, you will want to focus on seats in the 400 Level. These seats are closer to the field (better view) and won't have you walking up dozens of stairs. The concessions are few and far between on these levels, so don't come to the ballpark too hungry or thirsty. Sections 469-478 and 570-577 are among the first seats in the stadium to get shade."" The shade note names sections 469-478 and 570-577, not this section. //www.rateyourseats.com/progressive-field/seating/sections/428","MEDIUM - rows and zone confirmed, the source does not place this section"
429,Upper Level (400s),Upper Level Down the Line,not stated by the source,16,toward first base / right field,A-F,F,"Stairway aisles run along both side edges of the section; rows are not split by a mid-row aisle, so seat numbers run continuously from one side aisle to the other. The entry portal is at row F.","Facing the field, seat 1 is on your right. That puts seat 1 on the edge facing section 428, with seat numbers counting up toward the edge facing section 430. Seat 1 is the end of the row farthest from home plate, and higher seat numbers run back toward home plate.",not published,"RYS expert review for zone ""Upper Level Down the Line"": ""Like Infield seating in the Upper Level, you will want to focus on seats in the 400 Level. These seats are closer to the field (better view) and won't have you walking up dozens of stairs. The concessions are few and far between on these levels, so don't come to the ballpark too hungry or thirsty. Sections 469-478 and 570-577 are among the first seats in the stadium to get shade."" The shade note names sections 469-478 and 570-577, not this section. //www.rateyourseats.com/progressive-field/seating/sections/429","MEDIUM - rows and zone confirmed, the source does not place this section"
430,Upper Level (400s),Upper Level Down the Line,not stated by the source,15,toward first base / right field,A-F,F,"Stairway aisles run along both side edges of the section; rows are not split by a mid-row aisle, so seat numbers run continuously from one side aisle to the other. The entry portal is at row F.","Facing the field, seat 1 is on your right. That puts seat 1 on the edge facing section 429, with seat numbers counting up toward the edge facing section 431. Seat 1 is the end of the row farthest from home plate, and higher seat numbers run back toward home plate.",not published,"RYS expert review for zone ""Upper Level Down the Line"": ""Like Infield seating in the Upper Level, you will want to focus on seats in the 400 Level. These seats are closer to the field (better view) and won't have you walking up dozens of stairs. The concessions are few and far between on these levels, so don't come to the ballpark too hungry or thirsty. Sections 469-478 and 570-577 are among the first seats in the stadium to get shade."" The shade note names sections 469-478 and 570-577, not this section. //www.rateyourseats.com/progressive-field/seating/sections/430","MEDIUM - rows and zone confirmed, the source does not place this section"
431,Upper Level (400s),not named by the source,not stated by the source,14,toward first base / right field,A-F,F,"Stairway aisles run along both side edges of the section; rows are not split by a mid-row aisle, so seat numbers run continuously from one side aisle to the other. The entry portal is at row F.","Facing the field, seat 1 is on your right. That puts seat 1 on the edge facing section 430, with seat numbers counting up toward the edge facing section 432. Seat 1 is the end of the row farthest from home plate, and higher seat numbers run back toward home plate.",not published,,"MEDIUM - rows confirmed, ticket zone not named by the source"
432,Upper Level (400s),not named by the source,not stated by the source,13,toward first base / right field,A-F,F,"Stairway aisles run along both side edges of the section; rows are not split by a mid-row aisle, so seat numbers run continuously from one side aisle to the other. The entry portal is at row F.","Facing the field, seat 1 is on your right. That puts seat 1 on the edge facing section 431, with seat numbers counting up toward the edge facing section 434. Seat 1 is the end of the row farthest from home plate, and higher seat numbers run back toward home plate.",not published,,"MEDIUM - rows confirmed, ticket zone not named by the source"
434,Upper Level (400s),not named by the source,not stated by the source,12,toward first base / right field,A-F,F,"Stairway aisles run along both side edges of the section; rows are not split by a mid-row aisle, so seat numbers run continuously from one side aisle to the other. The entry portal is at row F.","Facing the field, seat 1 is on your right. That puts seat 1 on the edge facing section 432, with seat numbers counting up toward the edge facing section 436. Seat 1 is the end of the row farthest from home plate, and higher seat numbers run back toward home plate.",not published,"""Safety bar blocks view of mound and batters box"" in Row A (leaning forward required to see the action); Row B also affected, Row C or higher recommended.","MEDIUM - rows confirmed, ticket zone not named by the source"
436,Upper Level (400s),Upper Level Infield,not stated by the source,11,toward first base / right field,A-F,F,"Stairway aisles run along both side edges of the section; rows are not split by a mid-row aisle, so seat numbers run continuously from one side aisle to the other. The entry portal is at row F.","Facing the field, seat 1 is on your right. That puts seat 1 on the edge facing section 434, with seat numbers counting up toward the edge facing section 437. Seat 1 is the end of the row farthest from home plate, and higher seat numbers run back toward home plate.",not published,"""This seating zone is unreasonably steep, so focus on seats in the 400 level for fewer stairs and less vertigo."" ""Sections along the third base line will get the shade first, while first base seats will have a more direct view of the scoreboard.""","MEDIUM - rows and zone confirmed, the source does not place this section"
437,Upper Level (400s),Upper Level Infield,not stated by the source,10,toward first base / right field,A-F,F,"Stairway aisles run along both side edges of the section; rows are not split by a mid-row aisle, so seat numbers run continuously from one side aisle to the other. The entry portal is at row F.","Facing the field, seat 1 is on your right. That puts seat 1 on the edge facing section 436, with seat numbers counting up toward the edge facing section 438. Seat 1 is the end of the row farthest from home plate, and higher seat numbers run back toward home plate.",not published,"""This seating zone is unreasonably steep, so focus on seats in the 400 level for fewer stairs and less vertigo."" ""Sections along the third base line will get the shade first, while first base seats will have a more direct view of the scoreboard.""","MEDIUM - rows and zone confirmed, the source does not place this section"
438,Upper Level (400s),Upper Level Infield,not stated by the source,9,toward first base / right field,A-F,F,"Stairway aisles run along both side edges of the section; rows are not split by a mid-row aisle, so seat numbers run continuously from one side aisle to the other. The entry portal is at row F.","Facing the field, seat 1 is on your right. That puts seat 1 on the edge facing section 437, with seat numbers counting up toward the edge facing section 440. Seat 1 is the end of the row farthest from home plate, and higher seat numbers run back toward home plate.",not published,"""This seating zone is unreasonably steep, so focus on seats in the 400 level for fewer stairs and less vertigo."" ""Sections along the third base line will get the shade first, while first base seats will have a more direct view of the scoreboard.""","MEDIUM - rows and zone confirmed, the source does not place this section"
440,Upper Level (400s),Upper Level Infield,not stated by the source,8,toward first base / right field,A-F,F,"Stairway aisles run along both side edges of the section; rows are not split by a mid-row aisle, so seat numbers run continuously from one side aisle to the other. The entry portal is at row F.","Facing the field, seat 1 is on your right. That puts seat 1 on the edge facing section 438, with seat numbers counting up toward the edge facing section 442. Seat 1 is the end of the row farthest from home plate, and higher seat numbers run back toward home plate.",not published,"""This seating zone is unreasonably steep, so focus on seats in the 400 level for fewer stairs and less vertigo."" ""Sections along the third base line will get the shade first, while first base seats will have a more direct view of the scoreboard.""","MEDIUM - rows and zone confirmed, the source does not place this section"
442,Upper Level (400s),Upper Level Infield,not stated by the source,7,toward first base / right field,A-F,F,"Stairway aisles run along both side edges of the section; rows are not split by a mid-row aisle, so seat numbers run continuously from one side aisle to the other. The entry portal is at row F.","Facing the field, seat 1 is on your right. That puts seat 1 on the edge facing section 440, with seat numbers counting up toward the edge facing section 444. Seat 1 is the end of the row farthest from home plate, and higher seat numbers run back toward home plate.",not published,"""This seating zone is unreasonably steep, so focus on seats in the 400 level for fewer stairs and less vertigo."" ""Sections along the third base line will get the shade first, while first base seats will have a more direct view of the scoreboard.""","MEDIUM - rows and zone confirmed, the source does not place this section"
444,Upper Level (400s),Upper Level Infield,not stated by the source,6,toward first base / right field,A-F,F,"Stairway aisles run along both side edges of the section; rows are not split by a mid-row aisle, so seat numbers run continuously from one side aisle to the other. The entry portal is at row F.","Facing the field, seat 1 is on your right. That puts seat 1 on the edge facing section 442, with seat numbers counting up toward the edge facing section 446. Seat 1 is the end of the row farthest from home plate, and higher seat numbers run back toward home plate.",not published,"""This seating zone is unreasonably steep, so focus on seats in the 400 level for fewer stairs and less vertigo."" ""Sections along the third base line will get the shade first, while first base seats will have a more direct view of the scoreboard.""","MEDIUM - rows and zone confirmed, the source does not place this section"
446,Upper Level (400s),Upper Level Infield,not stated by the source,5,toward first base / right field,A-F,F,"Stairway aisles run along both side edges of the section; rows are not split by a mid-row aisle, so seat numbers run continuously from one side aisle to the other. The entry portal is at row F.","Facing the field, seat 1 is on your right. That puts seat 1 on the edge facing section 444, with seat numbers counting up toward the edge facing section 447. Seat 1 is the end of the row farthest from home plate, and higher seat numbers run back toward home plate.",not published,"""This seating zone is unreasonably steep, so focus on seats in the 400 level for fewer stairs and less vertigo."" ""Sections along the third base line will get the shade first, while first base seats will have a more direct view of the scoreboard.""","MEDIUM - rows and zone confirmed, the source does not place this section"
447,Upper Level (400s),Upper Level Infield,not stated by the source,4,toward first base / right field,A-F,F,"Stairway aisles run along both side edges of the section; rows are not split by a mid-row aisle, so seat numbers run continuously from one side aisle to the other. The entry portal is at row F.","Facing the field, seat 1 is on your right. That puts seat 1 on the edge facing section 446, with seat numbers counting up toward the edge facing section 448. Seat 1 is the end of the row farthest from home plate, and higher seat numbers run back toward home plate.",not published,"""This seating zone is unreasonably steep, so focus on seats in the 400 level for fewer stairs and less vertigo."" ""Sections along the third base line will get the shade first, while first base seats will have a more direct view of the scoreboard.""","MEDIUM - rows and zone confirmed, the source does not place this section"
448,Upper Level (400s),Upper Level Infield,not stated by the source,3,toward first base / right field,A-F,F,"Stairway aisles run along both side edges of the section; rows are not split by a mid-row aisle, so seat numbers run continuously from one side aisle to the other. The entry portal is at row F.","Facing the field, seat 1 is on your right. That puts seat 1 on the edge facing section 447, with seat numbers counting up toward the edge facing section 450. Seat 1 is the end of the row farthest from home plate, and higher seat numbers run back toward home plate.",not published,"""This seating zone is unreasonably steep, so focus on seats in the 400 level for fewer stairs and less vertigo."" ""Sections along the third base line will get the shade first, while first base seats will have a more direct view of the scoreboard.""","MEDIUM - rows and zone confirmed, the source does not place this section"
450,Upper Level (400s),Upper Level Infield,not stated by the source,2,toward first base / right field,A-F,F,"Stairway aisles run along both side edges of the section; rows are not split by a mid-row aisle, so seat numbers run continuously from one side aisle to the other. The entry portal is at row F.","Facing the field, seat 1 is on your right. That puts seat 1 on the edge facing section 448, with seat numbers counting up toward the edge facing section 451. Seat 1 is the end of the row farthest from home plate, and higher seat numbers run back toward home plate.",not published,"""This seating zone is unreasonably steep, so focus on seats in the 400 level for fewer stairs and less vertigo."" ""Sections along the third base line will get the shade first, while first base seats will have a more direct view of the scoreboard.""","MEDIUM - rows and zone confirmed, the source does not place this section"
451,Upper Level (400s),Upper Level Infield,not stated by the source,1,toward first base / right field,A-F,F,"Stairway aisles run along both side edges of the section; rows are not split by a mid-row aisle, so seat numbers run continuously from one side aisle to the other. The entry portal is at row F.","Facing the field, seat 1 is on your right. That puts seat 1 on the edge facing section 450, with seat numbers counting up toward the edge facing section 452. Seat 1 is the end of the row farthest from home plate, and higher seat numbers run back toward home plate.",not published,"""This seating zone is unreasonably steep, so focus on seats in the 400 level for fewer stairs and less vertigo."" ""Sections along the third base line will get the shade first, while first base seats will have a more direct view of the scoreboard.""","MEDIUM - rows and zone confirmed, the source does not place this section"
452,Upper Level (400s),Upper Level Infield,Desirable view from behind home plate,0,behind home plate,A-F,F,"Stairway aisles run along both side edges of the section; rows are not split by a mid-row aisle, so seat numbers run continuously from one side aisle to the other. The entry portal is at row F.","Facing the field, seat 1 is on your right. That puts seat 1 on the edge facing section 451, with seat numbers counting up toward the edge facing section 453. This section is behind home plate, so seat 1 is on its first-base side.",not published,"""This seating zone is unreasonably steep, so focus on seats in the 400 level for fewer stairs and less vertigo."" ""Sections along the third base line will get the shade first, while first base seats will have a more direct view of the scoreboard.""","HIGH - zone, rows, location and seat direction stated by the source"
453,Upper Level (400s),Upper Level Infield,Desirable view from behind home plate,1,toward third base / left field,A-F,F,"Stairway aisles run along both side edges of the section; rows are not split by a mid-row aisle, so seat numbers run continuously from one side aisle to the other. The entry portal is at row F.","Facing the field, seat 1 is on your right. That puts seat 1 on the edge facing section 452, with seat numbers counting up toward the edge facing section 454. Seat 1 is the end of the row closest to home plate, and higher seat numbers run away from home plate.",not published,"""This seating zone is unreasonably steep, so focus on seats in the 400 level for fewer stairs and less vertigo."" ""Sections along the third base line will get the shade first, while first base seats will have a more direct view of the scoreboard.""","HIGH - zone, rows, location and seat direction stated by the source"
454,Upper Level (400s),Upper Level Infield,Desirable view from behind home plate,2,toward third base / left field,A-F,F,"Stairway aisles run along both side edges of the section; rows are not split by a mid-row aisle, so seat numbers run continuously from one side aisle to the other. The entry portal is at row F.","Facing the field, seat 1 is on your right. That puts seat 1 on the edge facing section 453, with seat numbers counting up toward the edge facing section 455. Seat 1 is the end of the row closest to home plate, and higher seat numbers run away from home plate.",not published,"""This seating zone is unreasonably steep, so focus on seats in the 400 level for fewer stairs and less vertigo."" ""Sections along the third base line will get the shade first, while first base seats will have a more direct view of the scoreboard.""","HIGH - zone, rows, location and seat direction stated by the source"
455,Upper Level (400s),Upper Level Infield,Desirable view from behind home plate,3,toward third base / left field,A-F,F,"Stairway aisles run along both side edges of the section; rows are not split by a mid-row aisle, so seat numbers run continuously from one side aisle to the other. The entry portal is at row F.","Facing the field, seat 1 is on your right. That puts seat 1 on the edge facing section 454, with seat numbers counting up toward the edge facing section 456. Seat 1 is the end of the row closest to home plate, and higher seat numbers run away from home plate.",not published,"""This seating zone is unreasonably steep, so focus on seats in the 400 level for fewer stairs and less vertigo."" ""Sections along the third base line will get the shade first, while first base seats will have a more direct view of the scoreboard.""","HIGH - zone, rows, location and seat direction stated by the source"
456,Upper Level (400s),Upper Level Infield,Desirable view from behind home plate,4,toward third base / left field,A-F,F,"Stairway aisles run along both side edges of the section; rows are not split by a mid-row aisle, so seat numbers run continuously from one side aisle to the other. The entry portal is at row F.","Facing the field, seat 1 is on your right. That puts seat 1 on the edge facing section 455, with seat numbers counting up toward the edge facing section 457. Seat 1 is the end of the row closest to home plate, and higher seat numbers run away from home plate.",not published,"""This seating zone is unreasonably steep, so focus on seats in the 400 level for fewer stairs and less vertigo."" ""Sections along the third base line will get the shade first, while first base seats will have a more direct view of the scoreboard.""","HIGH - zone, rows, location and seat direction stated by the source"
457,Upper Level (400s),Upper Level Infield,not stated by the source,5,toward third base / left field,A-F,F,"Stairway aisles run along both side edges of the section; rows are not split by a mid-row aisle, so seat numbers run continuously from one side aisle to the other. The entry portal is at row F.","Facing the field, seat 1 is on your right. That puts seat 1 on the edge facing section 456, with seat numbers counting up toward the edge facing section 458. Seat 1 is the end of the row closest to home plate, and higher seat numbers run away from home plate.",not published,"""This seating zone is unreasonably steep, so focus on seats in the 400 level for fewer stairs and less vertigo."" ""Sections along the third base line will get the shade first, while first base seats will have a more direct view of the scoreboard.""","MEDIUM - rows and zone confirmed, the source does not place this section"
458,Upper Level (400s),Upper Level Infield,Upper Level Infield seats are made up of 400 and 500 Level seats.,6,toward third base / left field,A-F,F,"Stairway aisles run along both side edges of the section; rows are not split by a mid-row aisle, so seat numbers run continuously from one side aisle to the other. The entry portal is at row F.","Facing the field, seat 1 is on your right. That puts seat 1 on the edge facing section 457, with seat numbers counting up toward the edge facing section 459. Seat 1 is the end of the row closest to home plate, and higher seat numbers run away from home plate.",not published,"""This seating zone is unreasonably steep, so focus on seats in the 400 level for fewer stairs and less vertigo."" ""Sections along the third base line will get the shade first, while first base seats will have a more direct view of the scoreboard."" Obstructed views and accessible rows","HIGH - zone, rows, location and seat direction stated by the source"
459,Upper Level (400s),Upper Level Infield,Upper Level Infield seats are made up of 400 and 500 Level seats.,7,toward third base / left field,A-F,F,"Stairway aisles run along both side edges of the section; rows are not split by a mid-row aisle, so seat numbers run continuously from one side aisle to the other. The entry portal is at row F.","Facing the field, seat 1 is on your right. That puts seat 1 on the edge facing section 458, with seat numbers counting up toward the edge facing section 460. Seat 1 is the end of the row closest to home plate, and higher seat numbers run away from home plate.",not published,"""This seating zone is unreasonably steep, so focus on seats in the 400 level for fewer stairs and less vertigo."" ""Sections along the third base line will get the shade first, while first base seats will have a more direct view of the scoreboard."" Obstructed views and accessible rows","HIGH - zone, rows, location and seat direction stated by the source"
460,Upper Level (400s),Upper Level Infield,Upper Level Infield seats are made up of 400 and 500 Level seats.,8,toward third base / left field,A-F,F,"Stairway aisles run along both side edges of the section; rows are not split by a mid-row aisle, so seat numbers run continuously from one side aisle to the other. The entry portal is at row F.","Facing the field, seat 1 is on your right. That puts seat 1 on the edge facing section 459, with seat numbers counting up toward the edge facing section 461. Seat 1 is the end of the row closest to home plate, and higher seat numbers run away from home plate.",not published,"""This seating zone is unreasonably steep, so focus on seats in the 400 level for fewer stairs and less vertigo."" ""Sections along the third base line will get the shade first, while first base seats will have a more direct view of the scoreboard."" Obstructed views and accessible rows","HIGH - zone, rows, location and seat direction stated by the source"
461,Upper Level (400s),Upper Level Infield,Upper Level Infield seats are made up of 400 and 500 Level seats.,9,toward third base / left field,A-F,F,"Stairway aisles run along both side edges of the section; rows are not split by a mid-row aisle, so seat numbers run continuously from one side aisle to the other. The entry portal is at row F.","Facing the field, seat 1 is on your right. That puts seat 1 on the edge facing section 460, with seat numbers counting up toward the edge facing section 462. Seat 1 is the end of the row closest to home plate, and higher seat numbers run away from home plate.",not published,"""This seating zone is unreasonably steep."" ""Sections along the third base line will get the shade first, while first base seats will have a more direct view of the scoreboard."" Obstructed views and accessible rows","HIGH - zone, rows, location and seat direction stated by the source"
462,Upper Level (400s),Upper Level Infield,Upper Level Infield seats are made up of 400 and 500 Level seats.,10,toward third base / left field,A-F,F,"Stairway aisles run along both side edges of the section; rows are not split by a mid-row aisle, so seat numbers run continuously from one side aisle to the other. The entry portal is at row F.","Facing the field, seat 1 is on your right. That puts seat 1 on the edge facing section 461, with seat numbers counting up toward the edge facing section 463. Seat 1 is the end of the row closest to home plate, and higher seat numbers run away from home plate.",not published,"""This seating zone is unreasonably steep, so focus on seats in the 400 level for fewer stairs and less vertigo."" ""Sections along the third base line will get the shade first, while first base seats will have a more direct view of the scoreboard."" Obstructed views and accessible rows","HIGH - zone, rows, location and seat direction stated by the source"
463,Upper Level (400s),Upper Level Infield,Upper Level Infield seats are made up of 400 and 500 Level seats.,11,toward third base / left field,A-F,F,"Stairway aisles run along both side edges of the section; rows are not split by a mid-row aisle, so seat numbers run continuously from one side aisle to the other. The entry portal is at row F.","Facing the field, seat 1 is on your right. That puts seat 1 on the edge facing section 462, with seat numbers counting up toward the edge facing section 464. Seat 1 is the end of the row closest to home plate, and higher seat numbers run away from home plate.",not published,"""This seating zone is unreasonably steep, so focus on seats in the 400 level for fewer stairs and less vertigo."" ""Sections along the third base line will get the shade first, while first base seats will have a more direct view of the scoreboard."" Obstructed views and accessible rows","HIGH - zone, rows, location and seat direction stated by the source"
464,Upper Level (400s),Upper Level Infield,Upper Level Infield seats are made up of 400 and 500 Level seats.,12,toward third base / left field,A-F,F,"Stairway aisles run along both side edges of the section; rows are not split by a mid-row aisle, so seat numbers run continuously from one side aisle to the other. The entry portal is at row F.","Facing the field, seat 1 is on your right. That puts seat 1 on the edge facing section 463, with seat numbers counting up toward the edge facing section 465. Seat 1 is the end of the row closest to home plate, and higher seat numbers run away from home plate.",not published,"""Sections along the third base line will get the shade first, while first base seats will have a more direct view of the scoreboard."" Obstructed views and accessible rows","HIGH - zone, rows, location and seat direction stated by the source"
465,Upper Level (400s),Upper Level Infield,Upper Level Infield seats are made up of 400 and 500 Level seats.,13,toward third base / left field,A-F,F,"Stairway aisles run along both side edges of the section; rows are not split by a mid-row aisle, so seat numbers run continuously from one side aisle to the other. The entry portal is at row F.","Facing the field, seat 1 is on your right. That puts seat 1 on the edge facing section 464, with seat numbers counting up toward the edge facing section 467. Seat 1 is the end of the row closest to home plate, and higher seat numbers run away from home plate.",not published,"""This seating zone is unreasonably steep, so focus on seats in the 400 level for fewer stairs and less vertigo."" ""Sections along the third base line will get the shade first, while first base seats will have a more direct view of the scoreboard."" Obstructed views and accessible rows","HIGH - zone, rows, location and seat direction stated by the source"
467,Upper Level (400s),Upper Level Infield,Upper Level Infield seats are made up of 400 and 500 Level seats.,14,toward third base / left field,A-F,F,"Stairway aisles run along both side edges of the section; rows are not split by a mid-row aisle, so seat numbers run continuously from one side aisle to the other. The entry portal is at row F.","Facing the field, seat 1 is on your right. That puts seat 1 on the edge facing section 465, with seat numbers counting up toward the edge facing section 468. Seat 1 is the end of the row closest to home plate, and higher seat numbers run away from home plate.",not published,"""This seating zone is unreasonably steep, so focus on seats in the 400 level for fewer stairs and less vertigo."" ""Sections along the third base line will get the shade first, while first base seats will have a more direct view of the scoreboard."" Obstructed views and accessible rows","HIGH - zone, rows, location and seat direction stated by the source"
468,Upper Level (400s),Upper Level Infield,Upper Level Infield seats are made up of 400 and 500 Level seats.,15,toward third base / left field,A-F,F,"Stairway aisles run along both side edges of the section; rows are not split by a mid-row aisle, so seat numbers run continuously from one side aisle to the other. The entry portal is at row F.","Facing the field, seat 1 is on your right. That puts seat 1 on the edge facing section 467, with seat numbers counting up toward the edge facing section 469. Seat 1 is the end of the row closest to home plate, and higher seat numbers run away from home plate.",not published,"""This seating zone is unreasonably steep."" ""Sections along the third base line will get the shade first, while first base seats will have a more direct view of the scoreboard."" Obstructed views and accessible rows","HIGH - zone, rows, location and seat direction stated by the source"
469,Upper Level (400s),Upper Level Down the Line,Upper Level Down the Line,16,toward third base / left field,A-F,F,"Stairway aisles run along both side edges of the section; rows are not split by a mid-row aisle, so seat numbers run continuously from one side aisle to the other. The entry portal is at row F.","Facing the field, seat 1 is on your right. That puts seat 1 on the edge facing section 468, with seat numbers counting up toward the edge facing section 470. Seat 1 is the end of the row closest to home plate, and higher seat numbers run away from home plate.",not published,"""Sections 469-478 and 570-577 are among the first seats in the stadium to get shade"". Obstructed views and accessible rows","HIGH - zone, rows, location and seat direction stated by the source"
470,Upper Level (400s),Upper Level Down the Line,Upper Level Down the Line,17,toward third base / left field,A-F,F,"Stairway aisles run along both side edges of the section; rows are not split by a mid-row aisle, so seat numbers run continuously from one side aisle to the other. The entry portal is at row F.","Facing the field, seat 1 is on your right. That puts seat 1 on the edge facing section 469, with seat numbers counting up toward the edge facing section 471. Seat 1 is the end of the row closest to home plate, and higher seat numbers run away from home plate.",not published,"""Sections 469-478 and 570-577 are among the first seats in the stadium to get shade"". Obstructed views and accessible rows","HIGH - zone, rows, location and seat direction stated by the source"
471,Upper Level (400s),Upper Level Down the Line,Upper Level Down the Line,18,toward third base / left field,A-F,F,"Stairway aisles run along both side edges of the section; rows are not split by a mid-row aisle, so seat numbers run continuously from one side aisle to the other. The entry portal is at row F.","Facing the field, seat 1 is on your right. That puts seat 1 on the edge facing section 470, with seat numbers counting up toward the edge facing section 472. Seat 1 is the end of the row closest to home plate, and higher seat numbers run away from home plate.",not published,"""Sections 469-478 and 570-577 are among the first seats in the stadium to get shade"". Obstructed views and accessible rows","HIGH - zone, rows, location and seat direction stated by the source"
472,Upper Level (400s),Upper Level Down the Line,Upper Level Down the Line,19,toward third base / left field,A-F,F,"Stairway aisles run along both side edges of the section; rows are not split by a mid-row aisle, so seat numbers run continuously from one side aisle to the other. The entry portal is at row F.","Facing the field, seat 1 is on your right. That puts seat 1 on the edge facing section 471, with seat numbers counting up toward the edge facing section 473. Seat 1 is the end of the row closest to home plate, and higher seat numbers run away from home plate.",not published,"""Sections 469-478 and 570-577 are among the first seats in the stadium to get shade"". Page also notes limited concessions on these levels. Obstructed views and accessible rows","HIGH - zone, rows, location and seat direction stated by the source"
473,Upper Level (400s),Upper Level Down the Line,Upper Level Down the Line,20,toward third base / left field,A-F,F,"Stairway aisles run along both side edges of the section; rows are not split by a mid-row aisle, so seat numbers run continuously from one side aisle to the other. The entry portal is at row F.","Facing the field, seat 1 is on your right. That puts seat 1 on the edge facing section 472, with seat numbers counting up toward the edge facing section 474. Seat 1 is the end of the row closest to home plate, and higher seat numbers run away from home plate.",not published,"""Sections 469-478 and 570-577 are among the first seats in the stadium to get shade"". Page also notes ""concessions are few and far between on these levels."" Obstructed views and accessible rows","HIGH - zone, rows, location and seat direction stated by the source"
474,Upper Level (400s),Upper Level Down the Line,Upper Level Down the Line,21,toward third base / left field,A-F,F,"Stairway aisles run along both side edges of the section; rows are not split by a mid-row aisle, so seat numbers run continuously from one side aisle to the other. The entry portal is at row F.","Facing the field, seat 1 is on your right. That puts seat 1 on the edge facing section 473, with seat numbers counting up toward the edge facing section 475. Seat 1 is the end of the row closest to home plate, and higher seat numbers run away from home plate.",not published,"""Sections 469-478 and 570-577 are among the first seats in the stadium to get shade"". Obstructed views and accessible rows","HIGH - zone, rows, location and seat direction stated by the source"
475,Upper Level (400s),Upper Level Down the Line,Upper Level Down the Line,22,toward third base / left field,A-F,F,"Stairway aisles run along both side edges of the section; rows are not split by a mid-row aisle, so seat numbers run continuously from one side aisle to the other. The entry portal is at row F.","Facing the field, seat 1 is on your right. That puts seat 1 on the edge facing section 474, with seat numbers counting up toward the edge facing section 476. Seat 1 is the end of the row closest to home plate, and higher seat numbers run away from home plate.",not published,"page states this section gets shade early in the game (part of the 469-478 shade group). A fan review mentions wind as a potential issue due to ""the opening through center field."" Obstructed views and accessible rows","HIGH - zone, rows, location and seat direction stated by the source"
476,Upper Level (400s),Upper Level Down the Line,Upper Level Down the Line,23,toward third base / left field,A-F,F,"Stairway aisles run along both side edges of the section; rows are not split by a mid-row aisle, so seat numbers run continuously from one side aisle to the other. The entry portal is at row F.","Facing the field, seat 1 is on your right. That puts seat 1 on the edge facing section 475, with seat numbers counting up toward the edge facing section 477. Seat 1 is the end of the row closest to home plate, and higher seat numbers run away from home plate.",not published,"""Sections 469-478 and 570-577 are among the first seats in the stadium to get shade"". Obstructed views and accessible rows","HIGH - zone, rows, location and seat direction stated by the source"
477,Upper Level (400s),Upper Level Down the Line,Upper Level Down the Line,24,toward third base / left field,A-F,F,"Stairway aisles run along both side edges of the section; rows are not split by a mid-row aisle, so seat numbers run continuously from one side aisle to the other. The entry portal is at row F.","Facing the field, seat 1 is on your right. That puts seat 1 on the edge facing section 476, with seat numbers counting up toward the edge facing section 478. Seat 1 is the end of the row closest to home plate, and higher seat numbers run away from home plate.",not published,"Page states ""Rows in Section 477 are labeled A-F"". ""Sections 469-478 and 570-577 are among the first seats in the stadium to get shade"". Obstructed views and accessible rows","HIGH - zone, rows, location and seat direction stated by the source"
478,Upper Level (400s),Upper Level Down the Line,Upper Level Down the Line,25,toward third base / left field,A-F,F,"Stairway aisles run along both side edges of the section; rows are not split by a mid-row aisle, so seat numbers run continuously from one side aisle to the other. The entry portal is at row F.","Facing the field, seat 1 is on your right. That puts seat 1 on the edge facing section 477, with seat numbers counting up toward the far edge of the section, with no further section beyond it on that side. Seat 1 is the end of the row closest to home plate, and higher seat numbers run away from home plate.",not published,"""Sections 469-478 and 570-577 are among the first seats in the stadium to get shade"". Obstructed views and accessible rows","HIGH - zone, rows, location and seat direction stated by the source"
519,Upper Level (500s),not named by the source,The third deck of seating in right field is above the mezzanine.,15,toward first base / right field,A-X,A,"Stairway aisles run along both side edges of the section; rows are not split by a mid-row aisle, so seat numbers run continuously from one side aisle to the other. The entry portal is at row A.","Facing the field, seat 1 is on your right. That puts seat 1 on the far edge of the section, with no further section beyond it on that side, with seat numbers counting up toward the edge facing section 520. Seat 1 is the end of the row farthest from home plate, and higher seat numbers run back toward home plate.",not published,Rows P & Above - Covered; lower rows (A-O) uncovered. Page describes steep seating with sunny conditions and calls these among the cheapest seats at the stadium.,"MEDIUM - rows confirmed, ticket zone not named by the source"
520,Upper Level (500s),not named by the source,not stated by the source,14,toward first base / right field,A-X,A,"Stairway aisles run along both side edges of the section; rows are not split by a mid-row aisle, so seat numbers run continuously from one side aisle to the other. The entry portal is at row A.","Facing the field, seat 1 is on your right. That puts seat 1 on the edge facing section 519, with seat numbers counting up toward the edge facing section 521. Seat 1 is the end of the row farthest from home plate, and higher seat numbers run back toward home plate.",not published,"""Rows P & Above - Covered"". Obstructed views, steepness, and accessible/wheelchair rows","MEDIUM - rows confirmed, ticket zone not named by the source"
521,Upper Level (500s),not named by the source,not stated by the source,13,toward first base / right field,A-X,A,"Stairway aisles run along both side edges of the section; rows are not split by a mid-row aisle, so seat numbers run continuously from one side aisle to the other. The entry portal is at row A.","Facing the field, seat 1 is on your right. That puts seat 1 on the edge facing section 520, with seat numbers counting up toward the edge facing section 523. Seat 1 is the end of the row farthest from home plate, and higher seat numbers run back toward home plate.",not published,"Rows P and above are covered. Obstructed views, steepness, and accessible/wheelchair rows","MEDIUM - rows confirmed, ticket zone not named by the source"
523,Upper Level (500s),not named by the source,not stated by the source,12,toward first base / right field,A-X,A,"Stairway aisles run along both side edges of the section; rows are not split by a mid-row aisle, so seat numbers run continuously from one side aisle to the other. The entry portal is at row A.","Facing the field, seat 1 is on your right. That puts seat 1 on the edge facing section 521, with seat numbers counting up toward the edge facing section 525. Seat 1 is the end of the row farthest from home plate, and higher seat numbers run back toward home plate.",not published,"""Rows P and above are under cover"". Obstructed views, steepness, and accessible/wheelchair rows","MEDIUM - rows confirmed, ticket zone not named by the source"
525,Upper Level (500s),not named by the source,not stated by the source,11,toward first base / right field,A-X,A,"Stairway aisles run along both side edges of the section; rows are not split by a mid-row aisle, so seat numbers run continuously from one side aisle to the other. The entry portal is at row A.","Facing the field, seat 1 is on your right. That puts seat 1 on the edge facing section 523, with seat numbers counting up toward the edge facing section 528. Seat 1 is the end of the row farthest from home plate, and higher seat numbers run back toward home plate.",not published,"""Rows P & Above - Covered"". Obstructed views, steepness, and accessible/wheelchair rows","MEDIUM - rows confirmed, ticket zone not named by the source"
528,Upper Level (500s),Upper Level Down the Line,Upper Level Down the Line,10,toward first base / right field,A-X,A,"Stairway aisles run along both side edges of the section; rows are not split by a mid-row aisle, so seat numbers run continuously from one side aisle to the other. The entry portal is at row A.","Facing the field, seat 1 is on your right. That puts seat 1 on the edge facing section 525, with seat numbers counting up toward the edge facing section 529. Seat 1 is the end of the row farthest from home plate, and higher seat numbers run back toward home plate.",not published,"""Rows P and above are under cover"". Obstructed views, steepness, and accessible/wheelchair rows","HIGH - zone, rows, location and seat direction stated by the source"
529,Upper Level (500s),Upper Level Down the Line,Upper Level Down the Line,9,toward first base / right field,A-X,A,"Stairway aisles run along both side edges of the section; rows are not split by a mid-row aisle, so seat numbers run continuously from one side aisle to the other. The entry portal is at row A.","Facing the field, seat 1 is on your right. That puts seat 1 on the edge facing section 528, with seat numbers counting up toward the edge facing section 533. Seat 1 is the end of the row farthest from home plate, and higher seat numbers run back toward home plate.",not published,"""Rows P and above are under cover"". ""Pretty crappy view of the game, thanks to the tunnel and railings"".","HIGH - zone, rows, location and seat direction stated by the source"
533,Upper Level (500s),not named by the source,not stated by the source,8,toward first base / right field,A-X,A,"Stairway aisles run along both side edges of the section; rows are not split by a mid-row aisle, so seat numbers run continuously from one side aisle to the other. The entry portal is at row A.","Facing the field, seat 1 is on your right. That puts seat 1 on the edge facing section 529, with seat numbers counting up toward the edge facing section 537. Seat 1 is the end of the row farthest from home plate, and higher seat numbers run back toward home plate.",not published,"""Rows P and above are under cover"". Obstructed views, steepness, and accessible/wheelchair rows","MEDIUM - rows confirmed, ticket zone not named by the source"
537,Upper Level (500s),Upper Level Infield,"Upper Level Infield"" seats ""are made up of 400 and 500 Level seats",7,toward first base / right field,A-X,A,"Stairway aisles run along both side edges of the section; rows are not split by a mid-row aisle, so seat numbers run continuously from one side aisle to the other. The entry portal is at row A.","Facing the field, seat 1 is on your right. That puts seat 1 on the edge facing section 533, with seat numbers counting up toward the edge facing section 541. Seat 1 is the end of the row farthest from home plate, and higher seat numbers run back toward home plate.",not published,"""Rows P & Above - Covered"". ""This seating zone is unreasonably steep"". ""Sections along the third base line will get the shade first"". ""Most aisle seats on this level have issues with the railing"".","HIGH - zone, rows, location and seat direction stated by the source"
541,Upper Level (500s),Upper Level Infield,not stated by the source,6,toward first base / right field,A-X,A,"Stairway aisles run along both side edges of the section; rows are not split by a mid-row aisle, so seat numbers run continuously from one side aisle to the other. The entry portal is at row A.","Facing the field, seat 1 is on your right. That puts seat 1 on the edge facing section 537, with seat numbers counting up toward the edge facing section 546. Seat 1 is the end of the row farthest from home plate, and higher seat numbers run back toward home plate.",not published,"""Rows P & Above - Covered"". ""the seating zone is unreasonably steep"" (400 level recommended for fewer stairs). ""view of the right field corner is slightly blocked"".","MEDIUM - rows and zone confirmed, the source does not place this section"
546,Upper Level (500s),Upper Level Infield,Upper Level Infield,5,toward first base / right field,A-X,A,"Stairway aisles run along both side edges of the section; rows are not split by a mid-row aisle, so seat numbers run continuously from one side aisle to the other. The entry portal is at row A.","Facing the field, seat 1 is on your right. That puts seat 1 on the edge facing section 541, with seat numbers counting up toward the edge facing section 548. Seat 1 is the end of the row farthest from home plate, and higher seat numbers run back toward home plate.",not published,"Rows P and above are covered. described as ""unreasonably steep"", with a recommendation to focus on 400 level seats for fewer stairs and less vertigo. third base line sections get shade first; first base seats have a more direct view of the scoreboard.","HIGH - zone, rows, location and seat direction stated by the source"
548,Upper Level (500s),Upper Level Infield,"Upper Level Infield"" seats are ""made up of 400 and 500 Level seats",4,toward first base / right field,A-X,A,"Stairway aisles run along both side edges of the section; rows are not split by a mid-row aisle, so seat numbers run continuously from one side aisle to the other. The entry portal is at row A.","Facing the field, seat 1 is on your right. That puts seat 1 on the edge facing section 546, with seat numbers counting up toward the edge facing section 550. Seat 1 is the end of the row farthest from home plate, and higher seat numbers run back toward home plate.",not published,"""Rows P and above are under cover"". ""This seating zone is unreasonably steep"" - ""focus on seats in the 400 level for fewer stairs and less vertigo"". ""Sections along the third base line will get the shade first, while first base seats will have a more direct view of the scoreboard"".","HIGH - zone, rows, location and seat direction stated by the source"
550,Upper Level (500s),Upper Level Infield,Upper Level Infield,3,toward first base / right field,A-X,A,"Stairway aisles run along both side edges of the section; rows are not split by a mid-row aisle, so seat numbers run continuously from one side aisle to the other. The entry portal is at row A.","Facing the field, seat 1 is on your right. That puts seat 1 on the edge facing section 548, with seat numbers counting up toward the edge facing section 551. Seat 1 is the end of the row farthest from home plate, and higher seat numbers run back toward home plate.",not published,"""Rows P and above are under cover"". ""This seating zone is unreasonable steep, so focus on seats in the 400 level for fewer stairs"". ""Sections along the third base line will get the shade first, while first base seats will have a more direct view of the scoreboard"". ""Way too high"".","HIGH - zone, rows, location and seat direction stated by the source"
551,Upper Level (500s),Upper Level Infield,"Upper Level Infield"" seats are ""made up of 400 and 500 Level seats",2,toward first base / right field,A-X,A,"Stairway aisles run along both side edges of the section; rows are not split by a mid-row aisle, so seat numbers run continuously from one side aisle to the other. The entry portal is at row A.","Facing the field, seat 1 is on your right. That puts seat 1 on the edge facing section 550, with seat numbers counting up toward the edge facing section 552. Seat 1 is the end of the row farthest from home plate, and higher seat numbers run back toward home plate.",not published,"""Rows P & Above - Covered"". seating is ""unreasonably steep""; 400 level recommended to avoid stairs and vertigo. third base line sections receive shade first; first base seats have direct scoreboard views.","HIGH - zone, rows, location and seat direction stated by the source"
552,Upper Level (500s),Home Plate View,"Home Plate View""; ""Upper Level Infield seats are made up of 400 and 500 Level seats",1,toward first base / right field,A-X,A,"Stairway aisles run along both side edges of the section; rows are not split by a mid-row aisle, so seat numbers run continuously from one side aisle to the other. The entry portal is at row A.","Facing the field, seat 1 is on your right. That puts seat 1 on the edge facing section 551, with seat numbers counting up toward the edge facing section 553. Seat 1 is the end of the row farthest from home plate, and higher seat numbers run back toward home plate.",not published,"""Rows P and above are under cover"". ""This seating zone is unreasonably steep, so focus on seats in the 400 level for fewer stairs and less vertigo"". Page notes a desirable view from behind home plate. third base line sections receive shade first; first base seats have a more direct scoreboard view.","HIGH - zone, rows, location and seat direction stated by the source"
553,Upper Level (500s),Home Plate View,"""Home Plate View""; part of ""Upper Level Infield"" (400 and 500 Level seats)",0,behind home plate,A-X,A,"Stairway aisles run along both side edges of the section; rows are not split by a mid-row aisle, so seat numbers run continuously from one side aisle to the other. The entry portal is at row A.","Facing the field, seat 1 is on your right. That puts seat 1 on the edge facing section 552, with seat numbers counting up toward the edge facing section 554. This section is behind home plate, so seat 1 is on its first-base side.",not published,"""Rows P & Above - Covered"". upper level seating is ""unreasonably steep""; 400 level recommended for fewer stairs. ""Desirable view from behind home plate"". third base line gets shade first; first base has a more direct scoreboard view.","HIGH - zone, rows, location and seat direction stated by the source"
554,Upper Level (500s),Home Plate View,"""Home Plate View""; part of the ""Upper Level Infield"" seating zone",1,toward third base / left field,A-X,A,"Stairway aisles run along both side edges of the section; rows are not split by a mid-row aisle, so seat numbers run continuously from one side aisle to the other. The entry portal is at row A.","Facing the field, seat 1 is on your right. That puts seat 1 on the edge facing section 553, with seat numbers counting up toward the edge facing section 555. Seat 1 is the end of the row closest to home plate, and higher seat numbers run away from home plate.",not published,"""Rows P & Above - Covered"". ""This seating zone is unreasonably steep, so focus on seats in the 400 level for fewer stairs and less vertigo"". ""Desirable view from behind home plate"".","HIGH - zone, rows, location and seat direction stated by the source"
555,Upper Level (500s),Home Plate View,Home Plate View,2,toward third base / left field,A-X,A,"Stairway aisles run along both side edges of the section; rows are not split by a mid-row aisle, so seat numbers run continuously from one side aisle to the other. The entry portal is at row A.","Facing the field, seat 1 is on your right. That puts seat 1 on the edge facing section 554, with seat numbers counting up toward the edge facing section 556. Seat 1 is the end of the row closest to home plate, and higher seat numbers run away from home plate.","21 in Row L only - ""There are 21 seats in Section 555, Row L."" (no count stated for other rows)","""Rows P and above are under cover"". part of ""Upper Level Infield"", described as ""unreasonably steep"". Q&A also states ""As you look towards the field from this section, seat 1 is on your right.""","HIGH - zone, rows, location and seat direction stated by the source"
556,Upper Level (500s),Home Plate View,Home Plate View,3,toward third base / left field,A-X,A,"Stairway aisles run along both side edges of the section; rows are not split by a mid-row aisle, so seat numbers run continuously from one side aisle to the other. The entry portal is at row A.","Facing the field, seat 1 is on your right. That puts seat 1 on the edge facing section 555, with seat numbers counting up toward the edge facing section 557. Seat 1 is the end of the row closest to home plate, and higher seat numbers run away from home plate.",not published,"""Rows P and above are under cover"". ""Desirable view from behind home plate"". upper level noted as ""unreasonably steep"" with a recommendation to focus on 400-level seats for fewer stairs. third base line gets shade first; first base has a more direct scoreboard view.","HIGH - zone, rows, location and seat direction stated by the source"
557,Upper Level (500s),Upper Level Infield,"""Upper Level Infield"" (part of 400 and 500 Level seats)",4,toward third base / left field,A-X,A,"Stairway aisles run along both side edges of the section; rows are not split by a mid-row aisle, so seat numbers run continuously from one side aisle to the other. The entry portal is at row A.","Facing the field, seat 1 is on your right. That puts seat 1 on the edge facing section 556, with seat numbers counting up toward the edge facing section 558. Seat 1 is the end of the row closest to home plate, and higher seat numbers run away from home plate.",not published,"""Rows P and above are under cover"". ""This seating zone is unreasonably steep""; focus on 400 level seats for fewer stairs and reduced vertigo. ""Sections along the third base line will get the shade first"".","HIGH - zone, rows, location and seat direction stated by the source"
558,Upper Level (500s),Upper Level Infield,not stated by the source,5,toward third base / left field,A-X,A,"Stairway aisles run along both side edges of the section; rows are not split by a mid-row aisle, so seat numbers run continuously from one side aisle to the other. The entry portal is at row A.","Facing the field, seat 1 is on your right. That puts seat 1 on the edge facing section 557, with seat numbers counting up toward the edge facing section 559. Seat 1 is the end of the row closest to home plate, and higher seat numbers run away from home plate.",not published,"""This seating zone is unreasonably steep, so focus on seats in the 400 level for fewer stairs and less vertigo"". ""Rows P & Above - Covered"". ""Sections along the third base line will get the shade first, while first base seats will have a more direct view of the scoreboard"".","MEDIUM - rows and zone confirmed, the source does not place this section"
559,Upper Level (500s),Upper Level Infield,Upper Level Infield seats are made up of 400 and 500 Level seats.,6,toward third base / left field,A-X,A,"Stairway aisles run along both side edges of the section; rows are not split by a mid-row aisle, so seat numbers run continuously from one side aisle to the other. The entry portal is at row A.","Facing the field, seat 1 is on your right. That puts seat 1 on the edge facing section 558, with seat numbers counting up toward the edge facing section 561. Seat 1 is the end of the row closest to home plate, and higher seat numbers run away from home plate.",not published,"""This seating zone is unreasonably steep, so focus on seats in the 400 level for fewer stairs and less vertigo."" ""Rows P and above are under cover"". ""Sections along the third base line will get the shade first, while first base seats will have a more direct view of the scoreboard.""","HIGH - zone, rows, location and seat direction stated by the source"
561,Upper Level (500s),Upper Level Infield,not stated by the source,7,toward third base / left field,A-X,A,"Stairway aisles run along both side edges of the section; rows are not split by a mid-row aisle, so seat numbers run continuously from one side aisle to the other. The entry portal is at row A.","Facing the field, seat 1 is on your right. That puts seat 1 on the edge facing section 559, with seat numbers counting up toward the edge facing section 564. Seat 1 is the end of the row closest to home plate, and higher seat numbers run away from home plate.",not published,"""This seating zone is unreasonably steep, so focus on seats in the 400 level for fewer stairs and less vertigo"". ""Rows P and above are under cover"". ""Sections along the third base line will get the shade first, while first base seats will have a more direct view of the scoreboard"".","MEDIUM - rows and zone confirmed, the source does not place this section"
564,Upper Level (500s),Upper Level Infield,not stated by the source,8,toward third base / left field,A-X,A,"Stairway aisles run along both side edges of the section; rows are not split by a mid-row aisle, so seat numbers run continuously from one side aisle to the other. The entry portal is at row A.","Facing the field, seat 1 is on your right. That puts seat 1 on the edge facing section 561, with seat numbers counting up toward the edge facing section 567. Seat 1 is the end of the row closest to home plate, and higher seat numbers run away from home plate.",not published,"""This seating zone is unreasonably steep"". ""Rows P & Above - Covered"". ""Sections along the third base line will get the shade first, while first base seats will have a more direct view of the scoreboard"".","MEDIUM - rows and zone confirmed, the source does not place this section"
567,Upper Level (500s),Upper Level Infield,not stated by the source,9,toward third base / left field,A-X,A,"Stairway aisles run along both side edges of the section; rows are not split by a mid-row aisle, so seat numbers run continuously from one side aisle to the other. The entry portal is at row A.","Facing the field, seat 1 is on your right. That puts seat 1 on the edge facing section 564, with seat numbers counting up toward the far edge of the section, with no further section beyond it on that side. Seat 1 is the end of the row closest to home plate, and higher seat numbers run away from home plate.",not published,"""This seating zone is unreasonably steep, so focus on seats in the 400 level for fewer stairs and less vertigo"". ""Rows P and above are under cover"". ""Sections along the third base line will get the shade first"".","MEDIUM - rows and zone confirmed, the source does not place this section"
Carnegie Club 1,"Clubs, suites and other named areas",Lexus Carnegie Club & Lounge,"""Carnegie Club Seats & Lounges are located directly behind home plate, positioned in front of Sections 150-157."" The page divides the area into ""Carnegie Club Seats (Sections CC1-CC4)"" and ""Carnegie Lounges (Field Level)"", and says the club seats are ""Positioned slightly elevated for a perfect view of the field"" while the field-level lounges are ""Positioned closest to the field, even closer than the club seats above"".",,not part of the numbered seating bowl,1-5,UNKNOWN,"The source describes this as a named area rather than a numbered section, so it publishes no aisle layout for it.","Facing the field, seat 1 is on your right. That is stated on this area's own page. It sits outside the numbered seating bowl, so there is no neighbouring section to describe it against.",not published,"Premium all-inclusive area sold as the ""Lexus Carnegie Club & Lounge"". ""Behind Home Plate Location: Premium seating directly behind home plate in one of the most exclusive areas of the ballpark"", ""Two Distinct Experiences: Choose between elevated Carnegie Club seats or ultra-close field-level Carnegie Lounges"", ""All-Inclusive Amenities: Both options include access to a climate-controlled club with food, beer, wine, and spirits"", ""Luxury Seating: Extra-wide padded seats in the club; plush lounge seating at field level"", ""Ultra-Limited Sections: Small sections with limited rows create a private, high-end experience"". The club seats are described as ""Extra-wide padded stadium chairs for added comfort"" with ""Rows A-E only, creating small and exclusive sections"", and all ticketholders get ""access to the Lexus Carnegie Club, a private, climate-controlled space"" with ""All-inclusive food offerings"" and ""Beer, wine, and spirits"".","HIGH - zone, rows, location and seat direction stated by the source"
Carnegie Club 2,"Clubs, suites and other named areas",Lexus Carnegie Club & Lounge,"""Carnegie Club Seats & Lounges are located directly behind home plate, positioned in front of Sections 150-157."" The page divides the area into ""Carnegie Club Seats (Sections CC1-CC4)"" and ""Carnegie Lounges (Field Level)"", and says the club seats are ""Positioned slightly elevated for a perfect view of the field"" while the field-level lounges are ""Positioned closest to the field, even closer than the club seats above"".",,not part of the numbered seating bowl,2-5,UNKNOWN,"The source describes this as a named area rather than a numbered section, so it publishes no aisle layout for it.","Facing the field, seat 1 is on your right. That is stated on this area's own page. It sits outside the numbered seating bowl, so there is no neighbouring section to describe it against.",not published,"Premium all-inclusive area sold as the ""Lexus Carnegie Club & Lounge"". ""Behind Home Plate Location: Premium seating directly behind home plate in one of the most exclusive areas of the ballpark"", ""Two Distinct Experiences: Choose between elevated Carnegie Club seats or ultra-close field-level Carnegie Lounges"", ""All-Inclusive Amenities: Both options include access to a climate-controlled club with food, beer, wine, and spirits"", ""Luxury Seating: Extra-wide padded seats in the club; plush lounge seating at field level"", ""Ultra-Limited Sections: Small sections with limited rows create a private, high-end experience"". The club seats are described as ""Extra-wide padded stadium chairs for added comfort"" with ""Rows A-E only, creating small and exclusive sections"", and all ticketholders get ""access to the Lexus Carnegie Club, a private, climate-controlled space"" with ""All-inclusive food offerings"" and ""Beer, wine, and spirits"".","HIGH - zone, rows, location and seat direction stated by the source"
Carnegie Club 3,"Clubs, suites and other named areas",Lexus Carnegie Club & Lounge,"""Carnegie Club Seats & Lounges are located directly behind home plate, positioned in front of Sections 150-157."" The page divides the area into ""Carnegie Club Seats (Sections CC1-CC4)"" and ""Carnegie Lounges (Field Level)"", and says the club seats are ""Positioned slightly elevated for a perfect view of the field"" while the field-level lounges are ""Positioned closest to the field, even closer than the club seats above"".",,not part of the numbered seating bowl,"ADA, 2-5",UNKNOWN,"The source describes this as a named area rather than a numbered section, so it publishes no aisle layout for it.","Facing the field, seat 1 is on your right. That is stated on this area's own page. It sits outside the numbered seating bowl, so there is no neighbouring section to describe it against.",not published,"Premium all-inclusive area sold as the ""Lexus Carnegie Club & Lounge"". ""Behind Home Plate Location: Premium seating directly behind home plate in one of the most exclusive areas of the ballpark"", ""Two Distinct Experiences: Choose between elevated Carnegie Club seats or ultra-close field-level Carnegie Lounges"", ""All-Inclusive Amenities: Both options include access to a climate-controlled club with food, beer, wine, and spirits"", ""Luxury Seating: Extra-wide padded seats in the club; plush lounge seating at field level"", ""Ultra-Limited Sections: Small sections with limited rows create a private, high-end experience"". The club seats are described as ""Extra-wide padded stadium chairs for added comfort"" with ""Rows A-E only, creating small and exclusive sections"", and all ticketholders get ""access to the Lexus Carnegie Club, a private, climate-controlled space"" with ""All-inclusive food offerings"" and ""Beer, wine, and spirits"".","HIGH - zone, rows, location and seat direction stated by the source"
Carnegie Club 4,"Clubs, suites and other named areas",Lexus Carnegie Club & Lounge,"""Carnegie Club Seats & Lounges are located directly behind home plate, positioned in front of Sections 150-157."" The page divides the area into ""Carnegie Club Seats (Sections CC1-CC4)"" and ""Carnegie Lounges (Field Level)"", and says the club seats are ""Positioned slightly elevated for a perfect view of the field"" while the field-level lounges are ""Positioned closest to the field, even closer than the club seats above"".",,not part of the numbered seating bowl,1-5,UNKNOWN,"The source describes this as a named area rather than a numbered section, so it publishes no aisle layout for it.","Facing the field, seat 1 is on your right. That is stated on this area's own page. It sits outside the numbered seating bowl, so there is no neighbouring section to describe it against.",not published,"Premium all-inclusive area sold as the ""Lexus Carnegie Club & Lounge"". ""Behind Home Plate Location: Premium seating directly behind home plate in one of the most exclusive areas of the ballpark"", ""Two Distinct Experiences: Choose between elevated Carnegie Club seats or ultra-close field-level Carnegie Lounges"", ""All-Inclusive Amenities: Both options include access to a climate-controlled club with food, beer, wine, and spirits"", ""Luxury Seating: Extra-wide padded seats in the club; plush lounge seating at field level"", ""Ultra-Limited Sections: Small sections with limited rows create a private, high-end experience"". The club seats are described as ""Extra-wide padded stadium chairs for added comfort"" with ""Rows A-E only, creating small and exclusive sections"", and all ticketholders get ""access to the Lexus Carnegie Club, a private, climate-controlled space"" with ""All-inclusive food offerings"" and ""Beer, wine, and spirits"".","HIGH - zone, rows, location and seat direction stated by the source"
Dugout Lounge 1,"Clubs, suites and other named areas",Lexus Carnegie Club & Lounge,"""Carnegie Club Seats & Lounges are located directly behind home plate, positioned in front of Sections 150-157."" The page divides the area into ""Carnegie Club Seats (Sections CC1-CC4)"" and ""Carnegie Lounges (Field Level)"", and says the club seats are ""Positioned slightly elevated for a perfect view of the field"" while the field-level lounges are ""Positioned closest to the field, even closer than the club seats above"".",,not part of the numbered seating bowl,"A, 1-2",UNKNOWN,"The source describes this as a named area rather than a numbered section, so it publishes no aisle layout for it.","Facing the field, seat 1 is on your right. That is stated on this area's own page. It sits outside the numbered seating bowl, so there is no neighbouring section to describe it against.",not published,"Field-level lounge space within the ""Lexus Carnegie Club & Lounge"" behind home plate. The zone text describes the ""Carnegie Lounges (Field Level)"" as ""Plush lounge-style seating for up to 12 guests per space"", ""Positioned closest to the field, even closer than the club seats above"" and ""Designed for a more private, group-oriented experience"". All ticketholders get ""access to the Lexus Carnegie Club, a private, climate-controlled space"" with ""All-inclusive food offerings"" and ""Beer, wine, and spirits"". The page calls it ""Recommended seating for impressing a guest"" with a ""Desirable view from behind home plate"". This is a per-section page; the location text is the shared Carnegie Club & Lounges zone description.","HIGH - zone, rows, location and seat direction stated by the source"
Dugout Lounge 2,"Clubs, suites and other named areas",Lexus Carnegie Club & Lounge,"""Carnegie Club Seats & Lounges are located directly behind home plate, positioned in front of Sections 150-157."" The page divides the area into ""Carnegie Club Seats (Sections CC1-CC4)"" and ""Carnegie Lounges (Field Level)"", and says the club seats are ""Positioned slightly elevated for a perfect view of the field"" while the field-level lounges are ""Positioned closest to the field, even closer than the club seats above"".",,not part of the numbered seating bowl,"A, 1-2",UNKNOWN,"The source describes this as a named area rather than a numbered section, so it publishes no aisle layout for it.","Facing the field, seat 1 is on your right. That is stated on this area's own page. It sits outside the numbered seating bowl, so there is no neighbouring section to describe it against.",not published,"Field-level lounge space within the ""Lexus Carnegie Club & Lounge"" behind home plate. The zone text describes the ""Carnegie Lounges (Field Level)"" as ""Plush lounge-style seating for up to 12 guests per space"", ""Positioned closest to the field, even closer than the club seats above"" and ""Designed for a more private, group-oriented experience"". All ticketholders get ""access to the Lexus Carnegie Club, a private, climate-controlled space"" with ""All-inclusive food offerings"" and ""Beer, wine, and spirits"". The page calls it ""Recommended seating for impressing a guest"" with a ""Desirable view from behind home plate"". This is a per-section page; the location text is the shared Carnegie Club & Lounges zone description.","HIGH - zone, rows, location and seat direction stated by the source"
Dugout Lounge 3,"Clubs, suites and other named areas",Lexus Carnegie Club & Lounge,"""Carnegie Club Seats & Lounges are located directly behind home plate, positioned in front of Sections 150-157."" The page divides the area into ""Carnegie Club Seats (Sections CC1-CC4)"" and ""Carnegie Lounges (Field Level)"", and says the club seats are ""Positioned slightly elevated for a perfect view of the field"" while the field-level lounges are ""Positioned closest to the field, even closer than the club seats above"".",,not part of the numbered seating bowl,"A, 1-2",UNKNOWN,"The source describes this as a named area rather than a numbered section, so it publishes no aisle layout for it.","Facing the field, seat 1 is on your right. That is stated on this area's own page. It sits outside the numbered seating bowl, so there is no neighbouring section to describe it against.",not published,"Field-level lounge space within the ""Lexus Carnegie Club & Lounge"" behind home plate. The zone text describes the ""Carnegie Lounges (Field Level)"" as ""Plush lounge-style seating for up to 12 guests per space"", ""Positioned closest to the field, even closer than the club seats above"" and ""Designed for a more private, group-oriented experience"". All ticketholders get ""access to the Lexus Carnegie Club, a private, climate-controlled space"" with ""All-inclusive food offerings"" and ""Beer, wine, and spirits"". The page calls it ""Recommended seating for impressing a guest"" with a ""Desirable view from behind home plate"". This is a per-section page; the location text is the shared Carnegie Club & Lounges zone description.","HIGH - zone, rows, location and seat direction stated by the source"
Dugout Lounge 4,"Clubs, suites and other named areas",Lexus Carnegie Club & Lounge,"""Carnegie Club Seats & Lounges are located directly behind home plate, positioned in front of Sections 150-157."" The page divides the area into ""Carnegie Club Seats (Sections CC1-CC4)"" and ""Carnegie Lounges (Field Level)"", and says the club seats are ""Positioned slightly elevated for a perfect view of the field"" while the field-level lounges are ""Positioned closest to the field, even closer than the club seats above"".",,not part of the numbered seating bowl,"A, 1-2",UNKNOWN,"The source describes this as a named area rather than a numbered section, so it publishes no aisle layout for it.","Facing the field, seat 1 is on your right. That is stated on this area's own page. It sits outside the numbered seating bowl, so there is no neighbouring section to describe it against.",not published,"Field-level lounge space within the ""Lexus Carnegie Club & Lounge"" behind home plate. The zone text describes the ""Carnegie Lounges (Field Level)"" as ""Plush lounge-style seating for up to 12 guests per space"", ""Positioned closest to the field, even closer than the club seats above"" and ""Designed for a more private, group-oriented experience"". All ticketholders get ""access to the Lexus Carnegie Club, a private, climate-controlled space"" with ""All-inclusive food offerings"" and ""Beer, wine, and spirits"". The page calls it ""Recommended seating for impressing a guest"" with a ""Desirable view from behind home plate"". This is a per-section page; the location text is the shared Carnegie Club & Lounges zone description.","HIGH - zone, rows, location and seat direction stated by the source"
Dugout Lounge 5,"Clubs, suites and other named areas",Lexus Carnegie Club & Lounge,"""Carnegie Club Seats & Lounges are located directly behind home plate, positioned in front of Sections 150-157."" The page divides the area into ""Carnegie Club Seats (Sections CC1-CC4)"" and ""Carnegie Lounges (Field Level)"", and says the club seats are ""Positioned slightly elevated for a perfect view of the field"" while the field-level lounges are ""Positioned closest to the field, even closer than the club seats above"".",,not part of the numbered seating bowl,"A, 1-2",UNKNOWN,"The source describes this as a named area rather than a numbered section, so it publishes no aisle layout for it.","Facing the field, seat 1 is on your right. That is stated on this area's own page. It sits outside the numbered seating bowl, so there is no neighbouring section to describe it against.",not published,"Field-level lounge space within the ""Lexus Carnegie Club & Lounge"" behind home plate. The zone text describes the ""Carnegie Lounges (Field Level)"" as ""Plush lounge-style seating for up to 12 guests per space"", ""Positioned closest to the field, even closer than the club seats above"" and ""Designed for a more private, group-oriented experience"". All ticketholders get ""access to the Lexus Carnegie Club, a private, climate-controlled space"" with ""All-inclusive food offerings"" and ""Beer, wine, and spirits"". The page calls it ""Recommended seating for impressing a guest"" with a ""Desirable view from behind home plate"". This is a per-section page; the location text is the shared Carnegie Club & Lounges zone description.","HIGH - zone, rows, location and seat direction stated by the source"
Dugout Lounge 6,"Clubs, suites and other named areas",Lexus Carnegie Club & Lounge,"""Carnegie Club Seats & Lounges are located directly behind home plate, positioned in front of Sections 150-157."" The page divides the area into ""Carnegie Club Seats (Sections CC1-CC4)"" and ""Carnegie Lounges (Field Level)"", and says the club seats are ""Positioned slightly elevated for a perfect view of the field"" while the field-level lounges are ""Positioned closest to the field, even closer than the club seats above"".",,not part of the numbered seating bowl,"A, 1-2",UNKNOWN,"The source describes this as a named area rather than a numbered section, so it publishes no aisle layout for it.","Facing the field, seat 1 is on your right. That is stated on this area's own page. It sits outside the numbered seating bowl, so there is no neighbouring section to describe it against.",not published,"Field-level lounge space within the ""Lexus Carnegie Club & Lounge"" behind home plate. The zone text describes the ""Carnegie Lounges (Field Level)"" as ""Plush lounge-style seating for up to 12 guests per space"", ""Positioned closest to the field, even closer than the club seats above"" and ""Designed for a more private, group-oriented experience"". All ticketholders get ""access to the Lexus Carnegie Club, a private, climate-controlled space"" with ""All-inclusive food offerings"" and ""Beer, wine, and spirits"". The page calls it ""Recommended seating for impressing a guest"" with a ""Desirable view from behind home plate"". This is a per-section page; the location text is the shared Carnegie Club & Lounges zone description.","HIGH - zone, rows, location and seat direction stated by the source"
Standing Room Only,"Clubs, suites and other named areas",Standing room,"The standing room only areas at Progressive Field are found at the Home Run Porch (above the left field wall), the Market Pavilion (behind the center field sections), the East Pedestrian Bridge, and behind sections 119-148 and 170-179 on the lower level, and behind sections 303-317 on the second tier of seating in right field."" The page adds that ""Right field locations provide a clear look at the field with proximity to bullpen activity, while areas near The Corner offer a more social viewing experience with partial field views.",,not part of the numbered seating bowl,UNKNOWN,UNKNOWN,"The source describes this as a named area rather than a numbered section, so it publishes no aisle layout for it.","This area sits outside the numbered seating bowl and no seat numbering is published for it. Check the seat numbers printed on your own ticket, or ask the ticket office.",not published,"Zone/category description page rather than a per-section page, so no row, entrance or seat-numbering detail exists for this ticket type. ""Cheapest Ticket Option: Typically the most affordable way to get into Progressive Field."", ""General Admission Access: No assigned seat - fans can move freely throughout the ballpark."", ""Popular Right Field Areas: Best spots located behind the bullpens and in the Right Field District."", ""Social Viewing Experience: Easy access to bars and gathering spaces like The Corner."", ""Flexible Game Experience: Ideal for fans who prefer to explore rather than stay in one seat."" Partial field views are noted for the areas near The Corner.",LOW - no row data published for this section
The Corner Drink Rails,"Clubs, suites and other named areas",The Corner,"""The Corner is located in the Right Field District at Progressive Field, serving as a central hub for social activity before and during games."" The page describes the drink rails themselves as a ""Ticketed standing section along a ledge"".",,not part of the numbered seating bowl,UNKNOWN,UNKNOWN,"The source describes this as a named area rather than a numbered section, so it publishes no aisle layout for it.","This area sits outside the numbered seating bowl and no seat numbering is published for it. Check the seat numbers printed on your own ticket, or ask the ticket office.",not published,"Zone/category description page for The Corner rather than a per-section page, so no rows, entrance row or seat-numbering are given. The page splits The Corner into the Corner Bar (""multi-story with indoor/outdoor space and rooftop deck""), Open Standing Room (""Additional space below the bar allows fans to gather and move freely"") and the Corner Drink Rails. ""Right Field Social Hub: Located in the Right Field District, one of the most popular gathering areas at Progressive Field."", ""Multi-Level Bar Experience: Features the Corner Bar with multiple levels, rooftop deck, and field-facing glass walls."", ""Dedicated Drink Rail Tickets: Ticketed standing areas along a ledge offer one of the best social viewing spots in the ballpark."", ""Beer-Focused Atmosphere: Dozens of beers on tap make this a go-to destination for casual fans.""",LOW - no row data published for this section
Upper Outfield Terrace,"Clubs, suites and other named areas",General admission,not stated by the source,,not part of the numbered seating bowl,UNKNOWN,UNKNOWN,"The source describes this as a named area rather than a numbered section, so it publishes no aisle layout for it.","This area sits outside the numbered seating bowl and no seat numbering is published for it. Check the seat numbers printed on your own ticket, or ask the ticket office.",not published,"The section page carries no location, feature, coverage or obstruction text at all - the only descriptive statement is ""This is a general admission seating area. Seats and rows are not assigned and are first-come, first-serve."" Because seats and rows are unassigned there are no row labels, entrance row or seat-numbering direction to record.",LOW - no row data published for this section
